2001/4/21;00:00;10.0;9.0;94%;1003hPa;10.0km;North;10.8km/h/3.0m/s;-;N/A;Rain;LightRain;
2001/4/21;00:30;10.0;9.0;94%;1003hPa;10.0km;Variable;3.6km/h/1.0m/s;-;N/A;Rain;LightRain;
2001/4/21;01:00;10.0;9.0;94%;1002hPa;10.0km;NNE;7.2km/h/2.0m/s;-;N/A;Rain;LightRain;
2001/4/21;01:30;10.0;10.0;100%;1002hPa;8.0km;NNE;7.2km/h/2.0m/s;-;N/A;Rain;LightRain;
2001/4/21;02:00;10.0;9.0;94%;1002hPa;7.0km;NNE;10.8km/h/3.0m/s;-;N/A;Rain;LightRain;
2001/4/21;02:30;10.0;9.0;94%;1001hPa;6.0km;NNE;14.4km/h/4.0m/s;-;N/A;Rain;LightRain;
2001/4/21;03:00;10.0;9.0;94%;1001hPa;6.0km;NNE;14.4km/h/4.0m/s;-;N/A;Rain;LightRain;
2001/4/21;03:30;10.0;9.0;94%;1000hPa;5.0km;NNE;14.4km/h/4.0m/s;-;N/A;Rain;LightRain;
2001/4/21;04:00;10.0;9.0;94%;1000hPa;5.0km;North;10.8km/h/3.0m/s;-;N/A;Rain;LightRain;
2001/4/21;04:30;10.0;9.0;94%;999hPa;5.0km;North;10.8km/h/3.0m/s;-;N/A;Rain;LightRain;
2001/4/21;05:00;10.0;9.0;94%;999hPa;5.0km;NNE;14.4km/h/4.0m/s;-;N/A;Rain;LightRain;
2001/4/21;05:30;10.0;9.0;94%;999hPa;3.0km;NNE;10.8km/h/3.0m/s;-;N/A;Rain;LightRain;
2001/4/21;06:00;10.0;9.0;94%;999hPa;3.5km;NNE;7.2km/h/2.0m/s;-;N/A;Rain;LightRain;
2001/4/21;06:30;10.0;10.0;100%;998hPa;4.5km;NE;10.8km/h/3.0m/s;-;N/A;Rain;LightRain;
2001/4/21;07:00;10.0;10.0;100%;998hPa;10.0km;ENE;18.0km/h/5.0m/s;-;N/A;Rain;LightRain;
2001/4/21;07:30;10.0;9.0;94%;998hPa;8.0km;East;10.8km/h/3.0m/s;-;N/A;Rain;LightRain;
2001/4/21;08:00;10.0;9.0;94%;998hPa;8.0km;North;7.2km/h/2.0m/s;-;N/A;Rain;LightRain;
2001/4/21;08:30;10.0;9.0;94%;998hPa;10.0km;NE;3.6km/h/1.0m/s;-;N/A;Rain;LightRain;
2001/4/21;09:00;10.0;10.0;100%;997hPa;4.5km;NNE;7.2km/h/2.0m/s;-;N/A;Rain;LightRain;
2001/4/21;09:30;10.0;10.0;100%;997hPa;4.0km;Variable;7.2km/h/2.0m/s;-;N/A;Rain;Rain;
2001/4/21;10:00;10.0;10.0;100%;997hPa;10.0km;NNE;7.2km/h/2.0m/s;-;N/A;;MostlyCloudy;
2001/4/21;10:30;11.0;10.0;94%;997hPa;10.0km;Variable;7.2km/h/2.0m/s;-;N/A;;MostlyCloudy;
2001/4/21;11:00;11.0;10.0;94%;997hPa;10.0km;NNE;7.2km/h/2.0m/s;-;N/A;;MostlyCloudy;
2001/4/21;11:30;12.0;11.0;94%;997hPa;10.0km;Variable;7.2km/h/2.0m/s;-;N/A;;MostlyCloudy;
2001/4/21;12:00;12.0;11.0;94%;997hPa;10.0km;NNE;10.8km/h/3.0m/s;-;N/A;;MostlyCloudy;
2001/4/21;12:30;12.0;11.0;94%;997hPa;10.0km;NE;10.8km/h/3.0m/s;-;N/A;;Overcast;
2001/4/21;13:00;12.0;11.0;94%;997hPa;8.0km;ENE;7.2km/h/2.0m/s;-;N/A;Rain;LightRainShowers;
2001/4/21;13:30;12.0;11.0;94%;997hPa;3.5km;NE;7.2km/h/2.0m/s;-;N/A;Rain;Rain;
2001/4/21;14:00;12.0;11.0;94%;997hPa;3.0km;NNE;7.2km/h/2.0m/s;-;N/A;Rain;Rain;
2001/4/21;14:30;12.0;12.0;100%;996hPa;3.5km;North;10.8km/h/3.0m/s;-;N/A;Rain;LightRain;
2001/4/21;15:00;13.0;12.0;94%;996hPa;4.5km;NNE;10.8km/h/3.0m/s;-;N/A;Rain;LightRain;
2001/4/21;15:30;12.0;12.0;100%;996hPa;8.0km;NNE;10.8km/h/3.0m/s;-;N/A;;Overcast;
2001/4/21;16:00;12.0;12.0;100%;996hPa;4.0km;North;7.2km/h/2.0m/s;-;N/A;Rain;Rain;
2001/4/21;16:30;12.0;12.0;100%;996hPa;2.0km;North;7.2km/h/2.0m/s;-;N/A;Rain;Rain;
2001/4/21;17:00;12.0;12.0;100%;996hPa;6.0km;NNE;7.2km/h/2.0m/s;-;N/A;Rain;LightRainShowers;
2001/4/21;17:30;12.0;12.0;100%;996hPa;8.0km;NE;7.2km/h/2.0m/s;-;N/A;Rain;LightRainShowers;
2001/4/21;18:00;12.0;12.0;100%;996hPa;8.0km;NE;3.6km/h/1.0m/s;-;N/A;;ScatteredClouds;
2001/4/21;18:30;12.0;12.0;100%;996hPa;10.0km;NE;3.6km/h/1.0m/s;-;N/A;Rain;LightRain;
2001/4/21;19:00;12.0;12.0;100%;996hPa;10.0km;North;3.6km/h/1.0m/s;-;N/A;Rain;LightRain;
2001/4/21;19:30;12.0;12.0;100%;996hPa;10.0km;NNE;7.2km/h/2.0m/s;-;N/A;;Overcast;
2001/4/21;20:00;12.0;12.0;100%;996hPa;-;North;7.2km/h/2.0m/s;-;N/A;;Clear;
2001/4/21;20:30;12.0;11.0;94%;996hPa;10.0km;North;7.2km/h/2.0m/s;-;N/A;;MostlyCloudy;
2001/4/21;21:00;12.0;11.0;94%;996hPa;-;North;7.2km/h/2.0m/s;-;N/A;;Clear;
2001/4/21;21:30;11.0;11.0;100%;996hPa;-;North;7.2km/h/2.0m/s;-;N/A;;Clear;
2001/4/21;22:00;11.0;11.0;100%;996hPa;-;NE;7.2km/h/2.0m/s;-;N/A;;Clear;
2001/4/21;22:30;11.0;11.0;100%;996hPa;-;North;7.2km/h/2.0m/s;-;N/A;;Clear;
2001/4/21;23:00;11.0;10.0;94%;996hPa;-;NNE;7.2km/h/2.0m/s;-;N/A;;Clear;
2001/4/21;23:30;11.0;10.0;94%;996hPa;-;Variable;7.2km/h/2.0m/s;-;N/A;;Clear;
