2001/1/9;00:00;6.0;6.0;100%;1006hPa;8.0km;Calm;Calm;-;N/A;;MostlyCloudy;
2001/1/9;00:30;5.0;5.0;100%;1006hPa;0.8km;East;10.8km/h/3.0m/s;-;N/A;Rain;LightRain;
2001/1/9;01:00;5.0;5.0;100%;1005hPa;0.2km;Variable;3.6km/h/1.0m/s;-;N/A;Fog;Fog;
2001/1/9;01:30;5.0;5.0;100%;1005hPa;0.9km;North;7.2km/h/2.0m/s;-;N/A;;MostlyCloudy;
2001/1/9;02:00;6.0;6.0;100%;1005hPa;3.0km;North;10.8km/h/3.0m/s;-;N/A;;MostlyCloudy;
2001/1/9;02:30;6.0;5.0;93%;1005hPa;5.0km;North;10.8km/h/3.0m/s;-;N/A;;MostlyCloudy;
2001/1/9;03:00;6.0;5.0;93%;1005hPa;7.0km;North;14.4km/h/4.0m/s;-;N/A;;MostlyCloudy;
2001/1/9;03:30;6.0;6.0;100%;1004hPa;8.0km;NNE;14.4km/h/4.0m/s;-;N/A;;MostlyCloudy;
2001/1/9;04:00;6.0;6.0;100%;1004hPa;-;North;21.6km/h/6.0m/s;-;N/A;;Clear;
2001/1/9;04:30;6.0;5.0;93%;1004hPa;-;North;28.8km/h/8.0m/s;-;N/A;;Clear;
2001/1/9;05:00;6.0;4.0;87%;1004hPa;-;North;25.2km/h/7.0m/s;-;N/A;;Clear;
2001/1/9;05:30;6.0;4.0;87%;1004hPa;-;North;25.2km/h/7.0m/s;-;N/A;;Clear;
2001/1/9;06:00;5.0;4.0;93%;1004hPa;10.0km;North;28.8km/h/8.0m/s;-;N/A;Rain;LightRain;
2001/1/9;06:30;5.0;3.0;87%;1004hPa;10.0km;North;36.0km/h/10.0m/s;-;N/A;Rain;LightRain;
2001/1/9;07:00;5.0;2.0;81%;1004hPa;10.0km;North;39.6km/h/11.0m/s;-;N/A;Rain;LightRain;
2001/1/9;07:30;5.0;2.0;81%;1004hPa;10.0km;North;39.6km/h/11.0m/s;-;N/A;;Overcast;
2001/1/9;08:00;4.0;2.0;87%;1005hPa;10.0km;North;32.4km/h/9.0m/s;-;N/A;Rain;LightRain;
2001/1/9;08:30;4.0;2.0;87%;1005hPa;10.0km;North;28.8km/h/8.0m/s;-;N/A;Rain;LightRain;
2001/1/9;09:00;3.0;2.0;93%;1006hPa;10.0km;North;32.4km/h/9.0m/s;-;N/A;Rain;LightRain;
2001/1/9;09:30;3.0;1.0;87%;1006hPa;10.0km;North;28.8km/h/8.0m/s;-;N/A;Rain;Rain;
2001/1/9;10:00;3.0;1.0;87%;1006hPa;10.0km;North;28.8km/h/8.0m/s;-;N/A;Rain;LightRain;
2001/1/9;10:30;3.0;1.0;87%;1006hPa;8.0km;North;28.8km/h/8.0m/s;-;N/A;Rain;LightRain;
2001/1/9;11:00;3.0;1.0;87%;1007hPa;10.0km;North;25.2km/h/7.0m/s;-;N/A;Rain;LightRain;
2001/1/9;11:30;3.0;1.0;87%;1007hPa;10.0km;North;32.4km/h/9.0m/s;-;N/A;Rain;LightRain;
2001/1/9;12:00;3.0;1.0;87%;1006hPa;8.0km;North;36.0km/h/10.0m/s;-;N/A;Rain;LightRain;
2001/1/9;12:30;3.0;1.0;87%;1006hPa;10.0km;North;36.0km/h/10.0m/s;-;N/A;Rain;LightRain;
2001/1/9;13:00;4.0;1.0;81%;1006hPa;10.0km;North;32.4km/h/9.0m/s;-;N/A;Rain;LightRain;
2001/1/9;13:30;4.0;1.0;81%;1006hPa;10.0km;North;36.0km/h/10.0m/s;-;N/A;Rain;LightRain;
2001/1/9;14:00;4.0;1.0;81%;1006hPa;10.0km;North;36.0km/h/10.0m/s;-;N/A;Rain;LightRain;
2001/1/9;14:30;3.0;1.0;87%;1007hPa;10.0km;North;36.0km/h/10.0m/s;-;N/A;Rain;LightRain;
2001/1/9;15:00;4.0;1.0;81%;1007hPa;10.0km;North;36.0km/h/10.0m/s;-;N/A;Rain;LightRain;
2001/1/9;15:30;4.0;1.0;81%;1007hPa;10.0km;North;36.0km/h/10.0m/s;-;N/A;Rain;LightRain;
2001/1/9;16:00;4.0;0.0;75%;1008hPa;10.0km;North;39.6km/h/11.0m/s;-;N/A;Rain;LightRain;
2001/1/9;16:30;4.0;0.0;75%;1008hPa;10.0km;North;39.6km/h/11.0m/s;-;N/A;;Overcast;
2001/1/9;17:00;4.0;0.0;75%;1008hPa;10.0km;North;39.6km/h/11.0m/s;-;N/A;;Overcast;
2001/1/9;17:30;4.0;0.0;75%;1009hPa;10.0km;North;36.0km/h/10.0m/s;-;N/A;;Overcast;
2001/1/9;18:00;4.0;-1.0;70%;1010hPa;-;North;32.4km/h/9.0m/s;-;N/A;;Clear;
2001/1/9;18:30;3.0;0.0;81%;1010hPa;10.0km;North;25.2km/h/7.0m/s;-;N/A;Snow;LightSnow;
2001/1/9;19:00;3.0;-1.0;75%;1011hPa;-;North;32.4km/h/9.0m/s;-;N/A;;Clear;
2001/1/9;19:30;3.0;-2.0;70%;1011hPa;-;North;28.8km/h/8.0m/s;-;N/A;;Clear;
2001/1/9;20:00;3.0;-2.0;70%;1012hPa;-;North;28.8km/h/8.0m/s;-;N/A;;Clear;
2001/1/9;20:30;3.0;-2.0;70%;1012hPa;-;NNW;25.2km/h/7.0m/s;-;N/A;;Clear;
2001/1/9;21:00;3.0;-2.0;70%;1013hPa;-;NNW;14.4km/h/4.0m/s;-;N/A;;Clear;
2001/1/9;21:30;3.0;-2.0;70%;1014hPa;-;NNW;14.4km/h/4.0m/s;-;N/A;;Clear;
2001/1/9;22:00;3.0;-2.0;70%;1014hPa;-;WNW;10.8km/h/3.0m/s;-;N/A;;Clear;
2001/1/9;22:30;2.0;-2.0;75%;1014hPa;-;WNW;7.2km/h/2.0m/s;-;N/A;;Clear;
2001/1/9;23:00;2.0;-2.0;75%;1015hPa;-;West;7.2km/h/2.0m/s;-;N/A;;Clear;
2001/1/9;23:30;2.0;-2.0;75%;1015hPa;-;Variable;3.6km/h/1.0m/s;-;N/A;;Clear;
