2001/1/30;00:00;3.0;-1.0;75%;1015hPa;10.0km;North;32.4km/h/9.0m/s;-;N/A;;ScatteredClouds;
2001/1/30;00:30;3.0;-1.0;75%;1015hPa;10.0km;North;32.4km/h/9.0m/s;-;N/A;;MostlyCloudy;
2001/1/30;01:00;3.0;-1.0;75%;1015hPa;10.0km;North;39.6km/h/11.0m/s;-;N/A;;Overcast;
2001/1/30;01:30;3.0;-1.0;75%;1015hPa;10.0km;North;36.0km/h/10.0m/s;-;N/A;;MostlyCloudy;
2001/1/30;02:00;3.0;-1.0;75%;1015hPa;10.0km;North;36.0km/h/10.0m/s;-;N/A;;MostlyCloudy;
2001/1/30;02:30;3.0;-1.0;75%;1015hPa;10.0km;North;39.6km/h/11.0m/s;-;N/A;;ScatteredClouds;
2001/1/30;03:00;2.0;-1.0;81%;1015hPa;10.0km;North;39.6km/h/11.0m/s;57.6km/h/16.0m/s;N/A;;MostlyCloudy;
2001/1/30;03:30;2.0;-2.0;75%;1015hPa;10.0km;North;32.4km/h/9.0m/s;-;N/A;;MostlyCloudy;
2001/1/30;04:00;2.0;-2.0;75%;1015hPa;10.0km;North;39.6km/h/11.0m/s;-;N/A;;MostlyCloudy;
2001/1/30;04:30;2.0;-2.0;75%;1015hPa;10.0km;North;43.2km/h/12.0m/s;-;N/A;;MostlyCloudy;
2001/1/30;05:00;2.0;-2.0;75%;1015hPa;10.0km;North;39.6km/h/11.0m/s;-;N/A;;MostlyCloudy;
2001/1/30;05:30;2.0;-2.0;75%;1015hPa;10.0km;North;43.2km/h/12.0m/s;-;N/A;;ScatteredClouds;
2001/1/30;06:00;2.0;-2.0;75%;1015hPa;10.0km;North;43.2km/h/12.0m/s;-;N/A;;MostlyCloudy;
2001/1/30;06:30;2.0;-3.0;70%;1015hPa;-;North;39.6km/h/11.0m/s;-;N/A;;Clear;
2001/1/30;07:00;2.0;-2.0;75%;1015hPa;-;North;43.2km/h/12.0m/s;61.2km/h/17.0m/s;N/A;;Clear;
2001/1/30;07:30;2.0;-2.0;75%;1016hPa;-;North;43.2km/h/12.0m/s;-;N/A;;Clear;
2001/1/30;08:00;2.0;-3.0;70%;1016hPa;-;North;50.4km/h/14.0m/s;-;N/A;;Clear;
2001/1/30;08:30;2.0;-3.0;70%;1015hPa;-;North;46.8km/h/13.0m/s;-;N/A;;Clear;
2001/1/30;09:00;2.0;-3.0;70%;1015hPa;10.0km;North;43.2km/h/12.0m/s;61.2km/h/17.0m/s;N/A;;Overcast;
2001/1/30;09:30;2.0;-3.0;70%;1015hPa;10.0km;North;43.2km/h/12.0m/s;-;N/A;;Overcast;
2001/1/30;10:00;2.0;-3.0;70%;1015hPa;-;North;43.2km/h/12.0m/s;-;N/A;;Clear;
2001/1/30;10:30;2.0;-3.0;70%;1015hPa;10.0km;North;43.2km/h/12.0m/s;-;N/A;;Overcast;
2001/1/30;11:00;2.0;-3.0;70%;1014hPa;10.0km;North;46.8km/h/13.0m/s;-;N/A;;Overcast;
2001/1/30;11:30;2.0;-3.0;70%;1014hPa;10.0km;North;46.8km/h/13.0m/s;-;N/A;;Overcast;
2001/1/30;12:00;2.0;-3.0;70%;1014hPa;10.0km;North;46.8km/h/13.0m/s;-;N/A;Snow;LightSnow;
2001/1/30;12:30;2.0;-3.0;70%;1014hPa;10.0km;North;50.4km/h/14.0m/s;-;N/A;Snow;LightSnow;
2001/1/30;13:00;1.0;-1.0;87%;1014hPa;3.5km;North;43.2km/h/12.0m/s;-;N/A;Snow;LightSnow;
2001/1/30;13:30;1.0;-1.0;87%;1014hPa;2.5km;North;46.8km/h/13.0m/s;-;N/A;Snow;LightSnow;
2001/1/30;14:00;0.0;0.0;100%;1014hPa;1.5km;North;46.8km/h/13.0m/s;64.8km/h/18.0m/s;N/A;Snow;LightSnow;
2001/1/30;14:30;0.0;-1.0;93%;1013hPa;1.3km;North;43.2km/h/12.0m/s;-;N/A;Snow;LightSnow;
2001/1/30;15:00;0.0;0.0;100%;1014hPa;1.3km;North;39.6km/h/11.0m/s;-;N/A;Snow;LightSnow;
2001/1/30;15:30;0.0;0.0;100%;1014hPa;1.5km;North;39.6km/h/11.0m/s;-;N/A;Snow;LightSnow;
2001/1/30;16:00;0.0;0.0;100%;1014hPa;2.8km;North;46.8km/h/13.0m/s;-;N/A;Snow;LightSnow;
2001/1/30;16:30;0.0;-1.0;93%;1014hPa;1.3km;North;43.2km/h/12.0m/s;-;N/A;Snow;LightSnow;
2001/1/30;17:00;0.0;-1.0;93%;1014hPa;1.3km;North;43.2km/h/12.0m/s;-;N/A;Snow;LightSnow;
2001/1/30;17:30;0.0;-1.0;93%;1013hPa;1.3km;North;46.8km/h/13.0m/s;-;N/A;Snow;LightSnow;
2001/1/30;18:00;0.0;-1.0;93%;1013hPa;1.2km;North;46.8km/h/13.0m/s;-;N/A;Snow;LightSnow;
2001/1/30;18:30;0.0;-1.0;93%;1013hPa;1.4km;North;43.2km/h/12.0m/s;-;N/A;Snow;LightSnow;
2001/1/30;19:00;0.0;-1.0;93%;1013hPa;1.3km;North;46.8km/h/13.0m/s;64.8km/h/18.0m/s;N/A;Snow;LightSnow;
2001/1/30;19:30;0.0;-1.0;93%;1013hPa;1.4km;North;46.8km/h/13.0m/s;64.8km/h/18.0m/s;N/A;Snow;LightSnow;
2001/1/30;20:00;0.0;-1.0;93%;1013hPa;1.4km;North;46.8km/h/13.0m/s;-;N/A;Snow;LightSnow;
2001/1/30;20:30;0.0;-1.0;93%;1013hPa;1.4km;North;46.8km/h/13.0m/s;-;N/A;Snow;LightSnow;
2001/1/30;21:00;0.0;-1.0;93%;1012hPa;2.2km;North;46.8km/h/13.0m/s;-;N/A;Snow;LightSnow;
2001/1/30;22:30;0.0;-1.0;93%;1012hPa;2.5km;North;50.4km/h/14.0m/s;-;N/A;Snow;LightBlowingSnow;
2001/1/30;23:00;0.0;-1.0;93%;1012hPa;2.5km;North;43.2km/h/12.0m/s;64.8km/h/18.0m/s;N/A;Snow;LightBlowingSnow;
2001/1/30;23:30;0.0;-1.0;93%;1012hPa;2.5km;North;43.2km/h/12.0m/s;-;N/A;Snow;LightBlowingSnow;
