2001/2/23;00:00;-3.0;-6.0;80%;996hPa;-;West;10.8km/h/3.0m/s;-;N/A;;Clear;
2001/2/23;00:30;-2.0;-6.0;74%;996hPa;-;WSW;10.8km/h/3.0m/s;-;N/A;;Clear;
2001/2/23;01:00;-2.0;-7.0;69%;996hPa;-;WSW;14.4km/h/4.0m/s;-;N/A;;Clear;
2001/2/23;01:30;-2.0;-6.0;74%;996hPa;-;WSW;14.4km/h/4.0m/s;-;N/A;;Clear;
2001/2/23;02:00;-2.0;-6.0;74%;995hPa;-;WSW;14.4km/h/4.0m/s;-;N/A;;Clear;
2001/2/23;02:30;-3.0;-7.0;74%;995hPa;-;SW;7.2km/h/2.0m/s;-;N/A;;Clear;
2001/2/23;03:00;-3.0;-7.0;74%;995hPa;-;Variable;7.2km/h/2.0m/s;-;N/A;;Clear;
2001/2/23;03:30;-4.0;-7.0;80%;995hPa;-;Variable;3.6km/h/1.0m/s;-;N/A;;Clear;
2001/2/23;04:00;-3.0;-6.0;80%;995hPa;-;Variable;3.6km/h/1.0m/s;-;N/A;;Clear;
2001/2/23;04:30;-3.0;-6.0;80%;995hPa;-;NNE;7.2km/h/2.0m/s;-;N/A;;Clear;
2001/2/23;05:00;-3.0;-7.0;74%;995hPa;-;Variable;3.6km/h/1.0m/s;-;N/A;;Clear;
2001/2/23;05:30;-3.0;-6.0;80%;995hPa;-;SSW;3.6km/h/1.0m/s;-;N/A;;Clear;
2001/2/23;06:00;-3.0;-6.0;80%;995hPa;-;Variable;3.6km/h/1.0m/s;-;N/A;;Clear;
2001/2/23;06:30;-4.0;-6.0;86%;995hPa;-;West;7.2km/h/2.0m/s;-;N/A;;Clear;
2001/2/23;07:00;-3.0;-7.0;74%;995hPa;-;North;3.6km/h/1.0m/s;-;N/A;;Clear;
2001/2/23;07:30;-3.0;-7.0;74%;995hPa;-;North;7.2km/h/2.0m/s;-;N/A;;Clear;
2001/2/23;08:00;-2.0;-6.0;74%;995hPa;10.0km;Variable;3.6km/h/1.0m/s;-;N/A;;ScatteredClouds;
2001/2/23;08:30;-2.0;-5.0;80%;995hPa;10.0km;Variable;7.2km/h/2.0m/s;-;N/A;;ScatteredClouds;
2001/2/23;09:00;0.0;-4.0;75%;995hPa;10.0km;Variable;7.2km/h/2.0m/s;-;N/A;;ScatteredClouds;
2001/2/23;09:30;0.0;-4.0;75%;995hPa;10.0km;Variable;7.2km/h/2.0m/s;-;N/A;;ScatteredClouds;
2001/2/23;10:00;2.0;-4.0;65%;995hPa;10.0km;Variable;7.2km/h/2.0m/s;-;N/A;;ScatteredClouds;
2001/2/23;10:30;2.0;-3.0;70%;996hPa;10.0km;Variable;7.2km/h/2.0m/s;-;N/A;;ScatteredClouds;
2001/2/23;11:00;2.0;-3.0;70%;996hPa;10.0km;Variable;7.2km/h/2.0m/s;-;N/A;;ScatteredClouds;
2001/2/23;11:30;4.0;-2.0;65%;995hPa;10.0km;Variable;3.6km/h/1.0m/s;-;N/A;;Unknown;
2001/2/23;12:00;2.0;-4.0;65%;995hPa;10.0km;Variable;7.2km/h/2.0m/s;-;N/A;Snow;LightSnowShowers;
2001/2/23;12:30;3.0;-3.0;65%;995hPa;6.0km;Variable;7.2km/h/2.0m/s;-;N/A;Snow;LightSnowShowers;
2001/2/23;13:00;4.0;-5.0;52%;995hPa;10.0km;Variable;7.2km/h/2.0m/s;-;N/A;;Unknown;
2001/2/23;13:30;3.0;-4.0;60%;995hPa;10.0km;Variable;7.2km/h/2.0m/s;-;N/A;;ScatteredClouds;
2001/2/23;14:00;3.0;-4.0;60%;995hPa;10.0km;Variable;7.2km/h/2.0m/s;-;N/A;Snow;LightSnowShowers;
2001/2/23;14:30;2.0;-2.0;75%;995hPa;7.0km;Variable;7.2km/h/2.0m/s;-;N/A;Snow;LightSnowShowers;
2001/2/23;15:00;1.0;-2.0;81%;995hPa;10.0km;NNE;10.8km/h/3.0m/s;-;N/A;;ScatteredClouds;
2001/2/23;15:30;1.0;-3.0;75%;995hPa;10.0km;ENE;10.8km/h/3.0m/s;-;N/A;Snow;LightSnowShowers;
2001/2/23;16:00;1.0;-3.0;75%;995hPa;10.0km;Variable;7.2km/h/2.0m/s;-;N/A;Snow;LightSnowShowers;
2001/2/23;16:30;0.0;-3.0;80%;996hPa;10.0km;ENE;7.2km/h/2.0m/s;-;N/A;;ScatteredClouds;
2001/2/23;17:00;0.0;-3.0;80%;996hPa;10.0km;ENE;7.2km/h/2.0m/s;-;N/A;;MostlyCloudy;
2001/2/23;17:30;0.0;-3.0;80%;996hPa;10.0km;NE;3.6km/h/1.0m/s;-;N/A;;MostlyCloudy;
2001/2/23;18:00;0.0;-2.0;87%;996hPa;10.0km;Variable;3.6km/h/1.0m/s;-;N/A;;MostlyCloudy;
2001/2/23;18:30;0.0;-3.0;80%;996hPa;10.0km;Calm;Calm;-;N/A;;MostlyCloudy;
2001/2/23;19:00;0.0;-2.0;87%;996hPa;10.0km;North;7.2km/h/2.0m/s;-;N/A;;MostlyCloudy;
2001/2/23;19:30;0.0;-3.0;80%;997hPa;4.5km;North;18.0km/h/5.0m/s;-;N/A;Snow;SnowShowers;
2001/2/23;20:00;-1.0;-2.0;93%;997hPa;2.5km;North;18.0km/h/5.0m/s;-;N/A;Snow;HeavySnow;
2001/2/23;20:30;-1.0;-2.0;93%;997hPa;10.0km;North;7.2km/h/2.0m/s;-;N/A;Snow;LightSnow;
2001/2/23;21:00;-1.0;-2.0;93%;997hPa;10.0km;NNE;7.2km/h/2.0m/s;-;N/A;Snow;LightSnow;
2001/2/23;21:30;-2.0;-3.0;93%;997hPa;10.0km;NE;7.2km/h/2.0m/s;-;N/A;;MostlyCloudy;
2001/2/23;22:00;-2.0;-3.0;93%;997hPa;10.0km;NNE;3.6km/h/1.0m/s;-;N/A;;Overcast;
2001/2/23;22:30;-2.0;-4.0;86%;998hPa;10.0km;Variable;3.6km/h/1.0m/s;-;N/A;;ScatteredClouds;
2001/2/23;23:00;-2.0;-4.0;86%;998hPa;10.0km;NNE;3.6km/h/1.0m/s;-;N/A;;Overcast;
2001/2/23;23:30;-1.0;-4.0;80%;998hPa;10.0km;Variable;7.2km/h/2.0m/s;-;N/A;;Overcast;
