2001/12/30;00:00;0.0;0.0;100%;992hPa;3.5km;SSW;10.8km/h/3.0m/s;-;N/A;Snow;LightSnow;
2001/12/30;00:30;0.0;0.0;100%;992hPa;3.5km;SW;7.2km/h/2.0m/s;-;N/A;Snow;LightSnow;
2001/12/30;01:00;0.0;0.0;100%;991hPa;3.5km;SSW;7.2km/h/2.0m/s;-;N/A;Snow;LightSnow;
2001/12/30;01:30;1.0;1.0;100%;991hPa;3.5km;SW;10.8km/h/3.0m/s;-;N/A;Snow;LightSnow;
2001/12/30;02:00;1.0;1.0;100%;991hPa;3.5km;SW;18.0km/h/5.0m/s;-;N/A;Rain;LightRain;
2001/12/30;02:30;1.0;1.0;100%;990hPa;4.0km;SSW;14.4km/h/4.0m/s;-;N/A;Rain;LightRain;
2001/12/30;03:00;1.0;1.0;100%;990hPa;4.0km;SSW;14.4km/h/4.0m/s;-;N/A;Rain;LightRain;
2001/12/30;03:30;1.0;1.0;100%;990hPa;4.0km;SSW;18.0km/h/5.0m/s;-;N/A;Rain;LightRain;
2001/12/30;04:00;1.0;1.0;100%;990hPa;4.0km;SSW;10.8km/h/3.0m/s;-;N/A;Rain;LightRain;
2001/12/30;04:30;1.0;1.0;100%;989hPa;4.0km;South;7.2km/h/2.0m/s;-;N/A;Rain;LightRain;
2001/12/30;05:00;2.0;2.0;100%;989hPa;4.0km;Variable;7.2km/h/2.0m/s;-;N/A;Rain;LightRain;
2001/12/30;05:30;1.0;1.0;100%;989hPa;4.0km;NNE;10.8km/h/3.0m/s;-;N/A;Rain;LightRain;
2001/12/30;06:00;1.0;1.0;100%;990hPa;5.0km;Variable;7.2km/h/2.0m/s;-;N/A;Rain;LightRain;
2001/12/30;06:30;1.0;1.0;100%;991hPa;6.0km;NNE;21.6km/h/6.0m/s;-;N/A;;MostlyCloudy;
2001/12/30;07:00;1.0;0.0;93%;991hPa;7.0km;NNE;21.6km/h/6.0m/s;-;N/A;Rain;LightRain;
2001/12/30;07:30;1.0;0.0;93%;992hPa;7.0km;North;21.6km/h/6.0m/s;-;N/A;Snow;LightSnowGrains;
2001/12/30;08:00;1.0;0.0;93%;992hPa;5.0km;NNE;21.6km/h/6.0m/s;-;N/A;Snow;LightSnowGrains;
2001/12/30;08:30;1.0;0.0;93%;993hPa;10.0km;NNE;18.0km/h/5.0m/s;-;N/A;;Overcast;
2001/12/30;09:00;1.0;-1.0;87%;994hPa;10.0km;NNE;18.0km/h/5.0m/s;-;N/A;;Overcast;
2001/12/30;09:30;1.0;-1.0;87%;994hPa;10.0km;NNE;14.4km/h/4.0m/s;-;N/A;;MostlyCloudy;
2001/12/30;10:00;1.0;-2.0;81%;995hPa;10.0km;NNE;10.8km/h/3.0m/s;-;N/A;Snow;LightSnow;
2001/12/30;10:30;1.0;-2.0;81%;995hPa;10.0km;NNE;18.0km/h/5.0m/s;-;N/A;Snow;LightSnow;
2001/12/30;11:00;1.0;-2.0;81%;995hPa;10.0km;NNE;14.4km/h/4.0m/s;-;N/A;;MostlyCloudy;
2001/12/30;11:30;1.0;-2.0;81%;996hPa;10.0km;NE;7.2km/h/2.0m/s;-;N/A;;MostlyCloudy;
2001/12/30;12:00;2.0;-2.0;75%;996hPa;-;Variable;3.6km/h/1.0m/s;-;N/A;;Clear;
2001/12/30;12:30;2.0;-2.0;75%;996hPa;-;Variable;3.6km/h/1.0m/s;-;N/A;;Clear;
2001/12/30;13:00;1.0;-3.0;75%;996hPa;-;Variable;7.2km/h/2.0m/s;-;N/A;;Clear;
2001/12/30;13:30;0.0;-3.0;80%;998hPa;-;ESE;7.2km/h/2.0m/s;-;N/A;;Clear;
2001/12/30;14:00;0.0;-3.0;80%;997hPa;-;Calm;Calm;-;N/A;;Clear;
2001/12/30;14:30;0.0;-4.0;75%;998hPa;10.0km;WSW;3.6km/h/1.0m/s;-;N/A;;ScatteredClouds;
2001/12/30;15:00;1.0;-2.0;81%;999hPa;10.0km;Calm;Calm;-;N/A;;ScatteredClouds;
2001/12/30;15:30;1.0;-2.0;81%;999hPa;10.0km;Variable;3.6km/h/1.0m/s;-;N/A;;ScatteredClouds;
2001/12/30;16:00;0.0;-3.0;80%;1000hPa;10.0km;Calm;Calm;-;N/A;Snow;LightSnow;
2001/12/30;16:30;0.0;-3.0;80%;1000hPa;10.0km;Calm;Calm;-;N/A;Snow;LightSnow;
2001/12/30;17:00;0.0;-3.0;80%;1001hPa;10.0km;North;3.6km/h/1.0m/s;-;N/A;;MostlyCloudy;
2001/12/30;17:30;0.0;-2.0;87%;1002hPa;4.0km;NW;14.4km/h/4.0m/s;-;N/A;Snow;LightSnow;
2001/12/30;18:00;0.0;-2.0;87%;1003hPa;10.0km;NNW;7.2km/h/2.0m/s;-;N/A;;MostlyCloudy;
2001/12/30;18:30;0.0;-5.0;69%;1003hPa;-;NNW;10.8km/h/3.0m/s;-;N/A;;Clear;
2001/12/30;19:00;-1.0;-5.0;75%;1003hPa;-;NW;10.8km/h/3.0m/s;-;N/A;;Clear;
2001/12/30;19:30;-2.0;-6.0;74%;1004hPa;-;Variable;7.2km/h/2.0m/s;-;N/A;;Clear;
2001/12/30;20:00;-4.0;-6.0;86%;1004hPa;-;Variable;3.6km/h/1.0m/s;-;N/A;;Clear;
2001/12/30;20:30;-5.0;-6.0;93%;1005hPa;-;SSW;7.2km/h/2.0m/s;-;N/A;;Clear;
2001/12/30;21:00;-4.0;-5.0;93%;1005hPa;-;SW;10.8km/h/3.0m/s;-;N/A;;Clear;
2001/12/30;21:30;-6.0;-7.0;93%;1006hPa;-;WSW;10.8km/h/3.0m/s;-;N/A;;Clear;
2001/12/30;22:00;-7.0;-9.0;86%;1006hPa;-;South;10.8km/h/3.0m/s;-;N/A;;Clear;
2001/12/30;22:30;-6.0;-7.0;93%;1006hPa;-;SW;14.4km/h/4.0m/s;-;N/A;;Clear;
2001/12/30;23:00;-6.0;-7.0;93%;1006hPa;-;West;7.2km/h/2.0m/s;-;N/A;;Clear;
2001/12/30;23:30;-8.0;-10.0;86%;1007hPa;-;SSW;18.0km/h/5.0m/s;-;N/A;;Clear;
