2001/11/26;00:00;0.0;-5.0;69%;1005hPa;10.0km;North;25.2km/h/7.0m/s;-;N/A;Snow;LightSnow;
2001/11/26;00:30;0.0;-5.0;69%;1005hPa;10.0km;North;18.0km/h/5.0m/s;-;N/A;Snow;LightSnow;
2001/11/26;01:00;0.0;-5.0;69%;1005hPa;10.0km;North;21.6km/h/6.0m/s;-;N/A;;Overcast;
2001/11/26;01:30;0.0;-5.0;69%;1005hPa;10.0km;NNW;14.4km/h/4.0m/s;-;N/A;;Overcast;
2001/11/26;02:00;0.0;-5.0;69%;1005hPa;10.0km;NNW;10.8km/h/3.0m/s;-;N/A;;Overcast;
2001/11/26;02:30;0.0;-5.0;69%;1005hPa;10.0km;NNW;18.0km/h/5.0m/s;-;N/A;;Overcast;
2001/11/26;03:00;0.0;-5.0;69%;1005hPa;10.0km;NNW;25.2km/h/7.0m/s;-;N/A;;MostlyCloudy;
2001/11/26;03:30;0.0;-5.0;69%;1005hPa;10.0km;North;18.0km/h/5.0m/s;-;N/A;Snow;LightSnow;
2001/11/26;04:00;0.0;-5.0;69%;1005hPa;10.0km;North;21.6km/h/6.0m/s;-;N/A;Snow;LightSnow;
2001/11/26;04:30;0.0;-5.0;69%;1005hPa;10.0km;North;18.0km/h/5.0m/s;-;N/A;Snow;LightSnow;
2001/11/26;06:00;-1.0;-4.0;80%;1005hPa;10.0km;NNE;14.4km/h/4.0m/s;-;N/A;Snow;LightSnow;
2001/11/26;06:30;-1.0;-5.0;75%;1005hPa;10.0km;North;10.8km/h/3.0m/s;-;N/A;;Overcast;
2001/11/26;07:00;-1.0;-5.0;75%;1006hPa;8.0km;North;18.0km/h/5.0m/s;-;N/A;Snow;LightSnow;
2001/11/26;07:30;-1.0;-5.0;75%;1006hPa;5.0km;NNE;21.6km/h/6.0m/s;-;N/A;Snow;LightSnow;
2001/11/26;08:00;-1.0;-4.0;80%;1007hPa;4.0km;NE;21.6km/h/6.0m/s;-;N/A;Snow;LightSnow;
2001/11/26;08:30;-2.0;-3.0;93%;1007hPa;5.0km;NNE;21.6km/h/6.0m/s;-;N/A;Snow;LightSnow;
2001/11/26;09:00;-1.0;-3.0;86%;1007hPa;-;NNE;21.6km/h/6.0m/s;-;N/A;Snow;LightSnow;
2001/11/26;09:30;-2.0;-2.0;100%;1007hPa;3.0km;NNE;21.6km/h/6.0m/s;-;N/A;Snow;LightSnow;
2001/11/26;10:00;-2.0;-2.0;100%;1008hPa;2.2km;NNE;18.0km/h/5.0m/s;-;N/A;Snow;LightSnow;
2001/11/26;10:30;-1.0;-2.0;93%;1008hPa;2.0km;NE;14.4km/h/4.0m/s;-;N/A;Snow;LightSnow;
2001/11/26;11:00;-1.0;-2.0;93%;1008hPa;2.0km;NNE;14.4km/h/4.0m/s;-;N/A;Snow;LightSnow;
2001/11/26;11:30;-1.0;-2.0;93%;1008hPa;-;NNE;10.8km/h/3.0m/s;-;N/A;Snow;LightSnow;
2001/11/26;12:00;-1.0;-2.0;93%;1008hPa;2.0km;NNE;14.4km/h/4.0m/s;-;N/A;Snow;LightSnow;
2001/11/26;12:30;-1.0;-2.0;93%;1008hPa;2.0km;NNE;14.4km/h/4.0m/s;-;N/A;Snow;LightSnow;
2001/11/26;13:00;-1.0;-2.0;93%;1008hPa;4.5km;NNE;18.0km/h/5.0m/s;-;N/A;Snow;LightSnow;
2001/11/26;13:30;-1.0;-2.0;93%;1008hPa;5.0km;North;18.0km/h/5.0m/s;-;N/A;Snow;LightSnow;
2001/11/26;14:00;-1.0;-3.0;86%;1009hPa;10.0km;North;18.0km/h/5.0m/s;-;N/A;Snow;LightSnow;
2001/11/26;14:30;-1.0;-3.0;86%;1009hPa;10.0km;North;14.4km/h/4.0m/s;-;N/A;;MostlyCloudy;
2001/11/26;15:00;-1.0;-3.0;86%;1009hPa;10.0km;North;14.4km/h/4.0m/s;-;N/A;;MostlyCloudy;
2001/11/26;15:30;-1.0;-3.0;86%;1009hPa;10.0km;NNW;10.8km/h/3.0m/s;-;N/A;;MostlyCloudy;
2001/11/26;16:00;-1.0;-3.0;86%;1009hPa;10.0km;NNE;14.4km/h/4.0m/s;-;N/A;;MostlyCloudy;
2001/11/26;16:30;-1.0;-3.0;86%;1010hPa;10.0km;NNE;14.4km/h/4.0m/s;-;N/A;;ScatteredClouds;
2001/11/26;17:00;-1.0;-4.0;80%;1010hPa;10.0km;North;14.4km/h/4.0m/s;-;N/A;;ScatteredClouds;
2001/11/26;17:30;-2.0;-4.0;86%;1011hPa;-;North;14.4km/h/4.0m/s;-;N/A;;Clear;
2001/11/26;18:00;-2.0;-5.0;80%;1011hPa;-;North;14.4km/h/4.0m/s;-;N/A;;Clear;
2001/11/26;18:30;-2.0;-5.0;80%;1011hPa;-;North;14.4km/h/4.0m/s;-;N/A;;Clear;
2001/11/26;19:00;-2.0;-5.0;80%;1011hPa;-;NNE;10.8km/h/3.0m/s;-;N/A;;Clear;
2001/11/26;19:30;-2.0;-5.0;80%;1012hPa;-;Variable;3.6km/h/1.0m/s;-;N/A;;Clear;
2001/11/26;20:00;-2.0;-5.0;80%;1012hPa;-;North;14.4km/h/4.0m/s;-;N/A;;Clear;
2001/11/26;20:30;-2.0;-5.0;80%;1012hPa;-;North;18.0km/h/5.0m/s;-;N/A;;Clear;
2001/11/26;21:00;-3.0;-5.0;86%;1012hPa;-;North;18.0km/h/5.0m/s;-;N/A;;Clear;
2001/11/26;21:30;-3.0;-5.0;86%;1012hPa;-;North;7.2km/h/2.0m/s;-;N/A;;Clear;
2001/11/26;22:00;-4.0;-6.0;86%;1013hPa;-;North;18.0km/h/5.0m/s;-;N/A;;Clear;
2001/11/26;22:30;-3.0;-6.0;80%;1013hPa;-;Variable;7.2km/h/2.0m/s;-;N/A;;Clear;
2001/11/26;23:00;-5.0;-8.0;80%;1013hPa;-;Variable;3.6km/h/1.0m/s;-;N/A;;Clear;
2001/11/26;23:30;-6.0;-7.0;93%;1013hPa;-;Variable;3.6km/h/1.0m/s;-;N/A;;Clear;
