2001/3/29;00:00;0.0;-5.0;69%;1019hPa;10.0km;NNE;10.8km/h/3.0m/s;-;N/A;;Overcast;
2001/3/29;01:00;0.0;-5.0;69%;1019hPa;10.0km;NNE;10.8km/h/3.0m/s;-;N/A;;Overcast;
2001/3/29;01:30;0.0;-5.0;69%;1019hPa;10.0km;NNE;10.8km/h/3.0m/s;-;N/A;;Overcast;
2001/3/29;02:00;0.0;-4.0;75%;1019hPa;10.0km;NNE;10.8km/h/3.0m/s;-;N/A;;Overcast;
2001/3/29;02:30;0.0;-5.0;69%;1019hPa;10.0km;NNE;10.8km/h/3.0m/s;-;N/A;;Overcast;
2001/3/29;03:00;0.0;-4.0;75%;1019hPa;10.0km;NE;10.8km/h/3.0m/s;-;N/A;;Overcast;
2001/3/29;03:30;0.0;-4.0;75%;1019hPa;10.0km;Variable;3.6km/h/1.0m/s;-;N/A;;Overcast;
2001/3/29;04:00;-1.0;-4.0;80%;1019hPa;10.0km;NNE;3.6km/h/1.0m/s;-;N/A;;Overcast;
2001/3/29;04:30;0.0;-4.0;75%;1019hPa;10.0km;North;7.2km/h/2.0m/s;-;N/A;;Overcast;
2001/3/29;05:00;0.0;-4.0;75%;1019hPa;10.0km;North;7.2km/h/2.0m/s;-;N/A;;Overcast;
2001/3/29;05:30;0.0;-4.0;75%;1019hPa;10.0km;NE;3.6km/h/1.0m/s;-;N/A;;Overcast;
2001/3/29;06:00;-1.0;-4.0;80%;1019hPa;10.0km;North;7.2km/h/2.0m/s;-;N/A;;Overcast;
2001/3/29;06:30;0.0;-4.0;75%;1018hPa;10.0km;NNE;7.2km/h/2.0m/s;-;N/A;;Overcast;
2001/3/29;07:00;0.0;-4.0;75%;1018hPa;10.0km;North;7.2km/h/2.0m/s;-;N/A;;Overcast;
2001/3/29;07:30;0.0;-4.0;75%;1018hPa;10.0km;North;10.8km/h/3.0m/s;-;N/A;;MostlyCloudy;
2001/3/29;08:00;0.0;-3.0;80%;1018hPa;10.0km;North;10.8km/h/3.0m/s;-;N/A;;MostlyCloudy;
2001/3/29;08:30;2.0;-2.0;75%;1018hPa;10.0km;NNE;10.8km/h/3.0m/s;-;N/A;;PartlyCloudy;
2001/3/29;09:00;3.0;-2.0;70%;1018hPa;10.0km;Variable;3.6km/h/1.0m/s;-;N/A;;PartlyCloudy;
2001/3/29;09:30;4.0;-2.0;65%;1018hPa;10.0km;Variable;3.6km/h/1.0m/s;-;N/A;;ScatteredClouds;
2001/3/29;10:00;3.0;-3.0;65%;1018hPa;10.0km;Variable;3.6km/h/1.0m/s;-;N/A;;MostlyCloudy;
2001/3/29;10:30;4.0;-2.0;65%;1018hPa;10.0km;Variable;3.6km/h/1.0m/s;-;N/A;;Overcast;
2001/3/29;11:00;5.0;-1.0;65%;1018hPa;10.0km;Variable;3.6km/h/1.0m/s;-;N/A;;Overcast;
2001/3/29;11:30;5.0;-2.0;61%;1017hPa;10.0km;Variable;3.6km/h/1.0m/s;-;N/A;;Overcast;
2001/3/29;12:00;5.0;-2.0;61%;1017hPa;10.0km;Variable;3.6km/h/1.0m/s;-;N/A;;Overcast;
2001/3/29;12:30;5.0;-1.0;65%;1016hPa;10.0km;Variable;7.2km/h/2.0m/s;-;N/A;;MostlyCloudy;
2001/3/29;13:00;6.0;-1.0;61%;1016hPa;10.0km;Variable;7.2km/h/2.0m/s;-;N/A;;MostlyCloudy;
2001/3/29;13:30;6.0;-1.0;61%;1016hPa;10.0km;SE;10.8km/h/3.0m/s;-;N/A;;MostlyCloudy;
2001/3/29;14:00;7.0;-1.0;57%;1016hPa;10.0km;Variable;7.2km/h/2.0m/s;-;N/A;;MostlyCloudy;
2001/3/29;14:30;7.0;-1.0;57%;1015hPa;10.0km;Variable;7.2km/h/2.0m/s;-;N/A;;MostlyCloudy;
2001/3/29;15:00;8.0;-1.0;53%;1015hPa;10.0km;SE;10.8km/h/3.0m/s;-;N/A;;MostlyCloudy;
2001/3/29;15:30;9.0;-1.0;50%;1015hPa;10.0km;Variable;7.2km/h/2.0m/s;-;N/A;;MostlyCloudy;
2001/3/29;16:00;8.0;-1.0;53%;1014hPa;-;Variable;7.2km/h/2.0m/s;-;N/A;;Clear;
2001/3/29;16:30;8.0;0.0;57%;1014hPa;-;Variable;7.2km/h/2.0m/s;-;N/A;;Clear;
2001/3/29;17:00;8.0;0.0;57%;1014hPa;-;Variable;7.2km/h/2.0m/s;-;N/A;;Clear;
2001/3/29;17:30;8.0;1.0;62%;1014hPa;-;SE;10.8km/h/3.0m/s;-;N/A;;Clear;
2001/3/29;18:00;8.0;1.0;62%;1014hPa;-;SE;14.4km/h/4.0m/s;-;N/A;;Clear;
2001/3/29;18:30;7.0;1.0;66%;1014hPa;-;SSE;10.8km/h/3.0m/s;-;N/A;;Clear;
2001/3/29;19:00;7.0;2.0;71%;1014hPa;-;SW;7.2km/h/2.0m/s;-;N/A;;Clear;
2001/3/29;19:30;7.0;1.0;66%;1014hPa;10.0km;WSW;10.8km/h/3.0m/s;-;N/A;Rain;LightRain;
2001/3/29;20:00;7.0;1.0;66%;1014hPa;10.0km;West;7.2km/h/2.0m/s;-;N/A;;Overcast;
2001/3/29;20:30;6.0;1.0;70%;1014hPa;10.0km;West;3.6km/h/1.0m/s;-;N/A;;Overcast;
2001/3/29;21:00;6.0;1.0;70%;1014hPa;10.0km;WNW;3.6km/h/1.0m/s;-;N/A;;Overcast;
2001/3/29;21:30;6.0;2.0;76%;1014hPa;10.0km;WNW;7.2km/h/2.0m/s;-;N/A;;Overcast;
2001/3/29;22:00;6.0;1.0;70%;1014hPa;10.0km;Variable;3.6km/h/1.0m/s;-;N/A;Rain;LightRain;
2001/3/29;22:30;6.0;2.0;76%;1014hPa;10.0km;West;3.6km/h/1.0m/s;-;N/A;;Overcast;
2001/3/29;23:00;6.0;2.0;76%;1014hPa;10.0km;Variable;3.6km/h/1.0m/s;-;N/A;;Overcast;
2001/3/29;23:30;6.0;1.0;70%;1014hPa;10.0km;Variable;3.6km/h/1.0m/s;-;N/A;;Overcast;
