2001/5/18;00:00;19.0;12.0;64%;1014hPa;-;Variable;3.6km/h/1.0m/s;-;N/A;;Clear;
2001/5/18;00:30;18.0;13.0;73%;1014hPa;-;WSW;10.8km/h/3.0m/s;-;N/A;;Clear;
2001/5/18;01:00;17.0;12.0;72%;1014hPa;-;SW;10.8km/h/3.0m/s;-;N/A;;Clear;
2001/5/18;01:30;17.0;13.0;77%;1014hPa;-;Variable;7.2km/h/2.0m/s;-;N/A;;Clear;
2001/5/18;02:00;16.0;13.0;82%;1013hPa;-;ENE;3.6km/h/1.0m/s;-;N/A;;Clear;
2001/5/18;02:30;16.0;13.0;82%;1013hPa;-;Variable;3.6km/h/1.0m/s;-;N/A;;Clear;
2001/5/18;03:00;16.0;13.0;82%;1013hPa;-;Calm;Calm;-;N/A;;Clear;
2001/5/18;03:30;16.0;14.0;88%;1013hPa;-;Calm;Calm;-;N/A;;Clear;
2001/5/18;04:00;15.0;13.0;88%;1013hPa;-;South;10.8km/h/3.0m/s;-;N/A;;Clear;
2001/5/18;04:30;15.0;13.0;88%;1013hPa;-;SSW;10.8km/h/3.0m/s;-;N/A;;Clear;
2001/5/18;05:00;15.0;12.0;82%;1012hPa;-;SSW;7.2km/h/2.0m/s;-;N/A;;Clear;
2001/5/18;05:30;15.0;12.0;82%;1013hPa;-;WSW;7.2km/h/2.0m/s;-;N/A;;Clear;
2001/5/18;06:00;16.0;12.0;77%;1013hPa;-;WSW;10.8km/h/3.0m/s;-;N/A;;Clear;
2001/5/18;06:30;17.0;13.0;77%;1012hPa;10.0km;Variable;7.2km/h/2.0m/s;-;N/A;Rain;LightRain;
2001/5/18;07:00;17.0;13.0;77%;1012hPa;10.0km;SSW;10.8km/h/3.0m/s;-;N/A;;MostlyCloudy;
2001/5/18;07:30;18.0;13.0;73%;1012hPa;10.0km;South;10.8km/h/3.0m/s;-;N/A;;MostlyCloudy;
2001/5/18;08:00;19.0;13.0;68%;1012hPa;-;SSW;14.4km/h/4.0m/s;-;N/A;;Clear;
2001/5/18;08:30;19.0;14.0;73%;1012hPa;-;SSW;14.4km/h/4.0m/s;-;N/A;;Clear;
2001/5/18;09:00;19.0;14.0;73%;1012hPa;-;SSW;18.0km/h/5.0m/s;-;N/A;;Clear;
2001/5/18;09:30;19.0;14.0;73%;1012hPa;-;SSW;18.0km/h/5.0m/s;-;N/A;;Clear;
2001/5/18;10:00;19.0;13.0;68%;1013hPa;10.0km;South;25.2km/h/7.0m/s;-;N/A;;MostlyCloudy;
2001/5/18;10:30;20.0;15.0;73%;1012hPa;10.0km;South;18.0km/h/5.0m/s;-;N/A;;MostlyCloudy;
2001/5/18;11:00;21.0;15.0;68%;1012hPa;10.0km;SSW;10.8km/h/3.0m/s;-;N/A;;ScatteredClouds;
2001/5/18;11:30;21.0;15.0;68%;1012hPa;10.0km;South;18.0km/h/5.0m/s;-;N/A;;MostlyCloudy;
2001/5/18;12:00;21.0;15.0;68%;1011hPa;10.0km;South;14.4km/h/4.0m/s;-;N/A;;MostlyCloudy;
2001/5/18;12:30;22.0;15.0;64%;1011hPa;10.0km;South;14.4km/h/4.0m/s;-;N/A;;MostlyCloudy;
2001/5/18;13:00;23.0;15.0;61%;1011hPa;10.0km;SSW;18.0km/h/5.0m/s;-;N/A;;MostlyCloudy;
2001/5/18;13:30;24.0;15.0;57%;1011hPa;10.0km;SSW;18.0km/h/5.0m/s;-;N/A;;ScatteredClouds;
2001/5/18;14:00;24.0;15.0;57%;1010hPa;10.0km;SSW;18.0km/h/5.0m/s;-;N/A;;ScatteredClouds;
2001/5/18;14:30;25.0;14.0;50%;1010hPa;10.0km;SSW;18.0km/h/5.0m/s;-;N/A;;PartlyCloudy;
2001/5/18;15:30;25.0;14.0;50%;1009hPa;10.0km;South;18.0km/h/5.0m/s;-;N/A;;PartlyCloudy;
2001/5/18;16:00;26.0;13.0;44%;1008hPa;10.0km;SSW;18.0km/h/5.0m/s;-;N/A;;PartlyCloudy;
2001/5/18;16:30;26.0;13.0;44%;1008hPa;10.0km;SSW;21.6km/h/6.0m/s;-;N/A;;PartlyCloudy;
2001/5/18;17:00;26.0;14.0;47%;1007hPa;10.0km;SSW;21.6km/h/6.0m/s;-;N/A;;PartlyCloudy;
2001/5/18;17:30;26.0;14.0;47%;1007hPa;10.0km;SSW;21.6km/h/6.0m/s;-;N/A;;ScatteredClouds;
2001/5/18;18:00;26.0;14.0;47%;1007hPa;10.0km;SSW;18.0km/h/5.0m/s;-;N/A;;ScatteredClouds;
2001/5/18;18:30;25.0;15.0;54%;1007hPa;10.0km;SSW;14.4km/h/4.0m/s;-;N/A;;PartlyCloudy;
2001/5/18;19:00;24.0;14.0;53%;1006hPa;10.0km;SSW;14.4km/h/4.0m/s;-;N/A;;ScatteredClouds;
2001/5/18;19:30;23.0;14.0;57%;1006hPa;10.0km;SW;7.2km/h/2.0m/s;-;N/A;;ScatteredClouds;
2001/5/18;20:00;22.0;15.0;64%;1006hPa;10.0km;SW;3.6km/h/1.0m/s;-;N/A;;MostlyCloudy;
2001/5/18;20:30;22.0;14.0;60%;1007hPa;10.0km;North;10.8km/h/3.0m/s;-;N/A;;MostlyCloudy;
2001/5/18;21:00;21.0;14.0;64%;1007hPa;10.0km;North;14.4km/h/4.0m/s;-;N/A;;MostlyCloudy;
2001/5/18;21:30;16.0;12.0;77%;1010hPa;1.2km;Variable;21.6km/h/6.0m/s;54.0km/h/15.0m/s;N/A;Hail,Thunderstorm;HeavyThunderstormswithHail;
2001/5/18;22:00;14.0;13.0;94%;1010hPa;10.0km;NNE;10.8km/h/3.0m/s;-;N/A;;ScatteredClouds;
2001/5/18;22:30;15.0;13.0;88%;1010hPa;10.0km;North;32.4km/h/9.0m/s;-;N/A;Rain;LightRainShowers;
2001/5/18;22:46;15.0;13.0;88%;1010hPa;10.0km;North;32.4km/h/9.0m/s;-;N/A;Rain;LightRainShowers;
2001/5/18;23:00;15.0;13.0;88%;1010hPa;10.0km;North;28.8km/h/8.0m/s;-;N/A;;ScatteredClouds;
2001/5/18;23:30;15.0;12.0;82%;1011hPa;10.0km;North;25.2km/h/7.0m/s;-;N/A;;ScatteredClouds;
