2001/4/6;00:00;7.0;3.0;76%;1013hPa;10.0km;North;39.6km/h/11.0m/s;-;N/A;Rain;LightRain;
2001/4/6;00:30;7.0;3.0;76%;1013hPa;10.0km;North;32.4km/h/9.0m/s;-;N/A;Rain;LightRain;
2001/4/6;01:00;6.0;3.0;81%;1013hPa;10.0km;North;28.8km/h/8.0m/s;-;N/A;;Overcast;
2001/4/6;01:30;6.0;4.0;87%;1013hPa;10.0km;North;28.8km/h/8.0m/s;-;N/A;Rain;LightRain;
2001/4/6;02:00;6.0;4.0;87%;1012hPa;10.0km;NNE;28.8km/h/8.0m/s;-;N/A;;Overcast;
2001/4/6;02:30;6.0;4.0;87%;1012hPa;10.0km;North;28.8km/h/8.0m/s;-;N/A;;Overcast;
2001/4/6;03:00;6.0;4.0;87%;1012hPa;10.0km;NNE;28.8km/h/8.0m/s;-;N/A;;Overcast;
2001/4/6;03:30;6.0;4.0;87%;1012hPa;10.0km;North;28.8km/h/8.0m/s;-;N/A;;Overcast;
2001/4/6;04:00;6.0;4.0;87%;1012hPa;10.0km;North;25.2km/h/7.0m/s;-;N/A;;Overcast;
2001/4/6;04:30;6.0;4.0;87%;1012hPa;10.0km;North;25.2km/h/7.0m/s;-;N/A;;Overcast;
2001/4/6;05:00;6.0;4.0;87%;1012hPa;10.0km;NNE;21.6km/h/6.0m/s;-;N/A;;Overcast;
2001/4/6;05:30;6.0;3.0;81%;1012hPa;10.0km;NNE;21.6km/h/6.0m/s;-;N/A;;Overcast;
2001/4/6;06:00;7.0;3.0;76%;1012hPa;10.0km;North;21.6km/h/6.0m/s;-;N/A;;Overcast;
2001/4/6;06:30;7.0;3.0;76%;1012hPa;10.0km;North;21.6km/h/6.0m/s;-;N/A;;Overcast;
2001/4/6;07:00;7.0;3.0;76%;1012hPa;10.0km;North;21.6km/h/6.0m/s;-;N/A;;Overcast;
2001/4/6;07:30;7.0;3.0;76%;1012hPa;10.0km;North;21.6km/h/6.0m/s;-;N/A;;Overcast;
2001/4/6;08:00;8.0;3.0;71%;1013hPa;10.0km;North;18.0km/h/5.0m/s;-;N/A;;Overcast;
2001/4/6;08:30;8.0;3.0;71%;1013hPa;-;North;18.0km/h/5.0m/s;-;N/A;;Clear;
2001/4/6;09:00;8.0;4.0;76%;1013hPa;-;NNE;18.0km/h/5.0m/s;-;N/A;;Clear;
2001/4/6;09:30;8.0;4.0;76%;1013hPa;10.0km;NNE;14.4km/h/4.0m/s;-;N/A;;Overcast;
2001/4/6;10:00;9.0;4.0;71%;1013hPa;10.0km;NNE;21.6km/h/6.0m/s;-;N/A;;Overcast;
2001/4/6;10:30;9.0;3.0;66%;1014hPa;10.0km;North;18.0km/h/5.0m/s;-;N/A;;Overcast;
2001/4/6;11:00;10.0;3.0;62%;1013hPa;10.0km;North;21.6km/h/6.0m/s;-;N/A;;MostlyCloudy;
2001/4/6;11:30;11.0;3.0;58%;1013hPa;10.0km;North;21.6km/h/6.0m/s;-;N/A;;ScatteredClouds;
2001/4/6;12:00;11.0;2.0;54%;1013hPa;10.0km;NNE;21.6km/h/6.0m/s;-;N/A;;ScatteredClouds;
2001/4/6;12:30;12.0;2.0;51%;1013hPa;10.0km;North;18.0km/h/5.0m/s;-;N/A;;ScatteredClouds;
2001/4/6;13:00;12.0;2.0;51%;1013hPa;10.0km;NNE;14.4km/h/4.0m/s;-;N/A;;ScatteredClouds;
2001/4/6;13:30;11.0;3.0;58%;1013hPa;10.0km;NNE;10.8km/h/3.0m/s;-;N/A;;MostlyCloudy;
2001/4/6;14:00;11.0;3.0;58%;1013hPa;10.0km;NNE;10.8km/h/3.0m/s;-;N/A;;MostlyCloudy;
2001/4/6;14:30;11.0;2.0;54%;1013hPa;10.0km;Variable;3.6km/h/1.0m/s;-;N/A;;MostlyCloudy;
2001/4/6;15:00;11.0;3.0;58%;1013hPa;10.0km;Variable;3.6km/h/1.0m/s;-;N/A;;Overcast;
2001/4/6;15:30;11.0;3.0;58%;1013hPa;10.0km;Variable;3.6km/h/1.0m/s;-;N/A;;Overcast;
2001/4/6;16:00;11.0;3.0;58%;1013hPa;10.0km;Variable;7.2km/h/2.0m/s;-;N/A;;Overcast;
2001/4/6;16:30;11.0;3.0;58%;1013hPa;10.0km;Variable;3.6km/h/1.0m/s;-;N/A;;Overcast;
2001/4/6;17:00;11.0;4.0;62%;1013hPa;10.0km;Variable;7.2km/h/2.0m/s;-;N/A;;MostlyCloudy;
2001/4/6;17:30;11.0;4.0;62%;1012hPa;10.0km;Variable;7.2km/h/2.0m/s;-;N/A;;ScatteredClouds;
2001/4/6;18:00;11.0;5.0;67%;1013hPa;10.0km;South;3.6km/h/1.0m/s;-;N/A;;ScatteredClouds;
2001/4/6;18:30;10.0;5.0;71%;1012hPa;-;SE;7.2km/h/2.0m/s;-;N/A;;Clear;
2001/4/6;19:00;10.0;5.0;71%;1012hPa;10.0km;South;3.6km/h/1.0m/s;-;N/A;;MostlyCloudy;
2001/4/6;19:30;8.0;4.0;76%;1013hPa;10.0km;SSE;7.2km/h/2.0m/s;-;N/A;;MostlyCloudy;
2001/4/6;20:00;8.0;4.0;76%;1013hPa;10.0km;South;7.2km/h/2.0m/s;-;N/A;;ScatteredClouds;
2001/4/6;20:30;8.0;4.0;76%;1013hPa;10.0km;SSE;3.6km/h/1.0m/s;-;N/A;;MostlyCloudy;
2001/4/6;21:00;8.0;4.0;76%;1013hPa;-;South;7.2km/h/2.0m/s;-;N/A;;Clear;
2001/4/6;21:30;7.0;4.0;81%;1013hPa;-;Variable;7.2km/h/2.0m/s;-;N/A;;Clear;
2001/4/6;22:00;7.0;3.0;76%;1013hPa;-;SSW;3.6km/h/1.0m/s;-;N/A;;Clear;
2001/4/6;22:30;7.0;4.0;81%;1013hPa;10.0km;Calm;Calm;-;N/A;;MostlyCloudy;
2001/4/6;23:00;8.0;4.0;76%;1013hPa;10.0km;SW;3.6km/h/1.0m/s;-;N/A;;MostlyCloudy;
2001/4/6;23:30;8.0;4.0;76%;1013hPa;-;Calm;Calm;-;N/A;;Clear;
