2001/3/14;00:00;8.0;7.0;93%;1002hPa;10.0km;North;25.2km/h/7.0m/s;-;N/A;Rain;Rain;
2001/3/14;00:30;8.0;7.0;93%;1002hPa;7.0km;North;25.2km/h/7.0m/s;-;N/A;Rain;LightRain;
2001/3/14;01:00;7.0;6.0;93%;1002hPa;8.0km;North;25.2km/h/7.0m/s;-;N/A;Rain;LightRain;
2001/3/14;01:30;7.0;5.0;87%;1002hPa;8.0km;North;18.0km/h/5.0m/s;-;N/A;Rain;Rain;
2001/3/14;02:00;7.0;5.0;87%;1002hPa;10.0km;NNE;14.4km/h/4.0m/s;-;N/A;Rain;LightRain;
2001/3/14;02:30;6.0;4.0;87%;1002hPa;10.0km;North;10.8km/h/3.0m/s;-;N/A;Rain;LightRain;
2001/3/14;03:00;6.0;4.0;87%;1001hPa;10.0km;North;21.6km/h/6.0m/s;-;N/A;Rain;LightRain;
2001/3/14;03:30;6.0;4.0;87%;1002hPa;10.0km;North;18.0km/h/5.0m/s;-;N/A;Rain;LightRain;
2001/3/14;04:00;6.0;4.0;87%;1002hPa;10.0km;North;14.4km/h/4.0m/s;-;N/A;Rain;LightRain;
2001/3/14;04:30;6.0;4.0;87%;1002hPa;10.0km;North;21.6km/h/6.0m/s;-;N/A;Rain;LightRain;
2001/3/14;05:00;6.0;4.0;87%;1002hPa;10.0km;North;14.4km/h/4.0m/s;-;N/A;Rain;LightRain;
2001/3/14;05:30;6.0;3.0;81%;1002hPa;10.0km;North;10.8km/h/3.0m/s;-;N/A;;Overcast;
2001/3/14;06:00;5.0;4.0;93%;1002hPa;10.0km;Variable;7.2km/h/2.0m/s;-;N/A;;Overcast;
2001/3/14;06:30;6.0;3.0;81%;1003hPa;10.0km;North;14.4km/h/4.0m/s;-;N/A;;MostlyCloudy;
2001/3/14;07:00;6.0;3.0;81%;1002hPa;10.0km;Variable;3.6km/h/1.0m/s;-;N/A;;MostlyCloudy;
2001/3/14;07:30;6.0;4.0;87%;1003hPa;10.0km;Variable;3.6km/h/1.0m/s;-;N/A;;MostlyCloudy;
2001/3/14;08:00;6.0;4.0;87%;1003hPa;10.0km;Variable;3.6km/h/1.0m/s;-;N/A;;MostlyCloudy;
2001/3/14;08:30;7.0;4.0;81%;1003hPa;10.0km;Calm;Calm;-;N/A;;MostlyCloudy;
2001/3/14;09:00;7.0;5.0;87%;1004hPa;10.0km;Variable;7.2km/h/2.0m/s;-;N/A;;MostlyCloudy;
2001/3/14;09:30;7.0;5.0;87%;1004hPa;10.0km;Variable;7.2km/h/2.0m/s;-;N/A;;MostlyCloudy;
2001/3/14;10:00;9.0;6.0;82%;1005hPa;10.0km;Variable;7.2km/h/2.0m/s;-;N/A;;MostlyCloudy;
2001/3/14;10:30;9.0;6.0;82%;1004hPa;10.0km;SSE;7.2km/h/2.0m/s;-;N/A;;MostlyCloudy;
2001/3/14;11:00;10.0;5.0;71%;1005hPa;10.0km;Variable;7.2km/h/2.0m/s;-;N/A;;MostlyCloudy;
2001/3/14;11:30;11.0;6.0;71%;1005hPa;10.0km;Variable;3.6km/h/1.0m/s;-;N/A;;MostlyCloudy;
2001/3/14;12:00;11.0;6.0;71%;1005hPa;10.0km;Variable;7.2km/h/2.0m/s;-;N/A;;MostlyCloudy;
2001/3/14;12:30;12.0;5.0;62%;1004hPa;10.0km;SSE;10.8km/h/3.0m/s;-;N/A;;ScatteredClouds;
2001/3/14;13:00;12.0;5.0;62%;1004hPa;10.0km;SSE;10.8km/h/3.0m/s;-;N/A;;ScatteredClouds;
2001/3/14;13:30;12.0;4.0;58%;1004hPa;10.0km;SSE;10.8km/h/3.0m/s;-;N/A;;ScatteredClouds;
2001/3/14;14:00;12.0;4.0;58%;1004hPa;10.0km;Variable;7.2km/h/2.0m/s;-;N/A;;ScatteredClouds;
2001/3/14;14:30;12.0;4.0;58%;1005hPa;10.0km;ESE;10.8km/h/3.0m/s;-;N/A;;ScatteredClouds;
2001/3/14;15:00;13.0;4.0;54%;1005hPa;10.0km;Variable;7.2km/h/2.0m/s;-;N/A;;ScatteredClouds;
2001/3/14;15:30;12.0;3.0;54%;1005hPa;10.0km;East;10.8km/h/3.0m/s;-;N/A;Rain;LightRainShowers;
2001/3/14;16:00;12.0;5.0;62%;1005hPa;10.0km;Variable;3.6km/h/1.0m/s;-;N/A;;ScatteredClouds;
2001/3/14;16:30;11.0;5.0;67%;1005hPa;10.0km;Variable;7.2km/h/2.0m/s;-;N/A;Rain;LightRainShowers;
2001/3/14;17:00;10.0;3.0;62%;1005hPa;10.0km;South;10.8km/h/3.0m/s;-;N/A;Rain;LightRainShowers;
2001/3/14;17:30;10.0;3.0;62%;1006hPa;10.0km;Variable;7.2km/h/2.0m/s;-;N/A;;ScatteredClouds;
2001/3/14;18:00;9.0;4.0;71%;1006hPa;10.0km;Variable;3.6km/h/1.0m/s;-;N/A;;MostlyCloudy;
2001/3/14;18:30;8.0;4.0;76%;1007hPa;10.0km;Variable;3.6km/h/1.0m/s;-;N/A;;ScatteredClouds;
2001/3/14;19:00;7.0;2.0;71%;1007hPa;-;Calm;Calm;-;N/A;;Clear;
2001/3/14;19:30;7.0;1.0;66%;1007hPa;-;Variable;7.2km/h/2.0m/s;-;N/A;;Clear;
2001/3/14;20:00;6.0;0.0;66%;1008hPa;-;Variable;3.6km/h/1.0m/s;-;N/A;;Clear;
2001/3/14;20:30;6.0;0.0;66%;1008hPa;-;North;10.8km/h/3.0m/s;-;N/A;;Clear;
2001/3/14;21:00;5.0;0.0;70%;1008hPa;-;North;14.4km/h/4.0m/s;-;N/A;;Clear;
2001/3/14;21:30;5.0;0.0;70%;1008hPa;-;NNE;14.4km/h/4.0m/s;-;N/A;;Clear;
2001/3/14;22:00;4.0;0.0;75%;1008hPa;-;North;14.4km/h/4.0m/s;-;N/A;;Clear;
2001/3/14;22:30;3.0;0.0;81%;1009hPa;-;North;10.8km/h/3.0m/s;-;N/A;;Clear;
2001/3/14;23:00;3.0;-1.0;75%;1009hPa;-;Variable;7.2km/h/2.0m/s;-;N/A;;Clear;
2001/3/14;23:30;4.0;0.0;75%;1009hPa;-;Variable;3.6km/h/1.0m/s;-;N/A;;Clear;
