2001/4/17;00:00;5.0;0.0;70%;1013hPa;-;Variable;3.6km/h/1.0m/s;-;N/A;;Clear;
2001/4/17;00:30;5.0;0.0;70%;1013hPa;-;Variable;3.6km/h/1.0m/s;-;N/A;;Clear;
2001/4/17;01:00;5.0;1.0;76%;1013hPa;-;Variable;3.6km/h/1.0m/s;-;N/A;;Clear;
2001/4/17;01:30;5.0;1.0;76%;1013hPa;10.0km;North;7.2km/h/2.0m/s;-;N/A;;MostlyCloudy;
2001/4/17;02:00;6.0;2.0;76%;1013hPa;10.0km;Variable;3.6km/h/1.0m/s;-;N/A;Rain;LightRain;
2001/4/17;02:30;6.0;2.0;76%;1013hPa;10.0km;North;7.2km/h/2.0m/s;-;N/A;Rain;LightRain;
2001/4/17;03:00;6.0;2.0;76%;1012hPa;10.0km;North;10.8km/h/3.0m/s;-;N/A;;MostlyCloudy;
2001/4/17;03:30;6.0;2.0;76%;1012hPa;10.0km;NE;3.6km/h/1.0m/s;-;N/A;;MostlyCloudy;
2001/4/17;04:00;6.0;3.0;81%;1012hPa;10.0km;NNE;7.2km/h/2.0m/s;-;N/A;;MostlyCloudy;
2001/4/17;04:30;6.0;3.0;81%;1012hPa;10.0km;North;10.8km/h/3.0m/s;-;N/A;;MostlyCloudy;
2001/4/17;05:00;6.0;3.0;81%;1012hPa;10.0km;NNE;10.8km/h/3.0m/s;-;N/A;;MostlyCloudy;
2001/4/17;05:30;6.0;4.0;87%;1012hPa;10.0km;NNE;10.8km/h/3.0m/s;-;N/A;Rain;LightRain;
2001/4/17;06:00;6.0;4.0;87%;1012hPa;10.0km;North;10.8km/h/3.0m/s;-;N/A;Rain;LightRain;
2001/4/17;06:30;6.0;4.0;87%;1013hPa;10.0km;West;7.2km/h/2.0m/s;-;N/A;Rain;LightRain;
2001/4/17;07:00;6.0;5.0;93%;1013hPa;10.0km;Variable;7.2km/h/2.0m/s;-;N/A;Rain;LightRain;
2001/4/17;07:30;6.0;5.0;93%;1013hPa;10.0km;Variable;7.2km/h/2.0m/s;-;N/A;Rain;LightRain;
2001/4/17;08:00;6.0;5.0;93%;1013hPa;10.0km;NNE;14.4km/h/4.0m/s;-;N/A;;Overcast;
2001/4/17;08:30;6.0;4.0;87%;1013hPa;10.0km;North;18.0km/h/5.0m/s;-;N/A;Rain;LightRain;
2001/4/17;09:00;5.0;4.0;93%;1013hPa;10.0km;NNE;18.0km/h/5.0m/s;-;N/A;Rain;LightRain;
2001/4/17;09:30;6.0;4.0;87%;1013hPa;10.0km;NE;10.8km/h/3.0m/s;-;N/A;;Overcast;
2001/4/17;10:00;6.0;4.0;87%;1013hPa;10.0km;NE;14.4km/h/4.0m/s;-;N/A;;Overcast;
2001/4/17;10:30;7.0;5.0;87%;1013hPa;10.0km;NE;10.8km/h/3.0m/s;-;N/A;;Overcast;
2001/4/17;11:00;7.0;6.0;93%;1013hPa;10.0km;NE;10.8km/h/3.0m/s;-;N/A;;Overcast;
2001/4/17;11:30;8.0;5.0;81%;1013hPa;10.0km;NNE;14.4km/h/4.0m/s;-;N/A;;Overcast;
2001/4/17;12:00;8.0;5.0;81%;1013hPa;10.0km;NNE;10.8km/h/3.0m/s;-;N/A;;Overcast;
2001/4/17;12:30;8.0;5.0;81%;1013hPa;10.0km;NNE;10.8km/h/3.0m/s;-;N/A;;Overcast;
2001/4/17;13:00;9.0;5.0;76%;1012hPa;10.0km;NE;10.8km/h/3.0m/s;-;N/A;;Overcast;
2001/4/17;13:30;9.0;4.0;71%;1012hPa;10.0km;NE;10.8km/h/3.0m/s;-;N/A;;Overcast;
2001/4/17;14:00;10.0;5.0;71%;1012hPa;10.0km;NNE;10.8km/h/3.0m/s;-;N/A;;MostlyCloudy;
2001/4/17;14:30;11.0;3.0;58%;1011hPa;10.0km;NNE;10.8km/h/3.0m/s;-;N/A;;MostlyCloudy;
2001/4/17;15:00;11.0;4.0;62%;1011hPa;10.0km;Variable;7.2km/h/2.0m/s;-;N/A;;MostlyCloudy;
2001/4/17;15:30;12.0;4.0;58%;1010hPa;10.0km;Variable;3.6km/h/1.0m/s;-;N/A;;ScatteredClouds;
2001/4/17;16:00;12.0;4.0;58%;1010hPa;10.0km;Variable;7.2km/h/2.0m/s;-;N/A;;ScatteredClouds;
2001/4/17;16:30;12.0;4.0;58%;1010hPa;10.0km;Variable;3.6km/h/1.0m/s;-;N/A;;MostlyCloudy;
2001/4/17;17:00;11.0;3.0;58%;1010hPa;10.0km;Variable;3.6km/h/1.0m/s;-;N/A;;Overcast;
2001/4/17;17:30;11.0;3.0;58%;1010hPa;10.0km;Variable;3.6km/h/1.0m/s;-;N/A;;Overcast;
2001/4/17;18:00;11.0;4.0;62%;1010hPa;-;Calm;Calm;-;N/A;;Clear;
2001/4/17;18:30;11.0;5.0;67%;1009hPa;-;Calm;Calm;-;N/A;;Clear;
2001/4/17;19:00;10.0;4.0;66%;1009hPa;-;WSW;3.6km/h/1.0m/s;-;N/A;;Clear;
2001/4/17;19:30;10.0;3.0;62%;1009hPa;-;Variable;3.6km/h/1.0m/s;-;N/A;;Clear;
2001/4/17;20:00;10.0;4.0;66%;1009hPa;10.0km;Variable;3.6km/h/1.0m/s;-;N/A;;Overcast;
2001/4/17;20:30;9.0;4.0;71%;1009hPa;10.0km;Variable;3.6km/h/1.0m/s;-;N/A;;Overcast;
2001/4/17;21:00;8.0;5.0;81%;1009hPa;-;Variable;3.6km/h/1.0m/s;-;N/A;;Clear;
2001/4/17;21:30;8.0;5.0;81%;1009hPa;-;ENE;10.8km/h/3.0m/s;-;N/A;;Clear;
2001/4/17;22:00;7.0;5.0;87%;1009hPa;-;East;10.8km/h/3.0m/s;-;N/A;;Clear;
2001/4/17;22:30;7.0;5.0;87%;1009hPa;-;SE;10.8km/h/3.0m/s;-;N/A;;Clear;
2001/4/17;23:00;7.0;5.0;87%;1009hPa;-;Variable;7.2km/h/2.0m/s;-;N/A;;Clear;
2001/4/17;23:30;7.0;5.0;87%;1009hPa;10.0km;Calm;Calm;-;N/A;Rain;LightRain;
