2001/1/1;00:00;-3.0;-4.0;93%;1016hPa;-;NNE;7.2km/h/2.0m/s;-;N/A;;Clear;
2001/1/1;00:30;-3.0;-3.0;100%;1017hPa;-;Variable;3.6km/h/1.0m/s;-;N/A;;Clear;
2001/1/1;01:00;-3.0;-3.0;100%;1017hPa;10.0km;Variable;3.6km/h/1.0m/s;-;N/A;;MostlyCloudy;
2001/1/1;01:30;-2.0;-3.0;93%;1017hPa;7.0km;NNE;3.6km/h/1.0m/s;-;N/A;;MostlyCloudy;
2001/1/1;02:00;-2.0;-3.0;93%;1017hPa;6.0km;Calm;Calm;-;N/A;;MostlyCloudy;
2001/1/1;02:30;-2.0;-3.0;93%;1017hPa;8.0km;Variable;3.6km/h/1.0m/s;-;N/A;;MostlyCloudy;
2001/1/1;03:00;-2.0;-3.0;93%;1017hPa;8.0km;Calm;Calm;-;N/A;;MostlyCloudy;
2001/1/1;03:30;-3.0;-3.0;100%;1017hPa;8.0km;Calm;Calm;-;N/A;;MostlyCloudy;
2001/1/1;04:00;-3.0;-3.0;100%;1017hPa;5.0km;Variable;3.6km/h/1.0m/s;-;N/A;;ScatteredClouds;
2001/1/1;04:30;-3.0;-4.0;93%;1017hPa;1.0km;Variable;3.6km/h/1.0m/s;-;N/A;;ScatteredClouds;
2001/1/1;05:00;-4.0;-4.0;100%;1017hPa;0.5km;Calm;Calm;-;N/A;Fog;LightFreezingFog;
2001/1/1;05:30;-4.0;-4.0;100%;1017hPa;0.3km;North;3.6km/h/1.0m/s;-;N/A;Fog;LightFreezingFog;
2001/1/1;06:00;-4.0;-5.0;93%;1017hPa;0.3km;NNW;3.6km/h/1.0m/s;-;N/A;;ScatteredClouds;
2001/1/1;06:30;-5.0;-5.0;100%;1017hPa;0.9km;Variable;3.6km/h/1.0m/s;-;N/A;;PartlyCloudy;
2001/1/1;07:00;-4.0;-4.0;100%;1018hPa;2.3km;NNW;3.6km/h/1.0m/s;-;N/A;;PartlyCloudy;
2001/1/1;07:30;-4.0;-4.0;100%;1018hPa;-;NW;3.6km/h/1.0m/s;-;N/A;;PartlyCloudy;
2001/1/1;08:00;-4.0;-5.0;93%;1018hPa;4.0km;Variable;3.6km/h/1.0m/s;-;N/A;;ScatteredClouds;
2001/1/1;08:30;-4.0;-5.0;93%;1018hPa;5.0km;Calm;Calm;-;N/A;;MostlyCloudy;
2001/1/1;09:00;-3.0;-4.0;93%;1018hPa;6.0km;WNW;7.2km/h/2.0m/s;-;N/A;;MostlyCloudy;
2001/1/1;09:30;-2.0;-4.0;86%;1018hPa;6.0km;Variable;3.6km/h/1.0m/s;-;N/A;;MostlyCloudy;
2001/1/1;10:00;-2.0;-3.0;93%;1019hPa;6.0km;Calm;Calm;-;N/A;;MostlyCloudy;
2001/1/1;10:30;-2.0;-3.0;93%;1019hPa;7.0km;Variable;3.6km/h/1.0m/s;-;N/A;;MostlyCloudy;
2001/1/1;11:00;-1.0;-2.0;93%;1018hPa;7.0km;Variable;3.6km/h/1.0m/s;-;N/A;;ScatteredClouds;
2001/1/1;11:30;0.0;-2.0;87%;1018hPa;7.0km;Variable;3.6km/h/1.0m/s;-;N/A;;MostlyCloudy;
2001/1/1;12:00;0.0;-3.0;80%;1018hPa;6.0km;Variable;3.6km/h/1.0m/s;-;N/A;;ScatteredClouds;
2001/1/1;12:30;0.0;-2.0;87%;1018hPa;7.0km;Variable;3.6km/h/1.0m/s;-;N/A;;MostlyCloudy;
2001/1/1;13:00;1.0;-2.0;81%;1018hPa;7.0km;Variable;3.6km/h/1.0m/s;-;N/A;;ScatteredClouds;
2001/1/1;13:30;0.0;-3.0;80%;1018hPa;7.0km;Variable;3.6km/h/1.0m/s;-;N/A;;ScatteredClouds;
2001/1/1;14:00;0.0;-2.0;87%;1018hPa;7.0km;South;10.8km/h/3.0m/s;-;N/A;;ScatteredClouds;
2001/1/1;14:30;-1.0;-2.0;93%;1018hPa;6.0km;SSW;10.8km/h/3.0m/s;-;N/A;;PartlyCloudy;
2001/1/1;15:00;-2.0;-2.0;100%;1018hPa;2.7km;SSW;10.8km/h/3.0m/s;-;N/A;;ScatteredClouds;
2001/1/1;15:30;-2.0;-2.0;100%;1018hPa;2.8km;South;10.8km/h/3.0m/s;-;N/A;;MostlyCloudy;
2001/1/1;16:00;-2.0;-3.0;93%;1018hPa;2.4km;South;14.4km/h/4.0m/s;-;N/A;;Overcast;
2001/1/1;16:30;-3.0;-3.0;100%;1018hPa;2.8km;SW;10.8km/h/3.0m/s;-;N/A;;Overcast;
2001/1/1;17:00;-2.0;-3.0;93%;1018hPa;-;SW;10.8km/h/3.0m/s;-;N/A;;Overcast;
2001/1/1;17:30;-2.0;-3.0;93%;1018hPa;-;SSW;10.8km/h/3.0m/s;-;N/A;;Overcast;
2001/1/1;18:00;-3.0;-3.0;100%;1018hPa;3.0km;Variable;7.2km/h/2.0m/s;-;N/A;;LightIceCrystals;
2001/1/1;18:12;-3.0;-3.0;100%;1018hPa;3.0km;Variable;7.2km/h/2.0m/s;-;N/A;Snow;LightSnowGrains;
2001/1/1;18:30;-3.0;-3.0;100%;1019hPa;2.5km;SSW;10.8km/h/3.0m/s;-;N/A;Snow;LightSnowGrains;
2001/1/1;19:00;-3.0;-3.0;100%;1019hPa;2.5km;SW;7.2km/h/2.0m/s;-;N/A;Snow;LightSnowGrains;
2001/1/1;19:30;-3.0;-4.0;93%;1019hPa;2.5km;SSW;10.8km/h/3.0m/s;-;N/A;Snow;LightSnowGrains;
2001/1/1;20:00;-3.0;-4.0;93%;1019hPa;1.7km;South;10.8km/h/3.0m/s;-;N/A;Snow;LightSnowGrains;
2001/1/1;20:30;-3.0;-4.0;93%;1019hPa;1.7km;South;14.4km/h/4.0m/s;-;N/A;Snow;LightSnowGrains;
2001/1/1;21:00;-4.0;-4.0;100%;1019hPa;1.2km;SSW;10.8km/h/3.0m/s;-;N/A;Snow;LightSnowGrains;
2001/1/1;21:30;-4.0;-4.0;100%;1019hPa;1.7km;South;14.4km/h/4.0m/s;-;N/A;Snow;LightSnowGrains;
2001/1/1;22:00;-4.0;-4.0;100%;1019hPa;1.2km;South;14.4km/h/4.0m/s;-;N/A;Snow;LightSnowGrains;
2001/1/1;22:30;-4.0;-5.0;93%;1019hPa;1.5km;South;14.4km/h/4.0m/s;-;N/A;Snow;LightSnowGrains;
2001/1/1;23:00;-5.0;-5.0;100%;1019hPa;1.4km;SSW;14.4km/h/4.0m/s;-;N/A;Snow;LightSnowGrains;
2001/1/1;23:30;-4.0;-5.0;93%;1019hPa;1.2km;SSW;14.4km/h/4.0m/s;-;N/A;Snow;LightSnowGrains;
