2001/11/7;00:00;4.0;2.0;87%;1013hPa;3.5km;South;10.8km/h/3.0m/s;-;N/A;;Overcast;
2001/11/7;00:30;4.0;2.0;87%;1013hPa;3.5km;South;14.4km/h/4.0m/s;-;N/A;Rain;LightRain;
2001/11/7;01:00;4.0;2.0;87%;1013hPa;3.5km;South;14.4km/h/4.0m/s;-;N/A;;Overcast;
2001/11/7;01:30;5.0;2.0;81%;1012hPa;3.5km;South;18.0km/h/5.0m/s;-;N/A;;Overcast;
2001/11/7;02:00;5.0;2.0;81%;1012hPa;3.5km;SSW;14.4km/h/4.0m/s;-;N/A;;Overcast;
2001/11/7;02:30;5.0;2.0;81%;1012hPa;3.5km;SSW;18.0km/h/5.0m/s;-;N/A;;Overcast;
2001/11/7;03:00;5.0;2.0;81%;1011hPa;3.5km;SSW;14.4km/h/4.0m/s;-;N/A;;Overcast;
2001/11/7;03:30;5.0;2.0;81%;1011hPa;3.5km;South;18.0km/h/5.0m/s;-;N/A;Rain;LightRain;
2001/11/7;04:00;5.0;3.0;87%;1011hPa;3.5km;South;14.4km/h/4.0m/s;-;N/A;Rain;LightRain;
2001/11/7;04:30;5.0;3.0;87%;1011hPa;3.5km;South;21.6km/h/6.0m/s;-;N/A;;Overcast;
2001/11/7;05:30;4.0;3.0;93%;1011hPa;3.5km;SSW;18.0km/h/5.0m/s;-;N/A;;MostlyCloudy;
2001/11/7;06:00;4.0;3.0;93%;1011hPa;3.5km;South;14.4km/h/4.0m/s;-;N/A;;MostlyCloudy;
2001/11/7;06:30;3.0;2.0;93%;1011hPa;1.8km;South;10.8km/h/3.0m/s;-;N/A;;ScatteredClouds;
2001/11/7;07:00;3.0;3.0;100%;1011hPa;1.5km;SSW;14.4km/h/4.0m/s;-;N/A;;ScatteredClouds;
2001/11/7;07:30;4.0;3.0;93%;1011hPa;1.8km;South;14.4km/h/4.0m/s;-;N/A;;MostlyCloudy;
2001/11/7;08:00;5.0;4.0;93%;1011hPa;2.5km;Variable;7.2km/h/2.0m/s;-;N/A;;MostlyCloudy;
2001/11/7;08:30;5.0;4.0;93%;1011hPa;2.3km;Variable;7.2km/h/2.0m/s;-;N/A;;MostlyCloudy;
2001/11/7;09:00;6.0;4.0;87%;1011hPa;3.0km;SW;14.4km/h/4.0m/s;-;N/A;;MostlyCloudy;
2001/11/7;09:30;6.0;4.0;87%;1011hPa;3.0km;SSW;18.0km/h/5.0m/s;-;N/A;;MostlyCloudy;
2001/11/7;10:00;7.0;4.0;81%;1011hPa;4.0km;South;14.4km/h/4.0m/s;-;N/A;;ScatteredClouds;
2001/11/7;10:30;8.0;5.0;81%;1011hPa;4.0km;SSW;14.4km/h/4.0m/s;-;N/A;;MostlyCloudy;
2001/11/7;11:00;8.0;4.0;76%;1010hPa;5.0km;SSW;10.8km/h/3.0m/s;-;N/A;;ScatteredClouds;
2001/11/7;11:30;8.0;4.0;76%;1010hPa;6.0km;SW;18.0km/h/5.0m/s;-;N/A;;MostlyCloudy;
2001/11/7;12:00;9.0;4.0;71%;1010hPa;7.0km;SW;21.6km/h/6.0m/s;-;N/A;;ScatteredClouds;
2001/11/7;12:30;10.0;5.0;71%;1009hPa;8.0km;SW;25.2km/h/7.0m/s;-;N/A;;PartlyCloudy;
2001/11/7;13:00;10.0;4.0;66%;1009hPa;10.0km;WSW;32.4km/h/9.0m/s;-;N/A;;PartlyCloudy;
2001/11/7;13:30;10.0;5.0;71%;1009hPa;10.0km;WSW;32.4km/h/9.0m/s;-;N/A;;ScatteredClouds;
2001/11/7;14:00;9.0;5.0;76%;1008hPa;10.0km;SW;32.4km/h/9.0m/s;-;N/A;;PartlyCloudy;
2001/11/7;14:30;9.0;5.0;76%;1009hPa;10.0km;SW;25.2km/h/7.0m/s;-;N/A;;PartlyCloudy;
2001/11/7;15:00;8.0;5.0;81%;1009hPa;10.0km;SW;21.6km/h/6.0m/s;-;N/A;;ScatteredClouds;
2001/11/7;15:30;9.0;5.0;76%;1009hPa;-;SW;21.6km/h/6.0m/s;-;N/A;;Clear;
2001/11/7;16:00;9.0;4.0;71%;1008hPa;-;SW;14.4km/h/4.0m/s;-;N/A;;Clear;
2001/11/7;16:30;8.0;4.0;76%;1008hPa;-;SW;25.2km/h/7.0m/s;-;N/A;;Clear;
2001/11/7;17:00;8.0;4.0;76%;1008hPa;-;SW;18.0km/h/5.0m/s;-;N/A;;Clear;
2001/11/7;17:30;8.0;4.0;76%;1008hPa;-;SSW;18.0km/h/5.0m/s;-;N/A;;Clear;
2001/11/7;18:00;8.0;4.0;76%;1008hPa;10.0km;SW;18.0km/h/5.0m/s;-;N/A;;ScatteredClouds;
2001/11/7;18:30;8.0;4.0;76%;1008hPa;10.0km;SW;21.6km/h/6.0m/s;-;N/A;;MostlyCloudy;
2001/11/7;19:00;8.0;5.0;81%;1008hPa;10.0km;SSW;21.6km/h/6.0m/s;-;N/A;;ScatteredClouds;
2001/11/7;19:30;9.0;5.0;76%;1007hPa;10.0km;SSW;18.0km/h/5.0m/s;-;N/A;;MostlyCloudy;
2001/11/7;20:00;8.0;6.0;87%;1007hPa;10.0km;SSW;21.6km/h/6.0m/s;-;N/A;Rain;LightRain;
2001/11/7;20:30;8.0;5.0;81%;1006hPa;10.0km;SSW;14.4km/h/4.0m/s;-;N/A;Rain;LightRain;
2001/11/7;21:00;8.0;5.0;81%;1006hPa;10.0km;South;10.8km/h/3.0m/s;-;N/A;Rain;LightRain;
2001/11/7;21:30;7.0;5.0;87%;1006hPa;10.0km;SSW;21.6km/h/6.0m/s;-;N/A;Rain;LightRain;
2001/11/7;22:00;7.0;5.0;87%;1005hPa;10.0km;SSW;28.8km/h/8.0m/s;-;N/A;Rain;LightRain;
2001/11/7;22:30;7.0;6.0;93%;1005hPa;5.0km;SSW;25.2km/h/7.0m/s;-;N/A;;Overcast;
2001/11/7;23:00;7.0;6.0;93%;1005hPa;4.5km;SSW;25.2km/h/7.0m/s;-;N/A;;Overcast;
2001/11/7;23:30;7.0;6.0;93%;1005hPa;4.0km;SSW;21.6km/h/6.0m/s;-;N/A;;Overcast;
