2001/2/7;00:00;2.0;2.0;100%;1020hPa;0.2km;WNW;3.6km/h/1.0m/s;-;N/A;Fog;Fog;
2001/2/7;00:30;2.0;2.0;100%;1020hPa;0.2km;Calm;Calm;-;N/A;Fog;Fog;
2001/2/7;01:00;2.0;2.0;100%;1020hPa;0.2km;NE;3.6km/h/1.0m/s;-;N/A;Fog;Fog;
2001/2/7;01:30;1.0;1.0;100%;1020hPa;0.2km;ESE;10.8km/h/3.0m/s;-;N/A;Fog;Fog;
2001/2/7;02:00;1.0;1.0;100%;1019hPa;0.1km;Variable;3.6km/h/1.0m/s;-;N/A;Fog;Fog;
2001/2/7;02:30;2.0;2.0;100%;1019hPa;0.1km;West;7.2km/h/2.0m/s;-;N/A;Fog;LightDrizzle;
2001/2/7;03:00;2.0;2.0;100%;1019hPa;0.1km;Calm;Calm;-;N/A;Fog;LightDrizzle;
2001/2/7;03:30;1.0;1.0;100%;1019hPa;0.1km;ESE;7.2km/h/2.0m/s;-;N/A;Fog;LightDrizzle;
2001/2/7;04:00;1.0;1.0;100%;1019hPa;0.1km;Variable;3.6km/h/1.0m/s;-;N/A;Fog;LightDrizzle;
2001/2/7;04:30;1.0;1.0;100%;1020hPa;0.2km;SSW;3.6km/h/1.0m/s;-;N/A;Fog;LightDrizzle;
2001/2/7;05:00;1.0;1.0;100%;1020hPa;0.2km;ESE;7.2km/h/2.0m/s;-;N/A;Fog;LightDrizzle;
2001/2/7;05:30;1.0;1.0;100%;1020hPa;0.2km;SSE;7.2km/h/2.0m/s;-;N/A;Fog;LightDrizzle;
2001/2/7;06:00;1.0;1.0;100%;1020hPa;0.2km;South;3.6km/h/1.0m/s;-;N/A;Fog;Fog;
2001/2/7;06:30;1.0;1.0;100%;1020hPa;0.2km;East;3.6km/h/1.0m/s;-;N/A;Fog;Fog;
2001/2/7;07:00;1.0;1.0;100%;1020hPa;0.1km;SE;3.6km/h/1.0m/s;-;N/A;Fog;Fog;
2001/2/7;07:30;1.0;1.0;100%;1020hPa;0.1km;Calm;Calm;-;N/A;Fog;Fog;
2001/2/7;08:00;2.0;2.0;100%;1021hPa;0.1km;ESE;3.6km/h/1.0m/s;-;N/A;Fog;Fog;
2001/2/7;08:30;2.0;2.0;100%;1021hPa;0.1km;SSE;7.2km/h/2.0m/s;-;N/A;Fog;Fog;
2001/2/7;09:00;2.0;2.0;100%;1021hPa;0.1km;SSE;7.2km/h/2.0m/s;-;N/A;Fog;Fog;
2001/2/7;09:30;3.0;3.0;100%;1021hPa;0.4km;SSW;7.2km/h/2.0m/s;-;N/A;Fog;Fog;
2001/2/7;10:00;3.0;3.0;100%;1021hPa;0.6km;Variable;3.6km/h/1.0m/s;-;N/A;Fog;Fog;
2001/2/7;10:30;4.0;4.0;100%;1021hPa;0.7km;Variable;3.6km/h/1.0m/s;-;N/A;Fog;Fog;
2001/2/7;11:00;4.0;4.0;100%;1021hPa;0.7km;Variable;3.6km/h/1.0m/s;-;N/A;Fog;Fog;
2001/2/7;11:30;3.0;3.0;100%;1021hPa;0.2km;ESE;3.6km/h/1.0m/s;-;N/A;Fog;Fog;
2001/2/7;12:00;4.0;4.0;100%;1020hPa;0.2km;ESE;7.2km/h/2.0m/s;-;N/A;Fog;Fog;
2001/2/7;12:30;4.0;4.0;100%;1020hPa;0.8km;Variable;3.6km/h/1.0m/s;-;N/A;Fog;Fog;
2001/2/7;13:00;4.0;4.0;100%;1020hPa;0.8km;Variable;7.2km/h/2.0m/s;-;N/A;;Overcast;
2001/2/7;13:30;4.0;4.0;100%;1020hPa;0.9km;Variable;7.2km/h/2.0m/s;-;N/A;;Overcast;
2001/2/7;14:00;4.0;4.0;100%;1020hPa;2.8km;Variable;3.6km/h/1.0m/s;-;N/A;;Overcast;
2001/2/7;14:30;5.0;5.0;100%;1020hPa;2.8km;Variable;3.6km/h/1.0m/s;-;N/A;;Overcast;
2001/2/7;15:00;5.0;5.0;100%;1019hPa;3.0km;SE;3.6km/h/1.0m/s;-;N/A;;Overcast;
2001/2/7;15:30;4.0;4.0;100%;1019hPa;2.8km;ESE;7.2km/h/2.0m/s;-;N/A;;Overcast;
2001/2/7;16:00;4.0;4.0;100%;1019hPa;2.3km;Variable;3.6km/h/1.0m/s;-;N/A;;Overcast;
2001/2/7;16:30;4.0;4.0;100%;1019hPa;1.8km;East;3.6km/h/1.0m/s;-;N/A;;Overcast;
2001/2/7;17:00;4.0;4.0;100%;1019hPa;1.6km;Variable;3.6km/h/1.0m/s;-;N/A;;Overcast;
2001/2/7;17:30;4.0;3.0;93%;1019hPa;1.5km;East;3.6km/h/1.0m/s;-;N/A;;Overcast;
2001/2/7;18:00;4.0;4.0;100%;1019hPa;3.5km;Variable;3.6km/h/1.0m/s;-;N/A;;Overcast;
2001/2/7;18:30;3.0;3.0;100%;1018hPa;4.0km;Variable;3.6km/h/1.0m/s;-;N/A;;Overcast;
2001/2/7;19:00;3.0;3.0;100%;1018hPa;4.0km;WNW;3.6km/h/1.0m/s;-;N/A;;Overcast;
2001/2/7;19:30;4.0;3.0;93%;1019hPa;4.0km;Variable;3.6km/h/1.0m/s;-;N/A;;Overcast;
2001/2/7;20:00;3.0;3.0;100%;1018hPa;4.0km;North;3.6km/h/1.0m/s;-;N/A;;Overcast;
2001/2/7;20:30;4.0;4.0;100%;1018hPa;4.0km;Variable;3.6km/h/1.0m/s;-;N/A;;Overcast;
2001/2/7;21:00;4.0;3.0;93%;1017hPa;8.0km;NW;3.6km/h/1.0m/s;-;N/A;;Overcast;
2001/2/7;21:30;4.0;3.0;93%;1017hPa;9.0km;NNW;3.6km/h/1.0m/s;-;N/A;;Overcast;
2001/2/7;22:00;4.0;3.0;93%;1017hPa;-;NW;3.6km/h/1.0m/s;-;N/A;;Clear;
2001/2/7;22:30;4.0;3.0;93%;1017hPa;9.0km;Variable;3.6km/h/1.0m/s;-;N/A;;MostlyCloudy;
2001/2/7;23:00;2.0;2.0;100%;1016hPa;8.0km;Calm;Calm;-;N/A;;MostlyCloudy;
2001/2/7;23:30;2.0;2.0;100%;1016hPa;8.0km;Calm;Calm;-;N/A;;MostlyCloudy;
