2001/11/8;00:00;7.0;6.0;93%;1005hPa;3.5km;SSW;21.6km/h/6.0m/s;-;N/A;;Overcast;
2001/11/8;00:30;7.0;6.0;93%;1005hPa;-;SSW;18.0km/h/5.0m/s;-;N/A;;Overcast;
2001/11/8;01:00;7.0;6.0;93%;1005hPa;-;SSW;18.0km/h/5.0m/s;-;N/A;;Overcast;
2001/11/8;01:30;6.0;6.0;100%;1005hPa;2.9km;South;14.4km/h/4.0m/s;-;N/A;;LightDrizzle;
2001/11/8;02:00;6.0;6.0;100%;1004hPa;2.6km;South;21.6km/h/6.0m/s;-;N/A;;MostlyCloudy;
2001/11/8;02:30;6.0;6.0;100%;1004hPa;2.3km;South;18.0km/h/5.0m/s;-;N/A;;MostlyCloudy;
2001/11/8;03:00;6.0;6.0;100%;1004hPa;2.3km;South;21.6km/h/6.0m/s;-;N/A;;MostlyCloudy;
2001/11/8;03:30;6.0;6.0;100%;1003hPa;2.2km;South;18.0km/h/5.0m/s;-;N/A;;Overcast;
2001/11/8;04:00;6.0;6.0;100%;1003hPa;2.2km;South;18.0km/h/5.0m/s;-;N/A;;Overcast;
2001/11/8;04:30;6.0;6.0;100%;1003hPa;2.4km;South;18.0km/h/5.0m/s;-;N/A;;Overcast;
2001/11/8;05:00;6.0;6.0;100%;1003hPa;-;SSW;14.4km/h/4.0m/s;-;N/A;;Overcast;
2001/11/8;05:30;6.0;6.0;100%;1002hPa;-;South;18.0km/h/5.0m/s;-;N/A;;Overcast;
2001/11/8;06:00;6.0;6.0;100%;1002hPa;-;South;21.6km/h/6.0m/s;-;N/A;;Overcast;
2001/11/8;06:30;6.0;6.0;100%;1002hPa;2.5km;South;25.2km/h/7.0m/s;-;N/A;;Overcast;
2001/11/8;07:00;6.0;6.0;100%;1002hPa;2.2km;South;25.2km/h/7.0m/s;-;N/A;;Overcast;
2001/11/8;07:30;6.0;6.0;100%;1002hPa;1.6km;South;25.2km/h/7.0m/s;-;N/A;;Overcast;
2001/11/8;08:00;7.0;6.0;93%;1002hPa;1.7km;SSW;21.6km/h/6.0m/s;-;N/A;;Overcast;
2001/11/8;08:30;7.0;6.0;93%;1001hPa;3.0km;SSW;21.6km/h/6.0m/s;-;N/A;;Overcast;
2001/11/8;09:00;7.0;7.0;100%;1001hPa;3.0km;SSW;21.6km/h/6.0m/s;-;N/A;;LightDrizzle;
2001/11/8;09:30;8.0;7.0;93%;1001hPa;3.5km;SSW;18.0km/h/5.0m/s;-;N/A;;Overcast;
2001/11/8;10:00;8.0;7.0;93%;1001hPa;4.5km;SW;32.4km/h/9.0m/s;-;N/A;;MostlyCloudy;
2001/11/8;10:30;9.0;7.0;87%;1001hPa;7.0km;SW;21.6km/h/6.0m/s;-;N/A;;Overcast;
2001/11/8;11:00;9.0;7.0;87%;1000hPa;7.0km;SSW;21.6km/h/6.0m/s;-;N/A;;Overcast;
2001/11/8;11:30;8.0;7.0;93%;1000hPa;3.5km;South;28.8km/h/8.0m/s;-;N/A;;Overcast;
2001/11/8;12:00;8.0;7.0;93%;999hPa;3.5km;South;21.6km/h/6.0m/s;-;N/A;;Overcast;
2001/11/8;12:30;8.0;7.0;93%;999hPa;2.5km;South;18.0km/h/5.0m/s;-;N/A;;LightDrizzle;
2001/11/8;13:17;8.0;7.0;93%;999hPa;2.5km;South;14.4km/h/4.0m/s;-;N/A;;LightDrizzle;
2001/11/8;13:30;8.0;7.0;93%;999hPa;-;South;14.4km/h/4.0m/s;-;N/A;;Overcast;
2001/11/8;14:00;10.0;8.0;87%;998hPa;2.5km;SSW;21.6km/h/6.0m/s;-;N/A;;MostlyCloudy;
2001/11/8;14:30;9.0;8.0;93%;998hPa;3.5km;SSW;25.2km/h/7.0m/s;-;N/A;;MostlyCloudy;
2001/11/8;15:00;9.0;8.0;93%;998hPa;3.0km;SSW;21.6km/h/6.0m/s;-;N/A;;MostlyCloudy;
2001/11/8;15:30;9.0;8.0;93%;998hPa;-;SSW;21.6km/h/6.0m/s;-;N/A;;MostlyCloudy;
2001/11/8;16:00;9.0;8.0;93%;998hPa;4.0km;SSW;21.6km/h/6.0m/s;-;N/A;Rain;LightRain;
2001/11/8;16:30;9.0;8.0;93%;998hPa;3.5km;SSW;21.6km/h/6.0m/s;-;N/A;Rain;LightRain;
2001/11/8;17:00;9.0;8.0;93%;998hPa;-;SSW;18.0km/h/5.0m/s;-;N/A;Rain;LightRain;
2001/11/8;17:30;9.0;8.0;93%;997hPa;-;SW;10.8km/h/3.0m/s;-;N/A;Rain;LightRain;
2001/11/8;18:00;8.0;8.0;100%;997hPa;4.0km;Variable;3.6km/h/1.0m/s;-;N/A;Rain;LightRain;
2001/11/8;18:30;8.0;8.0;100%;997hPa;1.2km;SSE;7.2km/h/2.0m/s;-;N/A;Rain,Thunderstorm;ThunderstormsandRain;
2001/11/8;19:00;8.0;8.0;100%;996hPa;1.2km;ENE;3.6km/h/1.0m/s;-;N/A;;MostlyCloudy;
2001/11/8;19:30;8.0;8.0;100%;996hPa;3.0km;North;7.2km/h/2.0m/s;-;N/A;Rain;LightRain;
2001/11/8;20:00;8.0;8.0;100%;996hPa;5.0km;West;7.2km/h/2.0m/s;-;N/A;Rain;LightRain;
2001/11/8;20:30;8.0;8.0;100%;996hPa;5.0km;SW;3.6km/h/1.0m/s;-;N/A;Rain;LightRain;
2001/11/8;21:00;8.0;8.0;100%;995hPa;6.0km;South;10.8km/h/3.0m/s;-;N/A;Rain;LightRain;
2001/11/8;21:30;8.0;8.0;100%;995hPa;2.0km;South;10.8km/h/3.0m/s;-;N/A;Rain;LightRain;
2001/11/8;22:00;8.0;8.0;100%;995hPa;1.8km;South;10.8km/h/3.0m/s;-;N/A;Rain;LightRain;
2001/11/8;22:30;8.0;8.0;100%;995hPa;2.3km;South;10.8km/h/3.0m/s;-;N/A;Rain;Rain;
2001/11/8;23:00;8.0;8.0;100%;995hPa;4.0km;South;7.2km/h/2.0m/s;-;N/A;Rain;LightRain;
2001/11/8;23:30;8.0;8.0;100%;995hPa;3.0km;Variable;7.2km/h/2.0m/s;-;N/A;Rain;Rain;
