2001/3/23;00:00;2.0;1.0;93%;1003hPa;10.0km;WSW;3.6km/h/1.0m/s;-;N/A;;Overcast;
2001/3/23;00:30;2.0;2.0;100%;1003hPa;10.0km;Variable;3.6km/h/1.0m/s;-;N/A;;Overcast;
2001/3/23;01:00;2.0;1.0;93%;1004hPa;10.0km;South;3.6km/h/1.0m/s;-;N/A;;ScatteredClouds;
2001/3/23;01:30;1.0;0.0;93%;1004hPa;5.0km;SSE;3.6km/h/1.0m/s;-;N/A;;PartlyCloudy;
2001/3/23;02:30;1.0;0.0;93%;1004hPa;5.0km;East;3.6km/h/1.0m/s;-;N/A;;MostlyCloudy;
2001/3/23;03:00;1.0;1.0;100%;1004hPa;-;ENE;3.6km/h/1.0m/s;-;N/A;;Overcast;
2001/3/23;03:30;1.0;1.0;100%;1004hPa;3.5km;Variable;3.6km/h/1.0m/s;-;N/A;;MostlyCloudy;
2001/3/23;04:00;1.0;1.0;100%;1005hPa;3.5km;Variable;3.6km/h/1.0m/s;-;N/A;;MostlyCloudy;
2001/3/23;04:30;1.0;1.0;100%;1006hPa;3.5km;SSW;3.6km/h/1.0m/s;-;N/A;;Overcast;
2001/3/23;05:00;2.0;1.0;93%;1006hPa;3.0km;South;3.6km/h/1.0m/s;-;N/A;;Overcast;
2001/3/23;05:30;1.0;1.0;100%;1006hPa;2.7km;SSW;3.6km/h/1.0m/s;-;N/A;;Overcast;
2001/3/23;06:00;2.0;1.0;93%;1007hPa;2.3km;WSW;3.6km/h/1.0m/s;-;N/A;;MostlyCloudy;
2001/3/23;06:30;1.0;1.0;100%;1007hPa;-;West;3.6km/h/1.0m/s;-;N/A;;MostlyCloudy;
2001/3/23;07:00;2.0;2.0;100%;1007hPa;-;Variable;3.6km/h/1.0m/s;-;N/A;Rain;LightRain;
2001/3/23;07:30;2.0;2.0;100%;1007hPa;1.7km;Variable;7.2km/h/2.0m/s;-;N/A;;MostlyCloudy;
2001/3/23;08:00;3.0;2.0;93%;1009hPa;2.3km;Variable;7.2km/h/2.0m/s;-;N/A;;MostlyCloudy;
2001/3/23;08:30;4.0;3.0;93%;1008hPa;4.0km;Variable;7.2km/h/2.0m/s;-;N/A;;MostlyCloudy;
2001/3/23;09:00;5.0;2.0;81%;1008hPa;-;SE;10.8km/h/3.0m/s;-;N/A;;MostlyCloudy;
2001/3/23;09:30;5.0;3.0;87%;1009hPa;1.7km;SSE;10.8km/h/3.0m/s;-;N/A;;MostlyCloudy;
2001/3/23;10:00;5.0;3.0;87%;1009hPa;-;South;10.8km/h/3.0m/s;-;N/A;;MostlyCloudy;
2001/3/23;10:30;5.0;2.0;81%;1010hPa;4.0km;Variable;7.2km/h/2.0m/s;-;N/A;;Overcast;
2001/3/23;11:00;6.0;4.0;87%;1010hPa;3.5km;Variable;7.2km/h/2.0m/s;-;N/A;;Overcast;
2001/3/23;11:30;5.0;4.0;93%;1010hPa;-;SE;7.2km/h/2.0m/s;-;N/A;;Overcast;
2001/3/23;12:00;6.0;4.0;87%;1010hPa;3.5km;ESE;10.8km/h/3.0m/s;-;N/A;;Overcast;
2001/3/23;12:30;8.0;5.0;81%;1009hPa;5.0km;Variable;7.2km/h/2.0m/s;-;N/A;;MostlyCloudy;
2001/3/23;13:00;8.0;5.0;81%;1009hPa;7.0km;Variable;7.2km/h/2.0m/s;-;N/A;;Overcast;
2001/3/23;13:30;8.0;4.0;76%;1009hPa;10.0km;South;10.8km/h/3.0m/s;-;N/A;;Overcast;
2001/3/23;14:00;9.0;4.0;71%;1009hPa;10.0km;SSE;10.8km/h/3.0m/s;-;N/A;;Overcast;
2001/3/23;14:30;9.0;5.0;76%;1009hPa;10.0km;SSE;10.8km/h/3.0m/s;-;N/A;;Overcast;
2001/3/23;15:00;9.0;4.0;71%;1009hPa;10.0km;South;10.8km/h/3.0m/s;-;N/A;;Overcast;
2001/3/23;15:30;9.0;5.0;76%;1008hPa;10.0km;South;10.8km/h/3.0m/s;-;N/A;;Overcast;
2001/3/23;16:00;9.0;4.0;71%;1008hPa;10.0km;South;14.4km/h/4.0m/s;-;N/A;;Overcast;
2001/3/23;16:30;9.0;4.0;71%;1009hPa;10.0km;South;10.8km/h/3.0m/s;-;N/A;;Overcast;
2001/3/23;17:00;8.0;4.0;76%;1009hPa;10.0km;SE;7.2km/h/2.0m/s;-;N/A;;Overcast;
2001/3/23;17:30;7.0;4.0;81%;1009hPa;10.0km;NNE;10.8km/h/3.0m/s;-;N/A;;Overcast;
2001/3/23;18:00;7.0;4.0;81%;1008hPa;-;NNE;14.4km/h/4.0m/s;-;N/A;;Clear;
2001/3/23;18:30;6.0;3.0;81%;1009hPa;-;North;14.4km/h/4.0m/s;-;N/A;;Clear;
2001/3/23;19:00;6.0;4.0;87%;1009hPa;10.0km;North;14.4km/h/4.0m/s;-;N/A;Rain;LightRain;
2001/3/23;19:30;6.0;4.0;87%;1008hPa;10.0km;NNE;10.8km/h/3.0m/s;-;N/A;Rain;LightRain;
2001/3/23;20:00;6.0;4.0;87%;1009hPa;8.0km;North;18.0km/h/5.0m/s;-;N/A;Rain;LightRain;
2001/3/23;20:30;5.0;4.0;93%;1009hPa;8.0km;North;14.4km/h/4.0m/s;-;N/A;Rain;LightRain;
2001/3/23;21:00;5.0;4.0;93%;1009hPa;7.0km;North;14.4km/h/4.0m/s;-;N/A;Rain;LightRain;
2001/3/23;21:30;5.0;4.0;93%;1009hPa;7.0km;NNE;10.8km/h/3.0m/s;-;N/A;Rain;LightRain;
2001/3/23;22:00;5.0;4.0;93%;1008hPa;7.0km;NE;7.2km/h/2.0m/s;-;N/A;Rain;LightRain;
2001/3/23;22:30;5.0;4.0;93%;1008hPa;7.0km;Variable;3.6km/h/1.0m/s;-;N/A;Rain;LightRain;
2001/3/23;23:00;5.0;4.0;93%;1008hPa;6.0km;North;3.6km/h/1.0m/s;-;N/A;Rain;LightRain;
2001/3/23;23:30;5.0;4.0;93%;1008hPa;6.0km;NNE;10.8km/h/3.0m/s;-;N/A;Rain;LightRain;
