2001/10/15;00:00;10.0;10.0;100%;1024hPa;-;North;7.2km/h/2.0m/s;-;N/A;;Clear;
2001/10/15;00:30;10.0;10.0;100%;1024hPa;-;North;3.6km/h/1.0m/s;-;N/A;;Clear;
2001/10/15;01:00;10.0;9.0;94%;1024hPa;-;NNW;3.6km/h/1.0m/s;-;N/A;;Clear;
2001/10/15;01:30;10.0;9.0;94%;1024hPa;-;North;7.2km/h/2.0m/s;-;N/A;;Clear;
2001/10/15;02:00;9.0;9.0;100%;1024hPa;8.0km;NNW;3.6km/h/1.0m/s;-;N/A;;Clear;
2001/10/15;02:30;10.0;10.0;100%;1024hPa;8.0km;North;7.2km/h/2.0m/s;-;N/A;;Clear;
2001/10/15;03:00;10.0;9.0;94%;1024hPa;8.0km;North;7.2km/h/2.0m/s;-;N/A;;Clear;
2001/10/15;03:30;10.0;9.0;94%;1023hPa;8.0km;NNE;3.6km/h/1.0m/s;-;N/A;;Clear;
2001/10/15;04:00;9.0;8.0;93%;1023hPa;7.0km;Calm;Calm;-;N/A;;Clear;
2001/10/15;04:30;9.0;9.0;100%;1023hPa;7.0km;Calm;Calm;-;N/A;;PartlyCloudy;
2001/10/15;05:00;8.0;7.0;93%;1023hPa;0.3km;SE;3.6km/h/1.0m/s;-;N/A;Fog;Fog;
2001/10/15;05:30;7.0;7.0;100%;1023hPa;0.4km;Calm;Calm;-;N/A;Fog;Fog;
2001/10/15;06:00;8.0;8.0;100%;1023hPa;0.9km;NNW;3.6km/h/1.0m/s;-;N/A;Fog;Fog;
2001/10/15;06:30;7.0;7.0;100%;1023hPa;0.3km;Calm;Calm;-;N/A;Fog;Fog;
2001/10/15;07:00;8.0;8.0;100%;1023hPa;0.1km;Calm;Calm;-;N/A;Fog;Fog;
2001/10/15;07:30;8.0;8.0;100%;1023hPa;0.0km;Calm;Calm;-;N/A;Fog;Fog;
2001/10/15;08:00;9.0;9.0;100%;1023hPa;0.1km;Calm;Calm;-;N/A;Fog;Fog;
2001/10/15;08:30;9.0;9.0;100%;1023hPa;0.9km;Calm;Calm;-;N/A;Fog;Fog;
2001/10/15;09:00;10.0;10.0;100%;1023hPa;0.7km;Calm;Calm;-;N/A;Fog;Fog;
2001/10/15;09:30;11.0;11.0;100%;1023hPa;0.7km;Calm;Calm;-;N/A;Fog;Fog;
2001/10/15;10:00;12.0;12.0;100%;1024hPa;0.9km;Calm;Calm;-;N/A;Fog;Fog;
2001/10/15;10:30;12.0;11.0;94%;1024hPa;1.6km;Variable;3.6km/h/1.0m/s;-;N/A;;MostlyCloudy;
2001/10/15;11:00;14.0;13.0;94%;1024hPa;-;Variable;3.6km/h/1.0m/s;-;N/A;;PartlyCloudy;
2001/10/15;11:30;14.0;12.0;88%;1024hPa;-;Variable;3.6km/h/1.0m/s;-;N/A;;PartlyCloudy;
2001/10/15;12:00;14.0;12.0;88%;1024hPa;3.5km;Variable;3.6km/h/1.0m/s;-;N/A;;PartlyCloudy;
2001/10/15;12:30;16.0;13.0;82%;1023hPa;3.5km;Variable;3.6km/h/1.0m/s;-;N/A;;PartlyCloudy;
2001/10/15;13:00;17.0;14.0;82%;1023hPa;-;Variable;3.6km/h/1.0m/s;-;N/A;;Clear;
2001/10/15;13:30;17.0;13.0;77%;1023hPa;3.5km;Variable;3.6km/h/1.0m/s;-;N/A;;PartlyCloudy;
2001/10/15;14:00;18.0;14.0;77%;1022hPa;4.0km;Variable;3.6km/h/1.0m/s;-;N/A;;ScatteredClouds;
2001/10/15;14:30;19.0;13.0;68%;1022hPa;6.0km;Variable;7.2km/h/2.0m/s;-;N/A;;PartlyCloudy;
2001/10/15;15:00;19.0;13.0;68%;1022hPa;6.0km;Variable;7.2km/h/2.0m/s;-;N/A;;ScatteredClouds;
2001/10/15;15:30;19.0;13.0;68%;1022hPa;6.0km;Variable;3.6km/h/1.0m/s;-;N/A;;PartlyCloudy;
2001/10/15;16:00;19.0;14.0;73%;1022hPa;6.0km;Variable;3.6km/h/1.0m/s;-;N/A;;PartlyCloudy;
2001/10/15;16:30;18.0;14.0;77%;1022hPa;7.0km;Variable;3.6km/h/1.0m/s;-;N/A;;PartlyCloudy;
2001/10/15;17:00;16.0;13.0;82%;1022hPa;7.0km;East;7.2km/h/2.0m/s;-;N/A;;PartlyCloudy;
2001/10/15;17:30;15.0;13.0;88%;1022hPa;6.0km;East;7.2km/h/2.0m/s;-;N/A;;PartlyCloudy;
2001/10/15;18:00;15.0;13.0;88%;1022hPa;5.0km;Variable;3.6km/h/1.0m/s;-;N/A;;PartlyCloudy;
2001/10/15;18:30;14.0;12.0;88%;1022hPa;4.0km;Calm;Calm;-;N/A;;PartlyCloudy;
2001/10/15;19:00;13.0;12.0;94%;1022hPa;4.0km;Calm;Calm;-;N/A;;Clear;
2001/10/15;19:30;13.0;12.0;94%;1022hPa;3.5km;North;7.2km/h/2.0m/s;-;N/A;;Clear;
2001/10/15;20:00;13.0;12.0;94%;1023hPa;3.0km;North;7.2km/h/2.0m/s;-;N/A;;Clear;
2001/10/15;20:30;12.0;11.0;94%;1023hPa;3.0km;NNE;3.6km/h/1.0m/s;-;N/A;;Clear;
2001/10/15;21:00;12.0;11.0;94%;1023hPa;2.0km;North;7.2km/h/2.0m/s;-;N/A;;PartlyCloudy;
2001/10/15;21:30;12.0;12.0;100%;1023hPa;0.6km;NNE;10.8km/h/3.0m/s;-;N/A;Fog;Fog;
2001/10/15;22:00;12.0;12.0;100%;1023hPa;0.6km;NNE;10.8km/h/3.0m/s;-;N/A;Fog;Fog;
2001/10/15;22:30;12.0;12.0;100%;1023hPa;0.7km;North;10.8km/h/3.0m/s;-;N/A;Fog;Fog;
2001/10/15;23:00;12.0;12.0;100%;1023hPa;0.6km;Variable;7.2km/h/2.0m/s;-;N/A;Fog;Fog;
2001/10/15;23:30;12.0;12.0;100%;1023hPa;0.7km;North;7.2km/h/2.0m/s;-;N/A;Fog;Fog;
