2001/3/16;00:00;6.0;4.0;87%;1009hPa;10.0km;Variable;3.6km/h/1.0m/s;-;N/A;Rain;LightRain;
2001/3/16;00:30;5.0;3.0;87%;1010hPa;10.0km;West;3.6km/h/1.0m/s;-;N/A;;PartlyCloudy;
2001/3/16;01:00;5.0;3.0;87%;1010hPa;10.0km;WNW;10.8km/h/3.0m/s;-;N/A;;ScatteredClouds;
2001/3/16;01:30;5.0;2.0;81%;1011hPa;10.0km;Variable;7.2km/h/2.0m/s;-;N/A;;ScatteredClouds;
2001/3/16;02:00;6.0;1.0;70%;1011hPa;10.0km;NNW;14.4km/h/4.0m/s;-;N/A;;PartlyCloudy;
2001/3/16;02:30;5.0;1.0;76%;1012hPa;10.0km;North;28.8km/h/8.0m/s;-;N/A;;PartlyCloudy;
2001/3/16;03:00;6.0;0.0;66%;1012hPa;10.0km;North;28.8km/h/8.0m/s;-;N/A;;PartlyCloudy;
2001/3/16;03:30;5.0;0.0;70%;1013hPa;-;North;25.2km/h/7.0m/s;-;N/A;;Clear;
2001/3/16;04:00;3.0;0.0;81%;1014hPa;-;NE;14.4km/h/4.0m/s;-;N/A;;Clear;
2001/3/16;04:30;3.0;1.0;87%;1014hPa;-;North;21.6km/h/6.0m/s;-;N/A;;Clear;
2001/3/16;05:00;4.0;1.0;81%;1014hPa;-;NNE;7.2km/h/2.0m/s;-;N/A;;Clear;
2001/3/16;05:30;3.0;0.0;81%;1014hPa;-;NNE;18.0km/h/5.0m/s;-;N/A;;Clear;
2001/3/16;06:00;3.0;1.0;87%;1015hPa;-;Variable;7.2km/h/2.0m/s;-;N/A;;Clear;
2001/3/16;06:30;4.0;1.0;81%;1015hPa;-;Variable;7.2km/h/2.0m/s;-;N/A;;Clear;
2001/3/16;07:00;5.0;1.0;76%;1016hPa;10.0km;Variable;7.2km/h/2.0m/s;-;N/A;;ScatteredClouds;
2001/3/16;07:30;6.0;2.0;76%;1016hPa;10.0km;SE;10.8km/h/3.0m/s;-;N/A;;ScatteredClouds;
2001/3/16;08:00;6.0;1.0;70%;1016hPa;10.0km;East;10.8km/h/3.0m/s;-;N/A;;ScatteredClouds;
2001/3/16;08:30;6.0;2.0;76%;1016hPa;10.0km;NE;10.8km/h/3.0m/s;-;N/A;;MostlyCloudy;
2001/3/16;09:00;7.0;1.0;66%;1016hPa;10.0km;Variable;7.2km/h/2.0m/s;-;N/A;;ScatteredClouds;
2001/3/16;09:30;9.0;2.0;62%;1016hPa;10.0km;Variable;3.6km/h/1.0m/s;-;N/A;;ScatteredClouds;
2001/3/16;10:00;9.0;1.0;58%;1016hPa;10.0km;Variable;3.6km/h/1.0m/s;-;N/A;;ScatteredClouds;
2001/3/16;10:30;10.0;1.0;54%;1017hPa;10.0km;Variable;3.6km/h/1.0m/s;-;N/A;;ScatteredClouds;
2001/3/16;11:00;10.0;0.0;50%;1016hPa;10.0km;Variable;7.2km/h/2.0m/s;-;N/A;;ScatteredClouds;
2001/3/16;11:30;10.0;0.0;50%;1016hPa;10.0km;SE;10.8km/h/3.0m/s;-;N/A;;ScatteredClouds;
2001/3/16;12:00;11.0;2.0;54%;1016hPa;10.0km;WSW;18.0km/h/5.0m/s;-;N/A;;ScatteredClouds;
2001/3/16;12:30;10.0;2.0;58%;1015hPa;10.0km;South;14.4km/h/4.0m/s;-;N/A;;MostlyCloudy;
2001/3/16;13:00;11.0;0.0;47%;1015hPa;10.0km;SW;21.6km/h/6.0m/s;-;N/A;;MostlyCloudy;
2001/3/16;13:30;12.0;2.0;51%;1014hPa;10.0km;SSW;21.6km/h/6.0m/s;-;N/A;;ScatteredClouds;
2001/3/16;14:00;11.0;2.0;54%;1014hPa;10.0km;SW;18.0km/h/5.0m/s;-;N/A;;ScatteredClouds;
2001/3/16;14:30;12.0;1.0;47%;1014hPa;10.0km;SW;18.0km/h/5.0m/s;-;N/A;;ScatteredClouds;
2001/3/16;15:00;12.0;1.0;47%;1014hPa;10.0km;SW;21.6km/h/6.0m/s;-;N/A;;ScatteredClouds;
2001/3/16;15:30;11.0;1.0;50%;1013hPa;10.0km;SSW;21.6km/h/6.0m/s;-;N/A;;ScatteredClouds;
2001/3/16;16:00;11.0;3.0;58%;1013hPa;-;South;21.6km/h/6.0m/s;-;N/A;;Clear;
2001/3/16;16:30;10.0;3.0;62%;1013hPa;-;South;18.0km/h/5.0m/s;-;N/A;;Clear;
2001/3/16;17:00;9.0;3.0;66%;1013hPa;-;South;21.6km/h/6.0m/s;-;N/A;;Clear;
2001/3/16;17:30;9.0;3.0;66%;1013hPa;-;South;21.6km/h/6.0m/s;-;N/A;;Clear;
2001/3/16;18:00;8.0;3.0;71%;1013hPa;-;South;21.6km/h/6.0m/s;-;N/A;;Clear;
2001/3/16;18:30;8.0;4.0;76%;1013hPa;10.0km;South;14.4km/h/4.0m/s;-;N/A;;MostlyCloudy;
2001/3/16;19:00;9.0;4.0;71%;1013hPa;10.0km;South;18.0km/h/5.0m/s;-;N/A;;ScatteredClouds;
2001/3/16;19:30;8.0;4.0;76%;1013hPa;10.0km;South;18.0km/h/5.0m/s;-;N/A;;Overcast;
2001/3/16;20:00;8.0;5.0;81%;1013hPa;-;SSW;14.4km/h/4.0m/s;-;N/A;;Clear;
2001/3/16;20:30;8.0;4.0;76%;1013hPa;-;SSW;21.6km/h/6.0m/s;-;N/A;;Clear;
2001/3/16;21:00;7.0;4.0;81%;1013hPa;-;South;18.0km/h/5.0m/s;-;N/A;;Clear;
2001/3/16;21:30;7.0;4.0;81%;1013hPa;10.0km;SSW;14.4km/h/4.0m/s;-;N/A;;MostlyCloudy;
2001/3/16;22:00;8.0;5.0;81%;1013hPa;10.0km;South;14.4km/h/4.0m/s;-;N/A;;MostlyCloudy;
2001/3/16;22:30;8.0;5.0;81%;1012hPa;-;SSW;10.8km/h/3.0m/s;-;N/A;;Clear;
2001/3/16;23:00;8.0;5.0;81%;1012hPa;10.0km;South;7.2km/h/2.0m/s;-;N/A;;MostlyCloudy;
2001/3/16;23:30;8.0;5.0;81%;1012hPa;10.0km;SSW;7.2km/h/2.0m/s;-;N/A;;MostlyCloudy;
