2001/10/21;02:00;11.0;10.0;94%;1017hPa;-;Calm;Calm;-;N/A;;Overcast;
2001/10/21;02:30;10.0;10.0;100%;1017hPa;-;Calm;Calm;-;N/A;;Overcast;
2001/10/21;03:00;11.0;10.0;94%;1016hPa;3.5km;Calm;Calm;-;N/A;;Overcast;
2001/10/21;14:30;14.0;12.0;88%;1012hPa;4.5km;Variable;3.6km/h/1.0m/s;-;N/A;;Overcast;
2001/10/21;15:00;14.0;12.0;88%;1012hPa;5.0km;Calm;Calm;-;N/A;;Overcast;
2001/10/21;15:30;14.0;12.0;88%;1011hPa;6.0km;Calm;Calm;-;N/A;;Overcast;
2001/10/21;16:00;15.0;12.0;82%;1011hPa;7.0km;Calm;Calm;-;N/A;;MostlyCloudy;
2001/10/21;16:30;14.0;12.0;88%;1011hPa;7.0km;Calm;Calm;-;N/A;;MostlyCloudy;
2001/10/21;17:00;14.0;12.0;88%;1011hPa;7.0km;NW;3.6km/h/1.0m/s;-;N/A;;Overcast;
2001/10/21;17:30;14.0;12.0;88%;1011hPa;7.0km;NNW;3.6km/h/1.0m/s;-;N/A;;Overcast;
2001/10/21;18:00;14.0;12.0;88%;1011hPa;4.5km;North;7.2km/h/2.0m/s;-;N/A;;Overcast;
2001/10/21;18:30;14.0;12.0;88%;1011hPa;5.0km;North;3.6km/h/1.0m/s;-;N/A;;MostlyCloudy;
2001/10/21;19:00;13.0;11.0;88%;1011hPa;6.0km;North;7.2km/h/2.0m/s;-;N/A;;MostlyCloudy;
2001/10/21;19:30;12.0;11.0;94%;1010hPa;6.0km;North;10.8km/h/3.0m/s;-;N/A;;ScatteredClouds;
2001/10/21;20:00;12.0;11.0;94%;1010hPa;6.0km;North;10.8km/h/3.0m/s;-;N/A;;ScatteredClouds;
2001/10/21;20:30;12.0;11.0;94%;1010hPa;5.0km;North;10.8km/h/3.0m/s;-;N/A;;ScatteredClouds;
2001/10/21;21:00;11.0;11.0;100%;1010hPa;5.0km;NNW;14.4km/h/4.0m/s;-;N/A;;Overcast;
2001/10/21;21:30;12.0;11.0;94%;1010hPa;6.0km;NNW;10.8km/h/3.0m/s;-;N/A;;MostlyCloudy;
2001/10/21;22:00;12.0;11.0;94%;1010hPa;5.0km;NNW;3.6km/h/1.0m/s;-;N/A;;MostlyCloudy;
2001/10/21;22:30;11.0;11.0;100%;1010hPa;4.5km;Variable;3.6km/h/1.0m/s;-;N/A;;Overcast;
2001/10/21;23:00;11.0;10.0;94%;1010hPa;4.5km;North;7.2km/h/2.0m/s;-;N/A;;ScatteredClouds;
2001/10/21;23:30;11.0;11.0;100%;1009hPa;4.0km;North;3.6km/h/1.0m/s;-;N/A;;ScatteredClouds;
