2001/3/28;00:00;-1.0;-6.0;69%;1012hPa;10.0km;North;43.2km/h/12.0m/s;61.2km/h/17.0m/s;N/A;;ScatteredClouds;
2001/3/28;00:30;-1.0;-6.0;69%;1012hPa;10.0km;North;39.6km/h/11.0m/s;57.6km/h/16.0m/s;N/A;;PartlyCloudy;
2001/3/28;01:00;-1.0;-6.0;69%;1012hPa;10.0km;North;39.6km/h/11.0m/s;-;N/A;;PartlyCloudy;
2001/3/28;01:30;-1.0;-6.0;69%;1012hPa;-;North;39.6km/h/11.0m/s;-;N/A;;Clear;
2001/3/28;02:00;-1.0;-6.0;69%;1012hPa;-;North;36.0km/h/10.0m/s;-;N/A;;Clear;
2001/3/28;02:30;-1.0;-6.0;69%;1012hPa;-;North;36.0km/h/10.0m/s;-;N/A;;Clear;
2001/3/28;03:00;-1.0;-6.0;69%;1012hPa;-;North;36.0km/h/10.0m/s;-;N/A;;Clear;
2001/3/28;03:30;-1.0;-6.0;69%;1012hPa;-;North;36.0km/h/10.0m/s;-;N/A;;Clear;
2001/3/28;04:00;-1.0;-6.0;69%;1012hPa;-;North;36.0km/h/10.0m/s;-;N/A;;Clear;
2001/3/28;04:30;-1.0;-6.0;69%;1012hPa;-;North;32.4km/h/9.0m/s;-;N/A;;Clear;
2001/3/28;05:00;-1.0;-6.0;69%;1012hPa;-;North;32.4km/h/9.0m/s;-;N/A;;Clear;
2001/3/28;05:30;-1.0;-6.0;69%;1013hPa;10.0km;North;28.8km/h/8.0m/s;-;N/A;;ScatteredClouds;
2001/3/28;06:00;-1.0;-6.0;69%;1013hPa;10.0km;North;32.4km/h/9.0m/s;-;N/A;;ScatteredClouds;
2001/3/28;06:30;-1.0;-6.0;69%;1013hPa;10.0km;North;28.8km/h/8.0m/s;-;N/A;;ScatteredClouds;
2001/3/28;07:00;-1.0;-6.0;69%;1014hPa;10.0km;North;28.8km/h/8.0m/s;-;N/A;;MostlyCloudy;
2001/3/28;08:00;-1.0;-6.0;69%;1014hPa;10.0km;North;28.8km/h/8.0m/s;-;N/A;;MostlyCloudy;
2001/3/28;08:30;-1.0;-6.0;69%;1014hPa;10.0km;North;21.6km/h/6.0m/s;-;N/A;;Overcast;
2001/3/28;09:00;-1.0;-6.0;69%;1015hPa;10.0km;North;21.6km/h/6.0m/s;-;N/A;;Overcast;
2001/3/28;09:30;-1.0;-6.0;69%;1015hPa;10.0km;North;28.8km/h/8.0m/s;-;N/A;;MostlyCloudy;
2001/3/28;10:00;0.0;-6.0;64%;1015hPa;10.0km;North;28.8km/h/8.0m/s;-;N/A;;Overcast;
2001/3/28;10:30;0.0;-5.0;69%;1015hPa;10.0km;North;21.6km/h/6.0m/s;-;N/A;;Overcast;
2001/3/28;11:00;0.0;-5.0;69%;1016hPa;10.0km;North;25.2km/h/7.0m/s;-;N/A;;Overcast;
2001/3/28;11:30;0.0;-5.0;69%;1016hPa;10.0km;North;21.6km/h/6.0m/s;-;N/A;;MostlyCloudy;
2001/3/28;12:00;0.0;-5.0;69%;1016hPa;10.0km;North;25.2km/h/7.0m/s;-;N/A;;MostlyCloudy;
2001/3/28;12:30;1.0;-5.0;65%;1016hPa;10.0km;North;28.8km/h/8.0m/s;-;N/A;;MostlyCloudy;
2001/3/28;13:00;1.0;-5.0;65%;1017hPa;10.0km;North;25.2km/h/7.0m/s;-;N/A;;Overcast;
2001/3/28;13:30;1.0;-5.0;65%;1017hPa;10.0km;North;25.2km/h/7.0m/s;-;N/A;;MostlyCloudy;
2001/3/28;14:00;1.0;-5.0;65%;1017hPa;10.0km;North;28.8km/h/8.0m/s;-;N/A;;MostlyCloudy;
2001/3/28;14:30;1.0;-5.0;65%;1017hPa;10.0km;North;21.6km/h/6.0m/s;-;N/A;;MostlyCloudy;
2001/3/28;15:00;1.0;-5.0;65%;1017hPa;10.0km;North;25.2km/h/7.0m/s;-;N/A;;Overcast;
2001/3/28;15:30;1.0;-4.0;70%;1017hPa;10.0km;North;25.2km/h/7.0m/s;-;N/A;;MostlyCloudy;
2001/3/28;16:00;1.0;-5.0;65%;1018hPa;10.0km;North;21.6km/h/6.0m/s;-;N/A;;Overcast;
2001/3/28;16:30;1.0;-5.0;65%;1018hPa;10.0km;North;25.2km/h/7.0m/s;-;N/A;;MostlyCloudy;
2001/3/28;17:00;1.0;-5.0;65%;1018hPa;10.0km;North;25.2km/h/7.0m/s;-;N/A;;MostlyCloudy;
2001/3/28;17:30;1.0;-5.0;65%;1018hPa;10.0km;NNW;21.6km/h/6.0m/s;-;N/A;;MostlyCloudy;
2001/3/28;18:00;0.0;-5.0;69%;1018hPa;10.0km;North;25.2km/h/7.0m/s;-;N/A;;Overcast;
2001/3/28;18:30;0.0;-5.0;69%;1018hPa;10.0km;North;25.2km/h/7.0m/s;-;N/A;;MostlyCloudy;
2001/3/28;19:00;0.0;-5.0;69%;1019hPa;10.0km;North;25.2km/h/7.0m/s;-;N/A;;MostlyCloudy;
2001/3/28;19:30;0.0;-5.0;69%;1019hPa;10.0km;North;21.6km/h/6.0m/s;-;N/A;;Overcast;
2001/3/28;20:00;0.0;-4.0;75%;1019hPa;10.0km;North;18.0km/h/5.0m/s;-;N/A;;Overcast;
2001/3/28;20:30;0.0;-5.0;69%;1019hPa;10.0km;North;18.0km/h/5.0m/s;-;N/A;;Overcast;
2001/3/28;21:00;0.0;-5.0;69%;1019hPa;10.0km;NNE;18.0km/h/5.0m/s;-;N/A;;Overcast;
2001/3/28;21:30;0.0;-4.0;75%;1019hPa;10.0km;North;18.0km/h/5.0m/s;-;N/A;;Overcast;
2001/3/28;22:30;0.0;-5.0;69%;1019hPa;10.0km;NNE;14.4km/h/4.0m/s;-;N/A;;Overcast;
2001/3/28;23:00;0.0;-5.0;69%;1019hPa;10.0km;North;14.4km/h/4.0m/s;-;N/A;;Overcast;
2001/3/28;23:30;0.0;-5.0;69%;1019hPa;10.0km;NNE;14.4km/h/4.0m/s;-;N/A;;Overcast;
