2001/1/21;00:00;-6.0;-7.0;93%;1029hPa;4.0km;North;3.6km/h/1.0m/s;-;N/A;;Clear;
2001/1/21;00:30;-6.0;-7.0;93%;1030hPa;4.0km;North;7.2km/h/2.0m/s;-;N/A;;Clear;
2001/1/21;01:00;-6.0;-8.0;86%;1030hPa;4.0km;Variable;3.6km/h/1.0m/s;-;N/A;;Clear;
2001/1/21;01:30;-6.0;-8.0;86%;1030hPa;4.0km;North;3.6km/h/1.0m/s;-;N/A;;Clear;
2001/1/21;02:00;-7.0;-8.0;93%;1029hPa;4.0km;North;3.6km/h/1.0m/s;-;N/A;;Clear;
2001/1/21;02:30;-7.0;-8.0;93%;1029hPa;5.0km;North;7.2km/h/2.0m/s;-;N/A;;Clear;
2001/1/21;03:00;-7.0;-8.0;93%;1029hPa;5.0km;North;3.6km/h/1.0m/s;-;N/A;;Clear;
2001/1/21;03:30;-7.0;-8.0;93%;1029hPa;5.0km;NNW;3.6km/h/1.0m/s;-;N/A;;Clear;
2001/1/21;04:00;-7.0;-8.0;93%;1029hPa;8.0km;NNW;3.6km/h/1.0m/s;-;N/A;;Clear;
2001/1/21;04:30;-6.0;-8.0;86%;1029hPa;9.0km;NNW;7.2km/h/2.0m/s;-;N/A;;Clear;
2001/1/21;05:00;-7.0;-8.0;93%;1029hPa;9.0km;NE;7.2km/h/2.0m/s;-;N/A;;Clear;
2001/1/21;05:30;-8.0;-9.0;93%;1029hPa;6.0km;SSE;3.6km/h/1.0m/s;-;N/A;;Clear;
2001/1/21;06:00;-8.0;-9.0;93%;1029hPa;5.0km;West;3.6km/h/1.0m/s;-;N/A;;Clear;
2001/1/21;06:30;-8.0;-8.0;100%;1029hPa;5.0km;NNW;3.6km/h/1.0m/s;-;N/A;;Clear;
2001/1/21;07:00;-7.0;-8.0;93%;1029hPa;3.5km;North;7.2km/h/2.0m/s;-;N/A;;Clear;
2001/1/21;07:30;-7.0;-8.0;93%;1029hPa;3.5km;Calm;Calm;-;N/A;;PartlyCloudy;
2001/1/21;08:00;-7.0;-9.0;86%;1030hPa;4.0km;Calm;Calm;-;N/A;;PartlyCloudy;
2001/1/21;08:30;-7.0;-8.0;93%;1030hPa;4.0km;Variable;3.6km/h/1.0m/s;-;N/A;;PartlyCloudy;
2001/1/21;09:00;-6.0;-8.0;86%;1030hPa;4.0km;SSW;3.6km/h/1.0m/s;-;N/A;;PartlyCloudy;
2001/1/21;09:30;-5.0;-6.0;93%;1030hPa;4.0km;SSE;3.6km/h/1.0m/s;-;N/A;;PartlyCloudy;
2001/1/21;10:00;-4.0;-6.0;86%;1030hPa;3.5km;South;3.6km/h/1.0m/s;-;N/A;;PartlyCloudy;
2001/1/21;10:30;-3.0;-5.0;86%;1030hPa;3.5km;Variable;3.6km/h/1.0m/s;-;N/A;;PartlyCloudy;
2001/1/21;11:00;-2.0;-5.0;80%;1030hPa;-;Calm;Calm;-;N/A;;PartlyCloudy;
2001/1/21;11:30;-1.0;-4.0;80%;1030hPa;3.5km;Calm;Calm;-;N/A;;PartlyCloudy;
2001/1/21;12:00;1.0;-3.0;75%;1029hPa;3.5km;Variable;3.6km/h/1.0m/s;-;N/A;;PartlyCloudy;
2001/1/21;12:30;0.0;-4.0;75%;1029hPa;4.0km;Calm;Calm;-;N/A;;PartlyCloudy;
2001/1/21;13:00;1.0;-3.0;75%;1029hPa;5.0km;Variable;3.6km/h/1.0m/s;-;N/A;;PartlyCloudy;
2001/1/21;13:30;1.0;-4.0;70%;1029hPa;5.0km;Calm;Calm;-;N/A;;PartlyCloudy;
2001/1/21;14:00;1.0;-3.0;75%;1029hPa;5.0km;Calm;Calm;-;N/A;;ScatteredClouds;
2001/1/21;14:30;1.0;-4.0;70%;1029hPa;5.0km;Calm;Calm;-;N/A;;ScatteredClouds;
2001/1/21;15:00;1.0;-4.0;70%;1029hPa;5.0km;Calm;Calm;-;N/A;;ScatteredClouds;
2001/1/21;15:30;1.0;-4.0;70%;1028hPa;5.0km;Calm;Calm;-;N/A;;ScatteredClouds;
2001/1/21;16:30;-1.0;-4.0;80%;1029hPa;3.0km;Calm;Calm;-;N/A;;PartlyCloudy;
2001/1/21;17:00;-2.0;-4.0;86%;1029hPa;3.0km;West;3.6km/h/1.0m/s;-;N/A;;PartlyCloudy;
2001/1/21;17:30;-2.0;-4.0;86%;1029hPa;3.0km;Variable;3.6km/h/1.0m/s;-;N/A;;PartlyCloudy;
2001/1/21;18:00;-3.0;-5.0;86%;1029hPa;4.5km;South;3.6km/h/1.0m/s;-;N/A;;PartlyCloudy;
2001/1/21;18:30;-4.0;-5.0;93%;1029hPa;4.0km;Variable;3.6km/h/1.0m/s;-;N/A;;PartlyCloudy;
2001/1/21;19:00;-4.0;-5.0;93%;1029hPa;4.0km;Calm;Calm;-;N/A;;PartlyCloudy;
2001/1/21;19:30;-4.0;-5.0;93%;1029hPa;4.0km;NNE;3.6km/h/1.0m/s;-;N/A;;Clear;
2001/1/21;20:00;-4.0;-5.0;93%;1029hPa;3.5km;North;7.2km/h/2.0m/s;-;N/A;;Clear;
2001/1/21;20:30;-4.0;-5.0;93%;1029hPa;4.0km;North;7.2km/h/2.0m/s;-;N/A;;Clear;
2001/1/21;21:00;-4.0;-5.0;93%;1029hPa;4.0km;Variable;3.6km/h/1.0m/s;-;N/A;;Clear;
2001/1/21;21:30;-5.0;-6.0;93%;1029hPa;4.0km;West;3.6km/h/1.0m/s;-;N/A;;Clear;
2001/1/21;22:00;-5.0;-7.0;86%;1029hPa;4.5km;West;3.6km/h/1.0m/s;-;N/A;;Clear;
2001/1/21;22:30;-5.0;-6.0;93%;1029hPa;4.5km;NNE;7.2km/h/2.0m/s;-;N/A;;Clear;
2001/1/21;23:00;-6.0;-7.0;93%;1029hPa;4.5km;Variable;3.6km/h/1.0m/s;-;N/A;;Clear;
2001/1/21;23:30;-6.0;-7.0;93%;1029hPa;5.0km;Calm;Calm;-;N/A;;Clear;
