2001/11/4;00:00;3.0;0.0;81%;1029hPa;10.0km;Variable;3.6km/h/1.0m/s;-;N/A;;MostlyCloudy;
2001/11/4;00:30;3.0;-1.0;75%;1029hPa;10.0km;NW;3.6km/h/1.0m/s;-;N/A;;MostlyCloudy;
2001/11/4;01:00;2.0;-1.0;81%;1029hPa;-;ESE;3.6km/h/1.0m/s;-;N/A;;Clear;
2001/11/4;01:30;1.0;-1.0;87%;1029hPa;-;Calm;Calm;-;N/A;;Clear;
2001/11/4;02:00;1.0;-1.0;87%;1028hPa;-;WSW;3.6km/h/1.0m/s;-;N/A;;Clear;
2001/11/4;02:30;1.0;-1.0;87%;1028hPa;-;NW;3.6km/h/1.0m/s;-;N/A;;Clear;
2001/11/4;03:00;0.0;-2.0;87%;1028hPa;10.0km;NNW;3.6km/h/1.0m/s;-;N/A;;MostlyCloudy;
2001/11/4;03:30;0.0;-1.0;93%;1028hPa;-;NNW;3.6km/h/1.0m/s;-;N/A;;Clear;
2001/11/4;04:00;0.0;-2.0;87%;1028hPa;-;Calm;Calm;-;N/A;;Clear;
2001/11/4;04:30;-1.0;-2.0;93%;1027hPa;-;Calm;Calm;-;N/A;;Clear;
2001/11/4;05:00;-1.0;-2.0;93%;1027hPa;-;Calm;Calm;-;N/A;;Clear;
2001/11/4;05:30;-1.0;-2.0;93%;1027hPa;-;North;3.6km/h/1.0m/s;-;N/A;;Clear;
2001/11/4;06:00;-1.0;-3.0;86%;1027hPa;-;NNW;3.6km/h/1.0m/s;-;N/A;;Clear;
2001/11/4;06:30;-2.0;-3.0;93%;1027hPa;10.0km;NW;3.6km/h/1.0m/s;-;N/A;;ScatteredClouds;
2001/11/4;07:00;-1.0;-3.0;86%;1027hPa;10.0km;Calm;Calm;-;N/A;;PartlyCloudy;
2001/11/4;07:30;-1.0;-2.0;93%;1027hPa;10.0km;North;3.6km/h/1.0m/s;-;N/A;;MostlyCloudy;
2001/11/4;08:00;0.0;-1.0;93%;1027hPa;10.0km;Calm;Calm;-;N/A;;MostlyCloudy;
2001/11/4;08:30;0.0;-1.0;93%;1027hPa;10.0km;Calm;Calm;-;N/A;;MostlyCloudy;
2001/11/4;09:00;1.0;-1.0;87%;1027hPa;10.0km;Variable;3.6km/h/1.0m/s;-;N/A;;MostlyCloudy;
2001/11/4;09:30;2.0;-1.0;81%;1027hPa;10.0km;Calm;Calm;-;N/A;;MostlyCloudy;
2001/11/4;10:00;3.0;0.0;81%;1027hPa;10.0km;Variable;3.6km/h/1.0m/s;-;N/A;;MostlyCloudy;
2001/11/4;10:30;4.0;0.0;75%;1026hPa;10.0km;Variable;7.2km/h/2.0m/s;-;N/A;;MostlyCloudy;
2001/11/4;11:00;5.0;0.0;70%;1026hPa;10.0km;Variable;7.2km/h/2.0m/s;-;N/A;;MostlyCloudy;
2001/11/4;11:30;7.0;1.0;66%;1026hPa;10.0km;SSE;10.8km/h/3.0m/s;-;N/A;;ScatteredClouds;
2001/11/4;12:00;5.0;1.0;76%;1026hPa;10.0km;South;14.4km/h/4.0m/s;-;N/A;;MostlyCloudy;
2001/11/4;12:30;5.0;1.0;76%;1025hPa;10.0km;South;10.8km/h/3.0m/s;-;N/A;;MostlyCloudy;
2001/11/4;13:00;5.0;2.0;81%;1025hPa;10.0km;South;10.8km/h/3.0m/s;-;N/A;;MostlyCloudy;
2001/11/4;13:30;5.0;1.0;76%;1025hPa;10.0km;South;10.8km/h/3.0m/s;-;N/A;;MostlyCloudy;
2001/11/4;14:00;5.0;2.0;81%;1024hPa;10.0km;South;10.8km/h/3.0m/s;-;N/A;;MostlyCloudy;
2001/11/4;14:30;4.0;1.0;81%;1024hPa;10.0km;South;10.8km/h/3.0m/s;-;N/A;;Overcast;
2001/11/4;15:00;4.0;1.0;81%;1024hPa;10.0km;South;10.8km/h/3.0m/s;-;N/A;;Overcast;
2001/11/4;15:30;4.0;0.0;75%;1024hPa;10.0km;SSW;7.2km/h/2.0m/s;-;N/A;;Overcast;
2001/11/4;16:00;4.0;-1.0;70%;1023hPa;10.0km;Variable;3.6km/h/1.0m/s;-;N/A;;Overcast;
2001/11/4;16:30;4.0;0.0;75%;1023hPa;10.0km;Variable;7.2km/h/2.0m/s;-;N/A;;Overcast;
2001/11/4;17:00;4.0;0.0;75%;1023hPa;10.0km;SSW;7.2km/h/2.0m/s;-;N/A;;Overcast;
2001/11/4;17:30;3.0;0.0;81%;1023hPa;10.0km;South;7.2km/h/2.0m/s;-;N/A;;Overcast;
2001/11/4;18:00;3.0;0.0;81%;1023hPa;10.0km;SSW;7.2km/h/2.0m/s;-;N/A;;Overcast;
2001/11/4;18:30;3.0;0.0;81%;1023hPa;10.0km;SSW;7.2km/h/2.0m/s;-;N/A;;Overcast;
2001/11/4;19:00;3.0;0.0;81%;1023hPa;10.0km;SSW;3.6km/h/1.0m/s;-;N/A;;Overcast;
2001/11/4;19:30;3.0;0.0;81%;1022hPa;10.0km;SW;3.6km/h/1.0m/s;-;N/A;;Overcast;
2001/11/4;20:00;3.0;0.0;81%;1022hPa;10.0km;WSW;10.8km/h/3.0m/s;-;N/A;;Overcast;
2001/11/4;20:30;3.0;0.0;81%;1022hPa;10.0km;WSW;10.8km/h/3.0m/s;-;N/A;;Overcast;
2001/11/4;21:00;3.0;0.0;81%;1022hPa;10.0km;WSW;7.2km/h/2.0m/s;-;N/A;;Overcast;
2001/11/4;21:30;3.0;0.0;81%;1022hPa;10.0km;Variable;3.6km/h/1.0m/s;-;N/A;;MostlyCloudy;
2001/11/4;22:00;1.0;-1.0;87%;1022hPa;8.0km;Variable;7.2km/h/2.0m/s;-;N/A;;ScatteredClouds;
2001/11/4;22:30;1.0;-1.0;87%;1021hPa;8.0km;Variable;7.2km/h/2.0m/s;-;N/A;;PartlyCloudy;
2001/11/4;23:00;0.0;-2.0;87%;1021hPa;8.0km;South;7.2km/h/2.0m/s;-;N/A;;Clear;
2001/11/4;23:30;1.0;-1.0;87%;1021hPa;7.0km;SW;14.4km/h/4.0m/s;-;N/A;;Clear;
