2001/2/13;00:00;2.0;2.0;100%;1028hPa;0.5km;SSW;10.8km/h/3.0m/s;-;N/A;Fog;Fog;
2001/2/13;00:30;2.0;2.0;100%;1027hPa;0.2km;SSW;10.8km/h/3.0m/s;-;N/A;Fog;Fog;
2001/2/13;01:00;2.0;2.0;100%;1027hPa;0.4km;Variable;7.2km/h/2.0m/s;-;N/A;Fog;Fog;
2001/2/13;01:30;2.0;2.0;100%;1027hPa;0.2km;SW;7.2km/h/2.0m/s;-;N/A;Fog;Fog;
2001/2/13;02:00;2.0;2.0;100%;1026hPa;0.2km;SSW;10.8km/h/3.0m/s;-;N/A;Fog;Fog;
2001/2/13;02:30;2.0;2.0;100%;1026hPa;0.5km;South;14.4km/h/4.0m/s;-;N/A;Fog;Fog;
2001/2/13;03:00;2.0;2.0;100%;1026hPa;0.8km;South;14.4km/h/4.0m/s;-;N/A;Fog;Fog;
2001/2/13;03:30;2.0;2.0;100%;1025hPa;0.8km;SSW;10.8km/h/3.0m/s;-;N/A;Fog;Fog;
2001/2/13;04:00;2.0;2.0;100%;1025hPa;0.9km;Variable;7.2km/h/2.0m/s;-;N/A;Fog;Fog;
2001/2/13;04:30;2.0;2.0;100%;1025hPa;0.7km;SW;7.2km/h/2.0m/s;-;N/A;Fog;Fog;
2001/2/13;05:00;2.0;2.0;100%;1025hPa;1.5km;Variable;7.2km/h/2.0m/s;-;N/A;;Overcast;
2001/2/13;05:30;1.0;1.0;100%;1024hPa;1.5km;South;10.8km/h/3.0m/s;-;N/A;Fog;PatchesofFog;
2001/2/13;06:00;1.0;1.0;100%;1024hPa;0.7km;Variable;7.2km/h/2.0m/s;-;N/A;Fog;Fog;
2001/2/13;06:30;1.0;1.0;100%;1025hPa;0.3km;Variable;3.6km/h/1.0m/s;-;N/A;Fog;Fog;
2001/2/13;07:00;1.0;1.0;100%;1025hPa;0.6km;West;3.6km/h/1.0m/s;-;N/A;Fog;Fog;
2001/2/13;07:30;1.0;1.0;100%;1025hPa;0.6km;WSW;3.6km/h/1.0m/s;-;N/A;Fog;Fog;
2001/2/13;08:00;1.0;1.0;100%;1024hPa;0.5km;West;3.6km/h/1.0m/s;-;N/A;Fog;Fog;
2001/2/13;08:30;1.0;1.0;100%;1024hPa;0.3km;Calm;Calm;-;N/A;Fog;Fog;
2001/2/13;09:00;1.0;1.0;100%;1024hPa;0.2km;North;3.6km/h/1.0m/s;-;N/A;Fog;LightDrizzle;
2001/2/13;09:30;2.0;2.0;100%;1024hPa;0.8km;Variable;3.6km/h/1.0m/s;-;N/A;Fog;LightDrizzle;
2001/2/13;10:00;2.0;2.0;100%;1024hPa;1.3km;Variable;3.6km/h/1.0m/s;-;N/A;;Overcast;
2001/2/13;10:30;2.0;2.0;100%;1024hPa;1.5km;Variable;3.6km/h/1.0m/s;-;N/A;;Overcast;
2001/2/13;11:00;2.0;2.0;100%;1024hPa;1.5km;Variable;3.6km/h/1.0m/s;-;N/A;;Overcast;
2001/2/13;11:30;2.0;1.0;93%;1024hPa;2.5km;Variable;3.6km/h/1.0m/s;-;N/A;;Overcast;
2001/2/13;12:00;3.0;1.0;87%;1024hPa;3.0km;NNE;3.6km/h/1.0m/s;-;N/A;;Overcast;
2001/2/13;12:30;3.0;1.0;87%;1024hPa;-;Variable;7.2km/h/2.0m/s;-;N/A;;Overcast;
2001/2/13;13:00;3.0;1.0;87%;1023hPa;3.5km;Variable;7.2km/h/2.0m/s;-;N/A;;Overcast;
2001/2/13;13:30;3.0;2.0;93%;1023hPa;4.0km;Variable;7.2km/h/2.0m/s;-;N/A;;Overcast;
2001/2/13;14:00;3.0;2.0;93%;1023hPa;4.0km;Variable;7.2km/h/2.0m/s;-;N/A;;Overcast;
2001/2/13;14:30;4.0;2.0;87%;1023hPa;4.0km;NE;10.8km/h/3.0m/s;-;N/A;;Overcast;
2001/2/13;15:00;4.0;2.0;87%;1023hPa;5.0km;NE;10.8km/h/3.0m/s;-;N/A;;Overcast;
2001/2/13;15:30;4.0;2.0;87%;1023hPa;5.0km;NE;10.8km/h/3.0m/s;-;N/A;;Overcast;
2001/2/13;16:00;5.0;2.0;81%;1023hPa;7.0km;NE;14.4km/h/4.0m/s;-;N/A;;ScatteredClouds;
2001/2/13;16:30;5.0;2.0;81%;1023hPa;8.0km;NNE;21.6km/h/6.0m/s;-;N/A;;MostlyCloudy;
2001/2/13;17:00;5.0;2.0;81%;1023hPa;7.0km;North;25.2km/h/7.0m/s;-;N/A;;MostlyCloudy;
2001/2/13;17:30;5.0;2.0;81%;1023hPa;7.0km;NNE;21.6km/h/6.0m/s;-;N/A;;Overcast;
2001/2/13;18:00;5.0;2.0;81%;1023hPa;10.0km;North;21.6km/h/6.0m/s;-;N/A;;MostlyCloudy;
2001/2/13;18:30;5.0;2.0;81%;1023hPa;10.0km;NNE;18.0km/h/5.0m/s;-;N/A;;MostlyCloudy;
2001/2/13;19:00;6.0;2.0;76%;1023hPa;10.0km;NNE;25.2km/h/7.0m/s;-;N/A;;MostlyCloudy;
2001/2/13;19:30;5.0;1.0;76%;1024hPa;10.0km;North;36.0km/h/10.0m/s;-;N/A;;MostlyCloudy;
2001/2/13;20:00;5.0;1.0;76%;1024hPa;10.0km;North;39.6km/h/11.0m/s;-;N/A;;ScatteredClouds;
2001/2/13;20:30;5.0;0.0;70%;1025hPa;10.0km;NNE;32.4km/h/9.0m/s;-;N/A;;MostlyCloudy;
2001/2/13;21:00;5.0;0.0;70%;1025hPa;10.0km;NNE;32.4km/h/9.0m/s;-;N/A;;MostlyCloudy;
2001/2/13;21:30;5.0;0.0;70%;1025hPa;10.0km;NNE;25.2km/h/7.0m/s;-;N/A;;MostlyCloudy;
2001/2/13;22:00;5.0;0.0;70%;1025hPa;10.0km;NNE;21.6km/h/6.0m/s;-;N/A;;MostlyCloudy;
2001/2/13;22:30;5.0;0.0;70%;1025hPa;10.0km;North;28.8km/h/8.0m/s;-;N/A;;MostlyCloudy;
2001/2/13;23:00;5.0;-1.0;65%;1026hPa;10.0km;NNE;28.8km/h/8.0m/s;-;N/A;;MostlyCloudy;
2001/2/13;23:30;5.0;-1.0;65%;1025hPa;10.0km;NNE;25.2km/h/7.0m/s;-;N/A;;MostlyCloudy;
