2001/5/19;00:00;14.0;12.0;88%;1011hPa;10.0km;North;32.4km/h/9.0m/s;-;N/A;;PartlyCloudy;
2001/5/19;00:30;14.0;12.0;88%;1011hPa;-;North;25.2km/h/7.0m/s;-;N/A;;Clear;
2001/5/19;01:00;14.0;12.0;88%;1011hPa;-;North;28.8km/h/8.0m/s;-;N/A;;Clear;
2001/5/19;01:30;14.0;11.0;82%;1012hPa;-;North;21.6km/h/6.0m/s;-;N/A;;Clear;
2001/5/19;02:00;14.0;10.0;77%;1012hPa;-;North;18.0km/h/5.0m/s;-;N/A;;Clear;
2001/5/19;02:30;14.0;10.0;77%;1012hPa;-;North;18.0km/h/5.0m/s;-;N/A;;Clear;
2001/5/19;03:00;14.0;9.0;72%;1013hPa;-;North;21.6km/h/6.0m/s;-;N/A;;Clear;
2001/5/19;03:30;14.0;10.0;77%;1013hPa;-;North;21.6km/h/6.0m/s;-;N/A;;Clear;
2001/5/19;04:00;13.0;9.0;77%;1013hPa;-;North;25.2km/h/7.0m/s;-;N/A;;Clear;
2001/5/19;04:30;13.0;8.0;72%;1014hPa;10.0km;North;25.2km/h/7.0m/s;-;N/A;;MostlyCloudy;
2001/5/19;05:00;13.0;8.0;72%;1014hPa;10.0km;North;32.4km/h/9.0m/s;-;N/A;;MostlyCloudy;
2001/5/19;05:30;13.0;7.0;67%;1014hPa;10.0km;North;25.2km/h/7.0m/s;-;N/A;;MostlyCloudy;
2001/5/19;06:00;13.0;7.0;67%;1015hPa;10.0km;North;21.6km/h/6.0m/s;-;N/A;;MostlyCloudy;
2001/5/19;06:30;13.0;7.0;67%;1015hPa;10.0km;North;18.0km/h/5.0m/s;-;N/A;;MostlyCloudy;
2001/5/19;07:00;12.0;8.0;77%;1015hPa;10.0km;North;25.2km/h/7.0m/s;-;N/A;;MostlyCloudy;
2001/5/19;07:30;12.0;7.0;72%;1016hPa;10.0km;North;14.4km/h/4.0m/s;-;N/A;;MostlyCloudy;
2001/5/19;08:00;12.0;8.0;77%;1016hPa;10.0km;North;21.6km/h/6.0m/s;-;N/A;;MostlyCloudy;
2001/5/19;08:30;12.0;8.0;77%;1016hPa;10.0km;North;25.2km/h/7.0m/s;-;N/A;;MostlyCloudy;
2001/5/19;09:00;12.0;7.0;72%;1016hPa;10.0km;North;18.0km/h/5.0m/s;-;N/A;;MostlyCloudy;
2001/5/19;09:30;12.0;7.0;72%;1017hPa;10.0km;North;14.4km/h/4.0m/s;-;N/A;;MostlyCloudy;
2001/5/19;10:00;13.0;8.0;72%;1017hPa;10.0km;NNW;10.8km/h/3.0m/s;-;N/A;;Overcast;
2001/5/19;10:30;13.0;7.0;67%;1017hPa;10.0km;North;14.4km/h/4.0m/s;-;N/A;;MostlyCloudy;
2001/5/19;11:00;14.0;8.0;67%;1018hPa;10.0km;North;18.0km/h/5.0m/s;-;N/A;;MostlyCloudy;
2001/5/19;11:30;15.0;8.0;63%;1018hPa;10.0km;North;18.0km/h/5.0m/s;-;N/A;;MostlyCloudy;
2001/5/19;12:00;16.0;7.0;55%;1018hPa;10.0km;North;25.2km/h/7.0m/s;-;N/A;;MostlyCloudy;
2001/5/19;12:30;16.0;8.0;59%;1018hPa;10.0km;North;18.0km/h/5.0m/s;-;N/A;;MostlyCloudy;
2001/5/19;13:00;16.0;7.0;55%;1018hPa;10.0km;North;18.0km/h/5.0m/s;-;N/A;;MostlyCloudy;
2001/5/19;13:30;16.0;6.0;52%;1018hPa;10.0km;North;18.0km/h/5.0m/s;-;N/A;;MostlyCloudy;
2001/5/19;14:00;16.0;8.0;59%;1018hPa;10.0km;North;18.0km/h/5.0m/s;-;N/A;;MostlyCloudy;
2001/5/19;14:30;17.0;6.0;48%;1018hPa;10.0km;NNE;21.6km/h/6.0m/s;-;N/A;;MostlyCloudy;
2001/5/19;15:00;16.0;7.0;55%;1018hPa;10.0km;NNE;14.4km/h/4.0m/s;-;N/A;;MostlyCloudy;
2001/5/19;15:30;17.0;7.0;52%;1018hPa;10.0km;NNE;18.0km/h/5.0m/s;-;N/A;;MostlyCloudy;
2001/5/19;16:00;15.0;10.0;72%;1018hPa;10.0km;WSW;21.6km/h/6.0m/s;-;N/A;;MostlyCloudy;
2001/5/19;16:30;14.0;11.0;82%;1019hPa;10.0km;WSW;18.0km/h/5.0m/s;-;N/A;;MostlyCloudy;
2001/5/19;17:00;15.0;11.0;77%;1019hPa;10.0km;WSW;14.4km/h/4.0m/s;-;N/A;;MostlyCloudy;
2001/5/19;17:30;15.0;11.0;77%;1019hPa;10.0km;WSW;7.2km/h/2.0m/s;-;N/A;;MostlyCloudy;
2001/5/19;18:00;15.0;10.0;72%;1019hPa;10.0km;Variable;7.2km/h/2.0m/s;-;N/A;;MostlyCloudy;
2001/5/19;18:30;14.0;7.0;63%;1019hPa;10.0km;Variable;7.2km/h/2.0m/s;-;N/A;Rain;LightRainShowers;
2001/5/19;19:00;14.0;9.0;72%;1019hPa;10.0km;South;7.2km/h/2.0m/s;-;N/A;;MostlyCloudy;
2001/5/19;19:30;13.0;11.0;88%;1020hPa;10.0km;Variable;7.2km/h/2.0m/s;-;N/A;;MostlyCloudy;
2001/5/19;20:00;12.0;10.0;88%;1020hPa;-;Variable;3.6km/h/1.0m/s;-;N/A;;Clear;
2001/5/19;20:30;12.0;10.0;88%;1021hPa;-;South;3.6km/h/1.0m/s;-;N/A;;Clear;
2001/5/19;21:00;12.0;10.0;88%;1021hPa;-;Variable;3.6km/h/1.0m/s;-;N/A;;Clear;
2001/5/19;21:30;11.0;10.0;94%;1021hPa;-;WNW;7.2km/h/2.0m/s;-;N/A;;Clear;
2001/5/19;22:00;11.0;9.0;88%;1022hPa;-;Calm;Calm;-;N/A;;Clear;
2001/5/19;22:30;10.0;9.0;94%;1022hPa;-;Variable;3.6km/h/1.0m/s;-;N/A;;Clear;
2001/5/19;23:00;10.0;9.0;94%;1022hPa;-;Calm;Calm;-;N/A;;Clear;
2001/5/19;23:30;10.0;9.0;94%;1022hPa;-;Variable;3.6km/h/1.0m/s;-;N/A;;Clear;
