2001/3/10;00:00;7.0;5.0;87%;1013hPa;10.0km;Variable;7.2km/h/2.0m/s;-;N/A;;Overcast;
2001/3/10;00:30;7.0;6.0;93%;1013hPa;10.0km;WSW;3.6km/h/1.0m/s;-;N/A;;Overcast;
2001/3/10;01:00;7.0;5.0;87%;1013hPa;10.0km;WNW;3.6km/h/1.0m/s;-;N/A;;Overcast;
2001/3/10;01:30;7.0;5.0;87%;1013hPa;10.0km;Calm;Calm;-;N/A;;Overcast;
2001/3/10;02:00;7.0;5.0;87%;1013hPa;10.0km;East;3.6km/h/1.0m/s;-;N/A;;Overcast;
2001/3/10;02:30;7.0;5.0;87%;1013hPa;10.0km;NE;3.6km/h/1.0m/s;-;N/A;;Overcast;
2001/3/10;03:00;7.0;5.0;87%;1012hPa;10.0km;NNE;3.6km/h/1.0m/s;-;N/A;;Overcast;
2001/3/10;03:30;7.0;5.0;87%;1013hPa;10.0km;West;3.6km/h/1.0m/s;-;N/A;Rain;LightRain;
2001/3/10;04:00;7.0;5.0;87%;1013hPa;10.0km;Calm;Calm;-;N/A;;Overcast;
2001/3/10;04:30;6.0;6.0;100%;1013hPa;10.0km;Calm;Calm;-;N/A;;Overcast;
2001/3/10;05:00;6.0;6.0;100%;1013hPa;10.0km;North;3.6km/h/1.0m/s;-;N/A;Rain;LightRain;
2001/3/10;05:30;6.0;6.0;100%;1013hPa;10.0km;North;3.6km/h/1.0m/s;-;N/A;;Overcast;
2001/3/10;06:00;6.0;6.0;100%;1012hPa;7.0km;Variable;3.6km/h/1.0m/s;-;N/A;Fog;ShallowFog;
2001/3/10;06:30;6.0;5.0;93%;1013hPa;8.0km;West;3.6km/h/1.0m/s;-;N/A;Fog;ShallowFog;
2001/3/10;07:00;6.0;6.0;100%;1013hPa;7.0km;North;3.6km/h/1.0m/s;-;N/A;;Overcast;
2001/3/10;07:30;6.0;6.0;100%;1013hPa;7.0km;North;3.6km/h/1.0m/s;-;N/A;;MostlyCloudy;
2001/3/10;08:00;7.0;6.0;93%;1013hPa;8.0km;Calm;Calm;-;N/A;;ScatteredClouds;
2001/3/10;08:30;8.0;6.0;87%;1013hPa;10.0km;Calm;Calm;-;N/A;;MostlyCloudy;
2001/3/10;09:00;9.0;6.0;82%;1013hPa;10.0km;Calm;Calm;-;N/A;;MostlyCloudy;
2001/3/10;09:30;10.0;6.0;76%;1013hPa;10.0km;Calm;Calm;-;N/A;;ScatteredClouds;
2001/3/10;10:00;11.0;5.0;67%;1013hPa;10.0km;Variable;3.6km/h/1.0m/s;-;N/A;;ScatteredClouds;
2001/3/10;10:30;11.0;6.0;71%;1013hPa;-;Variable;7.2km/h/2.0m/s;-;N/A;;Clear;
2001/3/10;11:00;11.0;7.0;76%;1013hPa;-;WSW;10.8km/h/3.0m/s;-;N/A;;Clear;
2001/3/10;11:30;12.0;7.0;72%;1012hPa;10.0km;Variable;7.2km/h/2.0m/s;-;N/A;;MostlyCloudy;
2001/3/10;12:00;12.0;7.0;72%;1012hPa;10.0km;SW;10.8km/h/3.0m/s;-;N/A;;MostlyCloudy;
2001/3/10;12:30;12.0;8.0;77%;1012hPa;10.0km;SW;10.8km/h/3.0m/s;-;N/A;Rain;LightRainShowers;
2001/3/10;13:00;12.0;7.0;72%;1012hPa;10.0km;SSW;18.0km/h/5.0m/s;-;N/A;;MostlyCloudy;
2001/3/10;13:30;12.0;8.0;77%;1011hPa;10.0km;South;14.4km/h/4.0m/s;-;N/A;;MostlyCloudy;
2001/3/10;14:00;11.0;8.0;82%;1012hPa;10.0km;SSW;10.8km/h/3.0m/s;-;N/A;Rain;LightRainShowers;
2001/3/10;14:30;12.0;8.0;77%;1011hPa;10.0km;South;10.8km/h/3.0m/s;-;N/A;;MostlyCloudy;
2001/3/10;15:00;12.0;8.0;77%;1011hPa;10.0km;South;14.4km/h/4.0m/s;-;N/A;;MostlyCloudy;
2001/3/10;15:30;12.0;8.0;77%;1011hPa;10.0km;South;14.4km/h/4.0m/s;-;N/A;;ScatteredClouds;
2001/3/10;16:00;12.0;8.0;77%;1010hPa;10.0km;South;14.4km/h/4.0m/s;-;N/A;Rain;LightRainShowers;
2001/3/10;16:30;11.0;8.0;82%;1010hPa;10.0km;South;14.4km/h/4.0m/s;-;N/A;;ScatteredClouds;
2001/3/10;17:00;11.0;8.0;82%;1010hPa;10.0km;South;18.0km/h/5.0m/s;-;N/A;;ScatteredClouds;
2001/3/10;17:30;11.0;9.0;88%;1011hPa;8.0km;SW;10.8km/h/3.0m/s;-;N/A;Rain;LightRainShowers;
2001/3/10;18:00;10.0;9.0;94%;1011hPa;10.0km;SW;7.2km/h/2.0m/s;-;N/A;Rain;LightRainShowers;
2001/3/10;18:30;10.0;8.0;87%;1011hPa;10.0km;SW;7.2km/h/2.0m/s;-;N/A;;ScatteredClouds;
2001/3/10;19:00;9.0;8.0;93%;1011hPa;10.0km;SSW;10.8km/h/3.0m/s;-;N/A;;MostlyCloudy;
2001/3/10;19:30;9.0;7.0;87%;1011hPa;10.0km;SSW;10.8km/h/3.0m/s;-;N/A;;ScatteredClouds;
2001/3/10;20:00;8.0;7.0;93%;1011hPa;10.0km;Variable;7.2km/h/2.0m/s;-;N/A;;ScatteredClouds;
2001/3/10;20:30;7.0;6.0;93%;1011hPa;10.0km;Calm;Calm;-;N/A;;PartlyCloudy;
2001/3/10;21:00;6.0;5.0;93%;1011hPa;6.0km;Calm;Calm;-;N/A;Fog;ShallowFog;
2001/3/10;21:30;6.0;5.0;93%;1012hPa;5.0km;NNW;3.6km/h/1.0m/s;-;N/A;;PartlyCloudy;
2001/3/10;22:00;6.0;5.0;93%;1012hPa;1.6km;Variable;3.6km/h/1.0m/s;-;N/A;Fog;PatchesofFog;
2001/3/10;22:30;5.0;4.0;93%;1012hPa;1.2km;Calm;Calm;-;N/A;Fog;PatchesofFog;
2001/3/10;23:00;4.0;4.0;100%;1012hPa;6.0km;Variable;3.6km/h/1.0m/s;-;N/A;;PartlyCloudy;
2001/3/10;23:30;4.0;4.0;100%;1012hPa;4.0km;NNW;3.6km/h/1.0m/s;-;N/A;;PartlyCloudy;
