2001/2/17;00:00;-1.0;-2.0;93%;1027hPa;5.0km;Calm;Calm;-;N/A;;Clear;
2001/2/17;00:30;-2.0;-2.0;100%;1027hPa;4.0km;Calm;Calm;-;N/A;;Clear;
2001/2/17;01:00;-2.0;-2.0;100%;1027hPa;3.5km;North;3.6km/h/1.0m/s;-;N/A;;Clear;
2001/2/17;01:30;-2.0;-2.0;100%;1027hPa;3.5km;North;7.2km/h/2.0m/s;-;N/A;;Clear;
2001/2/17;02:00;-1.0;-2.0;93%;1026hPa;-;NNW;7.2km/h/2.0m/s;-;N/A;;Clear;
2001/2/17;02:30;-2.0;-3.0;93%;1026hPa;4.0km;WNW;3.6km/h/1.0m/s;-;N/A;;Clear;
2001/2/17;03:00;-2.0;-2.0;100%;1026hPa;-;NNE;7.2km/h/2.0m/s;-;N/A;;Clear;
2001/2/17;03:30;-1.0;-2.0;93%;1026hPa;4.0km;North;7.2km/h/2.0m/s;-;N/A;;Clear;
2001/2/17;04:00;-1.0;-2.0;93%;1026hPa;4.0km;North;7.2km/h/2.0m/s;-;N/A;;Clear;
2001/2/17;04:30;-2.0;-2.0;100%;1026hPa;4.0km;North;7.2km/h/2.0m/s;-;N/A;;Clear;
2001/2/17;05:00;-2.0;-3.0;93%;1026hPa;4.0km;North;10.8km/h/3.0m/s;-;N/A;;Clear;
2001/2/17;05:30;-2.0;-3.0;93%;1026hPa;5.0km;North;7.2km/h/2.0m/s;-;N/A;;PartlyCloudy;
2001/2/17;06:00;-2.0;-2.0;100%;1026hPa;4.5km;North;7.2km/h/2.0m/s;-;N/A;;Clear;
2001/2/17;06:30;-2.0;-3.0;93%;1026hPa;4.0km;NNE;7.2km/h/2.0m/s;-;N/A;;MostlyCloudy;
2001/2/17;07:00;-2.0;-3.0;93%;1026hPa;4.0km;NNE;3.6km/h/1.0m/s;-;N/A;;MostlyCloudy;
2001/2/17;07:30;-2.0;-2.0;100%;1027hPa;4.5km;North;7.2km/h/2.0m/s;-;N/A;;ScatteredClouds;
2001/2/17;08:00;-1.0;-2.0;93%;1027hPa;4.5km;NE;7.2km/h/2.0m/s;-;N/A;;ScatteredClouds;
2001/2/17;08:30;1.0;-1.0;87%;1027hPa;4.5km;North;10.8km/h/3.0m/s;-;N/A;;ScatteredClouds;
2001/2/17;09:00;2.0;0.0;87%;1027hPa;4.5km;North;10.8km/h/3.0m/s;-;N/A;;ScatteredClouds;
2001/2/17;09:30;3.0;0.0;81%;1027hPa;6.0km;Variable;3.6km/h/1.0m/s;-;N/A;;ScatteredClouds;
2001/2/17;10:00;4.0;1.0;81%;1027hPa;8.0km;NNE;18.0km/h/5.0m/s;-;N/A;;MostlyCloudy;
2001/2/17;10:30;6.0;0.0;66%;1027hPa;9.0km;NNE;21.6km/h/6.0m/s;-;N/A;;MostlyCloudy;
2001/2/17;11:00;6.0;0.0;66%;1028hPa;7.0km;North;28.8km/h/8.0m/s;-;N/A;;MostlyCloudy;
2001/2/17;11:30;6.0;-1.0;61%;1028hPa;8.0km;North;21.6km/h/6.0m/s;-;N/A;;MostlyCloudy;
2001/2/17;12:00;7.0;-1.0;57%;1028hPa;8.0km;North;25.2km/h/7.0m/s;-;N/A;;MostlyCloudy;
2001/2/17;12:30;7.0;0.0;61%;1028hPa;8.0km;North;32.4km/h/9.0m/s;-;N/A;;MostlyCloudy;
2001/2/17;13:00;7.0;0.0;61%;1028hPa;8.0km;North;36.0km/h/10.0m/s;-;N/A;;MostlyCloudy;
2001/2/17;13:30;7.0;0.0;61%;1028hPa;8.0km;North;36.0km/h/10.0m/s;-;N/A;;MostlyCloudy;
2001/2/17;14:00;6.0;0.0;66%;1029hPa;8.0km;North;39.6km/h/11.0m/s;-;N/A;;MostlyCloudy;
2001/2/17;14:30;5.0;0.0;70%;1029hPa;6.0km;North;39.6km/h/11.0m/s;-;N/A;;MostlyCloudy;
2001/2/17;15:00;5.0;0.0;70%;1029hPa;7.0km;North;32.4km/h/9.0m/s;-;N/A;;MostlyCloudy;
2001/2/17;15:30;4.0;0.0;75%;1029hPa;8.0km;North;39.6km/h/11.0m/s;-;N/A;;MostlyCloudy;
2001/2/17;16:00;3.0;-1.0;75%;1029hPa;8.0km;North;39.6km/h/11.0m/s;-;N/A;;MostlyCloudy;
2001/2/17;16:30;3.0;-1.0;75%;1030hPa;9.0km;North;36.0km/h/10.0m/s;-;N/A;;ScatteredClouds;
2001/2/17;17:00;3.0;-2.0;70%;1030hPa;10.0km;North;32.4km/h/9.0m/s;-;N/A;;ScatteredClouds;
2001/2/17;17:30;3.0;-2.0;70%;1030hPa;10.0km;North;21.6km/h/6.0m/s;-;N/A;;ScatteredClouds;
2001/2/17;18:00;2.0;-2.0;75%;1030hPa;-;North;21.6km/h/6.0m/s;-;N/A;;Clear;
2001/2/17;18:30;3.0;-2.0;70%;1030hPa;-;North;21.6km/h/6.0m/s;-;N/A;;Clear;
2001/2/17;19:00;2.0;-2.0;75%;1030hPa;-;North;28.8km/h/8.0m/s;-;N/A;;Clear;
2001/2/17;19:30;2.0;-2.0;75%;1030hPa;-;North;28.8km/h/8.0m/s;-;N/A;;Clear;
2001/2/17;20:00;2.0;-3.0;70%;1030hPa;-;NNE;28.8km/h/8.0m/s;-;N/A;;Clear;
2001/2/17;20:30;2.0;-3.0;70%;1030hPa;-;NNE;21.6km/h/6.0m/s;-;N/A;;Clear;
2001/2/17;21:00;2.0;-3.0;70%;1030hPa;-;North;28.8km/h/8.0m/s;-;N/A;;Clear;
2001/2/17;21:30;2.0;-3.0;70%;1030hPa;-;North;21.6km/h/6.0m/s;-;N/A;;Clear;
2001/2/17;22:00;1.0;-3.0;75%;1030hPa;-;NNE;25.2km/h/7.0m/s;-;N/A;;Clear;
2001/2/17;22:30;1.0;-3.0;75%;1030hPa;-;North;21.6km/h/6.0m/s;-;N/A;;Clear;
2001/2/17;23:00;1.0;-3.0;75%;1030hPa;-;North;25.2km/h/7.0m/s;-;N/A;;Clear;
2001/2/17;23:30;1.0;-4.0;70%;1030hPa;-;North;21.6km/h/6.0m/s;-;N/A;;Clear;
