2001/1/11;00:00;1.0;0.0;93%;1018hPa;7.0km;Calm;Calm;-;N/A;;Overcast;
2001/1/11;00:30;1.0;0.0;93%;1018hPa;8.0km;Calm;Calm;-;N/A;;Overcast;
2001/1/11;01:00;1.0;0.0;93%;1018hPa;7.0km;West;3.6km/h/1.0m/s;-;N/A;;Overcast;
2001/1/11;01:30;1.0;1.0;100%;1018hPa;8.0km;Calm;Calm;-;N/A;;Overcast;
2001/1/11;02:00;1.0;0.0;93%;1018hPa;8.0km;Calm;Calm;-;N/A;;Overcast;
2001/1/11;02:30;1.0;1.0;100%;1018hPa;4.0km;Calm;Calm;-;N/A;;Overcast;
2001/1/11;03:00;1.0;1.0;100%;1018hPa;3.5km;SSE;3.6km/h/1.0m/s;-;N/A;;Overcast;
2001/1/11;03:30;1.0;1.0;100%;1017hPa;4.0km;SSE;3.6km/h/1.0m/s;-;N/A;;Overcast;
2001/1/11;04:00;1.0;1.0;100%;1017hPa;4.0km;SSE;3.6km/h/1.0m/s;-;N/A;;Overcast;
2001/1/11;04:30;1.0;1.0;100%;1017hPa;4.0km;SW;3.6km/h/1.0m/s;-;N/A;;Overcast;
2001/1/11;05:00;1.0;1.0;100%;1016hPa;3.5km;Variable;3.6km/h/1.0m/s;-;N/A;;Overcast;
2001/1/11;05:30;1.0;0.0;93%;1017hPa;3.5km;West;3.6km/h/1.0m/s;-;N/A;;Overcast;
2001/1/11;06:00;1.0;0.0;93%;1017hPa;4.0km;WSW;3.6km/h/1.0m/s;-;N/A;;Overcast;
2001/1/11;06:30;1.0;0.0;93%;1017hPa;3.5km;Variable;3.6km/h/1.0m/s;-;N/A;Snow;LightSnow;
2001/1/11;07:00;1.0;0.0;93%;1017hPa;4.0km;Calm;Calm;-;N/A;Snow;LightSnow;
2001/1/11;07:30;1.0;0.0;93%;1017hPa;1.5km;Calm;Calm;-;N/A;Snow;LightSnow;
2001/1/11;08:00;1.0;0.0;93%;1017hPa;1.5km;Variable;3.6km/h/1.0m/s;-;N/A;Snow;Snow;
2001/1/11;08:30;0.0;0.0;100%;1017hPa;1.6km;NW;3.6km/h/1.0m/s;-;N/A;Snow;LightSnowGrains;
2001/1/11;09:00;1.0;0.0;93%;1017hPa;1.6km;Calm;Calm;-;N/A;Snow;LightSnowGrains;
2001/1/11;09:30;1.0;1.0;100%;1017hPa;1.5km;North;3.6km/h/1.0m/s;-;N/A;;LightDrizzle;
2001/1/11;10:00;1.0;1.0;100%;1017hPa;3.0km;Variable;3.6km/h/1.0m/s;-;N/A;;LightDrizzle;
2001/1/11;10:30;2.0;1.0;93%;1017hPa;3.5km;Variable;7.2km/h/2.0m/s;-;N/A;Snow;LightSnow;
2001/1/11;11:00;2.0;1.0;93%;1017hPa;3.5km;North;7.2km/h/2.0m/s;-;N/A;Rain,Snow;LightRain;
2001/1/11;11:30;1.0;1.0;100%;1017hPa;3.0km;North;3.6km/h/1.0m/s;-;N/A;Rain,Snow;LightRain;
2001/1/11;12:00;2.0;1.0;93%;1017hPa;3.5km;North;3.6km/h/1.0m/s;-;N/A;Rain,Snow;LightRain;
2001/1/11;13:00;3.0;1.0;87%;1017hPa;6.0km;Variable;7.2km/h/2.0m/s;-;N/A;;MostlyCloudy;
2001/1/11;13:30;3.0;1.0;87%;1017hPa;10.0km;North;18.0km/h/5.0m/s;-;N/A;;ScatteredClouds;
2001/1/11;14:00;4.0;1.0;81%;1017hPa;10.0km;North;21.6km/h/6.0m/s;-;N/A;;MostlyCloudy;
2001/1/11;14:30;3.0;1.0;87%;1018hPa;10.0km;NNE;21.6km/h/6.0m/s;-;N/A;;MostlyCloudy;
2001/1/11;15:00;3.0;1.0;87%;1018hPa;10.0km;NNE;10.8km/h/3.0m/s;-;N/A;;MostlyCloudy;
2001/1/11;15:30;3.0;0.0;81%;1018hPa;10.0km;NNE;18.0km/h/5.0m/s;-;N/A;;ScatteredClouds;
2001/1/11;16:00;3.0;-1.0;75%;1018hPa;10.0km;North;18.0km/h/5.0m/s;-;N/A;;MostlyCloudy;
2001/1/11;16:30;2.0;-1.0;81%;1018hPa;10.0km;NNE;14.4km/h/4.0m/s;-;N/A;;MostlyCloudy;
2001/1/11;17:00;2.0;-1.0;81%;1019hPa;10.0km;NE;14.4km/h/4.0m/s;-;N/A;;MostlyCloudy;
2001/1/11;17:30;2.0;-1.0;81%;1019hPa;10.0km;NE;10.8km/h/3.0m/s;-;N/A;;ScatteredClouds;
2001/1/11;18:00;1.0;-2.0;81%;1019hPa;10.0km;NNE;14.4km/h/4.0m/s;-;N/A;;ScatteredClouds;
2001/1/11;18:30;1.0;-2.0;81%;1019hPa;10.0km;NNE;10.8km/h/3.0m/s;-;N/A;;PartlyCloudy;
2001/1/11;19:00;1.0;-2.0;81%;1019hPa;10.0km;Calm;Calm;-;N/A;;PartlyCloudy;
2001/1/11;19:30;0.0;-2.0;87%;1019hPa;10.0km;Variable;3.6km/h/1.0m/s;-;N/A;;PartlyCloudy;
2001/1/11;20:00;-1.0;-3.0;86%;1019hPa;-;Variable;3.6km/h/1.0m/s;-;N/A;;Clear;
2001/1/11;20:30;-2.0;-3.0;93%;1020hPa;-;NE;7.2km/h/2.0m/s;-;N/A;;Clear;
2001/1/11;21:00;-1.0;-3.0;86%;1020hPa;-;Variable;7.2km/h/2.0m/s;-;N/A;;Clear;
2001/1/11;21:30;-1.0;-3.0;86%;1020hPa;10.0km;Variable;3.6km/h/1.0m/s;-;N/A;;PartlyCloudy;
2001/1/11;22:00;-2.0;-3.0;93%;1020hPa;-;Variable;7.2km/h/2.0m/s;-;N/A;;Clear;
2001/1/11;22:30;-2.0;-3.0;93%;1020hPa;10.0km;WSW;7.2km/h/2.0m/s;-;N/A;;PartlyCloudy;
2001/1/11;23:00;-2.0;-3.0;93%;1020hPa;10.0km;WNW;7.2km/h/2.0m/s;-;N/A;;PartlyCloudy;
2001/1/11;23:30;-3.0;-4.0;93%;1020hPa;10.0km;WNW;3.6km/h/1.0m/s;-;N/A;;PartlyCloudy;
