2001/10/17;00:00;10.0;9.0;94%;1027hPa;2.8km;Calm;Calm;-;N/A;;ScatteredClouds;
2001/10/17;00:30;10.0;10.0;100%;1027hPa;3.0km;Calm;Calm;-;N/A;;ScatteredClouds;
2001/10/17;01:00;10.0;9.0;94%;1027hPa;1.4km;Calm;Calm;-;N/A;;ScatteredClouds;
2001/10/17;01:30;10.0;9.0;94%;1027hPa;2.8km;Calm;Calm;-;N/A;;ScatteredClouds;
2001/10/17;02:00;9.0;8.0;93%;1027hPa;-;Calm;Calm;-;N/A;;ScatteredClouds;
2001/10/17;02:30;9.0;9.0;100%;1027hPa;3.5km;WSW;3.6km/h/1.0m/s;-;N/A;;PartlyCloudy;
2001/10/17;03:00;9.0;9.0;100%;1027hPa;1.8km;South;3.6km/h/1.0m/s;-;N/A;;ScatteredClouds;
2001/10/17;03:30;9.0;9.0;100%;1027hPa;2.0km;West;3.6km/h/1.0m/s;-;N/A;;ScatteredClouds;
2001/10/17;04:00;9.0;9.0;100%;1027hPa;1.6km;WSW;3.6km/h/1.0m/s;-;N/A;;PartlyCloudy;
2001/10/17;04:30;8.0;8.0;100%;1027hPa;1.4km;Variable;3.6km/h/1.0m/s;-;N/A;;ScatteredClouds;
2001/10/17;05:00;8.0;8.0;100%;1027hPa;1.4km;West;3.6km/h/1.0m/s;-;N/A;Fog;PatchesofFog;
2001/10/17;05:30;9.0;9.0;100%;1027hPa;1.2km;Calm;Calm;-;N/A;Fog;PatchesofFog;
2001/10/17;06:00;8.0;8.0;100%;1027hPa;1.1km;Calm;Calm;-;N/A;Fog;PatchesofFog;
2001/10/17;06:30;8.0;8.0;100%;1027hPa;1.1km;Calm;Calm;-;N/A;Fog;PatchesofFog;
2001/10/17;07:00;7.0;7.0;100%;1027hPa;0.1km;South;3.6km/h/1.0m/s;-;N/A;Fog;Fog;
2001/10/17;07:30;8.0;8.0;100%;1027hPa;0.0km;SW;3.6km/h/1.0m/s;-;N/A;Fog;Fog;
2001/10/17;08:00;8.0;8.0;100%;1028hPa;0.0km;Calm;Calm;-;N/A;Fog;Fog;
2001/10/17;08:30;9.0;9.0;100%;1028hPa;0.1km;SSE;3.6km/h/1.0m/s;-;N/A;Fog;Fog;
2001/10/17;09:00;9.0;9.0;100%;1028hPa;0.1km;Variable;3.6km/h/1.0m/s;-;N/A;Fog;Fog;
2001/10/17;09:30;10.0;10.0;100%;1028hPa;0.1km;Calm;Calm;-;N/A;Fog;Fog;
2001/10/17;10:00;10.0;10.0;100%;1028hPa;0.3km;Calm;Calm;-;N/A;Fog;Fog;
2001/10/17;10:30;10.0;10.0;100%;1028hPa;0.6km;Variable;3.6km/h/1.0m/s;-;N/A;Fog;Fog;
2001/10/17;11:00;11.0;11.0;100%;1028hPa;1.6km;Variable;3.6km/h/1.0m/s;-;N/A;;Overcast;
2001/10/17;11:30;12.0;12.0;100%;1028hPa;3.5km;Variable;3.6km/h/1.0m/s;-;N/A;;MostlyCloudy;
2001/10/17;12:00;13.0;12.0;94%;1028hPa;3.5km;Variable;3.6km/h/1.0m/s;-;N/A;;ScatteredClouds;
2001/10/17;12:30;14.0;12.0;88%;1027hPa;2.5km;Variable;7.2km/h/2.0m/s;-;N/A;;ScatteredClouds;
2001/10/17;13:00;15.0;12.0;82%;1027hPa;2.5km;Variable;7.2km/h/2.0m/s;-;N/A;;ScatteredClouds;
2001/10/17;13:30;15.0;12.0;82%;1027hPa;3.0km;Variable;7.2km/h/2.0m/s;-;N/A;;ScatteredClouds;
2001/10/17;14:00;15.0;12.0;82%;1027hPa;3.0km;Variable;7.2km/h/2.0m/s;-;N/A;;ScatteredClouds;
2001/10/17;14:30;15.0;12.0;82%;1027hPa;3.5km;Variable;3.6km/h/1.0m/s;-;N/A;;ScatteredClouds;
2001/10/17;15:00;16.0;13.0;82%;1026hPa;4.5km;Variable;7.2km/h/2.0m/s;-;N/A;;PartlyCloudy;
2001/10/17;15:30;16.0;12.0;77%;1026hPa;5.0km;SSE;10.8km/h/3.0m/s;-;N/A;;PartlyCloudy;
2001/10/17;16:00;15.0;12.0;82%;1026hPa;6.0km;South;10.8km/h/3.0m/s;-;N/A;;ScatteredClouds;
2001/10/17;16:30;14.0;12.0;88%;1026hPa;3.5km;South;7.2km/h/2.0m/s;-;N/A;;ScatteredClouds;
2001/10/17;17:00;13.0;12.0;94%;1026hPa;3.0km;WSW;7.2km/h/2.0m/s;-;N/A;;MostlyCloudy;
2001/10/17;17:30;13.0;12.0;94%;1026hPa;3.0km;South;3.6km/h/1.0m/s;-;N/A;;Overcast;
2001/10/17;18:00;13.0;12.0;94%;1026hPa;2.2km;Variable;7.2km/h/2.0m/s;-;N/A;;Overcast;
2001/10/17;18:30;13.0;12.0;94%;1026hPa;3.0km;WSW;7.2km/h/2.0m/s;-;N/A;;Overcast;
2001/10/17;19:00;12.0;12.0;100%;1026hPa;2.8km;WSW;7.2km/h/2.0m/s;-;N/A;;Overcast;
2001/10/17;19:30;12.0;12.0;100%;1026hPa;1.9km;Variable;3.6km/h/1.0m/s;-;N/A;;Overcast;
2001/10/17;20:00;12.0;12.0;100%;1025hPa;1.2km;Variable;3.6km/h/1.0m/s;-;N/A;;Overcast;
2001/10/17;20:30;12.0;12.0;100%;1026hPa;1.4km;Variable;3.6km/h/1.0m/s;-;N/A;;Overcast;
2001/10/17;21:00;12.0;12.0;100%;1025hPa;1.5km;Calm;Calm;-;N/A;;Overcast;
2001/10/17;21:30;12.0;12.0;100%;1025hPa;0.7km;Variable;3.6km/h/1.0m/s;-;N/A;Fog;Fog;
2001/10/17;22:00;11.0;11.0;100%;1025hPa;0.6km;Calm;Calm;-;N/A;Fog;Fog;
2001/10/17;22:30;11.0;11.0;100%;1025hPa;0.6km;Variable;3.6km/h/1.0m/s;-;N/A;Fog;Fog;
2001/10/17;23:00;11.0;11.0;100%;1025hPa;0.5km;Variable;3.6km/h/1.0m/s;-;N/A;Fog;Fog;
2001/10/17;23:30;11.0;11.0;100%;1025hPa;0.5km;Calm;Calm;-;N/A;Fog;Fog;
