2001/2/3;00:00;-5.0;-6.0;93%;1014hPa;8.0km;Variable;3.6km/h/1.0m/s;-;N/A;;ScatteredClouds;
2001/2/3;00:30;-5.0;-6.0;93%;1014hPa;-;North;7.2km/h/2.0m/s;-;N/A;;Clear;
2001/2/3;01:00;-5.0;-6.0;93%;1014hPa;-;North;7.2km/h/2.0m/s;-;N/A;;Clear;
2001/2/3;01:30;-4.0;-6.0;86%;1014hPa;-;NNE;7.2km/h/2.0m/s;-;N/A;;Clear;
2001/2/3;02:00;-4.0;-6.0;86%;1014hPa;-;NNE;10.8km/h/3.0m/s;-;N/A;;Clear;
2001/2/3;02:30;-4.0;-7.0;80%;1014hPa;-;North;18.0km/h/5.0m/s;-;N/A;;Clear;
2001/2/3;03:00;-5.0;-8.0;80%;1013hPa;-;NNE;14.4km/h/4.0m/s;-;N/A;;Clear;
2001/2/3;03:30;-5.0;-8.0;80%;1013hPa;-;North;14.4km/h/4.0m/s;-;N/A;;Clear;
2001/2/3;04:00;-5.0;-8.0;80%;1014hPa;10.0km;NNE;10.8km/h/3.0m/s;-;N/A;;ScatteredClouds;
2001/2/3;04:30;-5.0;-8.0;80%;1014hPa;10.0km;NNE;10.8km/h/3.0m/s;-;N/A;;Overcast;
2001/2/3;05:00;-5.0;-9.0;74%;1014hPa;10.0km;NE;10.8km/h/3.0m/s;-;N/A;Snow;LightSnowShowers;
2001/2/3;05:30;-5.0;-9.0;74%;1014hPa;10.0km;ENE;7.2km/h/2.0m/s;-;N/A;;MostlyCloudy;
2001/2/3;06:00;-5.0;-9.0;74%;1014hPa;10.0km;NE;10.8km/h/3.0m/s;-;N/A;;MostlyCloudy;
2001/2/3;06:30;-5.0;-9.0;74%;1014hPa;8.0km;NNE;10.8km/h/3.0m/s;-;N/A;Snow;LightSnow;
2001/2/3;07:00;-5.0;-9.0;74%;1014hPa;10.0km;NNE;10.8km/h/3.0m/s;-;N/A;;MostlyCloudy;
2001/2/3;07:30;-6.0;-9.0;80%;1015hPa;8.0km;North;7.2km/h/2.0m/s;-;N/A;Snow;LightSnow;
2001/2/3;08:00;-6.0;-9.0;80%;1015hPa;8.0km;NE;7.2km/h/2.0m/s;-;N/A;Snow;LightSnow;
2001/2/3;08:30;-5.0;-9.0;74%;1015hPa;6.0km;East;7.2km/h/2.0m/s;-;N/A;Snow;LightSnow;
2001/2/3;09:00;-5.0;-9.0;74%;1015hPa;10.0km;NNE;10.8km/h/3.0m/s;-;N/A;Snow;LightSnow;
2001/2/3;09:30;-5.0;-8.0;80%;1015hPa;5.0km;North;10.8km/h/3.0m/s;-;N/A;Snow;LightSnow;
2001/2/3;10:00;-4.0;-8.0;74%;1015hPa;6.0km;Variable;7.2km/h/2.0m/s;-;N/A;Snow;LightSnowShowers;
2001/2/3;10:30;-4.0;-8.0;74%;1015hPa;10.0km;Calm;Calm;-;N/A;Snow;LightSnowShowers;
2001/2/3;11:00;-3.0;-7.0;74%;1015hPa;10.0km;Variable;3.6km/h/1.0m/s;-;N/A;Snow;LightSnowShowers;
2001/2/3;11:30;-3.0;-8.0;69%;1015hPa;10.0km;Variable;3.6km/h/1.0m/s;-;N/A;Snow;LightSnowShowers;
2001/2/3;12:00;-2.0;-8.0;64%;1015hPa;10.0km;South;10.8km/h/3.0m/s;-;N/A;;ScatteredClouds;
2001/2/3;12:30;-3.0;-7.0;74%;1014hPa;10.0km;Variable;7.2km/h/2.0m/s;-;N/A;;MostlyCloudy;
2001/2/3;13:00;-3.0;-8.0;69%;1014hPa;10.0km;Variable;3.6km/h/1.0m/s;-;N/A;;ScatteredClouds;
2001/2/3;13:30;-3.0;-8.0;69%;1014hPa;10.0km;Variable;7.2km/h/2.0m/s;-;N/A;;MostlyCloudy;
2001/2/3;14:00;-3.0;-7.0;74%;1013hPa;10.0km;SSW;10.8km/h/3.0m/s;-;N/A;;MostlyCloudy;
2001/2/3;14:30;-3.0;-7.0;74%;1013hPa;10.0km;South;14.4km/h/4.0m/s;-;N/A;;MostlyCloudy;
2001/2/3;15:00;-3.0;-7.0;74%;1014hPa;10.0km;South;14.4km/h/4.0m/s;-;N/A;;ScatteredClouds;
2001/2/3;15:30;-3.0;-6.0;80%;1014hPa;10.0km;South;18.0km/h/5.0m/s;-;N/A;;MostlyCloudy;
2001/2/3;16:00;-3.0;-7.0;74%;1013hPa;10.0km;South;14.4km/h/4.0m/s;-;N/A;;MostlyCloudy;
2001/2/3;16:30;-3.0;-6.0;80%;1013hPa;10.0km;South;14.4km/h/4.0m/s;-;N/A;Snow;LightSnow;
2001/2/3;17:00;-3.0;-6.0;80%;1013hPa;8.0km;South;14.4km/h/4.0m/s;-;N/A;;MostlyCloudy;
2001/2/3;17:30;-3.0;-6.0;80%;1014hPa;8.0km;South;14.4km/h/4.0m/s;-;N/A;Snow;LightSnow;
2001/2/3;18:00;-3.0;-6.0;80%;1014hPa;9.0km;South;10.8km/h/3.0m/s;-;N/A;Snow;LightSnow;
2001/2/3;18:30;-4.0;-5.0;93%;1014hPa;9.0km;South;10.8km/h/3.0m/s;-;N/A;Snow;LightSnow;
2001/2/3;19:00;-4.0;-5.0;93%;1014hPa;3.5km;South;7.2km/h/2.0m/s;-;N/A;Snow;LightSnow;
2001/2/3;19:30;-4.0;-5.0;93%;1014hPa;3.0km;SSE;7.2km/h/2.0m/s;-;N/A;Snow;LightSnow;
2001/2/3;20:00;-4.0;-5.0;93%;1013hPa;2.5km;Variable;7.2km/h/2.0m/s;-;N/A;Snow;LightSnow;
2001/2/3;20:30;-4.0;-5.0;93%;1013hPa;2.5km;South;10.8km/h/3.0m/s;-;N/A;Snow;LightSnow;
2001/2/3;21:00;-4.0;-5.0;93%;1013hPa;3.5km;South;10.8km/h/3.0m/s;-;N/A;Snow;LightSnow;
2001/2/3;21:30;-4.0;-5.0;93%;1013hPa;4.0km;Calm;Calm;-;N/A;Snow;LightSnow;
2001/2/3;22:00;-4.0;-5.0;93%;1013hPa;7.0km;NE;3.6km/h/1.0m/s;-;N/A;Snow;LightSnow;
2001/2/3;22:30;-4.0;-5.0;93%;1013hPa;9.0km;Calm;Calm;-;N/A;Snow;LightSnow;
2001/2/3;23:00;-4.0;-4.0;100%;1013hPa;2.2km;NE;3.6km/h/1.0m/s;-;N/A;Snow;LightSnow;
2001/2/3;23:30;-4.0;-5.0;93%;1012hPa;2.2km;East;3.6km/h/1.0m/s;-;N/A;Snow;LightSnow;
