2001/3/18;00:00;10.0;8.0;87%;999hPa;10.0km;Calm;Calm;-;N/A;Rain;LightRain;
2001/3/18;00:30;10.0;9.0;94%;999hPa;8.0km;Calm;Calm;-;N/A;Rain;LightRain;
2001/3/18;01:00;10.0;8.0;87%;999hPa;8.0km;Calm;Calm;-;N/A;;Overcast;
2001/3/18;01:30;9.0;9.0;100%;999hPa;7.0km;Calm;Calm;-;N/A;Rain;LightRain;
2001/3/18;02:00;10.0;9.0;94%;998hPa;6.0km;Variable;3.6km/h/1.0m/s;-;N/A;Rain;LightRain;
2001/3/18;02:30;10.0;9.0;94%;998hPa;6.0km;SSE;3.6km/h/1.0m/s;-;N/A;Rain;LightRain;
2001/3/18;03:00;10.0;10.0;100%;997hPa;5.0km;Variable;3.6km/h/1.0m/s;-;N/A;;Overcast;
2001/3/18;03:30;10.0;9.0;94%;997hPa;5.0km;Calm;Calm;-;N/A;;Overcast;
2001/3/18;04:00;9.0;9.0;100%;997hPa;6.0km;WNW;3.6km/h/1.0m/s;-;N/A;;Overcast;
2001/3/18;04:30;10.0;9.0;94%;997hPa;8.0km;NW;7.2km/h/2.0m/s;-;N/A;;Overcast;
2001/3/18;05:00;9.0;9.0;100%;997hPa;8.0km;Variable;7.2km/h/2.0m/s;-;N/A;Rain;LightRain;
2001/3/18;05:30;10.0;10.0;100%;997hPa;5.0km;SW;10.8km/h/3.0m/s;-;N/A;Rain;LightRain;
2001/3/18;06:00;10.0;10.0;100%;997hPa;7.0km;Variable;7.2km/h/2.0m/s;-;N/A;;MostlyCloudy;
2001/3/18;06:30;10.0;10.0;100%;997hPa;8.0km;WSW;14.4km/h/4.0m/s;-;N/A;;Overcast;
2001/3/18;07:00;10.0;10.0;100%;997hPa;8.0km;SW;18.0km/h/5.0m/s;-;N/A;;Overcast;
2001/3/18;07:30;10.0;10.0;100%;997hPa;3.5km;SW;21.6km/h/6.0m/s;-;N/A;;Overcast;
2001/3/18;08:00;10.0;9.0;94%;997hPa;6.0km;SW;21.6km/h/6.0m/s;-;N/A;;Overcast;
2001/3/18;08:30;10.0;9.0;94%;997hPa;10.0km;SW;25.2km/h/7.0m/s;-;N/A;;Overcast;
2001/3/18;09:00;10.0;9.0;94%;998hPa;10.0km;SW;21.6km/h/6.0m/s;-;N/A;;Overcast;
2001/3/18;09:30;11.0;9.0;88%;998hPa;10.0km;SW;18.0km/h/5.0m/s;-;N/A;;MostlyCloudy;
2001/3/18;10:00;11.0;9.0;88%;998hPa;10.0km;SW;18.0km/h/5.0m/s;-;N/A;;Overcast;
2001/3/18;10:30;11.0;9.0;88%;999hPa;10.0km;SW;10.8km/h/3.0m/s;-;N/A;;MostlyCloudy;
2001/3/18;11:00;10.0;7.0;82%;999hPa;10.0km;NE;25.2km/h/7.0m/s;-;N/A;;MostlyCloudy;
2001/3/18;11:30;8.0;6.0;87%;1000hPa;10.0km;NNE;21.6km/h/6.0m/s;-;N/A;;Overcast;
2001/3/18;12:00;8.0;5.0;81%;1000hPa;10.0km;North;32.4km/h/9.0m/s;-;N/A;Rain;Rain;
2001/3/18;12:30;7.0;5.0;87%;1001hPa;6.0km;NNE;28.8km/h/8.0m/s;-;N/A;Rain;LightRain;
2001/3/18;13:00;8.0;5.0;81%;1001hPa;10.0km;NNE;21.6km/h/6.0m/s;-;N/A;;MostlyCloudy;
2001/3/18;13:30;9.0;5.0;76%;1001hPa;10.0km;NNE;28.8km/h/8.0m/s;-;N/A;;MostlyCloudy;
2001/3/18;14:00;9.0;4.0;71%;1002hPa;10.0km;NNE;28.8km/h/8.0m/s;-;N/A;;MostlyCloudy;
2001/3/18;14:30;10.0;5.0;71%;1002hPa;10.0km;NNE;28.8km/h/8.0m/s;-;N/A;;ScatteredClouds;
2001/3/18;15:00;9.0;3.0;66%;1003hPa;10.0km;North;36.0km/h/10.0m/s;-;N/A;;ScatteredClouds;
2001/3/18;15:30;9.0;3.0;66%;1003hPa;10.0km;North;28.8km/h/8.0m/s;-;N/A;;ScatteredClouds;
2001/3/18;16:00;8.0;3.0;71%;1004hPa;10.0km;North;28.8km/h/8.0m/s;-;N/A;;ScatteredClouds;
2001/3/18;16:30;8.0;2.0;66%;1004hPa;10.0km;North;32.4km/h/9.0m/s;-;N/A;;ScatteredClouds;
2001/3/18;17:00;7.0;2.0;71%;1005hPa;10.0km;North;28.8km/h/8.0m/s;-;N/A;;ScatteredClouds;
2001/3/18;17:30;7.0;2.0;71%;1005hPa;-;North;25.2km/h/7.0m/s;-;N/A;;Clear;
2001/3/18;18:00;6.0;2.0;76%;1006hPa;10.0km;NE;10.8km/h/3.0m/s;-;N/A;;ScatteredClouds;
2001/3/18;18:30;6.0;2.0;76%;1006hPa;10.0km;NE;18.0km/h/5.0m/s;-;N/A;;ScatteredClouds;
2001/3/18;19:00;5.0;2.0;81%;1007hPa;10.0km;NE;14.4km/h/4.0m/s;-;N/A;;PartlyCloudy;
2001/3/18;19:30;4.0;1.0;81%;1008hPa;-;Variable;7.2km/h/2.0m/s;-;N/A;;Clear;
2001/3/18;20:00;3.0;1.0;87%;1008hPa;-;ENE;14.4km/h/4.0m/s;-;N/A;;Clear;
2001/3/18;20:30;4.0;1.0;81%;1008hPa;-;Variable;7.2km/h/2.0m/s;-;N/A;;Clear;
2001/3/18;21:00;3.0;2.0;93%;1008hPa;-;North;10.8km/h/3.0m/s;-;N/A;;Clear;
2001/3/18;21:30;4.0;1.0;81%;1008hPa;-;Variable;7.2km/h/2.0m/s;-;N/A;;Clear;
2001/3/18;22:00;3.0;1.0;87%;1009hPa;-;Variable;3.6km/h/1.0m/s;-;N/A;;Clear;
2001/3/18;22:30;3.0;1.0;87%;1009hPa;-;North;7.2km/h/2.0m/s;-;N/A;;Clear;
2001/3/18;23:00;2.0;1.0;93%;1009hPa;-;Calm;Calm;-;N/A;;Clear;
2001/3/18;23:30;3.0;2.0;93%;1009hPa;-;Variable;3.6km/h/1.0m/s;-;N/A;;Clear;
