2001/3/25;00:30;8.0;8.0;100%;1002hPa;2.4km;Calm;Calm;-;N/A;;Overcast;
2001/3/25;01:00;8.0;8.0;100%;1002hPa;2.5km;Calm;Calm;-;N/A;;Overcast;
2001/3/25;01:30;8.0;8.0;100%;1001hPa;0.7km;Calm;Calm;-;N/A;Fog;Fog;
2001/3/25;03:00;8.0;8.0;100%;1001hPa;0.7km;NNW;3.6km/h/1.0m/s;-;N/A;Fog;Fog;
2001/3/25;03:30;8.0;8.0;100%;1001hPa;0.5km;North;7.2km/h/2.0m/s;-;N/A;Fog;Fog;
2001/3/25;04:00;8.0;8.0;100%;1000hPa;0.6km;North;3.6km/h/1.0m/s;-;N/A;Fog;Fog;
2001/3/25;04:30;8.0;8.0;100%;1000hPa;1.8km;NNW;7.2km/h/2.0m/s;-;N/A;;Overcast;
2001/3/25;05:00;8.0;8.0;100%;1000hPa;-;North;7.2km/h/2.0m/s;-;N/A;;Overcast;
2001/3/25;05:30;8.0;8.0;100%;999hPa;1.5km;North;7.2km/h/2.0m/s;-;N/A;;Overcast;
2001/3/25;07:00;8.0;8.0;100%;998hPa;4.0km;North;10.8km/h/3.0m/s;-;N/A;;MostlyCloudy;
2001/3/25;08:00;9.0;8.0;93%;998hPa;7.0km;North;10.8km/h/3.0m/s;-;N/A;;MostlyCloudy;
2001/3/25;08:30;9.0;8.0;93%;998hPa;7.0km;North;10.8km/h/3.0m/s;-;N/A;;MostlyCloudy;
2001/3/25;09:00;10.0;8.0;87%;997hPa;8.0km;North;14.4km/h/4.0m/s;-;N/A;;MostlyCloudy;
2001/3/25;09:30;10.0;9.0;94%;997hPa;9.0km;North;10.8km/h/3.0m/s;-;N/A;;ScatteredClouds;
2001/3/25;10:00;11.0;9.0;88%;996hPa;10.0km;North;10.8km/h/3.0m/s;-;N/A;;ScatteredClouds;
2001/3/25;10:30;12.0;9.0;82%;996hPa;10.0km;NE;10.8km/h/3.0m/s;-;N/A;;ScatteredClouds;
2001/3/25;11:00;13.0;10.0;82%;996hPa;10.0km;Variable;7.2km/h/2.0m/s;-;N/A;;ScatteredClouds;
2001/3/25;11:30;14.0;9.0;72%;996hPa;10.0km;Variable;7.2km/h/2.0m/s;-;N/A;;ScatteredClouds;
2001/3/25;12:00;15.0;9.0;67%;995hPa;10.0km;Variable;3.6km/h/1.0m/s;-;N/A;;PartlyCloudy;
2001/3/25;12:30;15.0;9.0;67%;995hPa;10.0km;Variable;7.2km/h/2.0m/s;-;N/A;;PartlyCloudy;
2001/3/25;13:00;16.0;8.0;59%;995hPa;10.0km;Variable;3.6km/h/1.0m/s;-;N/A;;ScatteredClouds;
2001/3/25;13:30;17.0;9.0;59%;995hPa;10.0km;Variable;3.6km/h/1.0m/s;-;N/A;;ScatteredClouds;
2001/3/25;14:00;17.0;9.0;59%;994hPa;10.0km;Variable;3.6km/h/1.0m/s;-;N/A;;MostlyCloudy;
2001/3/25;14:30;16.0;9.0;63%;994hPa;10.0km;Variable;3.6km/h/1.0m/s;-;N/A;;MostlyCloudy;
2001/3/25;15:00;16.0;9.0;63%;994hPa;10.0km;Variable;3.6km/h/1.0m/s;-;N/A;;MostlyCloudy;
2001/3/25;15:30;15.0;9.0;67%;995hPa;10.0km;NNE;7.2km/h/2.0m/s;-;N/A;;MostlyCloudy;
2001/3/25;16:00;15.0;9.0;67%;994hPa;10.0km;NNE;3.6km/h/1.0m/s;-;N/A;;MostlyCloudy;
2001/3/25;16:30;15.0;9.0;67%;994hPa;10.0km;Variable;3.6km/h/1.0m/s;-;N/A;;MostlyCloudy;
2001/3/25;17:00;14.0;10.0;77%;994hPa;10.0km;Variable;3.6km/h/1.0m/s;21.6km/h/6.0m/s;N/A;Rain;LightRain;
2001/3/25;17:30;12.0;10.0;88%;995hPa;7.0km;North;18.0km/h/5.0m/s;-;N/A;Rain;LightRain;
2001/3/25;18:00;12.0;11.0;94%;995hPa;5.0km;North;14.4km/h/4.0m/s;-;N/A;Rain;LightRain;
2001/3/25;18:30;11.0;11.0;100%;995hPa;6.0km;NNE;14.4km/h/4.0m/s;-;N/A;Rain;LightRain;
2001/3/25;19:00;11.0;10.0;94%;995hPa;10.0km;NNE;10.8km/h/3.0m/s;-;N/A;;MostlyCloudy;
2001/3/25;19:30;11.0;10.0;94%;995hPa;10.0km;North;14.4km/h/4.0m/s;-;N/A;;MostlyCloudy;
2001/3/25;20:00;11.0;10.0;94%;995hPa;10.0km;NE;10.8km/h/3.0m/s;-;N/A;;Overcast;
2001/3/25;20:30;11.0;10.0;94%;995hPa;10.0km;NNE;10.8km/h/3.0m/s;-;N/A;Rain;LightRain;
2001/3/25;21:00;11.0;10.0;94%;995hPa;10.0km;NNE;14.4km/h/4.0m/s;-;N/A;Rain;LightRain;
2001/3/25;21:30;11.0;10.0;94%;995hPa;10.0km;NNE;14.4km/h/4.0m/s;-;N/A;Rain;LightRain;
2001/3/25;22:00;11.0;9.0;88%;995hPa;7.0km;North;18.0km/h/5.0m/s;-;N/A;Rain;Rain;
2001/3/25;22:30;10.0;10.0;100%;995hPa;6.0km;North;18.0km/h/5.0m/s;-;N/A;Rain;Rain;
2001/3/25;23:00;10.0;10.0;100%;994hPa;10.0km;North;14.4km/h/4.0m/s;-;N/A;Rain;LightRain;
2001/3/25;23:30;10.0;9.0;94%;995hPa;10.0km;North;10.8km/h/3.0m/s;-;N/A;Rain;Rain;
2001/3/25;00:00;10.0;9.0;94%;995hPa;10.0km;NNE;14.4km/h/4.0m/s;-;N/A;Rain;LightRain;
2001/3/25;00:30;9.0;9.0;100%;995hPa;10.0km;NNE;14.4km/h/4.0m/s;-;N/A;Rain;LightRain;
