2001/4/24;00:00;9.0;4.0;71%;1000hPa;-;North;28.8km/h/8.0m/s;-;N/A;;Clear;
2001/4/24;00:30;9.0;4.0;71%;1000hPa;-;North;32.4km/h/9.0m/s;-;N/A;;Clear;
2001/4/24;01:00;9.0;4.0;71%;999hPa;-;North;36.0km/h/10.0m/s;-;N/A;;Clear;
2001/4/24;01:30;9.0;4.0;71%;999hPa;-;North;28.8km/h/8.0m/s;-;N/A;;Clear;
2001/4/24;02:00;9.0;4.0;71%;1000hPa;-;North;28.8km/h/8.0m/s;46.8km/h/13.0m/s;N/A;;Clear;
2001/4/24;02:30;9.0;4.0;71%;1000hPa;-;North;36.0km/h/10.0m/s;-;N/A;;Clear;
2001/4/24;03:00;9.0;4.0;71%;1000hPa;-;North;28.8km/h/8.0m/s;-;N/A;;Clear;
2001/4/24;03:30;9.0;4.0;71%;1000hPa;-;North;32.4km/h/9.0m/s;-;N/A;;Clear;
2001/4/24;04:00;9.0;4.0;71%;1000hPa;-;North;39.6km/h/11.0m/s;61.2km/h/17.0m/s;N/A;;Clear;
2001/4/24;04:30;9.0;4.0;71%;1000hPa;-;North;21.6km/h/6.0m/s;-;N/A;;Clear;
2001/4/24;05:00;9.0;4.0;71%;1000hPa;-;North;28.8km/h/8.0m/s;46.8km/h/13.0m/s;N/A;;Clear;
2001/4/24;05:30;8.0;4.0;76%;1001hPa;10.0km;North;32.4km/h/9.0m/s;50.4km/h/14.0m/s;N/A;Rain;LightRain;
2001/4/24;06:00;8.0;3.0;71%;1000hPa;10.0km;North;39.6km/h/11.0m/s;-;N/A;;Overcast;
2001/4/24;06:30;9.0;3.0;66%;1001hPa;10.0km;North;28.8km/h/8.0m/s;-;N/A;;Overcast;
2001/4/24;07:00;9.0;3.0;66%;1001hPa;10.0km;North;25.2km/h/7.0m/s;-;N/A;;MostlyCloudy;
2001/4/24;07:30;9.0;3.0;66%;1001hPa;10.0km;North;25.2km/h/7.0m/s;-;N/A;;Overcast;
2001/4/24;08:30;9.0;2.0;62%;1001hPa;10.0km;NNW;25.2km/h/7.0m/s;43.2km/h/12.0m/s;N/A;;Overcast;
2001/4/24;09:00;9.0;3.0;66%;1001hPa;10.0km;North;28.8km/h/8.0m/s;-;N/A;;Overcast;
2001/4/24;09:30;10.0;3.0;62%;1002hPa;10.0km;North;32.4km/h/9.0m/s;-;N/A;;Overcast;
2001/4/24;10:00;10.0;3.0;62%;1003hPa;10.0km;North;36.0km/h/10.0m/s;54.0km/h/15.0m/s;N/A;;Overcast;
2001/4/24;10:30;9.0;3.0;66%;1003hPa;10.0km;North;43.2km/h/12.0m/s;-;N/A;Rain;LightRain;
2001/4/24;11:00;9.0;4.0;71%;1003hPa;10.0km;NNW;28.8km/h/8.0m/s;54.0km/h/15.0m/s;N/A;Rain;LightRain;
2001/4/24;11:30;8.0;5.0;81%;1004hPa;10.0km;North;32.4km/h/9.0m/s;50.4km/h/14.0m/s;N/A;Rain;LightRain;
2001/4/24;12:00;9.0;5.0;76%;1004hPa;10.0km;North;21.6km/h/6.0m/s;-;N/A;Rain;LightRain;
2001/4/24;12:30;9.0;5.0;76%;1004hPa;10.0km;NNW;14.4km/h/4.0m/s;-;N/A;Rain;LightRain;
2001/4/24;13:00;10.0;5.0;71%;1005hPa;10.0km;NNW;10.8km/h/3.0m/s;-;N/A;;Overcast;
2001/4/24;13:30;10.0;4.0;66%;1005hPa;10.0km;NNW;14.4km/h/4.0m/s;-;N/A;;Overcast;
2001/4/24;14:00;9.0;4.0;71%;1006hPa;10.0km;North;21.6km/h/6.0m/s;-;N/A;;Overcast;
2001/4/24;14:30;10.0;4.0;66%;1006hPa;10.0km;Variable;7.2km/h/2.0m/s;-;N/A;;Overcast;
2001/4/24;15:00;10.0;4.0;66%;1007hPa;10.0km;North;25.2km/h/7.0m/s;-;N/A;;Overcast;
2001/4/24;15:30;10.0;4.0;66%;1007hPa;10.0km;North;18.0km/h/5.0m/s;-;N/A;;Overcast;
2001/4/24;16:00;10.0;3.0;62%;1008hPa;10.0km;North;21.6km/h/6.0m/s;-;N/A;;Overcast;
2001/4/24;16:30;10.0;3.0;62%;1008hPa;10.0km;North;21.6km/h/6.0m/s;-;N/A;;Overcast;
2001/4/24;17:00;10.0;4.0;66%;1008hPa;10.0km;NNW;18.0km/h/5.0m/s;-;N/A;;Overcast;
2001/4/24;17:30;9.0;3.0;66%;1009hPa;10.0km;NNW;14.4km/h/4.0m/s;-;N/A;;Overcast;
2001/4/24;18:00;9.0;3.0;66%;1009hPa;10.0km;North;21.6km/h/6.0m/s;39.6km/h/11.0m/s;N/A;Rain;LightRain;
2001/4/24;18:30;9.0;4.0;71%;1009hPa;10.0km;NW;10.8km/h/3.0m/s;-;N/A;Rain;LightRain;
2001/4/24;19:00;9.0;4.0;71%;1010hPa;10.0km;NW;14.4km/h/4.0m/s;-;N/A;Rain;LightRain;
2001/4/24;19:30;8.0;5.0;81%;1010hPa;10.0km;NW;14.4km/h/4.0m/s;-;N/A;Rain;LightRain;
2001/4/24;20:00;8.0;5.0;81%;1011hPa;10.0km;NNW;10.8km/h/3.0m/s;-;N/A;Rain;LightRain;
2001/4/24;20:30;8.0;5.0;81%;1011hPa;10.0km;North;10.8km/h/3.0m/s;-;N/A;Rain;LightRain;
2001/4/24;21:00;7.0;5.0;87%;1012hPa;10.0km;NNW;7.2km/h/2.0m/s;-;N/A;Rain;LightRain;
2001/4/24;21:30;7.0;5.0;87%;1012hPa;10.0km;Variable;3.6km/h/1.0m/s;-;N/A;Rain;LightRain;
2001/4/24;22:00;7.0;5.0;87%;1012hPa;10.0km;SE;3.6km/h/1.0m/s;-;N/A;Rain;LightRain;
2001/4/24;22:30;6.0;6.0;100%;1012hPa;10.0km;South;3.6km/h/1.0m/s;-;N/A;Rain;LightRain;
2001/4/24;23:00;6.0;5.0;93%;1012hPa;10.0km;SE;3.6km/h/1.0m/s;-;N/A;Rain;LightRain;
2001/4/24;23:30;6.0;6.0;100%;1013hPa;10.0km;SSE;3.6km/h/1.0m/s;-;N/A;Rain;LightRain;
