2001/1/7;00:00;4.0;4.0;100%;1013hPa;-;SW;3.6km/h/1.0m/s;-;N/A;;Overcast;
2001/1/7;00:30;4.0;4.0;100%;1013hPa;2.5km;Variable;3.6km/h/1.0m/s;-;N/A;;Overcast;
2001/1/7;01:00;4.0;4.0;100%;1013hPa;-;South;7.2km/h/2.0m/s;-;N/A;;Overcast;
2001/1/7;01:30;4.0;4.0;100%;1013hPa;-;South;7.2km/h/2.0m/s;-;N/A;;Overcast;
2001/1/7;02:00;4.0;4.0;100%;1013hPa;-;South;7.2km/h/2.0m/s;-;N/A;;Overcast;
2001/1/7;02:30;4.0;4.0;100%;1013hPa;-;Calm;Calm;-;N/A;;Overcast;
2001/1/7;03:00;4.0;4.0;100%;1013hPa;2.9km;Variable;3.6km/h/1.0m/s;-;N/A;;Overcast;
2001/1/7;03:30;4.0;4.0;100%;1013hPa;2.2km;Variable;3.6km/h/1.0m/s;-;N/A;;Overcast;
2001/1/7;04:00;4.0;4.0;100%;1013hPa;2.5km;Variable;3.6km/h/1.0m/s;-;N/A;;LightDrizzle;
2001/1/7;04:30;4.0;4.0;100%;1013hPa;2.5km;Calm;Calm;-;N/A;;LightDrizzle;
2001/1/7;05:00;4.0;4.0;100%;1013hPa;2.6km;NW;3.6km/h/1.0m/s;-;N/A;;LightDrizzle;
2001/1/7;05:30;4.0;4.0;100%;1013hPa;-;Calm;Calm;-;N/A;;Overcast;
2001/1/7;06:00;4.0;4.0;100%;1013hPa;4.0km;SW;3.6km/h/1.0m/s;-;N/A;Rain;LightRain;
2001/1/7;06:30;5.0;5.0;100%;1013hPa;4.0km;West;7.2km/h/2.0m/s;-;N/A;;Overcast;
2001/1/7;07:00;5.0;5.0;100%;1014hPa;4.0km;West;3.6km/h/1.0m/s;-;N/A;;Overcast;
2001/1/7;07:30;5.0;5.0;100%;1014hPa;2.8km;NNE;3.6km/h/1.0m/s;-;N/A;;Overcast;
2001/1/7;08:00;5.0;5.0;100%;1014hPa;2.5km;Calm;Calm;-;N/A;;Overcast;
2001/1/7;08:30;5.0;5.0;100%;1014hPa;3.0km;Calm;Calm;-;N/A;;Overcast;
2001/1/7;09:00;5.0;5.0;100%;1014hPa;3.0km;Variable;3.6km/h/1.0m/s;-;N/A;;Overcast;
2001/1/7;09:30;5.0;5.0;100%;1014hPa;-;Calm;Calm;-;N/A;;Overcast;
2001/1/7;10:00;6.0;6.0;100%;1014hPa;3.5km;Calm;Calm;-;N/A;;Overcast;
2001/1/7;10:30;6.0;6.0;100%;1015hPa;3.5km;Calm;Calm;-;N/A;;Overcast;
2001/1/7;11:00;6.0;6.0;100%;1014hPa;3.5km;Calm;Calm;-;N/A;;Overcast;
2001/1/7;11:30;7.0;6.0;93%;1014hPa;4.5km;WSW;3.6km/h/1.0m/s;-;N/A;;Overcast;
2001/1/7;12:00;7.0;6.0;93%;1014hPa;5.0km;WSW;3.6km/h/1.0m/s;-;N/A;;Overcast;
2001/1/7;12:30;7.0;6.0;93%;1014hPa;6.0km;Variable;3.6km/h/1.0m/s;-;N/A;;Overcast;
2001/1/7;13:00;8.0;6.0;87%;1014hPa;5.0km;Calm;Calm;-;N/A;;Overcast;
2001/1/7;13:30;8.0;6.0;87%;1014hPa;4.5km;Variable;3.6km/h/1.0m/s;-;N/A;;Overcast;
2001/1/7;14:00;7.0;6.0;93%;1014hPa;4.5km;Variable;3.6km/h/1.0m/s;-;N/A;;Overcast;
2001/1/7;14:30;8.0;6.0;87%;1014hPa;4.5km;Variable;3.6km/h/1.0m/s;-;N/A;;Overcast;
2001/1/7;15:00;7.0;6.0;93%;1015hPa;4.5km;Variable;3.6km/h/1.0m/s;-;N/A;;Overcast;
2001/1/7;15:30;7.0;6.0;93%;1015hPa;4.5km;Variable;3.6km/h/1.0m/s;-;N/A;;Overcast;
2001/1/7;16:00;7.0;6.0;93%;1014hPa;4.5km;Variable;7.2km/h/2.0m/s;-;N/A;;Overcast;
2001/1/7;16:30;6.0;6.0;100%;1014hPa;4.0km;SSW;7.2km/h/2.0m/s;-;N/A;;Overcast;
2001/1/7;17:00;6.0;5.0;93%;1014hPa;6.0km;Variable;3.6km/h/1.0m/s;-;N/A;;Overcast;
2001/1/7;17:30;6.0;5.0;93%;1014hPa;5.0km;Variable;3.6km/h/1.0m/s;-;N/A;;Overcast;
2001/1/7;18:00;6.0;5.0;93%;1015hPa;5.0km;Variable;3.6km/h/1.0m/s;-;N/A;;MostlyCloudy;
2001/1/7;18:30;6.0;5.0;93%;1015hPa;5.0km;ENE;3.6km/h/1.0m/s;-;N/A;;Overcast;
2001/1/7;19:00;5.0;5.0;100%;1015hPa;4.0km;East;7.2km/h/2.0m/s;-;N/A;;Overcast;
2001/1/7;19:30;5.0;5.0;100%;1015hPa;2.0km;ESE;3.6km/h/1.0m/s;-;N/A;Rain;LightRain;
2001/1/7;20:00;5.0;5.0;100%;1015hPa;1.5km;West;3.6km/h/1.0m/s;-;N/A;Rain;LightRain;
2001/1/7;20:30;5.0;5.0;100%;1015hPa;1.5km;Calm;Calm;-;N/A;;Overcast;
2001/1/7;21:00;5.0;5.0;100%;1015hPa;1.5km;East;3.6km/h/1.0m/s;-;N/A;Rain;LightRain;
2001/1/7;21:30;5.0;5.0;100%;1014hPa;0.8km;East;7.2km/h/2.0m/s;-;N/A;;Overcast;
2001/1/7;22:00;5.0;5.0;100%;1014hPa;1.2km;Variable;3.6km/h/1.0m/s;-;N/A;;Overcast;
2001/1/7;22:30;6.0;6.0;100%;1015hPa;1.5km;Variable;3.6km/h/1.0m/s;-;N/A;Rain;LightRain;
2001/1/7;23:00;6.0;6.0;100%;1014hPa;2.0km;Variable;3.6km/h/1.0m/s;-;N/A;Rain;Rain;
2001/1/7;23:30;6.0;6.0;100%;1015hPa;1.5km;NW;3.6km/h/1.0m/s;-;N/A;Rain;Rain;
