2001/2/5;00:00;-1.0;-3.0;86%;1011hPa;8.0km;North;7.2km/h/2.0m/s;-;N/A;;Overcast;
2001/2/5;00:30;-1.0;-3.0;86%;1011hPa;8.0km;Calm;Calm;-;N/A;;MostlyCloudy;
2001/2/5;01:00;-1.0;-2.0;93%;1011hPa;6.0km;North;7.2km/h/2.0m/s;-;N/A;;Overcast;
2001/2/5;01:30;-1.0;-2.0;93%;1011hPa;6.0km;Variable;3.6km/h/1.0m/s;-;N/A;;Overcast;
2001/2/5;02:00;-1.0;-2.0;93%;1010hPa;6.0km;ENE;3.6km/h/1.0m/s;-;N/A;;Overcast;
2001/2/5;02:30;-1.0;-2.0;93%;1010hPa;5.0km;Variable;3.6km/h/1.0m/s;-;N/A;;Overcast;
2001/2/5;03:00;-1.0;-2.0;93%;1010hPa;5.0km;West;7.2km/h/2.0m/s;-;N/A;;Overcast;
2001/2/5;03:30;-1.0;-2.0;93%;1010hPa;8.0km;Variable;3.6km/h/1.0m/s;-;N/A;;Overcast;
2001/2/5;04:00;-1.0;-1.0;100%;1010hPa;8.0km;SSW;3.6km/h/1.0m/s;-;N/A;;Overcast;
2001/2/5;04:30;0.0;-1.0;93%;1010hPa;5.0km;Calm;Calm;-;N/A;;Overcast;
2001/2/5;05:00;0.0;-1.0;93%;1010hPa;5.0km;Variable;3.6km/h/1.0m/s;-;N/A;;Overcast;
2001/2/5;05:30;0.0;-1.0;93%;1009hPa;5.0km;ENE;3.6km/h/1.0m/s;-;N/A;;Overcast;
2001/2/5;06:00;-1.0;-1.0;100%;1008hPa;7.0km;ENE;7.2km/h/2.0m/s;-;N/A;;Overcast;
2001/2/5;06:30;-1.0;-1.0;100%;1009hPa;3.5km;Variable;3.6km/h/1.0m/s;-;N/A;;Overcast;
2001/2/5;07:00;0.0;-1.0;93%;1010hPa;2.0km;WSW;10.8km/h/3.0m/s;-;N/A;;Overcast;
2001/2/5;07:30;0.0;-1.0;93%;1009hPa;2.0km;Variable;7.2km/h/2.0m/s;-;N/A;;Overcast;
2001/2/5;08:00;0.0;0.0;100%;1009hPa;2.0km;Variable;3.6km/h/1.0m/s;-;N/A;;Overcast;
2001/2/5;08:30;0.0;0.0;100%;1009hPa;1.6km;ENE;3.6km/h/1.0m/s;-;N/A;;Overcast;
2001/2/5;09:00;1.0;0.0;93%;1009hPa;1.6km;Variable;3.6km/h/1.0m/s;-;N/A;;Overcast;
2001/2/5;09:30;1.0;0.0;93%;1009hPa;1.8km;Variable;3.6km/h/1.0m/s;-;N/A;;Overcast;
2001/2/5;10:00;1.0;0.0;93%;1008hPa;1.8km;West;3.6km/h/1.0m/s;-;N/A;;LightDrizzle;
2001/2/5;10:30;1.0;0.0;93%;1008hPa;0.9km;WNW;3.6km/h/1.0m/s;-;N/A;Fog;LightDrizzle;
2001/2/5;11:00;1.0;1.0;100%;1008hPa;0.6km;West;3.6km/h/1.0m/s;-;N/A;Fog;LightDrizzle;
2001/2/5;11:30;1.0;1.0;100%;1008hPa;0.5km;SSE;3.6km/h/1.0m/s;-;N/A;Fog;LightDrizzle;
2001/2/5;12:00;1.0;1.0;100%;1008hPa;0.5km;SSW;7.2km/h/2.0m/s;-;N/A;Fog;LightDrizzle;
2001/2/5;12:30;2.0;1.0;93%;1008hPa;0.8km;South;7.2km/h/2.0m/s;-;N/A;Fog;LightDrizzle;
2001/2/5;13:00;1.0;1.0;100%;1008hPa;1.2km;South;7.2km/h/2.0m/s;-;N/A;;Overcast;
2001/2/5;13:30;1.0;1.0;100%;1008hPa;0.8km;Variable;7.2km/h/2.0m/s;-;N/A;Fog;Fog;
2001/2/5;14:00;1.0;1.0;100%;1008hPa;0.5km;Variable;3.6km/h/1.0m/s;-;N/A;Fog;Fog;
2001/2/5;14:30;1.0;1.0;100%;1008hPa;0.6km;Calm;Calm;-;N/A;Fog;Fog;
2001/2/5;15:00;1.0;1.0;100%;1008hPa;0.8km;SSE;7.2km/h/2.0m/s;-;N/A;Fog;Fog;
2001/2/5;15:30;1.0;1.0;100%;1008hPa;1.5km;South;7.2km/h/2.0m/s;-;N/A;;Overcast;
2001/2/5;16:00;2.0;2.0;100%;1008hPa;1.5km;South;7.2km/h/2.0m/s;-;N/A;;Overcast;
2001/2/5;16:30;1.0;1.0;100%;1008hPa;1.8km;Variable;3.6km/h/1.0m/s;-;N/A;;Overcast;
2001/2/5;17:00;2.0;2.0;100%;1008hPa;2.3km;Variable;3.6km/h/1.0m/s;-;N/A;;Overcast;
2001/2/5;17:30;2.0;2.0;100%;1008hPa;4.0km;South;14.4km/h/4.0m/s;-;N/A;;Overcast;
2001/2/5;18:00;2.0;2.0;100%;1009hPa;2.5km;SSW;14.4km/h/4.0m/s;-;N/A;;Overcast;
2001/2/5;18:30;2.0;2.0;100%;1009hPa;3.0km;SSW;18.0km/h/5.0m/s;-;N/A;;Overcast;
2001/2/5;19:00;2.0;2.0;100%;1009hPa;2.5km;SSW;10.8km/h/3.0m/s;-;N/A;;Overcast;
2001/2/5;19:30;2.0;2.0;100%;1009hPa;2.0km;SSW;14.4km/h/4.0m/s;-;N/A;;Overcast;
2001/2/5;20:00;2.0;2.0;100%;1009hPa;1.8km;South;18.0km/h/5.0m/s;-;N/A;;Overcast;
2001/2/5;20:30;2.0;2.0;100%;1010hPa;2.0km;Variable;3.6km/h/1.0m/s;-;N/A;;Overcast;
2001/2/5;21:00;2.0;2.0;100%;1009hPa;2.0km;Calm;Calm;-;N/A;;Overcast;
2001/2/5;21:30;2.0;2.0;100%;1010hPa;2.0km;Variable;3.6km/h/1.0m/s;-;N/A;;Overcast;
2001/2/5;22:00;2.0;2.0;100%;1010hPa;2.8km;Variable;3.6km/h/1.0m/s;-;N/A;;MostlyCloudy;
2001/2/5;22:30;2.0;2.0;100%;1010hPa;1.0km;WNW;7.2km/h/2.0m/s;-;N/A;;MostlyCloudy;
2001/2/5;23:00;2.0;2.0;100%;1011hPa;0.4km;West;7.2km/h/2.0m/s;-;N/A;Fog;Fog;
2001/2/5;23:30;2.0;2.0;100%;1011hPa;0.3km;Variable;3.6km/h/1.0m/s;-;N/A;Fog;Fog;
