2001/11/20;00:00;-2.0;-2.0;100%;1016hPa;-;Calm;Calm;-;N/A;;PartlyCloudy;
2001/11/20;00:30;-2.0;-2.0;100%;1016hPa;3.5km;Calm;Calm;-;N/A;;PartlyCloudy;
2001/11/20;01:00;-2.0;-2.0;100%;1016hPa;2.5km;WSW;7.2km/h/2.0m/s;-;N/A;;PartlyCloudy;
2001/11/20;01:30;-1.0;-2.0;93%;1016hPa;7.0km;Variable;3.6km/h/1.0m/s;-;N/A;;ScatteredClouds;
2001/11/20;02:00;1.0;-3.0;75%;1016hPa;10.0km;NNE;14.4km/h/4.0m/s;-;N/A;;PartlyCloudy;
2001/11/20;02:30;1.0;-3.0;75%;1017hPa;-;North;18.0km/h/5.0m/s;-;N/A;;Clear;
2001/11/20;03:00;1.0;-3.0;75%;1017hPa;-;NE;10.8km/h/3.0m/s;-;N/A;;Clear;
2001/11/20;03:30;0.0;-3.0;80%;1017hPa;-;Variable;7.2km/h/2.0m/s;-;N/A;;Clear;
2001/11/20;04:00;0.0;-4.0;75%;1017hPa;-;North;10.8km/h/3.0m/s;-;N/A;;Clear;
2001/11/20;04:30;1.0;-5.0;65%;1017hPa;-;Variable;7.2km/h/2.0m/s;-;N/A;;Clear;
2001/11/20;05:00;0.0;-5.0;69%;1018hPa;-;Variable;3.6km/h/1.0m/s;-;N/A;;Clear;
2001/11/20;05:30;1.0;-6.0;60%;1018hPa;-;Variable;7.2km/h/2.0m/s;-;N/A;;Clear;
2001/11/20;06:00;1.0;-5.0;65%;1018hPa;-;NNW;14.4km/h/4.0m/s;-;N/A;;Clear;
2001/11/20;06:30;1.0;-5.0;65%;1018hPa;-;NNW;14.4km/h/4.0m/s;-;N/A;;Clear;
2001/11/20;07:00;0.0;-5.0;69%;1019hPa;10.0km;NNW;14.4km/h/4.0m/s;-;N/A;;ScatteredClouds;
2001/11/20;07:30;0.0;-5.0;69%;1019hPa;10.0km;NNW;14.4km/h/4.0m/s;-;N/A;;ScatteredClouds;
2001/11/20;08:00;1.0;-5.0;65%;1019hPa;10.0km;NW;10.8km/h/3.0m/s;-;N/A;;ScatteredClouds;
2001/11/20;08:30;1.0;-5.0;65%;1020hPa;10.0km;NNW;10.8km/h/3.0m/s;-;N/A;;ScatteredClouds;
2001/11/20;09:00;3.0;-5.0;56%;1019hPa;10.0km;Variable;7.2km/h/2.0m/s;-;N/A;;MostlyCloudy;
2001/11/20;09:30;3.0;-5.0;56%;1020hPa;10.0km;NNW;10.8km/h/3.0m/s;-;N/A;;ScatteredClouds;
2001/11/20;10:00;3.0;-4.0;60%;1020hPa;10.0km;NW;10.8km/h/3.0m/s;-;N/A;;PartlyCloudy;
2001/11/20;10:30;3.0;-4.0;60%;1020hPa;10.0km;Variable;7.2km/h/2.0m/s;-;N/A;;MostlyCloudy;
2001/11/20;11:00;4.0;-4.0;56%;1020hPa;10.0km;NNW;10.8km/h/3.0m/s;-;N/A;;ScatteredClouds;
2001/11/20;11:30;4.0;-4.0;56%;1019hPa;10.0km;North;28.8km/h/8.0m/s;46.8km/h/13.0m/s;N/A;;ScatteredClouds;
2001/11/20;12:00;4.0;-3.0;61%;1020hPa;10.0km;NNW;21.6km/h/6.0m/s;-;N/A;;ScatteredClouds;
2001/11/20;12:30;4.0;-4.0;56%;1020hPa;10.0km;NNW;21.6km/h/6.0m/s;-;N/A;;MostlyCloudy;
2001/11/20;13:00;4.0;-4.0;56%;1019hPa;10.0km;NNW;10.8km/h/3.0m/s;-;N/A;;MostlyCloudy;
2001/11/20;13:30;4.0;-4.0;56%;1019hPa;10.0km;NNW;10.8km/h/3.0m/s;-;N/A;;MostlyCloudy;
2001/11/20;14:00;4.0;-3.0;61%;1020hPa;10.0km;NW;21.6km/h/6.0m/s;-;N/A;;MostlyCloudy;
2001/11/20;14:30;4.0;-4.0;56%;1020hPa;10.0km;NW;18.0km/h/5.0m/s;-;N/A;;MostlyCloudy;
2001/11/20;15:00;3.0;-3.0;65%;1020hPa;10.0km;NNW;10.8km/h/3.0m/s;-;N/A;;MostlyCloudy;
2001/11/20;15:30;3.0;-3.0;65%;1020hPa;10.0km;NNW;10.8km/h/3.0m/s;-;N/A;;MostlyCloudy;
2001/11/20;16:00;3.0;-3.0;65%;1020hPa;10.0km;NW;10.8km/h/3.0m/s;-;N/A;;Overcast;
2001/11/20;16:30;2.0;-3.0;70%;1020hPa;-;NW;10.8km/h/3.0m/s;-;N/A;;Clear;
2001/11/20;17:00;2.0;-3.0;70%;1021hPa;-;NW;10.8km/h/3.0m/s;-;N/A;;Clear;
2001/11/20;17:30;2.0;-2.0;75%;1021hPa;-;NW;7.2km/h/2.0m/s;-;N/A;;Clear;
2001/11/20;18:00;2.0;-2.0;75%;1021hPa;10.0km;WNW;3.6km/h/1.0m/s;-;N/A;Snow;LightSnow;
2001/11/20;18:30;2.0;-2.0;75%;1021hPa;10.0km;WNW;7.2km/h/2.0m/s;-;N/A;Snow;LightSnow;
2001/11/20;19:00;2.0;-2.0;75%;1021hPa;10.0km;WNW;7.2km/h/2.0m/s;-;N/A;Snow;LightSnow;
2001/11/20;19:30;2.0;-1.0;81%;1022hPa;10.0km;Variable;3.6km/h/1.0m/s;-;N/A;Snow;LightSnow;
2001/11/20;20:00;2.0;-1.0;81%;1022hPa;10.0km;Variable;3.6km/h/1.0m/s;-;N/A;;MostlyCloudy;
2001/11/20;20:30;2.0;-1.0;81%;1022hPa;10.0km;NE;7.2km/h/2.0m/s;-;N/A;;MostlyCloudy;
2001/11/20;21:00;2.0;-1.0;81%;1023hPa;10.0km;NNE;10.8km/h/3.0m/s;-;N/A;Snow;LightSnow;
2001/11/20;21:30;2.0;0.0;87%;1023hPa;10.0km;North;10.8km/h/3.0m/s;-;N/A;Snow;LightSnow;
2001/11/20;22:00;2.0;-1.0;81%;1023hPa;10.0km;North;14.4km/h/4.0m/s;-;N/A;Snow;LightSnow;
2001/11/20;22:30;2.0;-1.0;81%;1023hPa;10.0km;North;10.8km/h/3.0m/s;-;N/A;Snow;LightSnow;
2001/11/20;23:00;2.0;-1.0;81%;1024hPa;10.0km;NW;7.2km/h/2.0m/s;-;N/A;Snow;LightSnow;
2001/11/20;23:30;1.0;-1.0;87%;1024hPa;10.0km;Calm;Calm;-;N/A;Snow;LightSnow;
