2001/3/31;00:00;5.0;2.0;81%;1018hPa;-;NNE;7.2km/h/2.0m/s;-;N/A;;Clear;
2001/3/31;00:30;5.0;2.0;81%;1018hPa;-;Variable;3.6km/h/1.0m/s;-;N/A;;Clear;
2001/3/31;01:00;5.0;2.0;81%;1019hPa;-;NNE;7.2km/h/2.0m/s;-;N/A;;Clear;
2001/3/31;01:30;5.0;2.0;81%;1019hPa;-;North;3.6km/h/1.0m/s;-;N/A;;Clear;
2001/3/31;02:00;5.0;2.0;81%;1019hPa;-;North;10.8km/h/3.0m/s;-;N/A;;Clear;
2001/3/31;02:30;3.0;1.0;87%;1020hPa;-;ESE;3.6km/h/1.0m/s;-;N/A;;Clear;
2001/3/31;03:00;2.0;1.0;93%;1020hPa;-;East;7.2km/h/2.0m/s;-;N/A;;Clear;
2001/3/31;03:30;3.0;1.0;87%;1020hPa;-;NNW;7.2km/h/2.0m/s;-;N/A;;Clear;
2001/3/31;04:00;3.0;1.0;87%;1021hPa;-;North;14.4km/h/4.0m/s;-;N/A;;Clear;
2001/3/31;04:30;4.0;2.0;87%;1021hPa;-;North;14.4km/h/4.0m/s;-;N/A;;Clear;
2001/3/31;05:00;4.0;1.0;81%;1021hPa;-;North;14.4km/h/4.0m/s;-;N/A;;Clear;
2001/3/31;05:30;4.0;1.0;81%;1022hPa;-;NNE;10.8km/h/3.0m/s;-;N/A;;Clear;
2001/3/31;06:00;3.0;1.0;87%;1022hPa;-;North;14.4km/h/4.0m/s;-;N/A;;Clear;
2001/3/31;06:30;3.0;1.0;87%;1022hPa;-;North;14.4km/h/4.0m/s;-;N/A;;Clear;
2001/3/31;07:00;3.0;1.0;87%;1023hPa;-;North;18.0km/h/5.0m/s;-;N/A;;Clear;
2001/3/31;07:30;5.0;2.0;81%;1023hPa;-;North;14.4km/h/4.0m/s;-;N/A;;Clear;
2001/3/31;08:00;6.0;1.0;70%;1023hPa;-;NNE;21.6km/h/6.0m/s;-;N/A;;Clear;
2001/3/31;08:30;7.0;1.0;66%;1024hPa;-;NNE;14.4km/h/4.0m/s;-;N/A;;Clear;
2001/3/31;09:00;8.0;2.0;66%;1024hPa;-;NE;14.4km/h/4.0m/s;-;N/A;;Clear;
2001/3/31;09:30;9.0;1.0;58%;1024hPa;-;NE;14.4km/h/4.0m/s;-;N/A;;Clear;
2001/3/31;10:00;9.0;2.0;62%;1024hPa;-;NNE;10.8km/h/3.0m/s;-;N/A;;Clear;
2001/3/31;10:30;10.0;2.0;58%;1024hPa;-;ENE;10.8km/h/3.0m/s;-;N/A;;Clear;
2001/3/31;11:00;11.0;1.0;50%;1024hPa;-;Variable;7.2km/h/2.0m/s;-;N/A;;Clear;
2001/3/31;11:30;12.0;2.0;51%;1024hPa;10.0km;Variable;7.2km/h/2.0m/s;-;N/A;;ScatteredClouds;
2001/3/31;12:00;13.0;3.0;51%;1024hPa;10.0km;Variable;3.6km/h/1.0m/s;-;N/A;;PartlyCloudy;
2001/3/31;12:30;14.0;2.0;44%;1024hPa;10.0km;Variable;7.2km/h/2.0m/s;-;N/A;;PartlyCloudy;
2001/3/31;13:00;15.0;4.0;48%;1024hPa;10.0km;Variable;3.6km/h/1.0m/s;-;N/A;;PartlyCloudy;
2001/3/31;13:30;15.0;3.0;45%;1024hPa;10.0km;Variable;3.6km/h/1.0m/s;-;N/A;;PartlyCloudy;
2001/3/31;14:00;15.0;3.0;45%;1024hPa;10.0km;Variable;3.6km/h/1.0m/s;-;N/A;;PartlyCloudy;
2001/3/31;14:30;16.0;2.0;39%;1024hPa;10.0km;Variable;3.6km/h/1.0m/s;-;N/A;;PartlyCloudy;
2001/3/31;15:00;16.0;3.0;42%;1024hPa;10.0km;Variable;3.6km/h/1.0m/s;-;N/A;;ScatteredClouds;
2001/3/31;15:30;16.0;2.0;39%;1024hPa;10.0km;Variable;3.6km/h/1.0m/s;-;N/A;;PartlyCloudy;
2001/3/31;16:00;17.0;3.0;39%;1024hPa;10.0km;Variable;3.6km/h/1.0m/s;-;N/A;;ScatteredClouds;
2001/3/31;16:30;16.0;3.0;42%;1024hPa;10.0km;Variable;3.6km/h/1.0m/s;-;N/A;;ScatteredClouds;
2001/3/31;17:00;16.0;3.0;42%;1024hPa;10.0km;Variable;7.2km/h/2.0m/s;-;N/A;;ScatteredClouds;
2001/3/31;17:30;16.0;2.0;39%;1024hPa;10.0km;Variable;3.6km/h/1.0m/s;-;N/A;;PartlyCloudy;
2001/3/31;18:00;15.0;4.0;48%;1024hPa;10.0km;SSW;7.2km/h/2.0m/s;-;N/A;;PartlyCloudy;
2001/3/31;18:30;13.0;3.0;51%;1024hPa;10.0km;SSW;3.6km/h/1.0m/s;-;N/A;;ScatteredClouds;
2001/3/31;19:00;13.0;4.0;54%;1024hPa;10.0km;South;7.2km/h/2.0m/s;-;N/A;;ScatteredClouds;
2001/3/31;19:30;11.0;3.0;58%;1024hPa;10.0km;West;7.2km/h/2.0m/s;-;N/A;;ScatteredClouds;
2001/3/31;20:00;10.0;4.0;66%;1024hPa;10.0km;Variable;7.2km/h/2.0m/s;-;N/A;;ScatteredClouds;
2001/3/31;20:30;11.0;4.0;62%;1025hPa;10.0km;Variable;3.6km/h/1.0m/s;-;N/A;;ScatteredClouds;
2001/3/31;21:00;9.0;3.0;66%;1025hPa;-;Calm;Calm;-;N/A;;Clear;
2001/3/31;21:30;8.0;4.0;76%;1025hPa;-;Calm;Calm;-;N/A;;Clear;
2001/3/31;22:00;9.0;4.0;71%;1025hPa;-;Calm;Calm;-;N/A;;Clear;
2001/3/31;22:30;9.0;5.0;76%;1025hPa;-;Calm;Calm;-;N/A;;Clear;
2001/3/31;23:00;9.0;5.0;76%;1025hPa;-;Variable;3.6km/h/1.0m/s;-;N/A;;Clear;
2001/3/31;23:30;9.0;5.0;76%;1025hPa;-;Variable;3.6km/h/1.0m/s;-;N/A;;Clear;
