2001/1/5;00:00;0.0;0.0;100%;1014hPa;4.0km;NW;3.6km/h/1.0m/s;-;N/A;;Overcast;
2001/1/5;00:30;1.0;1.0;100%;1014hPa;3.5km;NW;7.2km/h/2.0m/s;-;N/A;;Overcast;
2001/1/5;01:00;1.0;1.0;100%;1014hPa;4.0km;North;3.6km/h/1.0m/s;-;N/A;;Overcast;
2001/1/5;01:30;1.0;1.0;100%;1014hPa;8.0km;NW;3.6km/h/1.0m/s;-;N/A;;Overcast;
2001/1/5;02:00;1.0;1.0;100%;1014hPa;9.0km;North;7.2km/h/2.0m/s;-;N/A;;Overcast;
2001/1/5;02:30;1.0;1.0;100%;1014hPa;10.0km;NNW;3.6km/h/1.0m/s;-;N/A;;Overcast;
2001/1/5;03:00;1.0;1.0;100%;1014hPa;10.0km;Variable;7.2km/h/2.0m/s;-;N/A;;Overcast;
2001/1/5;03:30;1.0;1.0;100%;1014hPa;10.0km;West;3.6km/h/1.0m/s;-;N/A;;Overcast;
2001/1/5;04:00;1.0;1.0;100%;1014hPa;10.0km;SW;3.6km/h/1.0m/s;-;N/A;;LightDrizzle;
2001/1/5;04:30;1.0;1.0;100%;1014hPa;10.0km;Calm;Calm;-;N/A;;LightDrizzle;
2001/1/5;05:00;1.0;1.0;100%;1013hPa;6.0km;Variable;3.6km/h/1.0m/s;-;N/A;;LightDrizzle;
2001/1/5;05:30;1.0;1.0;100%;1013hPa;6.0km;Calm;Calm;-;N/A;;Overcast;
2001/1/5;06:00;1.0;1.0;100%;1013hPa;4.5km;Calm;Calm;-;N/A;;Overcast;
2001/1/5;06:30;1.0;1.0;100%;1013hPa;-;Calm;Calm;-;N/A;;Overcast;
2001/1/5;07:00;1.0;1.0;100%;1013hPa;2.4km;Calm;Calm;-;N/A;;LightDrizzle;
2001/1/5;07:30;1.0;1.0;100%;1013hPa;1.4km;Variable;3.6km/h/1.0m/s;-;N/A;;Overcast;
2001/1/5;08:00;1.0;1.0;100%;1014hPa;1.4km;Variable;3.6km/h/1.0m/s;-;N/A;;Overcast;
2001/1/5;08:30;1.0;1.0;100%;1014hPa;1.4km;South;3.6km/h/1.0m/s;-;N/A;;LightDrizzle;
2001/1/5;09:00;1.0;1.0;100%;1014hPa;0.8km;Variable;7.2km/h/2.0m/s;-;N/A;Fog;LightDrizzle;
2001/1/5;09:30;1.0;1.0;100%;1014hPa;0.5km;South;3.6km/h/1.0m/s;-;N/A;Fog;LightDrizzle;
2001/1/5;10:00;1.0;1.0;100%;1014hPa;0.5km;SSE;3.6km/h/1.0m/s;-;N/A;Fog;LightDrizzle;
2001/1/5;10:30;1.0;1.0;100%;1014hPa;0.3km;South;7.2km/h/2.0m/s;-;N/A;Fog;LightDrizzle;
2001/1/5;11:00;1.0;1.0;100%;1014hPa;0.2km;SSW;7.2km/h/2.0m/s;-;N/A;Fog;LightDrizzle;
2001/1/5;11:30;1.0;1.0;100%;1014hPa;0.3km;Variable;7.2km/h/2.0m/s;-;N/A;Fog;LightDrizzle;
2001/1/5;12:00;1.0;1.0;100%;1014hPa;0.5km;Variable;7.2km/h/2.0m/s;-;N/A;Fog;Fog;
2001/1/5;12:30;1.0;1.0;100%;1014hPa;0.4km;SW;7.2km/h/2.0m/s;-;N/A;Fog;Fog;
2001/1/5;13:00;1.0;1.0;100%;1013hPa;0.5km;South;10.8km/h/3.0m/s;-;N/A;Fog;Fog;
2001/1/5;13:30;1.0;1.0;100%;1013hPa;1.6km;SW;10.8km/h/3.0m/s;-;N/A;;Overcast;
2001/1/5;14:00;1.0;1.0;100%;1013hPa;3.5km;SW;10.8km/h/3.0m/s;-;N/A;;Overcast;
2001/1/5;14:30;1.0;1.0;100%;1013hPa;-;SW;10.8km/h/3.0m/s;-;N/A;;Overcast;
2001/1/5;15:00;1.0;1.0;100%;1013hPa;5.0km;SW;14.4km/h/4.0m/s;-;N/A;;Overcast;
2001/1/5;15:30;1.0;1.0;100%;1013hPa;5.0km;SSW;14.4km/h/4.0m/s;-;N/A;;Overcast;
2001/1/5;16:00;1.0;1.0;100%;1013hPa;5.0km;South;10.8km/h/3.0m/s;-;N/A;;Overcast;
2001/1/5;16:30;1.0;0.0;93%;1013hPa;5.0km;South;7.2km/h/2.0m/s;-;N/A;;Overcast;
2001/1/5;17:00;1.0;1.0;100%;1013hPa;9.0km;South;10.8km/h/3.0m/s;-;N/A;;Overcast;
2001/1/5;17:30;1.0;1.0;100%;1013hPa;9.0km;South;10.8km/h/3.0m/s;-;N/A;;Overcast;
2001/1/5;18:00;1.0;0.0;93%;1013hPa;7.0km;SSW;10.8km/h/3.0m/s;-;N/A;;Overcast;
2001/1/5;18:30;1.0;0.0;93%;1013hPa;6.0km;SSW;14.4km/h/4.0m/s;-;N/A;;Overcast;
2001/1/5;19:00;1.0;0.0;93%;1013hPa;4.0km;Variable;7.2km/h/2.0m/s;-;N/A;;Overcast;
2001/1/5;19:30;1.0;1.0;100%;1013hPa;3.0km;Variable;7.2km/h/2.0m/s;-;N/A;;LightDrizzle;
2001/1/5;20:00;1.0;1.0;100%;1013hPa;3.0km;Variable;7.2km/h/2.0m/s;-;N/A;;LightDrizzle;
2001/1/5;20:30;1.0;1.0;100%;1013hPa;2.5km;SSE;7.2km/h/2.0m/s;-;N/A;;LightDrizzle;
2001/1/5;21:00;1.0;1.0;100%;1013hPa;0.7km;Variable;7.2km/h/2.0m/s;-;N/A;Fog;LightDrizzle;
2001/1/5;21:30;1.0;1.0;100%;1012hPa;0.5km;SW;7.2km/h/2.0m/s;-;N/A;Fog;LightDrizzle;
2001/1/5;22:00;1.0;1.0;100%;1012hPa;0.4km;Variable;3.6km/h/1.0m/s;-;N/A;Fog;Fog;
2001/1/5;22:30;1.0;1.0;100%;1012hPa;0.4km;SW;3.6km/h/1.0m/s;-;N/A;Fog;Fog;
2001/1/5;23:30;1.0;1.0;100%;1011hPa;0.4km;SSW;7.2km/h/2.0m/s;-;N/A;Fog;Fog;
