2001/1/12;00:00;-3.0;-4.0;93%;1020hPa;0.1km;Variable;7.2km/h/2.0m/s;-;N/A;Fog;LightFreezingFog;
2001/1/12;00:30;-4.0;-5.0;93%;1020hPa;0.1km;Variable;3.6km/h/1.0m/s;-;N/A;Fog;LightFreezingFog;
2001/1/12;01:00;-4.0;-5.0;93%;1020hPa;0.1km;Calm;Calm;-;N/A;Fog;LightFreezingFog;
2001/1/12;01:30;-5.0;-5.0;100%;1020hPa;0.1km;Variable;3.6km/h/1.0m/s;-;N/A;Fog;LightFreezingFog;
2001/1/12;02:00;-5.0;-6.0;93%;1020hPa;0.1km;Variable;3.6km/h/1.0m/s;-;N/A;Fog;LightFreezingFog;
2001/1/12;02:30;-5.0;-5.0;100%;1020hPa;0.2km;Variable;3.6km/h/1.0m/s;-;N/A;Fog;LightFreezingFog;
2001/1/12;03:00;-5.0;-6.0;93%;1020hPa;0.1km;Variable;3.6km/h/1.0m/s;-;N/A;Fog;LightFreezingFog;
2001/1/12;03:30;-6.0;-6.0;100%;1020hPa;0.2km;Variable;3.6km/h/1.0m/s;-;N/A;Fog;LightFreezingFog;
2001/1/12;04:00;-6.0;-6.0;100%;1020hPa;0.1km;Variable;3.6km/h/1.0m/s;-;N/A;Fog;LightFreezingFog;
2001/1/12;04:30;-6.0;-6.0;100%;1020hPa;0.2km;West;3.6km/h/1.0m/s;-;N/A;Fog;LightFreezingFog;
2001/1/12;05:00;-7.0;-7.0;100%;1020hPa;0.3km;NNW;3.6km/h/1.0m/s;-;N/A;Fog;LightFreezingFog;
2001/1/12;05:30;-6.0;-7.0;93%;1020hPa;6.0km;Variable;3.6km/h/1.0m/s;-;N/A;;PartlyCloudy;
2001/1/12;06:00;-7.0;-7.0;100%;1020hPa;0.4km;Variable;3.6km/h/1.0m/s;-;N/A;Fog;LightFreezingFog;
2001/1/12;06:30;-6.0;-6.0;100%;1021hPa;7.0km;Calm;Calm;-;N/A;Fog;PatchesofFog;
2001/1/12;07:00;-5.0;-6.0;93%;1021hPa;10.0km;Variable;7.2km/h/2.0m/s;-;N/A;;PartlyCloudy;
2001/1/12;07:30;-5.0;-6.0;93%;1021hPa;10.0km;Variable;3.6km/h/1.0m/s;-;N/A;;ScatteredClouds;
2001/1/12;08:00;-6.0;-7.0;93%;1021hPa;4.0km;Variable;7.2km/h/2.0m/s;-;N/A;;ScatteredClouds;
2001/1/12;08:30;-5.0;-5.0;100%;1022hPa;8.0km;ENE;3.6km/h/1.0m/s;-;N/A;;ScatteredClouds;
2001/1/12;09:00;-4.0;-5.0;93%;1022hPa;10.0km;Variable;3.6km/h/1.0m/s;-;N/A;;ScatteredClouds;
2001/1/12;09:30;-3.0;-5.0;86%;1022hPa;10.0km;NW;3.6km/h/1.0m/s;-;N/A;;ScatteredClouds;
2001/1/12;10:00;-2.0;-3.0;93%;1023hPa;-;Calm;Calm;-;N/A;;Clear;
2001/1/12;10:30;-1.0;-4.0;80%;1023hPa;-;Variable;3.6km/h/1.0m/s;-;N/A;;Clear;
2001/1/12;11:00;0.0;-5.0;69%;1023hPa;10.0km;Variable;7.2km/h/2.0m/s;-;N/A;;PartlyCloudy;
2001/1/12;11:30;1.0;-4.0;70%;1023hPa;10.0km;Variable;3.6km/h/1.0m/s;-;N/A;;ScatteredClouds;
2001/1/12;12:00;1.0;-5.0;65%;1023hPa;10.0km;Variable;3.6km/h/1.0m/s;-;N/A;;PartlyCloudy;
2001/1/12;12:30;2.0;-5.0;60%;1023hPa;10.0km;North;18.0km/h/5.0m/s;-;N/A;;PartlyCloudy;
2001/1/12;13:00;2.0;-7.0;52%;1023hPa;10.0km;NNE;14.4km/h/4.0m/s;-;N/A;;PartlyCloudy;
2001/1/12;13:30;2.0;-6.0;56%;1023hPa;10.0km;NNE;18.0km/h/5.0m/s;-;N/A;;PartlyCloudy;
2001/1/12;14:00;2.0;-6.0;56%;1023hPa;10.0km;NNE;21.6km/h/6.0m/s;-;N/A;;PartlyCloudy;
2001/1/12;14:30;1.0;-6.0;60%;1023hPa;10.0km;North;25.2km/h/7.0m/s;-;N/A;;PartlyCloudy;
2001/1/12;15:00;1.0;-7.0;56%;1023hPa;10.0km;NNE;18.0km/h/5.0m/s;-;N/A;;PartlyCloudy;
2001/1/12;15:30;1.0;-8.0;52%;1024hPa;-;North;14.4km/h/4.0m/s;-;N/A;;Clear;
2001/1/12;16:00;0.0;-7.0;60%;1024hPa;-;North;14.4km/h/4.0m/s;-;N/A;;Clear;
2001/1/12;16:30;0.0;-8.0;55%;1024hPa;-;North;18.0km/h/5.0m/s;-;N/A;;Clear;
2001/1/12;17:00;0.0;-9.0;51%;1025hPa;-;North;25.2km/h/7.0m/s;-;N/A;;Clear;
2001/1/12;17:30;-1.0;-8.0;60%;1025hPa;-;North;25.2km/h/7.0m/s;-;N/A;;Clear;
2001/1/12;18:00;-1.0;-8.0;60%;1025hPa;-;North;25.2km/h/7.0m/s;-;N/A;;Clear;
2001/1/12;18:30;-1.0;-8.0;60%;1025hPa;-;North;28.8km/h/8.0m/s;-;N/A;;Clear;
2001/1/12;19:00;-1.0;-8.0;60%;1026hPa;-;North;28.8km/h/8.0m/s;-;N/A;;Clear;
2001/1/12;19:30;-1.0;-8.0;60%;1026hPa;-;North;21.6km/h/6.0m/s;-;N/A;;Clear;
2001/1/12;20:00;-1.0;-8.0;60%;1026hPa;-;North;14.4km/h/4.0m/s;-;N/A;;Clear;
2001/1/12;20:30;-1.0;-7.0;64%;1026hPa;10.0km;Variable;3.6km/h/1.0m/s;-;N/A;;ScatteredClouds;
2001/1/12;21:00;-1.0;-7.0;64%;1027hPa;-;North;18.0km/h/5.0m/s;-;N/A;;Clear;
2001/1/12;21:30;-1.0;-8.0;60%;1027hPa;-;North;14.4km/h/4.0m/s;-;N/A;;Clear;
2001/1/12;22:00;-2.0;-8.0;64%;1027hPa;-;North;10.8km/h/3.0m/s;-;N/A;;Clear;
2001/1/12;22:30;-2.0;-8.0;64%;1027hPa;-;North;14.4km/h/4.0m/s;-;N/A;;Clear;
2001/1/12;23:00;-2.0;-8.0;64%;1027hPa;-;North;10.8km/h/3.0m/s;-;N/A;;Clear;
2001/1/12;23:30;-3.0;-8.0;69%;1028hPa;-;North;7.2km/h/2.0m/s;-;N/A;;Clear;
