2001/1/28;00:00;2.0;2.0;100%;1006hPa;0.2km;Calm;Calm;-;N/A;Fog;Fog;
2001/1/28;00:30;2.0;2.0;100%;1006hPa;0.2km;Calm;Calm;-;N/A;Fog;Fog;
2001/1/28;01:00;2.0;2.0;100%;1006hPa;0.3km;Variable;3.6km/h/1.0m/s;-;N/A;Fog;Fog;
2001/1/28;01:30;2.0;2.0;100%;1006hPa;0.3km;NNW;3.6km/h/1.0m/s;-;N/A;Fog;Fog;
2001/1/28;02:00;2.0;2.0;100%;1006hPa;0.2km;SSW;7.2km/h/2.0m/s;-;N/A;Fog;Fog;
2001/1/28;02:30;1.0;1.0;100%;1006hPa;0.3km;South;7.2km/h/2.0m/s;-;N/A;Fog;Fog;
2001/1/28;03:00;1.0;1.0;100%;1006hPa;0.3km;SSE;3.6km/h/1.0m/s;-;N/A;Fog;Fog;
2001/1/28;03:30;1.0;1.0;100%;1006hPa;0.3km;Variable;3.6km/h/1.0m/s;-;N/A;Fog;Fog;
2001/1/28;04:00;2.0;2.0;100%;1007hPa;0.3km;SW;10.8km/h/3.0m/s;-;N/A;Fog;Fog;
2001/1/28;04:30;2.0;2.0;100%;1007hPa;0.4km;Variable;3.6km/h/1.0m/s;-;N/A;Fog;Fog;
2001/1/28;05:00;1.0;1.0;100%;1006hPa;0.3km;SE;7.2km/h/2.0m/s;-;N/A;Fog;Fog;
2001/1/28;05:30;1.0;1.0;100%;1006hPa;0.3km;WNW;3.6km/h/1.0m/s;-;N/A;Fog;Fog;
2001/1/28;06:00;1.0;1.0;100%;1006hPa;0.3km;NNW;3.6km/h/1.0m/s;-;N/A;Fog;Fog;
2001/1/28;06:30;1.0;1.0;100%;1006hPa;0.6km;NNE;3.6km/h/1.0m/s;-;N/A;Fog;Fog;
2001/1/28;07:00;1.0;1.0;100%;1006hPa;0.5km;Variable;7.2km/h/2.0m/s;-;N/A;Fog;Fog;
2001/1/28;07:30;1.0;1.0;100%;1007hPa;0.3km;Variable;3.6km/h/1.0m/s;-;N/A;Fog;Fog;
2001/1/28;08:00;1.0;1.0;100%;1007hPa;0.3km;Variable;3.6km/h/1.0m/s;-;N/A;Fog;Fog;
2001/1/28;08:30;2.0;2.0;100%;1007hPa;0.2km;Variable;3.6km/h/1.0m/s;-;N/A;Fog;Fog;
2001/1/28;09:00;1.0;1.0;100%;1007hPa;0.3km;Calm;Calm;-;N/A;Fog;Fog;
2001/1/28;09:30;2.0;2.0;100%;1008hPa;0.2km;South;7.2km/h/2.0m/s;-;N/A;Fog;LightDrizzle;
2001/1/28;10:00;2.0;2.0;100%;1008hPa;0.4km;Variable;3.6km/h/1.0m/s;-;N/A;Fog;Fog;
2001/1/28;10:30;2.0;2.0;100%;1008hPa;2.0km;Variable;7.2km/h/2.0m/s;-;N/A;;Overcast;
2001/1/28;11:00;2.0;2.0;100%;1008hPa;0.8km;Variable;3.6km/h/1.0m/s;-;N/A;;LightDrizzle;
2001/1/28;11:11;2.0;2.0;100%;1008hPa;3.0km;Variable;3.6km/h/1.0m/s;-;N/A;;LightDrizzle;
2001/1/28;11:30;2.0;2.0;100%;1008hPa;2.0km;Variable;7.2km/h/2.0m/s;-;N/A;;Overcast;
2001/1/28;12:00;2.0;2.0;100%;1008hPa;0.8km;Variable;3.6km/h/1.0m/s;-;N/A;Fog;Fog;
2001/1/28;12:30;2.0;2.0;100%;1008hPa;1.8km;Calm;Calm;-;N/A;;Overcast;
2001/1/28;13:00;2.0;2.0;100%;1007hPa;3.5km;Variable;3.6km/h/1.0m/s;-;N/A;;Overcast;
2001/1/28;13:30;2.0;2.0;100%;1007hPa;3.5km;Variable;3.6km/h/1.0m/s;-;N/A;;Overcast;
2001/1/28;14:00;2.0;2.0;100%;1008hPa;2.5km;Calm;Calm;-;N/A;;Overcast;
2001/1/28;14:30;2.0;2.0;100%;1008hPa;3.0km;NW;3.6km/h/1.0m/s;-;N/A;;Overcast;
2001/1/28;15:00;2.0;2.0;100%;1008hPa;3.5km;Variable;3.6km/h/1.0m/s;-;N/A;;Overcast;
2001/1/28;15:30;2.0;2.0;100%;1008hPa;2.9km;North;3.6km/h/1.0m/s;-;N/A;;Overcast;
2001/1/28;16:00;2.0;2.0;100%;1008hPa;2.3km;ENE;3.6km/h/1.0m/s;-;N/A;;Overcast;
2001/1/28;16:30;1.0;1.0;100%;1008hPa;1.7km;WNW;3.6km/h/1.0m/s;-;N/A;;Overcast;
2001/1/28;17:00;1.0;1.0;100%;1008hPa;2.0km;North;3.6km/h/1.0m/s;-;N/A;;Overcast;
2001/1/28;17:30;1.0;1.0;100%;1008hPa;3.5km;NNW;3.6km/h/1.0m/s;-;N/A;;Overcast;
2001/1/28;18:00;1.0;1.0;100%;1008hPa;-;Variable;3.6km/h/1.0m/s;-;N/A;;Overcast;
2001/1/28;18:30;1.0;1.0;100%;1008hPa;-;NNW;7.2km/h/2.0m/s;-;N/A;;Overcast;
2001/1/28;19:00;1.0;1.0;100%;1008hPa;4.0km;Calm;Calm;-;N/A;;Overcast;
2001/1/28;19:30;1.0;1.0;100%;1008hPa;-;Variable;3.6km/h/1.0m/s;-;N/A;;Overcast;
2001/1/28;20:00;1.0;1.0;100%;1009hPa;-;WNW;3.6km/h/1.0m/s;-;N/A;;Overcast;
2001/1/28;20:30;1.0;0.0;93%;1009hPa;3.0km;SSE;3.6km/h/1.0m/s;-;N/A;;Overcast;
2001/1/28;21:00;1.0;1.0;100%;1009hPa;2.5km;Calm;Calm;-;N/A;Rain;LightRain;
2001/1/28;21:30;1.0;1.0;100%;1009hPa;2.2km;NNW;3.6km/h/1.0m/s;-;N/A;;Overcast;
2001/1/28;22:00;1.0;1.0;100%;1009hPa;2.5km;North;7.2km/h/2.0m/s;-;N/A;Rain;LightRain;
2001/1/28;22:30;1.0;1.0;100%;1009hPa;1.4km;Calm;Calm;-;N/A;Rain;LightRain;
2001/1/28;23:00;1.0;1.0;100%;1009hPa;1.7km;Variable;3.6km/h/1.0m/s;-;N/A;Rain;LightRain;
2001/1/28;23:30;1.0;1.0;100%;1009hPa;1.7km;South;3.6km/h/1.0m/s;-;N/A;Rain;LightRain;
