2001/1/26;00:00;1.0;0.0;93%;1017hPa;10.0km;West;7.2km/h/2.0m/s;-;N/A;;Overcast;
2001/1/26;00:30;1.0;1.0;100%;1017hPa;10.0km;Variable;7.2km/h/2.0m/s;-;N/A;Rain,Snow;LightRain;
2001/1/26;01:00;1.0;0.0;93%;1017hPa;8.0km;Variable;3.6km/h/1.0m/s;-;N/A;Rain,Snow;LightRain;
2001/1/26;01:30;1.0;1.0;100%;1016hPa;6.0km;South;3.6km/h/1.0m/s;-;N/A;Rain,Snow;LightRain;
2001/1/26;02:00;1.0;1.0;100%;1016hPa;9.0km;West;3.6km/h/1.0m/s;-;N/A;Rain,Snow;LightRain;
2001/1/26;02:30;1.0;1.0;100%;1016hPa;9.0km;WSW;3.6km/h/1.0m/s;-;N/A;Rain,Snow;LightRain;
2001/1/26;03:00;1.0;1.0;100%;1016hPa;9.0km;SSW;3.6km/h/1.0m/s;-;N/A;Rain,Snow;LightRain;
2001/1/26;03:30;1.0;1.0;100%;1016hPa;8.0km;West;3.6km/h/1.0m/s;-;N/A;;Overcast;
2001/1/26;04:00;1.0;1.0;100%;1015hPa;8.0km;WSW;3.6km/h/1.0m/s;-;N/A;Rain,Snow;LightRain;
2001/1/26;04:30;1.0;1.0;100%;1015hPa;8.0km;ESE;3.6km/h/1.0m/s;-;N/A;Rain,Snow;LightRain;
2001/1/26;05:00;1.0;1.0;100%;1015hPa;1.0km;East;7.2km/h/2.0m/s;-;N/A;Rain,Snow;LightRain;
2001/1/26;05:30;1.0;1.0;100%;1014hPa;0.6km;SSE;7.2km/h/2.0m/s;-;N/A;Fog,Rain,Snow;LightRain;
2001/1/26;06:00;1.0;1.0;100%;1014hPa;0.8km;Variable;7.2km/h/2.0m/s;-;N/A;Fog,Rain;LightRain;
2001/1/26;06:30;1.0;1.0;100%;1014hPa;2.0km;SW;3.6km/h/1.0m/s;-;N/A;Rain;LightRain;
2001/1/26;07:00;1.0;1.0;100%;1014hPa;3.0km;SW;3.6km/h/1.0m/s;-;N/A;Rain;LightRain;
2001/1/26;07:30;1.0;1.0;100%;1014hPa;3.0km;Variable;3.6km/h/1.0m/s;-;N/A;Rain;LightRain;
2001/1/26;08:00;1.0;1.0;100%;1014hPa;2.8km;Variable;3.6km/h/1.0m/s;-;N/A;Rain;LightRain;
2001/1/26;08:30;1.0;1.0;100%;1014hPa;3.0km;Calm;Calm;-;N/A;Rain;LightRain;
2001/1/26;09:00;1.0;1.0;100%;1014hPa;1.2km;Variable;7.2km/h/2.0m/s;-;N/A;Rain;LightRain;
2001/1/26;09:30;1.0;1.0;100%;1014hPa;1.4km;Variable;3.6km/h/1.0m/s;-;N/A;Rain;LightRain;
2001/1/26;10:00;1.0;1.0;100%;1014hPa;0.7km;Variable;3.6km/h/1.0m/s;-;N/A;Fog,Rain;LightRain;
2001/1/26;10:30;1.0;1.0;100%;1014hPa;0.8km;Variable;3.6km/h/1.0m/s;-;N/A;Fog,Rain;LightRain;
2001/1/26;11:00;2.0;2.0;100%;1014hPa;2.0km;SSW;7.2km/h/2.0m/s;-;N/A;Rain;LightRain;
2001/1/26;11:30;2.0;2.0;100%;1014hPa;3.0km;SSW;14.4km/h/4.0m/s;-;N/A;Rain;LightRain;
2001/1/26;12:00;2.0;2.0;100%;1013hPa;2.0km;Variable;3.6km/h/1.0m/s;-;N/A;Rain;LightRain;
2001/1/26;12:30;2.0;2.0;100%;1013hPa;5.0km;WSW;7.2km/h/2.0m/s;-;N/A;Rain;LightRain;
2001/1/26;13:00;2.0;1.0;93%;1013hPa;3.5km;South;10.8km/h/3.0m/s;-;N/A;;Overcast;
2001/1/26;13:30;2.0;2.0;100%;1013hPa;3.0km;SW;10.8km/h/3.0m/s;-;N/A;;Overcast;
2001/1/26;14:00;2.0;2.0;100%;1013hPa;2.0km;WSW;10.8km/h/3.0m/s;-;N/A;Rain;LightRain;
2001/1/26;14:30;2.0;2.0;100%;1013hPa;1.4km;Calm;Calm;-;N/A;Rain;LightRain;
2001/1/26;15:00;2.0;2.0;100%;1013hPa;1.2km;Variable;3.6km/h/1.0m/s;-;N/A;Rain;LightRain;
2001/1/26;15:30;2.0;1.0;93%;1013hPa;0.8km;Calm;Calm;-;N/A;Fog,Rain;LightRain;
2001/1/26;16:00;2.0;1.0;93%;1013hPa;0.8km;Variable;3.6km/h/1.0m/s;-;N/A;Fog,Rain;LightRain;
2001/1/26;16:30;1.0;1.0;100%;1013hPa;0.4km;ENE;3.6km/h/1.0m/s;-;N/A;Fog,Rain;LightRain;
2001/1/26;17:00;1.0;1.0;100%;1013hPa;0.5km;ENE;3.6km/h/1.0m/s;-;N/A;Fog;LightDrizzle;
2001/1/26;17:30;1.0;1.0;100%;1012hPa;0.5km;Calm;Calm;-;N/A;Fog;LightDrizzle;
2001/1/26;18:00;1.0;1.0;100%;1012hPa;0.5km;Calm;Calm;-;N/A;Fog;LightDrizzle;
2001/1/26;18:30;1.0;1.0;100%;1012hPa;0.7km;NNW;3.6km/h/1.0m/s;-;N/A;Fog;LightDrizzle;
2001/1/26;19:00;1.0;1.0;100%;1012hPa;1.2km;NNW;3.6km/h/1.0m/s;-;N/A;;LightDrizzle;
2001/1/26;19:30;1.0;1.0;100%;1011hPa;0.7km;NNE;7.2km/h/2.0m/s;-;N/A;Fog;LightDrizzle;
2001/1/26;20:00;1.0;1.0;100%;1011hPa;3.0km;NNW;7.2km/h/2.0m/s;-;N/A;Rain;LightRain;
2001/1/26;20:30;2.0;2.0;100%;1011hPa;2.5km;Variable;3.6km/h/1.0m/s;-;N/A;Rain;LightRain;
2001/1/26;21:00;1.0;1.0;100%;1011hPa;2.5km;North;3.6km/h/1.0m/s;-;N/A;Rain;LightRain;
2001/1/26;21:30;1.0;1.0;100%;1010hPa;0.7km;NE;7.2km/h/2.0m/s;-;N/A;Fog,Rain;LightRain;
2001/1/26;22:00;1.0;1.0;100%;1010hPa;0.6km;Variable;3.6km/h/1.0m/s;-;N/A;Fog,Rain;LightRain;
2001/1/26;22:30;2.0;2.0;100%;1010hPa;2.2km;NNW;7.2km/h/2.0m/s;-;N/A;Rain;LightRain;
2001/1/26;23:00;1.0;1.0;100%;1009hPa;4.5km;NNW;7.2km/h/2.0m/s;-;N/A;Rain;LightRain;
2001/1/26;23:30;2.0;2.0;100%;1009hPa;5.0km;NNW;3.6km/h/1.0m/s;-;N/A;Rain;LightRain;
