2001/10/13;00:00;12.0;11.0;94%;1030hPa;-;Variable;3.6km/h/1.0m/s;-;N/A;;Clear;
2001/10/13;00:30;12.0;11.0;94%;1029hPa;10.0km;Calm;Calm;-;N/A;;ScatteredClouds;
2001/10/13;01:00;12.0;11.0;94%;1029hPa;10.0km;Calm;Calm;-;N/A;;MostlyCloudy;
2001/10/13;01:30;12.0;11.0;94%;1029hPa;10.0km;Calm;Calm;-;N/A;;MostlyCloudy;
2001/10/13;02:00;12.0;11.0;94%;1029hPa;10.0km;Calm;Calm;-;N/A;;MostlyCloudy;
2001/10/13;02:30;12.0;11.0;94%;1029hPa;10.0km;SSW;3.6km/h/1.0m/s;-;N/A;;MostlyCloudy;
2001/10/13;03:00;12.0;11.0;94%;1029hPa;10.0km;Calm;Calm;-;N/A;;MostlyCloudy;
2001/10/13;03:30;12.0;11.0;94%;1028hPa;10.0km;Calm;Calm;-;N/A;;MostlyCloudy;
2001/10/13;04:00;11.0;10.0;94%;1028hPa;10.0km;Calm;Calm;-;N/A;;ScatteredClouds;
2001/10/13;04:30;10.0;10.0;100%;1028hPa;10.0km;Calm;Calm;-;N/A;;PartlyCloudy;
2001/10/13;05:00;10.0;9.0;94%;1028hPa;10.0km;Variable;3.6km/h/1.0m/s;-;N/A;;PartlyCloudy;
2001/10/13;05:30;9.0;9.0;100%;1028hPa;10.0km;Calm;Calm;-;N/A;;PartlyCloudy;
2001/10/13;06:00;9.0;9.0;100%;1028hPa;8.0km;Calm;Calm;-;N/A;;PartlyCloudy;
2001/10/13;06:30;9.0;8.0;93%;1028hPa;3.0km;Calm;Calm;-;N/A;Fog;ShallowFog;
2001/10/13;07:00;9.0;8.0;93%;1028hPa;3.0km;North;3.6km/h/1.0m/s;-;N/A;Fog;PatchesofFog;
2001/10/13;07:30;9.0;9.0;100%;1028hPa;2.0km;North;7.2km/h/2.0m/s;-;N/A;Fog;PatchesofFog;
2001/10/13;08:00;9.0;9.0;100%;1028hPa;0.0km;NNE;3.6km/h/1.0m/s;-;N/A;Fog;Fog;
2001/10/13;08:30;10.0;10.0;100%;1029hPa;0.6km;North;3.6km/h/1.0m/s;-;N/A;Fog;Fog;
2001/10/13;09:00;11.0;11.0;100%;1029hPa;2.3km;Variable;7.2km/h/2.0m/s;-;N/A;;PartlyCloudy;
2001/10/13;09:30;12.0;11.0;94%;1029hPa;3.5km;Variable;3.6km/h/1.0m/s;-;N/A;;PartlyCloudy;
2001/10/13;10:00;14.0;11.0;82%;1029hPa;7.0km;Variable;3.6km/h/1.0m/s;-;N/A;;PartlyCloudy;
2001/10/13;10:30;15.0;12.0;82%;1029hPa;8.0km;Calm;Calm;-;N/A;;PartlyCloudy;
2001/10/13;11:00;15.0;12.0;82%;1029hPa;8.0km;Variable;3.6km/h/1.0m/s;-;N/A;;Clear;
2001/10/13;11:30;16.0;12.0;77%;1028hPa;6.0km;Variable;3.6km/h/1.0m/s;-;N/A;;ScatteredClouds;
2001/10/13;12:00;17.0;12.0;72%;1028hPa;5.0km;Calm;Calm;-;N/A;;PartlyCloudy;
2001/10/13;12:30;18.0;13.0;73%;1028hPa;6.0km;Variable;7.2km/h/2.0m/s;-;N/A;;PartlyCloudy;
2001/10/13;13:14;19.0;12.0;64%;1028hPa;8.0km;Variable;7.2km/h/2.0m/s;-;N/A;;PartlyCloudy;
2001/10/13;13:30;20.0;13.0;64%;1027hPa;10.0km;Variable;7.2km/h/2.0m/s;-;N/A;;PartlyCloudy;
2001/10/13;14:00;19.0;11.0;60%;1027hPa;10.0km;WSW;10.8km/h/3.0m/s;-;N/A;;PartlyCloudy;
2001/10/13;14:30;19.0;12.0;64%;1027hPa;10.0km;Variable;7.2km/h/2.0m/s;-;N/A;;PartlyCloudy;
2001/10/13;15:00;20.0;12.0;60%;1026hPa;10.0km;Variable;3.6km/h/1.0m/s;-;N/A;;PartlyCloudy;
2001/10/13;15:30;19.0;13.0;68%;1026hPa;-;Variable;7.2km/h/2.0m/s;-;N/A;;Clear;
2001/10/13;16:00;19.0;12.0;64%;1026hPa;-;Variable;3.6km/h/1.0m/s;-;N/A;;Clear;
2001/10/13;16:30;19.0;12.0;64%;1026hPa;-;Variable;7.2km/h/2.0m/s;-;N/A;;Clear;
2001/10/13;17:00;19.0;12.0;64%;1026hPa;-;Variable;3.6km/h/1.0m/s;-;N/A;;Clear;
2001/10/13;17:30;18.0;12.0;68%;1026hPa;-;Variable;3.6km/h/1.0m/s;-;N/A;;Clear;
2001/10/13;18:00;17.0;11.0;68%;1026hPa;-;Variable;3.6km/h/1.0m/s;-;N/A;;Clear;
2001/10/13;18:30;16.0;12.0;77%;1026hPa;-;Variable;3.6km/h/1.0m/s;-;N/A;;Clear;
2001/10/13;19:00;14.0;12.0;88%;1026hPa;-;Variable;3.6km/h/1.0m/s;-;N/A;;Clear;
2001/10/13;19:30;14.0;12.0;88%;1026hPa;-;Variable;3.6km/h/1.0m/s;-;N/A;;Clear;
2001/10/13;20:00;13.0;12.0;94%;1026hPa;-;NW;3.6km/h/1.0m/s;-;N/A;;Clear;
2001/10/13;20:30;12.0;11.0;94%;1026hPa;-;North;7.2km/h/2.0m/s;-;N/A;;Clear;
2001/10/13;21:00;12.0;11.0;94%;1026hPa;-;North;7.2km/h/2.0m/s;-;N/A;;Clear;
2001/10/13;21:30;12.0;11.0;94%;1026hPa;-;North;10.8km/h/3.0m/s;-;N/A;;Clear;
2001/10/13;22:30;12.0;11.0;94%;1026hPa;-;North;7.2km/h/2.0m/s;-;N/A;;Clear;
2001/10/13;23:00;11.0;11.0;100%;1026hPa;-;North;10.8km/h/3.0m/s;-;N/A;;Clear;
