2001/3/5;00:00;5.0;5.0;100%;1004hPa;2.0km;Variable;7.2km/h/2.0m/s;-;N/A;;Overcast;
2001/3/5;00:30;5.0;5.0;100%;1004hPa;2.2km;Variable;7.2km/h/2.0m/s;-;N/A;;Overcast;
2001/3/5;01:00;5.0;5.0;100%;1004hPa;-;West;10.8km/h/3.0m/s;-;N/A;;Overcast;
2001/3/5;01:30;5.0;5.0;100%;1004hPa;4.0km;WNW;7.2km/h/2.0m/s;-;N/A;;Overcast;
2001/3/5;02:00;5.0;5.0;100%;1004hPa;4.0km;Variable;3.6km/h/1.0m/s;-;N/A;Rain;LightRain;
2001/3/5;02:30;5.0;5.0;100%;1004hPa;5.0km;NW;7.2km/h/2.0m/s;-;N/A;Rain;LightRain;
2001/3/5;03:00;5.0;5.0;100%;1003hPa;4.0km;WNW;7.2km/h/2.0m/s;-;N/A;Rain;LightRain;
2001/3/5;03:30;5.0;5.0;100%;1003hPa;4.0km;Calm;Calm;-;N/A;Rain;LightRain;
2001/3/5;04:00;4.0;4.0;100%;1003hPa;5.0km;ESE;3.6km/h/1.0m/s;-;N/A;Rain;LightRain;
2001/3/5;04:30;5.0;4.0;93%;1003hPa;1.4km;SE;7.2km/h/2.0m/s;-;N/A;Rain;LightRain;
2001/3/5;05:00;4.0;4.0;100%;1003hPa;0.5km;SE;7.2km/h/2.0m/s;-;N/A;Fog,Rain;LightRain;
2001/3/5;05:30;4.0;4.0;100%;1003hPa;0.6km;Variable;3.6km/h/1.0m/s;-;N/A;Fog,Rain;LightRain;
2001/3/5;06:00;4.0;4.0;100%;1003hPa;0.8km;NNW;3.6km/h/1.0m/s;-;N/A;Rain;LightRain;
2001/3/5;06:30;4.0;4.0;100%;1003hPa;1.1km;North;7.2km/h/2.0m/s;-;N/A;Rain;LightRain;
2001/3/5;07:00;4.0;4.0;100%;1004hPa;1.5km;North;10.8km/h/3.0m/s;-;N/A;Rain;LightRain;
2001/3/5;07:30;4.0;4.0;100%;1004hPa;3.0km;North;10.8km/h/3.0m/s;-;N/A;Rain;LightRain;
2001/3/5;08:00;4.0;4.0;100%;1004hPa;3.5km;North;7.2km/h/2.0m/s;-;N/A;Rain;LightRain;
2001/3/5;08:30;5.0;5.0;100%;1004hPa;8.0km;NNE;14.4km/h/4.0m/s;-;N/A;Rain;LightRain;
2001/3/5;09:00;5.0;5.0;100%;1005hPa;8.0km;NNE;10.8km/h/3.0m/s;-;N/A;Rain;LightRain;
2001/3/5;09:30;6.0;5.0;93%;1005hPa;8.0km;North;21.6km/h/6.0m/s;-;N/A;;Overcast;
2001/3/5;10:00;6.0;4.0;87%;1005hPa;10.0km;North;25.2km/h/7.0m/s;-;N/A;Rain;LightRain;
2001/3/5;10:30;6.0;4.0;87%;1006hPa;10.0km;North;25.2km/h/7.0m/s;-;N/A;Rain;LightRain;
2001/3/5;11:00;6.0;4.0;87%;1006hPa;10.0km;North;25.2km/h/7.0m/s;-;N/A;Rain;LightRain;
2001/3/5;11:30;7.0;4.0;81%;1007hPa;10.0km;North;28.8km/h/8.0m/s;-;N/A;Rain;LightRain;
2001/3/5;12:00;7.0;3.0;76%;1007hPa;10.0km;North;25.2km/h/7.0m/s;-;N/A;;MostlyCloudy;
2001/3/5;12:30;7.0;4.0;81%;1008hPa;10.0km;North;25.2km/h/7.0m/s;-;N/A;;MostlyCloudy;
2001/3/5;13:00;7.0;4.0;81%;1008hPa;10.0km;North;21.6km/h/6.0m/s;-;N/A;;MostlyCloudy;
2001/3/5;13:30;8.0;4.0;76%;1008hPa;10.0km;North;18.0km/h/5.0m/s;-;N/A;;MostlyCloudy;
2001/3/5;14:00;8.0;3.0;71%;1009hPa;10.0km;North;10.8km/h/3.0m/s;-;N/A;;MostlyCloudy;
2001/3/5;14:30;8.0;4.0;76%;1009hPa;10.0km;Variable;7.2km/h/2.0m/s;-;N/A;;MostlyCloudy;
2001/3/5;15:00;9.0;6.0;82%;1009hPa;10.0km;NE;10.8km/h/3.0m/s;-;N/A;;ScatteredClouds;
2001/3/5;15:30;9.0;4.0;71%;1010hPa;10.0km;North;14.4km/h/4.0m/s;-;N/A;;MostlyCloudy;
2001/3/5;16:00;8.0;4.0;76%;1011hPa;10.0km;NE;14.4km/h/4.0m/s;-;N/A;;MostlyCloudy;
2001/3/5;16:30;7.0;4.0;81%;1012hPa;10.0km;NNE;10.8km/h/3.0m/s;-;N/A;;MostlyCloudy;
2001/3/5;17:00;8.0;3.0;71%;1012hPa;10.0km;NNE;21.6km/h/6.0m/s;-;N/A;;MostlyCloudy;
2001/3/5;17:30;6.0;2.0;76%;1013hPa;10.0km;NNE;28.8km/h/8.0m/s;-;N/A;;MostlyCloudy;
2001/3/5;18:00;5.0;1.0;76%;1014hPa;-;NNE;25.2km/h/7.0m/s;-;N/A;;Clear;
2001/3/5;18:30;5.0;-1.0;65%;1014hPa;-;North;39.6km/h/11.0m/s;-;N/A;;Clear;
2001/3/5;19:00;4.0;-1.0;70%;1015hPa;-;North;43.2km/h/12.0m/s;-;N/A;;Clear;
2001/3/5;19:30;4.0;-1.0;70%;1016hPa;-;North;32.4km/h/9.0m/s;-;N/A;;Clear;
2001/3/5;20:00;4.0;-2.0;65%;1016hPa;-;NNE;25.2km/h/7.0m/s;-;N/A;;Clear;
2001/3/5;20:30;4.0;-2.0;65%;1017hPa;-;North;25.2km/h/7.0m/s;46.8km/h/13.0m/s;N/A;;Clear;
2001/3/5;21:00;3.0;-2.0;70%;1018hPa;-;NNE;21.6km/h/6.0m/s;-;N/A;;Clear;
2001/3/5;21:30;2.0;-2.0;75%;1019hPa;-;NNE;18.0km/h/5.0m/s;-;N/A;;Clear;
2001/3/5;22:00;2.0;-1.0;81%;1019hPa;-;NNE;25.2km/h/7.0m/s;-;N/A;;Clear;
2001/3/5;22:30;2.0;-2.0;75%;1020hPa;10.0km;NNE;25.2km/h/7.0m/s;-;N/A;;ScatteredClouds;
2001/3/5;23:00;2.0;-2.0;75%;1020hPa;10.0km;NNE;28.8km/h/8.0m/s;-;N/A;;ScatteredClouds;
2001/3/5;23:30;2.0;-2.0;75%;1021hPa;10.0km;NNE;25.2km/h/7.0m/s;-;N/A;;ScatteredClouds;
