2001/3/3;00:00;0.0;-1.0;93%;1005hPa;5.0km;Variable;3.6km/h/1.0m/s;-;N/A;;Overcast;
2001/3/3;00:30;0.0;0.0;100%;1005hPa;5.0km;ESE;3.6km/h/1.0m/s;-;N/A;;Overcast;
2001/3/3;01:00;0.0;-1.0;93%;1005hPa;4.5km;SSE;3.6km/h/1.0m/s;-;N/A;;Overcast;
2001/3/3;01:30;0.0;0.0;100%;1004hPa;4.5km;Calm;Calm;-;N/A;;Overcast;
2001/3/3;02:00;0.0;0.0;100%;1004hPa;4.0km;ENE;3.6km/h/1.0m/s;-;N/A;;Overcast;
2001/3/3;02:30;0.0;0.0;100%;1003hPa;4.0km;NNE;3.6km/h/1.0m/s;-;N/A;;Overcast;
2001/3/3;03:00;0.0;0.0;100%;1003hPa;5.0km;North;3.6km/h/1.0m/s;-;N/A;;Overcast;
2001/3/3;03:30;0.0;0.0;100%;1002hPa;1.6km;North;3.6km/h/1.0m/s;-;N/A;Snow;Snow;
2001/3/3;04:00;0.0;0.0;100%;1002hPa;1.8km;Variable;3.6km/h/1.0m/s;-;N/A;Snow;LightSnow;
2001/3/3;04:30;0.0;0.0;100%;1001hPa;2.0km;SE;7.2km/h/2.0m/s;-;N/A;Snow;LightSnow;
2001/3/3;05:00;0.0;0.0;100%;1000hPa;5.0km;SE;10.8km/h/3.0m/s;-;N/A;Rain,Snow;LightRain;
2001/3/3;05:30;1.0;0.0;93%;1000hPa;7.0km;SE;10.8km/h/3.0m/s;-;N/A;Rain,Snow;LightRain;
2001/3/3;06:00;1.0;0.0;93%;1000hPa;2.6km;SSE;14.4km/h/4.0m/s;-;N/A;Rain,Snow;LightRain;
2001/3/3;06:30;0.0;0.0;100%;1000hPa;1.8km;SSE;7.2km/h/2.0m/s;-;N/A;Snow;LightSnow;
2001/3/3;07:00;0.0;0.0;100%;999hPa;1.5km;Variable;3.6km/h/1.0m/s;-;N/A;Snow;LightSnow;
2001/3/3;07:30;0.0;0.0;100%;999hPa;1.0km;Variable;3.6km/h/1.0m/s;-;N/A;Snow;Snow;
2001/3/3;08:00;0.0;0.0;100%;998hPa;1.0km;ESE;7.2km/h/2.0m/s;-;N/A;Snow;Snow;
2001/3/3;08:30;0.0;0.0;100%;998hPa;1.8km;Variable;7.2km/h/2.0m/s;-;N/A;Snow;LightSnow;
2001/3/3;09:00;0.0;0.0;100%;998hPa;2.5km;North;7.2km/h/2.0m/s;-;N/A;Snow;LightSnow;
2001/3/3;09:30;0.0;0.0;100%;997hPa;2.6km;Variable;7.2km/h/2.0m/s;-;N/A;Snow;LightSnow;
2001/3/3;10:00;1.0;0.0;93%;996hPa;2.7km;NNW;7.2km/h/2.0m/s;-;N/A;Snow;LightSnow;
2001/3/3;10:30;1.0;0.0;93%;996hPa;2.9km;North;10.8km/h/3.0m/s;-;N/A;Snow;LightSnow;
2001/3/3;11:00;1.0;0.0;93%;996hPa;-;North;10.8km/h/3.0m/s;-;N/A;Snow;LightSnow;
2001/3/3;11:30;1.0;1.0;100%;995hPa;-;North;10.8km/h/3.0m/s;-;N/A;Rain;LightRain;
2001/3/3;12:00;1.0;1.0;100%;995hPa;2.8km;NNW;14.4km/h/4.0m/s;-;N/A;Rain;LightRain;
2001/3/3;12:30;1.0;1.0;100%;995hPa;5.0km;North;18.0km/h/5.0m/s;-;N/A;Rain;LightRain;
2001/3/3;13:00;1.0;1.0;100%;995hPa;5.0km;North;14.4km/h/4.0m/s;-;N/A;Rain;LightRain;
2001/3/3;13:30;1.0;1.0;100%;995hPa;5.0km;North;10.8km/h/3.0m/s;-;N/A;Rain;LightRain;
2001/3/3;14:00;2.0;1.0;93%;994hPa;3.5km;North;7.2km/h/2.0m/s;-;N/A;Rain;LightRain;
2001/3/3;14:30;2.0;1.0;93%;995hPa;5.0km;NNW;7.2km/h/2.0m/s;-;N/A;;LightDrizzle;
2001/3/3;15:00;2.0;1.0;93%;995hPa;4.0km;NNW;3.6km/h/1.0m/s;-;N/A;;LightDrizzle;
2001/3/3;15:30;2.0;2.0;100%;995hPa;2.7km;Variable;3.6km/h/1.0m/s;-;N/A;;LightDrizzle;
2001/3/3;16:00;2.0;2.0;100%;995hPa;2.2km;Variable;3.6km/h/1.0m/s;-;N/A;;LightDrizzle;
2001/3/3;16:30;2.0;2.0;100%;995hPa;2.0km;Variable;3.6km/h/1.0m/s;-;N/A;Fog;Overcast;
2001/3/3;17:00;2.0;2.0;100%;995hPa;2.0km;NW;3.6km/h/1.0m/s;-;N/A;Fog;Overcast;
2001/3/3;17:30;2.0;2.0;100%;996hPa;2.0km;Calm;Calm;-;N/A;Fog;Overcast;
2001/3/3;18:00;1.0;1.0;100%;996hPa;2.0km;South;3.6km/h/1.0m/s;-;N/A;Fog;Overcast;
2001/3/3;18:30;1.0;1.0;100%;996hPa;2.5km;Calm;Calm;-;N/A;Fog;Overcast;
2001/3/3;19:00;2.0;2.0;100%;996hPa;2.0km;Calm;Calm;-;N/A;;Overcast;
2001/3/3;19:30;2.0;2.0;100%;997hPa;2.0km;North;3.6km/h/1.0m/s;-;N/A;;Overcast;
2001/3/3;20:00;2.0;2.0;100%;997hPa;2.0km;WNW;7.2km/h/2.0m/s;-;N/A;;Overcast;
2001/3/3;20:30;2.0;1.0;93%;998hPa;3.0km;North;7.2km/h/2.0m/s;-;N/A;;Overcast;
2001/3/3;21:00;2.0;2.0;100%;998hPa;3.5km;North;10.8km/h/3.0m/s;-;N/A;;Overcast;
2001/3/3;21:30;2.0;2.0;100%;998hPa;6.0km;North;10.8km/h/3.0m/s;-;N/A;;Overcast;
2001/3/3;22:00;2.0;1.0;93%;999hPa;6.0km;North;7.2km/h/2.0m/s;-;N/A;Rain;LightRain;
2001/3/3;22:30;2.0;1.0;93%;999hPa;8.0km;Variable;3.6km/h/1.0m/s;-;N/A;Rain;LightRain;
2001/3/3;23:00;2.0;1.0;93%;999hPa;8.0km;NNE;7.2km/h/2.0m/s;-;N/A;;ScatteredClouds;
2001/3/3;23:30;2.0;1.0;93%;1000hPa;8.0km;NNW;3.6km/h/1.0m/s;-;N/A;;MostlyCloudy;
