2001/10/18;00:00;11.0;11.0;100%;1025hPa;0.5km;Variable;3.6km/h/1.0m/s;-;N/A;Fog;Fog;
2001/10/18;00:30;11.0;11.0;100%;1024hPa;0.6km;East;3.6km/h/1.0m/s;-;N/A;Fog;Fog;
2001/10/18;01:00;11.0;11.0;100%;1024hPa;0.7km;Variable;3.6km/h/1.0m/s;-;N/A;Fog;Fog;
2001/10/18;01:30;11.0;11.0;100%;1024hPa;2.2km;Variable;3.6km/h/1.0m/s;-;N/A;;Overcast;
2001/10/18;02:00;11.0;11.0;100%;1024hPa;1.2km;Calm;Calm;-;N/A;;Overcast;
2001/10/18;02:30;11.0;11.0;100%;1024hPa;1.5km;East;7.2km/h/2.0m/s;-;N/A;;Overcast;
2001/10/18;03:00;11.0;11.0;100%;1024hPa;1.5km;East;7.2km/h/2.0m/s;-;N/A;;LightDrizzle;
2001/10/18;03:30;11.0;11.0;100%;1024hPa;1.5km;Variable;3.6km/h/1.0m/s;-;N/A;;Overcast;
2001/10/18;04:00;11.0;11.0;100%;1023hPa;1.5km;Variable;3.6km/h/1.0m/s;-;N/A;;LightDrizzle;
2001/10/18;04:30;11.0;11.0;100%;1023hPa;1.2km;East;3.6km/h/1.0m/s;-;N/A;;LightDrizzle;
2001/10/18;05:00;11.0;11.0;100%;1023hPa;1.2km;East;3.6km/h/1.0m/s;-;N/A;;Overcast;
2001/10/18;05:30;11.0;11.0;100%;1023hPa;1.5km;ENE;3.6km/h/1.0m/s;-;N/A;;LightDrizzle;
2001/10/18;06:00;11.0;11.0;100%;1023hPa;1.5km;Variable;3.6km/h/1.0m/s;-;N/A;;LightDrizzle;
2001/10/18;06:30;11.0;11.0;100%;1023hPa;1.0km;East;3.6km/h/1.0m/s;-;N/A;;LightDrizzle;
2001/10/18;07:00;11.0;11.0;100%;1023hPa;0.8km;Variable;3.6km/h/1.0m/s;-;N/A;Fog;LightDrizzle;
2001/10/18;07:30;11.0;11.0;100%;1023hPa;0.8km;East;3.6km/h/1.0m/s;-;N/A;Fog;LightDrizzle;
2001/10/18;08:00;11.0;11.0;100%;1023hPa;0.8km;Variable;3.6km/h/1.0m/s;-;N/A;Fog;LightDrizzle;
2001/10/18;08:30;11.0;11.0;100%;1023hPa;1.5km;ENE;3.6km/h/1.0m/s;-;N/A;;LightDrizzle;
2001/10/18;09:00;11.0;11.0;100%;1023hPa;1.8km;Calm;Calm;-;N/A;;LightDrizzle;
2001/10/18;09:30;11.0;11.0;100%;1023hPa;3.0km;Variable;3.6km/h/1.0m/s;-;N/A;;LightDrizzle;
2001/10/18;10:00;11.0;11.0;100%;1023hPa;4.5km;NNW;3.6km/h/1.0m/s;-;N/A;;Overcast;
2001/10/18;10:30;12.0;11.0;94%;1023hPa;5.0km;Calm;Calm;-;N/A;;Overcast;
2001/10/18;11:00;12.0;11.0;94%;1023hPa;5.0km;Calm;Calm;-;N/A;;Overcast;
2001/10/18;11:30;12.0;11.0;94%;1023hPa;5.0km;Variable;3.6km/h/1.0m/s;-;N/A;;Overcast;
2001/10/18;12:00;12.0;11.0;94%;1022hPa;5.0km;Variable;7.2km/h/2.0m/s;-;N/A;;Overcast;
2001/10/18;12:30;12.0;11.0;94%;1022hPa;4.0km;Variable;7.2km/h/2.0m/s;-;N/A;;Overcast;
2001/10/18;13:00;12.0;11.0;94%;1022hPa;4.0km;South;7.2km/h/2.0m/s;-;N/A;;Overcast;
2001/10/18;13:30;12.0;11.0;94%;1022hPa;4.0km;South;7.2km/h/2.0m/s;-;N/A;;Overcast;
2001/10/18;14:00;12.0;11.0;94%;1022hPa;4.0km;Variable;3.6km/h/1.0m/s;-;N/A;;Overcast;
2001/10/18;14:30;12.0;11.0;94%;1021hPa;4.0km;Variable;3.6km/h/1.0m/s;-;N/A;;Overcast;
2001/10/18;15:00;12.0;11.0;94%;1021hPa;5.0km;Variable;3.6km/h/1.0m/s;-;N/A;;Overcast;
2001/10/18;15:30;13.0;11.0;88%;1021hPa;5.0km;Calm;Calm;-;N/A;;Overcast;
2001/10/18;16:00;13.0;10.0;82%;1021hPa;5.0km;Calm;Calm;-;N/A;;Overcast;
2001/10/18;17:00;12.0;11.0;94%;1021hPa;5.0km;Variable;3.6km/h/1.0m/s;-;N/A;;Overcast;
2001/10/18;17:30;12.0;11.0;94%;1021hPa;4.5km;SSE;3.6km/h/1.0m/s;-;N/A;;Overcast;
2001/10/18;18:00;12.0;11.0;94%;1021hPa;4.0km;SSE;3.6km/h/1.0m/s;-;N/A;;Overcast;
2001/10/18;18:30;12.0;11.0;94%;1021hPa;3.5km;SSE;3.6km/h/1.0m/s;-;N/A;;Overcast;
2001/10/18;19:00;12.0;11.0;94%;1021hPa;4.0km;SE;7.2km/h/2.0m/s;-;N/A;;Overcast;
2001/10/18;19:30;12.0;11.0;94%;1021hPa;4.0km;SSE;3.6km/h/1.0m/s;-;N/A;;Overcast;
2001/10/18;20:00;12.0;11.0;94%;1021hPa;4.0km;Variable;3.6km/h/1.0m/s;-;N/A;;Overcast;
2001/10/18;20:30;12.0;11.0;94%;1021hPa;4.0km;South;3.6km/h/1.0m/s;-;N/A;;Overcast;
2001/10/18;21:00;12.0;11.0;94%;1020hPa;4.0km;South;3.6km/h/1.0m/s;-;N/A;;Overcast;
2001/10/18;21:30;12.0;11.0;94%;1021hPa;4.0km;Calm;Calm;-;N/A;;Overcast;
2001/10/18;22:00;12.0;11.0;94%;1021hPa;3.5km;Calm;Calm;-;N/A;;Overcast;
2001/10/18;22:30;11.0;11.0;100%;1020hPa;3.0km;ESE;3.6km/h/1.0m/s;-;N/A;;Overcast;
2001/10/18;23:00;11.0;11.0;100%;1020hPa;3.0km;SSE;3.6km/h/1.0m/s;-;N/A;;Overcast;
2001/10/18;23:30;11.0;11.0;100%;1020hPa;3.0km;South;3.6km/h/1.0m/s;-;N/A;;Overcast;
