2001/5/11;00:00;16.0;8.0;59%;1014hPa;-;North;10.8km/h/3.0m/s;-;N/A;;Clear;
2001/5/11;00:30;15.0;8.0;63%;1014hPa;-;Variable;3.6km/h/1.0m/s;-;N/A;;Clear;
2001/5/11;01:00;13.0;8.0;72%;1014hPa;-;Variable;7.2km/h/2.0m/s;-;N/A;;Clear;
2001/5/11;01:30;15.0;7.0;59%;1014hPa;-;Variable;3.6km/h/1.0m/s;-;N/A;;Clear;
2001/5/11;02:00;15.0;7.0;59%;1014hPa;-;Variable;3.6km/h/1.0m/s;-;N/A;;Clear;
2001/5/11;02:30;15.0;7.0;59%;1014hPa;-;Calm;Calm;-;N/A;;Clear;
2001/5/11;03:00;11.0;7.0;76%;1014hPa;-;SSW;3.6km/h/1.0m/s;-;N/A;;Clear;
2001/5/11;03:30;13.0;7.0;67%;1013hPa;-;Variable;3.6km/h/1.0m/s;-;N/A;;Clear;
2001/5/11;04:00;12.0;7.0;72%;1013hPa;-;Variable;3.6km/h/1.0m/s;-;N/A;;Clear;
2001/5/11;04:30;13.0;7.0;67%;1013hPa;-;Calm;Calm;-;N/A;;Clear;
2001/5/11;05:00;14.0;7.0;63%;1013hPa;-;Variable;7.2km/h/2.0m/s;-;N/A;;Clear;
2001/5/11;05:30;14.0;7.0;63%;1013hPa;-;North;18.0km/h/5.0m/s;-;N/A;;Clear;
2001/5/11;06:00;14.0;7.0;63%;1013hPa;-;North;18.0km/h/5.0m/s;-;N/A;;Clear;
2001/5/11;06:30;14.0;7.0;63%;1013hPa;-;North;10.8km/h/3.0m/s;-;N/A;;Clear;
2001/5/11;07:00;14.0;8.0;67%;1013hPa;-;NW;3.6km/h/1.0m/s;-;N/A;;Clear;
2001/5/11;07:30;14.0;8.0;67%;1013hPa;10.0km;NNW;7.2km/h/2.0m/s;-;N/A;;MostlyCloudy;
2001/5/11;08:00;14.0;7.0;63%;1013hPa;10.0km;North;18.0km/h/5.0m/s;-;N/A;;MostlyCloudy;
2001/5/11;08:30;15.0;7.0;59%;1013hPa;10.0km;North;18.0km/h/5.0m/s;-;N/A;;MostlyCloudy;
2001/5/11;09:00;15.0;7.0;59%;1013hPa;10.0km;North;18.0km/h/5.0m/s;-;N/A;;MostlyCloudy;
2001/5/11;09:30;15.0;7.0;59%;1013hPa;10.0km;North;25.2km/h/7.0m/s;-;N/A;;MostlyCloudy;
2001/5/11;10:00;15.0;6.0;55%;1012hPa;10.0km;North;25.2km/h/7.0m/s;-;N/A;;MostlyCloudy;
2001/5/11;11:00;16.0;7.0;55%;1012hPa;10.0km;NNW;25.2km/h/7.0m/s;43.2km/h/12.0m/s;N/A;;MostlyCloudy;
2001/5/11;11:30;17.0;7.0;52%;1012hPa;10.0km;NNW;21.6km/h/6.0m/s;-;N/A;;MostlyCloudy;
2001/5/11;12:00;17.0;6.0;48%;1012hPa;10.0km;North;28.8km/h/8.0m/s;-;N/A;;MostlyCloudy;
2001/5/11;12:30;16.0;5.0;48%;1012hPa;10.0km;North;28.8km/h/8.0m/s;-;N/A;;MostlyCloudy;
2001/5/11;13:00;16.0;5.0;48%;1012hPa;10.0km;North;28.8km/h/8.0m/s;-;N/A;;MostlyCloudy;
2001/5/11;13:30;17.0;5.0;45%;1012hPa;10.0km;North;28.8km/h/8.0m/s;46.8km/h/13.0m/s;N/A;;ScatteredClouds;
2001/5/11;14:00;18.0;5.0;42%;1011hPa;10.0km;North;32.4km/h/9.0m/s;50.4km/h/14.0m/s;N/A;;ScatteredClouds;
2001/5/11;14:30;18.0;5.0;42%;1011hPa;10.0km;North;28.8km/h/8.0m/s;-;N/A;;ScatteredClouds;
2001/5/11;15:00;18.0;4.0;40%;1011hPa;10.0km;North;36.0km/h/10.0m/s;-;N/A;;MostlyCloudy;
2001/5/11;15:30;17.0;5.0;45%;1011hPa;10.0km;North;25.2km/h/7.0m/s;-;N/A;;ScatteredClouds;
2001/5/11;16:00;18.0;5.0;42%;1011hPa;10.0km;North;28.8km/h/8.0m/s;-;N/A;;MostlyCloudy;
2001/5/11;16:30;17.0;5.0;45%;1011hPa;10.0km;North;25.2km/h/7.0m/s;-;N/A;;MostlyCloudy;
2001/5/11;17:00;17.0;5.0;45%;1011hPa;-;North;25.2km/h/7.0m/s;-;N/A;;Clear;
2001/5/11;17:30;17.0;4.0;42%;1011hPa;-;North;28.8km/h/8.0m/s;-;N/A;;Clear;
2001/5/11;18:00;17.0;4.0;42%;1011hPa;-;North;32.4km/h/9.0m/s;-;N/A;;Clear;
2001/5/11;18:30;17.0;3.0;39%;1011hPa;10.0km;North;32.4km/h/9.0m/s;-;N/A;;ScatteredClouds;
2001/5/11;19:00;16.0;3.0;42%;1011hPa;10.0km;North;28.8km/h/8.0m/s;-;N/A;;ScatteredClouds;
2001/5/11;19:30;16.0;3.0;42%;1011hPa;10.0km;North;21.6km/h/6.0m/s;-;N/A;;ScatteredClouds;
2001/5/11;20:00;15.0;3.0;45%;1012hPa;-;North;21.6km/h/6.0m/s;-;N/A;;Clear;
2001/5/11;20:30;14.0;3.0;48%;1012hPa;-;NNE;21.6km/h/6.0m/s;-;N/A;;Clear;
2001/5/11;21:00;14.0;3.0;48%;1013hPa;-;North;25.2km/h/7.0m/s;-;N/A;;Clear;
2001/5/11;21:30;13.0;3.0;51%;1013hPa;-;North;21.6km/h/6.0m/s;-;N/A;;Clear;
2001/5/11;22:00;13.0;2.0;47%;1013hPa;-;North;14.4km/h/4.0m/s;-;N/A;;Clear;
2001/5/11;22:30;13.0;2.0;47%;1013hPa;-;North;18.0km/h/5.0m/s;-;N/A;;Clear;
2001/5/11;23:00;13.0;2.0;47%;1013hPa;-;North;21.6km/h/6.0m/s;-;N/A;;Clear;
2001/5/11;23:30;12.0;2.0;51%;1013hPa;-;NNE;14.4km/h/4.0m/s;-;N/A;;Clear;
