2001/11/2;00:00;5.0;-1.0;65%;1027hPa;10.0km;Variable;7.2km/h/2.0m/s;-;N/A;;PartlyCloudy;
2001/11/2;00:30;6.0;-1.0;61%;1027hPa;-;Variable;7.2km/h/2.0m/s;-;N/A;;Clear;
2001/11/2;01:00;6.0;-1.0;61%;1027hPa;-;West;10.8km/h/3.0m/s;-;N/A;;Clear;
2001/11/2;01:30;5.0;-1.0;65%;1028hPa;-;Variable;3.6km/h/1.0m/s;-;N/A;;Clear;
2001/11/2;02:00;5.0;-1.0;65%;1028hPa;-;Variable;7.2km/h/2.0m/s;-;N/A;;Clear;
2001/11/2;02:30;6.0;-1.0;61%;1028hPa;-;WNW;18.0km/h/5.0m/s;-;N/A;;Clear;
2001/11/2;03:00;6.0;-2.0;57%;1028hPa;-;NNW;10.8km/h/3.0m/s;-;N/A;;Clear;
2001/11/2;03:30;5.0;-2.0;61%;1028hPa;-;NNW;7.2km/h/2.0m/s;-;N/A;;Clear;
2001/11/2;04:00;5.0;-1.0;65%;1029hPa;10.0km;NNW;7.2km/h/2.0m/s;-;N/A;;PartlyCloudy;
2001/11/2;04:30;5.0;-1.0;65%;1029hPa;-;Variable;7.2km/h/2.0m/s;-;N/A;;Clear;
2001/11/2;05:00;5.0;-1.0;65%;1029hPa;10.0km;Variable;3.6km/h/1.0m/s;-;N/A;;MostlyCloudy;
2001/11/2;05:30;4.0;-1.0;70%;1029hPa;10.0km;WNW;7.2km/h/2.0m/s;-;N/A;;ScatteredClouds;
2001/11/2;06:00;3.0;-1.0;75%;1029hPa;10.0km;NNW;10.8km/h/3.0m/s;-;N/A;;ScatteredClouds;
2001/11/2;06:30;3.0;-1.0;75%;1030hPa;10.0km;NW;7.2km/h/2.0m/s;-;N/A;;PartlyCloudy;
2001/11/2;07:00;2.0;-1.0;81%;1030hPa;10.0km;Variable;7.2km/h/2.0m/s;-;N/A;;PartlyCloudy;
2001/11/2;07:30;3.0;0.0;81%;1030hPa;10.0km;Variable;3.6km/h/1.0m/s;-;N/A;;PartlyCloudy;
2001/11/2;08:00;5.0;1.0;76%;1030hPa;10.0km;Calm;Calm;-;N/A;;PartlyCloudy;
2001/11/2;08:30;7.0;1.0;66%;1031hPa;10.0km;Variable;3.6km/h/1.0m/s;-;N/A;;PartlyCloudy;
2001/11/2;09:00;8.0;2.0;66%;1031hPa;10.0km;Variable;3.6km/h/1.0m/s;-;N/A;;PartlyCloudy;
2001/11/2;09:30;7.0;0.0;61%;1031hPa;10.0km;Variable;3.6km/h/1.0m/s;-;N/A;;ScatteredClouds;
2001/11/2;10:00;8.0;-2.0;50%;1031hPa;10.0km;North;28.8km/h/8.0m/s;-;N/A;;ScatteredClouds;
2001/11/2;10:30;8.0;0.0;57%;1031hPa;10.0km;North;25.2km/h/7.0m/s;-;N/A;;ScatteredClouds;
2001/11/2;11:00;8.0;-2.0;50%;1031hPa;10.0km;North;25.2km/h/7.0m/s;-;N/A;;ScatteredClouds;
2001/11/2;11:30;8.0;-1.0;53%;1031hPa;10.0km;North;28.8km/h/8.0m/s;-;N/A;;ScatteredClouds;
2001/11/2;12:00;8.0;-1.0;53%;1031hPa;10.0km;North;28.8km/h/8.0m/s;-;N/A;;ScatteredClouds;
2001/11/2;12:30;9.0;-2.0;46%;1031hPa;10.0km;NNW;25.2km/h/7.0m/s;-;N/A;;ScatteredClouds;
2001/11/2;13:00;9.0;-3.0;43%;1031hPa;10.0km;North;36.0km/h/10.0m/s;-;N/A;;ScatteredClouds;
2001/11/2;13:30;8.0;-2.0;50%;1031hPa;10.0km;NNW;28.8km/h/8.0m/s;-;N/A;;ScatteredClouds;
2001/11/2;14:00;8.0;-3.0;46%;1031hPa;10.0km;NNW;28.8km/h/8.0m/s;-;N/A;;ScatteredClouds;
2001/11/2;14:30;8.0;-4.0;43%;1031hPa;10.0km;NNW;28.8km/h/8.0m/s;54.0km/h/15.0m/s;N/A;;ScatteredClouds;
2001/11/2;15:00;8.0;-4.0;43%;1031hPa;-;NNW;25.2km/h/7.0m/s;-;N/A;;Clear;
2001/11/2;15:30;7.0;-4.0;46%;1031hPa;-;NNW;21.6km/h/6.0m/s;-;N/A;;Clear;
2001/11/2;16:00;7.0;-5.0;43%;1031hPa;-;North;18.0km/h/5.0m/s;-;N/A;;Clear;
2001/11/2;16:30;6.0;-5.0;46%;1032hPa;-;NNW;18.0km/h/5.0m/s;-;N/A;;Clear;
2001/11/2;17:00;6.0;-5.0;46%;1032hPa;-;North;18.0km/h/5.0m/s;-;N/A;;Clear;
2001/11/2;17:30;6.0;-5.0;46%;1032hPa;-;North;25.2km/h/7.0m/s;-;N/A;;Clear;
2001/11/2;18:00;5.0;-5.0;49%;1033hPa;-;North;21.6km/h/6.0m/s;-;N/A;;Clear;
2001/11/2;18:30;5.0;-5.0;49%;1033hPa;-;North;21.6km/h/6.0m/s;-;N/A;;Clear;
2001/11/2;19:00;5.0;-5.0;49%;1033hPa;-;North;21.6km/h/6.0m/s;-;N/A;;Clear;
2001/11/2;19:30;5.0;-5.0;49%;1033hPa;-;North;10.8km/h/3.0m/s;-;N/A;;Clear;
2001/11/2;20:00;3.0;-5.0;56%;1034hPa;-;Variable;7.2km/h/2.0m/s;-;N/A;;Clear;
2001/11/2;20:30;4.0;-5.0;52%;1034hPa;-;North;21.6km/h/6.0m/s;-;N/A;;Clear;
2001/11/2;21:00;4.0;-5.0;52%;1034hPa;-;North;14.4km/h/4.0m/s;-;N/A;;Clear;
2001/11/2;21:30;3.0;-5.0;56%;1034hPa;-;Variable;3.6km/h/1.0m/s;-;N/A;;Clear;
2001/11/2;22:00;2.0;-5.0;60%;1034hPa;-;NNE;10.8km/h/3.0m/s;-;N/A;;Clear;
2001/11/2;22:30;2.0;-5.0;60%;1035hPa;-;Variable;7.2km/h/2.0m/s;-;N/A;;Clear;
2001/11/2;23:00;1.0;-4.0;70%;1035hPa;-;Variable;3.6km/h/1.0m/s;-;N/A;;Clear;
2001/11/2;23:30;0.0;-4.0;75%;1035hPa;-;West;7.2km/h/2.0m/s;-;N/A;;Clear;
