2001/1/27;00:00;2.0;2.0;100%;1009hPa;4.0km;North;7.2km/h/2.0m/s;-;N/A;Rain;LightRain;
2001/1/27;00:30;2.0;2.0;100%;1009hPa;6.0km;North;3.6km/h/1.0m/s;-;N/A;Rain;LightRain;
2001/1/27;01:00;1.0;1.0;100%;1009hPa;7.0km;WNW;3.6km/h/1.0m/s;-;N/A;Rain;LightRain;
2001/1/27;01:30;1.0;1.0;100%;1008hPa;8.0km;WSW;3.6km/h/1.0m/s;-;N/A;Rain;LightRain;
2001/1/27;02:00;1.0;1.0;100%;1008hPa;3.0km;SSW;3.6km/h/1.0m/s;-;N/A;Rain;LightRain;
2001/1/27;02:30;1.0;1.0;100%;1008hPa;1.2km;Calm;Calm;-;N/A;Rain;LightRain;
2001/1/27;03:00;1.0;1.0;100%;1008hPa;0.7km;South;3.6km/h/1.0m/s;-;N/A;Fog,Rain;LightRain;
2001/1/27;03:30;1.0;1.0;100%;1007hPa;0.8km;Variable;3.6km/h/1.0m/s;-;N/A;Fog;LightDrizzle;
2001/1/27;04:00;1.0;1.0;100%;1007hPa;0.8km;SSE;3.6km/h/1.0m/s;-;N/A;Fog;LightDrizzle;
2001/1/27;04:30;1.0;1.0;100%;1007hPa;0.9km;Calm;Calm;-;N/A;Fog;LightDrizzle;
2001/1/27;05:00;1.0;1.0;100%;1007hPa;1.0km;Calm;Calm;-;N/A;Fog;LightDrizzle;
2001/1/27;05:30;1.0;1.0;100%;1007hPa;1.7km;Variable;3.6km/h/1.0m/s;-;N/A;Rain;LightRain;
2001/1/27;06:00;1.0;1.0;100%;1007hPa;1.5km;Variable;7.2km/h/2.0m/s;-;N/A;Rain;LightRain;
2001/1/27;06:30;1.0;1.0;100%;1007hPa;0.7km;South;7.2km/h/2.0m/s;-;N/A;;Overcast;
2001/1/27;07:00;1.0;1.0;100%;1007hPa;0.3km;SW;7.2km/h/2.0m/s;-;N/A;Fog;Fog;
2001/1/27;07:30;1.0;1.0;100%;1007hPa;0.2km;SSW;7.2km/h/2.0m/s;-;N/A;Fog;Fog;
2001/1/27;08:00;1.0;1.0;100%;1007hPa;0.1km;SSW;7.2km/h/2.0m/s;-;N/A;Fog;Fog;
2001/1/27;08:30;1.0;1.0;100%;1007hPa;0.1km;South;10.8km/h/3.0m/s;-;N/A;Fog;Fog;
2001/1/27;09:00;1.0;1.0;100%;1007hPa;0.2km;SW;7.2km/h/2.0m/s;-;N/A;Fog;Fog;
2001/1/27;09:30;1.0;1.0;100%;1007hPa;0.3km;SW;10.8km/h/3.0m/s;-;N/A;Fog;LightDrizzle;
2001/1/27;10:00;1.0;1.0;100%;1008hPa;1.0km;SW;10.8km/h/3.0m/s;-;N/A;;Overcast;
2001/1/27;10:30;2.0;2.0;100%;1007hPa;1.2km;SSW;7.2km/h/2.0m/s;-;N/A;;Overcast;
2001/1/27;11:00;2.0;2.0;100%;1007hPa;2.4km;WSW;10.8km/h/3.0m/s;-;N/A;;Overcast;
2001/1/27;11:30;2.0;2.0;100%;1007hPa;3.0km;WSW;7.2km/h/2.0m/s;-;N/A;;Overcast;
2001/1/27;12:00;3.0;3.0;100%;1007hPa;3.5km;Variable;3.6km/h/1.0m/s;-;N/A;;Overcast;
2001/1/27;12:30;3.0;2.0;93%;1006hPa;3.5km;Variable;7.2km/h/2.0m/s;-;N/A;;MostlyCloudy;
2001/1/27;13:00;3.0;2.0;93%;1006hPa;3.0km;SE;3.6km/h/1.0m/s;-;N/A;;Overcast;
2001/1/27;13:30;3.0;2.0;93%;1006hPa;3.5km;Calm;Calm;-;N/A;;Overcast;
2001/1/27;14:00;3.0;2.0;93%;1006hPa;3.5km;Calm;Calm;-;N/A;;Overcast;
2001/1/27;14:30;3.0;2.0;93%;1006hPa;1.7km;SSW;10.8km/h/3.0m/s;-;N/A;;Overcast;
2001/1/27;15:00;3.0;2.0;93%;1006hPa;0.6km;SSW;7.2km/h/2.0m/s;-;N/A;;Overcast;
2001/1/27;15:30;3.0;3.0;100%;1006hPa;0.3km;SW;10.8km/h/3.0m/s;-;N/A;Fog;Fog;
2001/1/27;16:00;3.0;3.0;100%;1006hPa;0.7km;SSW;14.4km/h/4.0m/s;-;N/A;Fog;Fog;
2001/1/27;16:30;3.0;3.0;100%;1006hPa;0.2km;SW;10.8km/h/3.0m/s;-;N/A;Fog;LightDrizzle;
2001/1/27;17:00;3.0;3.0;100%;1006hPa;0.3km;Variable;7.2km/h/2.0m/s;-;N/A;Fog;LightDrizzle;
2001/1/27;17:30;3.0;3.0;100%;1006hPa;0.3km;SSW;7.2km/h/2.0m/s;-;N/A;Fog;LightDrizzle;
2001/1/27;18:00;3.0;3.0;100%;1006hPa;0.5km;Variable;7.2km/h/2.0m/s;-;N/A;Fog;Fog;
2001/1/27;18:30;3.0;3.0;100%;1006hPa;0.5km;SW;10.8km/h/3.0m/s;-;N/A;Fog,Rain;LightRain;
2001/1/27;19:00;3.0;3.0;100%;1006hPa;0.5km;Variable;7.2km/h/2.0m/s;-;N/A;Fog;LightDrizzle;
2001/1/27;19:30;3.0;3.0;100%;1006hPa;0.5km;NNE;7.2km/h/2.0m/s;-;N/A;Fog;Fog;
2001/1/27;20:00;2.0;2.0;100%;1006hPa;0.7km;South;3.6km/h/1.0m/s;-;N/A;Fog;Fog;
2001/1/27;20:30;3.0;3.0;100%;1006hPa;0.7km;Calm;Calm;-;N/A;Fog;Fog;
2001/1/27;21:00;2.0;2.0;100%;1006hPa;0.6km;Variable;3.6km/h/1.0m/s;-;N/A;Fog;Fog;
2001/1/27;21:30;2.0;2.0;100%;1006hPa;0.6km;SSE;7.2km/h/2.0m/s;-;N/A;Fog;Fog;
2001/1/27;22:00;2.0;2.0;100%;1006hPa;0.2km;SSE;7.2km/h/2.0m/s;-;N/A;Fog;Fog;
2001/1/27;22:30;1.0;1.0;100%;1005hPa;0.2km;SSE;10.8km/h/3.0m/s;-;N/A;Fog;Fog;
2001/1/27;23:00;2.0;2.0;100%;1005hPa;0.2km;SSW;7.2km/h/2.0m/s;-;N/A;Fog;Fog;
2001/1/27;23:30;2.0;2.0;100%;1006hPa;0.2km;Calm;Calm;-;N/A;Fog;Fog;
