2001/2/22;00:00;1.0;0.0;93%;1003hPa;1.0km;North;10.8km/h/3.0m/s;-;N/A;Snow;LightSnow;
2001/2/22;00:30;0.0;0.0;100%;1002hPa;6.0km;SSW;10.8km/h/3.0m/s;-;N/A;Snow;LightSnow;
2001/2/22;01:00;0.0;-1.0;93%;1002hPa;8.0km;WSW;14.4km/h/4.0m/s;-;N/A;;ScatteredClouds;
2001/2/22;01:30;0.0;0.0;100%;1002hPa;10.0km;WSW;18.0km/h/5.0m/s;-;N/A;;ScatteredClouds;
2001/2/22;02:00;0.0;-2.0;87%;1001hPa;10.0km;WSW;10.8km/h/3.0m/s;-;N/A;;ScatteredClouds;
2001/2/22;02:30;0.0;-1.0;93%;1001hPa;8.0km;WSW;18.0km/h/5.0m/s;-;N/A;;MostlyCloudy;
2001/2/22;03:00;0.0;-1.0;93%;1000hPa;8.0km;West;10.8km/h/3.0m/s;-;N/A;;MostlyCloudy;
2001/2/22;03:30;0.0;-1.0;93%;1000hPa;5.0km;WSW;14.4km/h/4.0m/s;-;N/A;;MostlyCloudy;
2001/2/22;04:00;0.0;-1.0;93%;999hPa;2.0km;WSW;21.6km/h/6.0m/s;-;N/A;;MostlyCloudy;
2001/2/22;04:30;0.0;-1.0;93%;999hPa;8.0km;WSW;14.4km/h/4.0m/s;-;N/A;;ScatteredClouds;
2001/2/22;05:00;0.0;-1.0;93%;999hPa;8.0km;WSW;21.6km/h/6.0m/s;-;N/A;Snow;LightSnow;
2001/2/22;05:30;0.0;-1.0;93%;999hPa;4.0km;SW;14.4km/h/4.0m/s;-;N/A;Snow;LightSnowShowers;
2001/2/22;06:00;-1.0;-2.0;93%;999hPa;10.0km;WSW;10.8km/h/3.0m/s;-;N/A;;MostlyCloudy;
2001/2/22;06:30;-2.0;-3.0;93%;998hPa;10.0km;West;10.8km/h/3.0m/s;-;N/A;;Overcast;
2001/2/22;07:00;-1.0;-2.0;93%;998hPa;10.0km;WSW;10.8km/h/3.0m/s;-;N/A;;MostlyCloudy;
2001/2/22;07:30;-1.0;-3.0;86%;998hPa;10.0km;SW;14.4km/h/4.0m/s;-;N/A;;MostlyCloudy;
2001/2/22;08:00;0.0;-2.0;87%;997hPa;10.0km;WSW;14.4km/h/4.0m/s;-;N/A;;MostlyCloudy;
2001/2/22;08:30;0.0;-2.0;87%;998hPa;10.0km;West;18.0km/h/5.0m/s;-;N/A;Snow;LightSnow;
2001/2/22;09:00;1.0;-1.0;87%;997hPa;10.0km;West;18.0km/h/5.0m/s;-;N/A;Snow;LightSnow;
2001/2/22;09:30;2.0;-1.0;81%;996hPa;10.0km;WSW;25.2km/h/7.0m/s;-;N/A;;ScatteredClouds;
2001/2/22;10:00;2.0;-1.0;81%;997hPa;10.0km;WSW;28.8km/h/8.0m/s;-;N/A;Snow;LightSnowShowers;
2001/2/22;10:30;3.0;0.0;81%;996hPa;10.0km;WSW;18.0km/h/5.0m/s;-;N/A;;MostlyCloudy;
2001/2/22;11:00;4.0;-2.0;65%;996hPa;10.0km;WSW;21.6km/h/6.0m/s;-;N/A;;MostlyCloudy;
2001/2/22;11:30;4.0;-4.0;56%;996hPa;10.0km;West;25.2km/h/7.0m/s;-;N/A;;MostlyCloudy;
2001/2/22;12:00;4.0;-3.0;61%;996hPa;10.0km;WNW;28.8km/h/8.0m/s;-;N/A;;MostlyCloudy;
2001/2/22;12:30;4.0;-4.0;56%;996hPa;10.0km;West;21.6km/h/6.0m/s;-;N/A;;MostlyCloudy;
2001/2/22;13:00;4.0;-2.0;65%;996hPa;10.0km;West;25.2km/h/7.0m/s;-;N/A;;MostlyCloudy;
2001/2/22;13:30;4.0;-2.0;65%;995hPa;10.0km;WSW;18.0km/h/5.0m/s;-;N/A;;MostlyCloudy;
2001/2/22;14:00;4.0;-1.0;70%;994hPa;10.0km;WSW;14.4km/h/4.0m/s;-;N/A;;MostlyCloudy;
2001/2/22;14:30;4.0;-1.0;70%;994hPa;10.0km;WSW;18.0km/h/5.0m/s;-;N/A;;MostlyCloudy;
2001/2/22;15:00;4.0;-2.0;65%;994hPa;10.0km;WSW;18.0km/h/5.0m/s;-;N/A;;ScatteredClouds;
2001/2/22;15:30;4.0;-2.0;65%;994hPa;10.0km;WSW;14.4km/h/4.0m/s;-;N/A;;ScatteredClouds;
2001/2/22;16:00;1.0;-5.0;65%;995hPa;7.0km;North;54.0km/h/15.0m/s;-;N/A;;MostlyCloudy;
2001/2/22;16:30;-1.0;-3.0;86%;995hPa;10.0km;NNE;28.8km/h/8.0m/s;-;N/A;;MostlyCloudy;
2001/2/22;17:00;0.0;-2.0;87%;996hPa;2.6km;North;25.2km/h/7.0m/s;-;N/A;Rain;RainShowers;
2001/2/22;17:30;0.0;-2.0;87%;996hPa;10.0km;NNW;25.2km/h/7.0m/s;-;N/A;;MostlyCloudy;
2001/2/22;18:00;0.0;-3.0;80%;997hPa;10.0km;NNW;14.4km/h/4.0m/s;-;N/A;;MostlyCloudy;
2001/2/22;18:30;1.0;-6.0;60%;997hPa;10.0km;WNW;18.0km/h/5.0m/s;36.0km/h/10.0m/s;N/A;;MostlyCloudy;
2001/2/22;19:00;1.0;-8.0;52%;997hPa;-;NW;32.4km/h/9.0m/s;-;N/A;;Clear;
2001/2/22;19:30;0.0;-8.0;55%;997hPa;-;NW;21.6km/h/6.0m/s;-;N/A;;Clear;
2001/2/22;20:00;0.0;-10.0;48%;997hPa;-;NW;21.6km/h/6.0m/s;-;N/A;;Clear;
2001/2/22;20:30;0.0;-10.0;48%;997hPa;-;WNW;21.6km/h/6.0m/s;-;N/A;;Clear;
2001/2/22;21:00;0.0;-9.0;51%;997hPa;-;West;14.4km/h/4.0m/s;-;N/A;;Clear;
2001/2/22;21:30;-1.0;-8.0;60%;997hPa;-;West;10.8km/h/3.0m/s;-;N/A;;Clear;
2001/2/22;22:00;-1.0;-9.0;55%;997hPa;-;WSW;7.2km/h/2.0m/s;-;N/A;;Clear;
2001/2/22;22:30;-2.0;-7.0;69%;997hPa;-;WSW;10.8km/h/3.0m/s;-;N/A;;Clear;
2001/2/22;23:00;-2.0;-6.0;74%;997hPa;-;West;14.4km/h/4.0m/s;-;N/A;;Clear;
2001/2/22;23:30;-2.0;-7.0;69%;997hPa;-;WSW;10.8km/h/3.0m/s;-;N/A;;Clear;
