2001/2/14;00:00;5.0;-1.0;65%;1026hPa;10.0km;NNE;25.2km/h/7.0m/s;-;N/A;;MostlyCloudy;
2001/2/14;00:30;5.0;-1.0;65%;1026hPa;10.0km;North;28.8km/h/8.0m/s;-;N/A;;MostlyCloudy;
2001/2/14;01:00;5.0;-1.0;65%;1026hPa;10.0km;NNE;32.4km/h/9.0m/s;-;N/A;;MostlyCloudy;
2001/2/14;01:30;4.0;-1.0;70%;1026hPa;10.0km;NNE;25.2km/h/7.0m/s;-;N/A;;MostlyCloudy;
2001/2/14;02:00;4.0;-1.0;70%;1026hPa;10.0km;NNE;25.2km/h/7.0m/s;-;N/A;;MostlyCloudy;
2001/2/14;02:30;5.0;-1.0;65%;1026hPa;10.0km;North;28.8km/h/8.0m/s;-;N/A;;MostlyCloudy;
2001/2/14;03:00;4.0;-1.0;70%;1026hPa;10.0km;NNE;18.0km/h/5.0m/s;-;N/A;;MostlyCloudy;
2001/2/14;03:30;4.0;-1.0;70%;1025hPa;10.0km;North;21.6km/h/6.0m/s;-;N/A;;MostlyCloudy;
2001/2/14;04:00;4.0;-1.0;70%;1025hPa;10.0km;North;18.0km/h/5.0m/s;-;N/A;;MostlyCloudy;
2001/2/14;04:30;4.0;-1.0;70%;1025hPa;10.0km;North;14.4km/h/4.0m/s;-;N/A;;MostlyCloudy;
2001/2/14;05:00;4.0;-1.0;70%;1026hPa;10.0km;North;21.6km/h/6.0m/s;-;N/A;;MostlyCloudy;
2001/2/14;05:30;4.0;-1.0;70%;1026hPa;10.0km;NNE;21.6km/h/6.0m/s;-;N/A;;MostlyCloudy;
2001/2/14;06:00;4.0;-2.0;65%;1026hPa;10.0km;NNE;14.4km/h/4.0m/s;-;N/A;;MostlyCloudy;
2001/2/14;06:30;5.0;-2.0;61%;1026hPa;10.0km;North;25.2km/h/7.0m/s;-;N/A;;MostlyCloudy;
2001/2/14;07:00;5.0;-2.0;61%;1026hPa;10.0km;North;28.8km/h/8.0m/s;-;N/A;;ScatteredClouds;
2001/2/14;07:30;5.0;-2.0;61%;1026hPa;10.0km;North;25.2km/h/7.0m/s;-;N/A;;MostlyCloudy;
2001/2/14;08:00;5.0;-2.0;61%;1027hPa;10.0km;North;21.6km/h/6.0m/s;-;N/A;;MostlyCloudy;
2001/2/14;08:30;5.0;-2.0;61%;1027hPa;10.0km;North;18.0km/h/5.0m/s;-;N/A;;MostlyCloudy;
2001/2/14;09:00;5.0;-2.0;61%;1027hPa;10.0km;North;18.0km/h/5.0m/s;-;N/A;;MostlyCloudy;
2001/2/14;09:30;5.0;-1.0;65%;1027hPa;10.0km;NE;10.8km/h/3.0m/s;-;N/A;;MostlyCloudy;
2001/2/14;10:00;5.0;-1.0;65%;1027hPa;10.0km;NNE;10.8km/h/3.0m/s;-;N/A;;MostlyCloudy;
2001/2/14;10:30;6.0;-1.0;61%;1027hPa;10.0km;North;18.0km/h/5.0m/s;-;N/A;;MostlyCloudy;
2001/2/14;11:00;6.0;-1.0;61%;1027hPa;10.0km;NNE;14.4km/h/4.0m/s;-;N/A;;MostlyCloudy;
2001/2/14;11:30;5.0;0.0;70%;1027hPa;10.0km;NNE;18.0km/h/5.0m/s;-;N/A;;MostlyCloudy;
2001/2/14;12:00;5.0;0.0;70%;1027hPa;10.0km;NNE;18.0km/h/5.0m/s;-;N/A;;MostlyCloudy;
2001/2/14;12:30;5.0;0.0;70%;1027hPa;10.0km;NNE;18.0km/h/5.0m/s;-;N/A;;MostlyCloudy;
2001/2/14;13:00;5.0;-1.0;65%;1027hPa;10.0km;NNE;21.6km/h/6.0m/s;-;N/A;;MostlyCloudy;
2001/2/14;13:30;5.0;0.0;70%;1027hPa;10.0km;NNE;21.6km/h/6.0m/s;-;N/A;;MostlyCloudy;
2001/2/14;14:00;5.0;0.0;70%;1027hPa;10.0km;NNE;25.2km/h/7.0m/s;-;N/A;;MostlyCloudy;
2001/2/14;14:30;5.0;0.0;70%;1027hPa;10.0km;NNE;25.2km/h/7.0m/s;-;N/A;;MostlyCloudy;
2001/2/14;15:00;4.0;0.0;75%;1028hPa;10.0km;North;25.2km/h/7.0m/s;-;N/A;;MostlyCloudy;
2001/2/14;15:30;4.0;0.0;75%;1027hPa;10.0km;NNE;25.2km/h/7.0m/s;-;N/A;;MostlyCloudy;
2001/2/14;16:00;4.0;0.0;75%;1027hPa;10.0km;NNE;21.6km/h/6.0m/s;-;N/A;;MostlyCloudy;
2001/2/14;16:30;4.0;-1.0;70%;1027hPa;10.0km;NNE;25.2km/h/7.0m/s;-;N/A;;MostlyCloudy;
2001/2/14;17:00;4.0;-1.0;70%;1028hPa;10.0km;NNE;25.2km/h/7.0m/s;-;N/A;;ScatteredClouds;
2001/2/14;17:30;4.0;-1.0;70%;1028hPa;10.0km;NNE;25.2km/h/7.0m/s;-;N/A;;PartlyCloudy;
2001/2/14;18:00;3.0;-1.0;75%;1028hPa;10.0km;NNE;25.2km/h/7.0m/s;-;N/A;;ScatteredClouds;
2001/2/14;18:30;3.0;-2.0;70%;1029hPa;10.0km;NNE;14.4km/h/4.0m/s;-;N/A;;ScatteredClouds;
2001/2/14;19:00;3.0;-3.0;65%;1029hPa;10.0km;North;21.6km/h/6.0m/s;-;N/A;;ScatteredClouds;
2001/2/14;19:30;4.0;-3.0;61%;1029hPa;10.0km;NNE;21.6km/h/6.0m/s;-;N/A;;ScatteredClouds;
2001/2/14;20:00;3.0;-3.0;65%;1030hPa;10.0km;NE;18.0km/h/5.0m/s;-;N/A;;ScatteredClouds;
2001/2/14;20:30;3.0;-2.0;70%;1030hPa;10.0km;NNE;25.2km/h/7.0m/s;-;N/A;;PartlyCloudy;
2001/2/14;21:00;3.0;-2.0;70%;1030hPa;10.0km;North;21.6km/h/6.0m/s;-;N/A;;ScatteredClouds;
2001/2/14;21:30;2.0;-2.0;75%;1030hPa;10.0km;NNE;10.8km/h/3.0m/s;-;N/A;;ScatteredClouds;
2001/2/14;22:00;3.0;-3.0;65%;1030hPa;10.0km;NNE;14.4km/h/4.0m/s;-;N/A;;ScatteredClouds;
2001/2/14;22:30;3.0;-3.0;65%;1030hPa;10.0km;North;18.0km/h/5.0m/s;-;N/A;;ScatteredClouds;
2001/2/14;23:00;3.0;-3.0;65%;1030hPa;10.0km;NE;14.4km/h/4.0m/s;-;N/A;;ScatteredClouds;
2001/2/14;23:30;2.0;-3.0;70%;1031hPa;10.0km;ENE;7.2km/h/2.0m/s;-;N/A;;ScatteredClouds;
