2001/11/19;00:00;-1.0;-1.0;100%;1021hPa;0.7km;Variable;3.6km/h/1.0m/s;-;N/A;Fog;LightFreezingFog;
2001/11/19;00:30;-1.0;-1.0;100%;1020hPa;0.9km;Calm;Calm;-;N/A;Fog;LightFreezingFog;
2001/11/19;01:00;-1.0;-1.0;100%;1020hPa;1.1km;Calm;Calm;-;N/A;;Overcast;
2001/11/19;01:30;0.0;0.0;100%;1020hPa;1.1km;Variable;3.6km/h/1.0m/s;-;N/A;;Overcast;
2001/11/19;02:00;0.0;0.0;100%;1020hPa;1.7km;Calm;Calm;-;N/A;;Overcast;
2001/11/19;02:30;0.0;0.0;100%;1019hPa;2.5km;Calm;Calm;-;N/A;;Overcast;
2001/11/19;03:00;0.0;-1.0;93%;1019hPa;4.5km;Variable;3.6km/h/1.0m/s;-;N/A;;Overcast;
2001/11/19;03:30;0.0;-2.0;87%;1019hPa;5.0km;Calm;Calm;-;N/A;;Overcast;
2001/11/19;04:00;0.0;-2.0;87%;1019hPa;5.0km;North;7.2km/h/2.0m/s;-;N/A;;Overcast;
2001/11/19;04:30;0.0;-2.0;87%;1019hPa;5.0km;Variable;7.2km/h/2.0m/s;-;N/A;;Overcast;
2001/11/19;05:00;0.0;-2.0;87%;1018hPa;5.0km;Variable;3.6km/h/1.0m/s;-;N/A;;Overcast;
2001/11/19;05:30;0.0;-2.0;87%;1018hPa;5.0km;Variable;3.6km/h/1.0m/s;-;N/A;;Overcast;
2001/11/19;06:00;0.0;-2.0;87%;1018hPa;5.0km;West;3.6km/h/1.0m/s;-;N/A;;Overcast;
2001/11/19;06:30;0.0;-1.0;93%;1018hPa;3.5km;SSW;3.6km/h/1.0m/s;-;N/A;;Overcast;
2001/11/19;07:00;0.0;-1.0;93%;1018hPa;1.3km;South;3.6km/h/1.0m/s;-;N/A;;Overcast;
2001/11/19;07:30;0.0;-1.0;93%;1018hPa;1.3km;Calm;Calm;-;N/A;;Overcast;
2001/11/19;08:00;0.0;-1.0;93%;1019hPa;3.0km;Calm;Calm;-;N/A;;MostlyCloudy;
2001/11/19;08:30;0.0;-1.0;93%;1019hPa;4.0km;Variable;3.6km/h/1.0m/s;-;N/A;;MostlyCloudy;
2001/11/19;09:00;1.0;-1.0;87%;1018hPa;4.0km;Variable;3.6km/h/1.0m/s;-;N/A;;MostlyCloudy;
2001/11/19;09:30;1.0;-1.0;87%;1018hPa;3.0km;SSE;3.6km/h/1.0m/s;-;N/A;;ScatteredClouds;
2001/11/19;10:00;2.0;0.0;87%;1018hPa;4.0km;Variable;3.6km/h/1.0m/s;-;N/A;;ScatteredClouds;
2001/11/19;10:30;2.0;-2.0;75%;1018hPa;6.0km;Variable;3.6km/h/1.0m/s;-;N/A;;ScatteredClouds;
2001/11/19;11:00;2.0;-1.0;81%;1017hPa;8.0km;Variable;3.6km/h/1.0m/s;-;N/A;;MostlyCloudy;
2001/11/19;11:30;3.0;-2.0;70%;1017hPa;10.0km;Variable;3.6km/h/1.0m/s;-;N/A;;MostlyCloudy;
2001/11/19;12:00;3.0;-2.0;70%;1017hPa;-;SW;7.2km/h/2.0m/s;-;N/A;;Clear;
2001/11/19;12:30;3.0;-1.0;75%;1016hPa;10.0km;SW;10.8km/h/3.0m/s;-;N/A;;MostlyCloudy;
2001/11/19;13:00;3.0;-1.0;75%;1016hPa;10.0km;WSW;10.8km/h/3.0m/s;-;N/A;;MostlyCloudy;
2001/11/19;13:30;3.0;-1.0;75%;1016hPa;10.0km;WSW;10.8km/h/3.0m/s;-;N/A;;Overcast;
2001/11/19;14:00;3.0;-1.0;75%;1016hPa;10.0km;WSW;10.8km/h/3.0m/s;-;N/A;;MostlyCloudy;
2001/11/19;14:30;3.0;-1.0;75%;1015hPa;10.0km;WSW;10.8km/h/3.0m/s;-;N/A;;MostlyCloudy;
2001/11/19;15:00;2.0;-1.0;81%;1015hPa;10.0km;WSW;10.8km/h/3.0m/s;-;N/A;;MostlyCloudy;
2001/11/19;15:30;2.0;-1.0;81%;1015hPa;10.0km;WSW;14.4km/h/4.0m/s;-;N/A;;MostlyCloudy;
2001/11/19;16:00;2.0;-2.0;75%;1015hPa;8.0km;SW;10.8km/h/3.0m/s;-;N/A;;Overcast;
2001/11/19;16:30;2.0;-1.0;81%;1015hPa;8.0km;WSW;10.8km/h/3.0m/s;-;N/A;;Overcast;
2001/11/19;17:00;1.0;-1.0;87%;1015hPa;8.0km;SW;14.4km/h/4.0m/s;-;N/A;;Overcast;
2001/11/19;17:30;1.0;-1.0;87%;1015hPa;-;SW;14.4km/h/4.0m/s;-;N/A;;Clear;
2001/11/19;18:00;1.0;-1.0;87%;1015hPa;-;SW;14.4km/h/4.0m/s;-;N/A;;Clear;
2001/11/19;18:30;1.0;-1.0;87%;1015hPa;10.0km;SW;10.8km/h/3.0m/s;-;N/A;;MostlyCloudy;
2001/11/19;19:00;0.0;-1.0;93%;1015hPa;10.0km;SW;10.8km/h/3.0m/s;-;N/A;;MostlyCloudy;
2001/11/19;19:30;0.0;-1.0;93%;1015hPa;10.0km;SW;10.8km/h/3.0m/s;-;N/A;;Overcast;
2001/11/19;20:00;0.0;-2.0;87%;1015hPa;8.0km;SSW;10.8km/h/3.0m/s;-;N/A;;Overcast;
2001/11/19;20:30;0.0;-2.0;87%;1015hPa;8.0km;SW;7.2km/h/2.0m/s;-;N/A;;Overcast;
2001/11/19;21:00;0.0;-2.0;87%;1015hPa;7.0km;SSW;7.2km/h/2.0m/s;-;N/A;;Overcast;
2001/11/19;21:30;0.0;-2.0;87%;1015hPa;3.5km;Variable;3.6km/h/1.0m/s;-;N/A;Snow;LightSnow;
2001/11/19;22:00;0.0;-1.0;93%;1016hPa;4.5km;Variable;3.6km/h/1.0m/s;-;N/A;;Overcast;
2001/11/19;22:30;0.0;-1.0;93%;1016hPa;-;East;3.6km/h/1.0m/s;-;N/A;;Overcast;
2001/11/19;23:00;-1.0;-1.0;100%;1016hPa;4.0km;Calm;Calm;-;N/A;;ScatteredClouds;
2001/11/19;23:30;-2.0;-3.0;93%;1016hPa;4.0km;SSE;7.2km/h/2.0m/s;-;N/A;;ScatteredClouds;
