2001/1/29;00:00;2.0;2.0;100%;1009hPa;1.8km;WNW;3.6km/h/1.0m/s;-;N/A;Rain;LightRain;
2001/1/29;00:30;2.0;1.0;93%;1009hPa;2.6km;North;10.8km/h/3.0m/s;-;N/A;;Overcast;
2001/1/29;01:00;2.0;1.0;93%;1009hPa;4.0km;North;10.8km/h/3.0m/s;-;N/A;;Overcast;
2001/1/29;01:30;2.0;1.0;93%;1010hPa;6.0km;North;7.2km/h/2.0m/s;-;N/A;;Overcast;
2001/1/29;02:00;1.0;1.0;100%;1010hPa;4.0km;Calm;Calm;-;N/A;;Overcast;
2001/1/29;02:30;2.0;1.0;93%;1010hPa;6.0km;WSW;3.6km/h/1.0m/s;-;N/A;;Overcast;
2001/1/29;03:00;1.0;1.0;100%;1010hPa;8.0km;WNW;3.6km/h/1.0m/s;-;N/A;;Overcast;
2001/1/29;03:30;2.0;1.0;93%;1009hPa;8.0km;Variable;3.6km/h/1.0m/s;-;N/A;;Overcast;
2001/1/29;04:00;2.0;1.0;93%;1009hPa;9.0km;NNE;3.6km/h/1.0m/s;-;N/A;;Overcast;
2001/1/29;04:30;2.0;1.0;93%;1009hPa;10.0km;North;7.2km/h/2.0m/s;-;N/A;;Overcast;
2001/1/29;05:00;2.0;1.0;93%;1009hPa;10.0km;North;7.2km/h/2.0m/s;-;N/A;;Overcast;
2001/1/29;05:30;2.0;1.0;93%;1009hPa;10.0km;North;7.2km/h/2.0m/s;-;N/A;;Overcast;
2001/1/29;06:00;2.0;1.0;93%;1009hPa;10.0km;North;7.2km/h/2.0m/s;-;N/A;;Overcast;
2001/1/29;06:30;2.0;1.0;93%;1010hPa;10.0km;North;7.2km/h/2.0m/s;-;N/A;;Overcast;
2001/1/29;07:00;2.0;1.0;93%;1010hPa;10.0km;NNE;7.2km/h/2.0m/s;-;N/A;;Overcast;
2001/1/29;07:30;2.0;1.0;93%;1010hPa;10.0km;Variable;3.6km/h/1.0m/s;-;N/A;;Overcast;
2001/1/29;08:00;2.0;1.0;93%;1010hPa;10.0km;West;3.6km/h/1.0m/s;-;N/A;;Overcast;
2001/1/29;08:30;2.0;1.0;93%;1010hPa;10.0km;Calm;Calm;-;N/A;;LightDrizzle;
2001/1/29;09:00;2.0;2.0;100%;1011hPa;10.0km;West;3.6km/h/1.0m/s;-;N/A;;Overcast;
2001/1/29;09:30;3.0;2.0;93%;1011hPa;10.0km;East;3.6km/h/1.0m/s;-;N/A;;Overcast;
2001/1/29;10:00;3.0;2.0;93%;1011hPa;7.0km;East;3.6km/h/1.0m/s;-;N/A;;Overcast;
2001/1/29;10:30;3.0;2.0;93%;1011hPa;10.0km;Variable;3.6km/h/1.0m/s;-;N/A;;Overcast;
2001/1/29;11:00;3.0;2.0;93%;1011hPa;9.0km;North;7.2km/h/2.0m/s;-;N/A;;Overcast;
2001/1/29;11:30;3.0;2.0;93%;1011hPa;9.0km;NNE;7.2km/h/2.0m/s;-;N/A;;Overcast;
2001/1/29;12:00;4.0;2.0;87%;1011hPa;10.0km;North;10.8km/h/3.0m/s;-;N/A;;Overcast;
2001/1/29;12:30;4.0;3.0;93%;1011hPa;10.0km;North;7.2km/h/2.0m/s;-;N/A;;Overcast;
2001/1/29;13:00;4.0;3.0;93%;1011hPa;10.0km;North;10.8km/h/3.0m/s;-;N/A;;Overcast;
2001/1/29;13:30;4.0;3.0;93%;1011hPa;10.0km;NE;10.8km/h/3.0m/s;-;N/A;;Overcast;
2001/1/29;14:00;4.0;3.0;93%;1011hPa;10.0km;NE;7.2km/h/2.0m/s;-;N/A;;Overcast;
2001/1/29;14:30;4.0;3.0;93%;1011hPa;10.0km;NNE;7.2km/h/2.0m/s;-;N/A;;Overcast;
2001/1/29;15:00;4.0;3.0;93%;1012hPa;10.0km;NNE;10.8km/h/3.0m/s;-;N/A;;Overcast;
2001/1/29;15:30;4.0;3.0;93%;1012hPa;10.0km;North;10.8km/h/3.0m/s;-;N/A;Rain;LightRain;
2001/1/29;16:00;4.0;3.0;93%;1012hPa;7.0km;North;14.4km/h/4.0m/s;-;N/A;Rain;LightRain;
2001/1/29;16:30;3.0;3.0;100%;1012hPa;10.0km;Variable;7.2km/h/2.0m/s;-;N/A;Rain;LightRain;
2001/1/29;17:00;3.0;3.0;100%;1013hPa;10.0km;East;10.8km/h/3.0m/s;-;N/A;;Overcast;
2001/1/29;17:30;3.0;2.0;93%;1013hPa;10.0km;ENE;7.2km/h/2.0m/s;-;N/A;Rain;LightRain;
2001/1/29;18:00;3.0;2.0;93%;1013hPa;8.0km;Variable;7.2km/h/2.0m/s;-;N/A;Rain;LightRain;
2001/1/29;18:30;3.0;2.0;93%;1013hPa;8.0km;Variable;3.6km/h/1.0m/s;-;N/A;Rain;LightRain;
2001/1/29;19:00;4.0;2.0;87%;1013hPa;10.0km;NNE;14.4km/h/4.0m/s;-;N/A;Rain;LightRain;
2001/1/29;19:30;4.0;2.0;87%;1014hPa;10.0km;North;21.6km/h/6.0m/s;-;N/A;Rain;LightRain;
2001/1/29;20:00;4.0;2.0;87%;1014hPa;10.0km;North;21.6km/h/6.0m/s;-;N/A;Rain;LightRain;
2001/1/29;20:30;4.0;1.0;81%;1014hPa;10.0km;North;25.2km/h/7.0m/s;-;N/A;;Overcast;
2001/1/29;21:00;4.0;1.0;81%;1014hPa;10.0km;North;21.6km/h/6.0m/s;-;N/A;;MostlyCloudy;
2001/1/29;21:30;4.0;0.0;75%;1014hPa;10.0km;North;25.2km/h/7.0m/s;-;N/A;;Overcast;
2001/1/29;22:00;4.0;0.0;75%;1014hPa;10.0km;North;28.8km/h/8.0m/s;-;N/A;;Overcast;
2001/1/29;22:30;4.0;0.0;75%;1015hPa;10.0km;North;28.8km/h/8.0m/s;-;N/A;;MostlyCloudy;
2001/1/29;23:00;4.0;0.0;75%;1015hPa;10.0km;North;32.4km/h/9.0m/s;-;N/A;;Overcast;
2001/1/29;23:30;4.0;-1.0;70%;1015hPa;10.0km;North;32.4km/h/9.0m/s;-;N/A;;ScatteredClouds;
