2001/11/18;01:00;-2.0;-4.0;86%;1029hPa;-;South;3.6km/h/1.0m/s;-;N/A;;Clear;
2001/11/18;01:30;-3.0;-4.0;93%;1029hPa;-;Calm;Calm;-;N/A;;Clear;
2001/11/18;02:00;-3.0;-5.0;86%;1029hPa;-;Calm;Calm;-;N/A;;Clear;
2001/11/18;02:30;-3.0;-5.0;86%;1029hPa;-;North;3.6km/h/1.0m/s;-;N/A;;Clear;
2001/11/18;03:00;-4.0;-5.0;93%;1029hPa;-;Variable;3.6km/h/1.0m/s;-;N/A;;Clear;
2001/11/18;03:30;-4.0;-5.0;93%;1028hPa;-;Calm;Calm;-;N/A;;Clear;
2001/11/18;04:00;-4.0;-5.0;93%;1028hPa;-;Variable;3.6km/h/1.0m/s;-;N/A;;Clear;
2001/11/18;04:30;-4.0;-5.0;93%;1028hPa;-;North;7.2km/h/2.0m/s;-;N/A;;Clear;
2001/11/18;05:00;-4.0;-5.0;93%;1027hPa;-;North;7.2km/h/2.0m/s;-;N/A;;Clear;
2001/11/18;05:30;-4.0;-5.0;93%;1027hPa;-;NW;3.6km/h/1.0m/s;-;N/A;;Clear;
2001/11/18;06:00;-4.0;-5.0;93%;1027hPa;-;North;7.2km/h/2.0m/s;-;N/A;;Clear;
2001/11/18;06:30;-4.0;-5.0;93%;1027hPa;-;North;10.8km/h/3.0m/s;-;N/A;;Clear;
2001/11/18;07:00;-4.0;-5.0;93%;1027hPa;-;WNW;3.6km/h/1.0m/s;-;N/A;;Clear;
2001/11/18;07:30;-4.0;-5.0;93%;1027hPa;-;Calm;Calm;-;N/A;;Clear;
2001/11/18;08:00;-3.0;-4.0;93%;1027hPa;-;West;3.6km/h/1.0m/s;-;N/A;;Clear;
2001/11/18;08:30;-3.0;-4.0;93%;1027hPa;-;WSW;3.6km/h/1.0m/s;-;N/A;;Clear;
2001/11/18;09:00;-3.0;-4.0;93%;1026hPa;-;Calm;Calm;-;N/A;;Clear;
2001/11/18;09:30;-2.0;-3.0;93%;1026hPa;10.0km;Variable;3.6km/h/1.0m/s;-;N/A;;MostlyCloudy;
2001/11/18;10:00;-1.0;-2.0;93%;1026hPa;9.0km;Variable;3.6km/h/1.0m/s;-;N/A;;MostlyCloudy;
2001/11/18;10:30;0.0;-2.0;87%;1026hPa;8.0km;Variable;3.6km/h/1.0m/s;-;N/A;;MostlyCloudy;
2001/11/18;11:00;1.0;-2.0;81%;1026hPa;8.0km;Variable;7.2km/h/2.0m/s;-;N/A;;MostlyCloudy;
2001/11/18;11:30;2.0;-1.0;81%;1025hPa;9.0km;Variable;7.2km/h/2.0m/s;-;N/A;;ScatteredClouds;
2001/11/18;12:00;2.0;-1.0;81%;1025hPa;9.0km;Variable;3.6km/h/1.0m/s;-;N/A;;MostlyCloudy;
2001/11/18;12:30;3.0;-1.0;75%;1024hPa;9.0km;South;10.8km/h/3.0m/s;-;N/A;;ScatteredClouds;
2001/11/18;13:00;3.0;-1.0;75%;1024hPa;6.0km;South;10.8km/h/3.0m/s;-;N/A;;MostlyCloudy;
2001/11/18;13:30;2.0;-1.0;81%;1024hPa;6.0km;South;10.8km/h/3.0m/s;-;N/A;;MostlyCloudy;
2001/11/18;14:00;2.0;-1.0;81%;1023hPa;6.0km;South;14.4km/h/4.0m/s;-;N/A;;MostlyCloudy;
2001/11/18;14:30;0.0;-1.0;93%;1023hPa;3.5km;South;14.4km/h/4.0m/s;-;N/A;;MostlyCloudy;
2001/11/18;15:00;0.0;-1.0;93%;1023hPa;2.0km;South;14.4km/h/4.0m/s;-;N/A;;MostlyCloudy;
2001/11/18;15:30;-1.0;-1.0;100%;1023hPa;1.6km;SSE;10.8km/h/3.0m/s;-;N/A;;MostlyCloudy;
2001/11/18;16:00;-1.0;-1.0;100%;1023hPa;1.3km;South;7.2km/h/2.0m/s;-;N/A;;Overcast;
2001/11/18;16:30;-1.0;-1.0;100%;1023hPa;2.0km;Calm;Calm;-;N/A;;Overcast;
2001/11/18;17:00;-1.0;-1.0;100%;1023hPa;2.0km;Variable;3.6km/h/1.0m/s;-;N/A;;Overcast;
2001/11/18;17:30;-1.0;-1.0;100%;1023hPa;1.6km;East;3.6km/h/1.0m/s;-;N/A;;Overcast;
2001/11/18;18:00;-1.0;-1.0;100%;1023hPa;2.0km;Variable;3.6km/h/1.0m/s;-;N/A;;Overcast;
2001/11/18;18:30;-1.0;-1.0;100%;1022hPa;1.5km;Calm;Calm;-;N/A;;Overcast;
2001/11/18;19:00;-1.0;-1.0;100%;1022hPa;1.7km;West;3.6km/h/1.0m/s;-;N/A;;Overcast;
2001/11/18;19:30;0.0;0.0;100%;1022hPa;2.0km;NW;3.6km/h/1.0m/s;-;N/A;;Overcast;
2001/11/18;20:00;0.0;0.0;100%;1022hPa;2.5km;Variable;3.6km/h/1.0m/s;-;N/A;;Overcast;
2001/11/18;20:30;0.0;-1.0;93%;1022hPa;2.5km;Variable;3.6km/h/1.0m/s;-;N/A;;Overcast;
2001/11/18;21:00;0.0;-1.0;93%;1022hPa;2.0km;South;3.6km/h/1.0m/s;-;N/A;;Overcast;
2001/11/18;21:30;0.0;-1.0;93%;1022hPa;1.5km;SSW;3.6km/h/1.0m/s;-;N/A;;Overcast;
2001/11/18;22:00;0.0;0.0;100%;1021hPa;1.7km;WSW;3.6km/h/1.0m/s;-;N/A;;Overcast;
2001/11/18;22:30;0.0;0.0;100%;1021hPa;2.0km;Variable;3.6km/h/1.0m/s;-;N/A;;Overcast;
2001/11/18;23:00;0.0;0.0;100%;1021hPa;1.5km;East;3.6km/h/1.0m/s;-;N/A;;Overcast;
2001/11/18;23:30;-1.0;-1.0;100%;1021hPa;1.0km;ESE;3.6km/h/1.0m/s;-;N/A;;Overcast;
