2001/12/20;00:00;-4.0;-4.0;100%;1017hPa;1.2km;WSW;7.2km/h/2.0m/s;-;N/A;Snow;LightSnow;
2001/12/20;00:30;-4.0;-4.0;100%;1016hPa;1.2km;Variable;7.2km/h/2.0m/s;-;N/A;;Overcast;
2001/12/20;01:00;-4.0;-4.0;100%;1016hPa;1.3km;WSW;7.2km/h/2.0m/s;-;N/A;;Overcast;
2001/12/20;01:30;-4.0;-4.0;100%;1016hPa;1.5km;Variable;3.6km/h/1.0m/s;-;N/A;;Overcast;
2001/12/20;02:00;-4.0;-4.0;100%;1016hPa;1.8km;Variable;3.6km/h/1.0m/s;-;N/A;;Overcast;
2001/12/20;02:30;-4.0;-4.0;100%;1015hPa;1.8km;Variable;3.6km/h/1.0m/s;-;N/A;;Overcast;
2001/12/20;03:00;-4.0;-4.0;100%;1015hPa;2.0km;SSE;10.8km/h/3.0m/s;-;N/A;;Overcast;
2001/12/20;03:30;-4.0;-5.0;93%;1015hPa;1.9km;SSE;14.4km/h/4.0m/s;-;N/A;;Overcast;
2001/12/20;04:00;-5.0;-5.0;100%;1014hPa;2.1km;SSE;14.4km/h/4.0m/s;-;N/A;;Overcast;
2001/12/20;04:30;-6.0;-6.0;100%;1014hPa;2.2km;SSE;10.8km/h/3.0m/s;-;N/A;;Overcast;
2001/12/20;05:00;-5.0;-6.0;93%;1014hPa;2.2km;South;10.8km/h/3.0m/s;-;N/A;;MostlyCloudy;
2001/12/20;05:30;-6.0;-7.0;93%;1013hPa;2.5km;Variable;7.2km/h/2.0m/s;-;N/A;;PartlyCloudy;
2001/12/20;06:00;-7.0;-7.0;100%;1013hPa;2.9km;SW;10.8km/h/3.0m/s;-;N/A;;ScatteredClouds;
2001/12/20;06:30;-6.0;-6.0;100%;1013hPa;3.0km;Variable;7.2km/h/2.0m/s;-;N/A;;MostlyCloudy;
2001/12/20;07:00;-5.0;-6.0;93%;1013hPa;3.0km;SSE;7.2km/h/2.0m/s;-;N/A;;ScatteredClouds;
2001/12/20;07:30;-5.0;-6.0;93%;1013hPa;3.0km;South;14.4km/h/4.0m/s;-;N/A;;ScatteredClouds;
2001/12/20;08:00;-5.0;-5.0;100%;1013hPa;8.0km;South;14.4km/h/4.0m/s;-;N/A;;ScatteredClouds;
2001/12/20;08:30;-5.0;-5.0;100%;1013hPa;9.0km;South;10.8km/h/3.0m/s;-;N/A;;ScatteredClouds;
2001/12/20;09:00;-3.0;-4.0;93%;1013hPa;10.0km;South;14.4km/h/4.0m/s;-;N/A;;ScatteredClouds;
2001/12/20;09:30;-1.0;-3.0;86%;1013hPa;10.0km;SW;21.6km/h/6.0m/s;-;N/A;;MostlyCloudy;
2001/12/20;10:00;0.0;-3.0;80%;1013hPa;10.0km;SW;21.6km/h/6.0m/s;-;N/A;;MostlyCloudy;
2001/12/20;10:30;0.0;-3.0;80%;1013hPa;10.0km;SW;25.2km/h/7.0m/s;-;N/A;;ScatteredClouds;
2001/12/20;11:00;1.0;-2.0;81%;1013hPa;10.0km;SW;18.0km/h/5.0m/s;-;N/A;;ScatteredClouds;
2001/12/20;11:30;1.0;-2.0;81%;1013hPa;10.0km;SW;18.0km/h/5.0m/s;-;N/A;;ScatteredClouds;
2001/12/20;12:00;1.0;-3.0;75%;1012hPa;-;SW;18.0km/h/5.0m/s;-;N/A;;Clear;
2001/12/20;12:30;1.0;-3.0;75%;1012hPa;-;WSW;21.6km/h/6.0m/s;-;N/A;;Clear;
2001/12/20;13:00;1.0;-3.0;75%;1012hPa;10.0km;WSW;25.2km/h/7.0m/s;-;N/A;;MostlyCloudy;
2001/12/20;13:30;-1.0;-2.0;93%;1013hPa;1.3km;North;18.0km/h/5.0m/s;-;N/A;Snow;LightSnow;
2001/12/20;14:00;-1.0;-1.0;100%;1013hPa;1.5km;North;14.4km/h/4.0m/s;-;N/A;Snow;Snow;
2001/12/20;14:30;-1.0;-1.0;100%;1013hPa;4.0km;Variable;3.6km/h/1.0m/s;-;N/A;Snow;LightSnow;
2001/12/20;15:00;-1.0;-1.0;100%;1013hPa;5.0km;ESE;3.6km/h/1.0m/s;-;N/A;Snow;LightSnow;
2001/12/20;15:30;-1.0;-2.0;93%;1014hPa;5.0km;Variable;3.6km/h/1.0m/s;-;N/A;Snow;LightSnow;
2001/12/20;16:00;-1.0;-2.0;93%;1014hPa;1.3km;Calm;Calm;-;N/A;Snow;LightSnow;
2001/12/20;16:30;-1.0;-2.0;93%;1015hPa;3.0km;Calm;Calm;-;N/A;Snow;LightSnow;
2001/12/20;17:00;-1.0;-2.0;93%;1015hPa;5.0km;Variable;3.6km/h/1.0m/s;-;N/A;Snow;LightSnow;
2001/12/20;17:30;-2.0;-2.0;100%;1016hPa;4.0km;Calm;Calm;-;N/A;;MostlyCloudy;
2001/12/20;18:00;-2.0;-2.0;100%;1016hPa;2.0km;NNE;18.0km/h/5.0m/s;-;N/A;Snow;LightSnow;
2001/12/20;18:30;-2.0;-5.0;80%;1017hPa;10.0km;North;25.2km/h/7.0m/s;-;N/A;Snow;LightSnow;
2001/12/20;19:00;-2.0;-7.0;69%;1017hPa;-;North;32.4km/h/9.0m/s;-;N/A;;Clear;
2001/12/20;19:30;-2.0;-7.0;69%;1017hPa;-;North;25.2km/h/7.0m/s;-;N/A;;Clear;
2001/12/20;20:00;-3.0;-7.0;74%;1018hPa;-;North;25.2km/h/7.0m/s;-;N/A;;Clear;
2001/12/20;20:30;-3.0;-7.0;74%;1018hPa;-;North;21.6km/h/6.0m/s;-;N/A;;Clear;
2001/12/20;21:00;-4.0;-7.0;80%;1018hPa;-;NE;14.4km/h/4.0m/s;-;N/A;;Clear;
2001/12/20;21:30;-4.0;-7.0;80%;1019hPa;-;NNE;14.4km/h/4.0m/s;-;N/A;;Clear;
2001/12/20;22:00;-4.0;-9.0;69%;1019hPa;-;North;14.4km/h/4.0m/s;-;N/A;;Clear;
2001/12/20;22:30;-5.0;-9.0;74%;1019hPa;-;NNE;14.4km/h/4.0m/s;-;N/A;;Clear;
2001/12/20;23:00;-5.0;-10.0;68%;1019hPa;-;North;7.2km/h/2.0m/s;-;N/A;;Clear;
2001/12/20;23:30;-5.0;-10.0;68%;1020hPa;-;North;14.4km/h/4.0m/s;-;N/A;;Clear;
