2001/3/17;00:00;8.0;5.0;81%;1012hPa;10.0km;SW;7.2km/h/2.0m/s;-;N/A;;Overcast;
2001/3/17;00:30;8.0;5.0;81%;1012hPa;10.0km;West;7.2km/h/2.0m/s;-;N/A;;Overcast;
2001/3/17;01:00;8.0;5.0;81%;1011hPa;10.0km;Calm;Calm;-;N/A;;Overcast;
2001/3/17;01:30;8.0;5.0;81%;1011hPa;10.0km;Calm;Calm;-;N/A;;Overcast;
2001/3/17;02:00;8.0;5.0;81%;1011hPa;10.0km;NW;7.2km/h/2.0m/s;-;N/A;;Overcast;
2001/3/17;02:30;8.0;5.0;81%;1010hPa;10.0km;Variable;3.6km/h/1.0m/s;-;N/A;;MostlyCloudy;
2001/3/17;03:00;8.0;5.0;81%;1010hPa;-;East;3.6km/h/1.0m/s;-;N/A;;Clear;
2001/3/17;03:30;7.0;4.0;81%;1010hPa;-;Calm;Calm;-;N/A;;Clear;
2001/3/17;04:00;7.0;4.0;81%;1009hPa;-;NW;3.6km/h/1.0m/s;-;N/A;;Clear;
2001/3/17;04:30;6.0;4.0;87%;1009hPa;-;NNW;3.6km/h/1.0m/s;-;N/A;;Clear;
2001/3/17;05:00;6.0;4.0;87%;1009hPa;-;NNW;3.6km/h/1.0m/s;-;N/A;;Clear;
2001/3/17;05:30;5.0;3.0;87%;1009hPa;-;North;7.2km/h/2.0m/s;-;N/A;;Clear;
2001/3/17;06:00;5.0;3.0;87%;1009hPa;-;Variable;3.6km/h/1.0m/s;-;N/A;;Clear;
2001/3/17;06:30;4.0;3.0;93%;1009hPa;-;Variable;3.6km/h/1.0m/s;-;N/A;;Clear;
2001/3/17;07:00;5.0;4.0;93%;1008hPa;10.0km;Calm;Calm;-;N/A;;PartlyCloudy;
2001/3/17;07:30;7.0;5.0;87%;1008hPa;-;North;3.6km/h/1.0m/s;-;N/A;;Clear;
2001/3/17;08:00;8.0;5.0;81%;1008hPa;-;Calm;Calm;-;N/A;;Clear;
2001/3/17;08:30;10.0;6.0;76%;1008hPa;-;Variable;3.6km/h/1.0m/s;-;N/A;;Clear;
2001/3/17;09:00;11.0;6.0;71%;1007hPa;-;Variable;7.2km/h/2.0m/s;-;N/A;;Clear;
2001/3/17;09:30;10.0;6.0;76%;1007hPa;10.0km;SSW;10.8km/h/3.0m/s;-;N/A;;MostlyCloudy;
2001/3/17;10:00;11.0;7.0;76%;1007hPa;10.0km;South;18.0km/h/5.0m/s;-;N/A;;MostlyCloudy;
2001/3/17;10:30;11.0;7.0;76%;1007hPa;10.0km;South;14.4km/h/4.0m/s;-;N/A;;MostlyCloudy;
2001/3/17;11:00;12.0;8.0;77%;1007hPa;10.0km;SSW;18.0km/h/5.0m/s;-;N/A;;ScatteredClouds;
2001/3/17;11:30;12.0;7.0;72%;1006hPa;10.0km;South;18.0km/h/5.0m/s;-;N/A;;MostlyCloudy;
2001/3/17;12:00;12.0;7.0;72%;1006hPa;10.0km;SSW;14.4km/h/4.0m/s;-;N/A;;Overcast;
2001/3/17;12:30;12.0;7.0;72%;1006hPa;10.0km;SW;10.8km/h/3.0m/s;-;N/A;;Overcast;
2001/3/17;13:00;12.0;7.0;72%;1006hPa;10.0km;WSW;14.4km/h/4.0m/s;-;N/A;;Overcast;
2001/3/17;13:30;12.0;7.0;72%;1005hPa;10.0km;WSW;14.4km/h/4.0m/s;-;N/A;;MostlyCloudy;
2001/3/17;14:00;13.0;7.0;67%;1005hPa;10.0km;WSW;10.8km/h/3.0m/s;-;N/A;;MostlyCloudy;
2001/3/17;14:30;14.0;7.0;63%;1004hPa;10.0km;SW;10.8km/h/3.0m/s;-;N/A;;MostlyCloudy;
2001/3/17;15:00;14.0;7.0;63%;1004hPa;10.0km;WSW;10.8km/h/3.0m/s;-;N/A;;ScatteredClouds;
2001/3/17;15:30;14.0;7.0;63%;1003hPa;10.0km;West;10.8km/h/3.0m/s;-;N/A;;MostlyCloudy;
2001/3/17;16:00;14.0;6.0;59%;1003hPa;10.0km;WSW;10.8km/h/3.0m/s;-;N/A;;ScatteredClouds;
2001/3/17;16:30;13.0;7.0;67%;1003hPa;10.0km;Variable;3.6km/h/1.0m/s;-;N/A;;ScatteredClouds;
2001/3/17;17:00;13.0;7.0;67%;1003hPa;-;NW;3.6km/h/1.0m/s;-;N/A;;Clear;
2001/3/17;17:30;12.0;7.0;72%;1002hPa;10.0km;NNE;3.6km/h/1.0m/s;-;N/A;;MostlyCloudy;
2001/3/17;18:00;12.0;8.0;77%;1002hPa;10.0km;NE;3.6km/h/1.0m/s;-;N/A;;Overcast;
2001/3/17;18:30;12.0;7.0;72%;1002hPa;10.0km;NE;7.2km/h/2.0m/s;-;N/A;;MostlyCloudy;
2001/3/17;19:00;12.0;7.0;72%;1001hPa;10.0km;Variable;3.6km/h/1.0m/s;-;N/A;;MostlyCloudy;
2001/3/17;19:30;12.0;8.0;77%;1001hPa;10.0km;NW;3.6km/h/1.0m/s;-;N/A;;Overcast;
2001/3/17;20:00;11.0;8.0;82%;1000hPa;10.0km;Variable;7.2km/h/2.0m/s;-;N/A;Rain;LightRain;
2001/3/17;20:30;11.0;8.0;82%;1000hPa;10.0km;Variable;3.6km/h/1.0m/s;-;N/A;;MostlyCloudy;
2001/3/17;21:00;10.0;8.0;87%;1000hPa;10.0km;Variable;3.6km/h/1.0m/s;-;N/A;;MostlyCloudy;
2001/3/17;21:30;11.0;8.0;82%;1000hPa;10.0km;SW;14.4km/h/4.0m/s;-;N/A;;ScatteredClouds;
2001/3/17;22:00;11.0;8.0;82%;1000hPa;10.0km;WSW;14.4km/h/4.0m/s;-;N/A;;ScatteredClouds;
2001/3/17;22:30;11.0;7.0;76%;1000hPa;10.0km;WSW;10.8km/h/3.0m/s;-;N/A;Rain;LightRain;
2001/3/17;23:00;11.0;8.0;82%;1000hPa;10.0km;Variable;7.2km/h/2.0m/s;-;N/A;Rain;LightRain;
2001/3/17;23:30;10.0;8.0;87%;1000hPa;10.0km;SE;3.6km/h/1.0m/s;-;N/A;Rain;LightRain;
