2001/12/26;00:00;-8.0;-11.0;79%;1004hPa;10.0km;SSW;18.0km/h/5.0m/s;-;N/A;;Overcast;
2001/12/26;00:30;-8.0;-10.0;86%;1004hPa;10.0km;SSW;14.4km/h/4.0m/s;-;N/A;;Overcast;
2001/12/26;01:00;-8.0;-10.0;86%;1004hPa;10.0km;South;14.4km/h/4.0m/s;-;N/A;;Overcast;
2001/12/26;01:30;-8.0;-10.0;86%;1004hPa;10.0km;South;14.4km/h/4.0m/s;-;N/A;;Overcast;
2001/12/26;02:00;-8.0;-10.0;86%;1004hPa;10.0km;SSW;10.8km/h/3.0m/s;-;N/A;;Overcast;
2001/12/26;02:30;-8.0;-10.0;86%;1004hPa;10.0km;SSW;14.4km/h/4.0m/s;-;N/A;;Overcast;
2001/12/26;03:00;-8.0;-10.0;86%;1004hPa;10.0km;SW;7.2km/h/2.0m/s;-;N/A;;Overcast;
2001/12/26;03:30;-8.0;-10.0;86%;1004hPa;10.0km;Variable;7.2km/h/2.0m/s;-;N/A;;Overcast;
2001/12/26;04:00;-9.0;-10.0;93%;1003hPa;10.0km;SW;10.8km/h/3.0m/s;-;N/A;;Overcast;
2001/12/26;04:30;-9.0;-10.0;93%;1003hPa;10.0km;SSW;7.2km/h/2.0m/s;-;N/A;;Overcast;
2001/12/26;05:00;-8.0;-10.0;86%;1003hPa;8.0km;SW;7.2km/h/2.0m/s;-;N/A;;Overcast;
2001/12/26;05:30;-8.0;-10.0;86%;1003hPa;7.0km;SW;10.8km/h/3.0m/s;-;N/A;;Overcast;
2001/12/26;06:00;-8.0;-9.0;93%;1003hPa;5.0km;SW;10.8km/h/3.0m/s;-;N/A;;Overcast;
2001/12/26;06:30;-8.0;-10.0;86%;1003hPa;4.5km;SW;10.8km/h/3.0m/s;-;N/A;;Overcast;
2001/12/26;07:00;-8.0;-9.0;93%;1003hPa;4.0km;SW;7.2km/h/2.0m/s;-;N/A;;Overcast;
2001/12/26;07:30;-8.0;-9.0;93%;1004hPa;3.0km;WSW;7.2km/h/2.0m/s;-;N/A;;Overcast;
2001/12/26;08:00;-8.0;-9.0;93%;1004hPa;3.0km;West;10.8km/h/3.0m/s;-;N/A;;Overcast;
2001/12/26;08:30;-8.0;-9.0;93%;1004hPa;3.0km;SW;7.2km/h/2.0m/s;-;N/A;;Overcast;
2001/12/26;09:00;-8.0;-9.0;93%;1004hPa;2.7km;SW;10.8km/h/3.0m/s;-;N/A;;Overcast;
2001/12/26;09:30;-8.0;-9.0;93%;1004hPa;2.7km;SW;7.2km/h/2.0m/s;-;N/A;;Overcast;
2001/12/26;10:00;-7.0;-9.0;86%;1004hPa;-;Variable;7.2km/h/2.0m/s;-;N/A;;Overcast;
2001/12/26;10:30;-7.0;-9.0;86%;1004hPa;-;West;10.8km/h/3.0m/s;-;N/A;;Overcast;
2001/12/26;11:00;-7.0;-9.0;86%;1004hPa;-;Variable;7.2km/h/2.0m/s;-;N/A;;Overcast;
2001/12/26;11:30;-7.0;-9.0;86%;1004hPa;-;Variable;7.2km/h/2.0m/s;-;N/A;;Overcast;
2001/12/26;12:00;-7.0;-8.0;93%;1004hPa;-;West;7.2km/h/2.0m/s;-;N/A;;Overcast;
2001/12/26;12:30;-7.0;-9.0;86%;1004hPa;3.5km;West;7.2km/h/2.0m/s;-;N/A;;Overcast;
2001/12/26;13:00;-6.0;-8.0;86%;1004hPa;2.8km;West;3.6km/h/1.0m/s;-;N/A;Snow;LightSnowGrains;
2001/12/26;13:30;-6.0;-8.0;86%;1004hPa;3.0km;Variable;3.6km/h/1.0m/s;-;N/A;Snow;LightSnowGrains;
2001/12/26;14:00;-6.0;-9.0;80%;1004hPa;3.5km;Calm;Calm;-;N/A;Snow;LightSnowGrains;
2001/12/26;14:30;-6.0;-8.0;86%;1004hPa;3.5km;Calm;Calm;-;N/A;Snow;LightSnowGrains;
2001/12/26;15:00;-6.0;-8.0;86%;1004hPa;3.5km;Calm;Calm;-;N/A;Snow;LightSnowGrains;
2001/12/26;15:30;-6.0;-8.0;86%;1004hPa;-;Calm;Calm;-;N/A;;Overcast;
2001/12/26;16:00;-6.0;-8.0;86%;1004hPa;3.5km;Calm;Calm;-;N/A;;Overcast;
2001/12/26;16:30;-6.0;-8.0;86%;1005hPa;-;Calm;Calm;-;N/A;;Overcast;
2001/12/26;17:00;-6.0;-8.0;86%;1005hPa;2.2km;Calm;Calm;-;N/A;Snow;LightSnow;
2001/12/26;17:30;-6.0;-8.0;86%;1005hPa;2.5km;Calm;Calm;-;N/A;Snow;LightSnow;
2001/12/26;18:00;-6.0;-8.0;86%;1005hPa;-;Calm;Calm;-;N/A;Snow;LightSnow;
2001/12/26;18:30;-6.0;-8.0;86%;1005hPa;2.5km;ENE;3.6km/h/1.0m/s;-;N/A;Snow;LightSnow;
2001/12/26;19:00;-6.0;-7.0;93%;1005hPa;2.5km;NE;3.6km/h/1.0m/s;-;N/A;Snow;LightSnow;
2001/12/26;19:30;-6.0;-7.0;93%;1005hPa;3.0km;North;3.6km/h/1.0m/s;-;N/A;Snow;LightSnow;
2001/12/26;20:00;-6.0;-7.0;93%;1005hPa;3.5km;North;7.2km/h/2.0m/s;-;N/A;Snow;LightSnow;
2001/12/26;20:30;-6.0;-7.0;93%;1005hPa;4.0km;North;7.2km/h/2.0m/s;-;N/A;;MostlyCloudy;
2001/12/26;21:00;-6.0;-7.0;93%;1005hPa;5.0km;North;7.2km/h/2.0m/s;-;N/A;;MostlyCloudy;
2001/12/26;21:30;-6.0;-7.0;93%;1005hPa;5.0km;North;7.2km/h/2.0m/s;-;N/A;Snow;LightSnow;
2001/12/26;22:00;-6.0;-7.0;93%;1005hPa;5.0km;North;10.8km/h/3.0m/s;-;N/A;Snow;LightSnow;
2001/12/26;22:30;-6.0;-8.0;86%;1005hPa;5.0km;North;10.8km/h/3.0m/s;-;N/A;Snow;LightSnow;
2001/12/26;23:00;-7.0;-8.0;93%;1005hPa;8.0km;NNE;10.8km/h/3.0m/s;-;N/A;Snow;LightSnow;
2001/12/26;23:30;-7.0;-8.0;93%;1005hPa;-;North;14.4km/h/4.0m/s;-;N/A;;Clear;
