2001/4/7;00:00;7.0;5.0;87%;1013hPa;-;Variable;7.2km/h/2.0m/s;-;N/A;;Clear;
2001/4/7;00:30;7.0;5.0;87%;1013hPa;-;South;10.8km/h/3.0m/s;-;N/A;;Clear;
2001/4/7;01:00;7.0;4.0;81%;1013hPa;-;Variable;3.6km/h/1.0m/s;-;N/A;;Clear;
2001/4/7;01:30;6.0;4.0;87%;1012hPa;-;South;10.8km/h/3.0m/s;-;N/A;;Clear;
2001/4/7;02:00;6.0;4.0;87%;1012hPa;-;SW;3.6km/h/1.0m/s;-;N/A;;Clear;
2001/4/7;02:30;6.0;3.0;81%;1012hPa;-;Variable;7.2km/h/2.0m/s;-;N/A;;Clear;
2001/4/7;03:00;5.0;3.0;87%;1012hPa;-;SW;3.6km/h/1.0m/s;-;N/A;;Clear;
2001/4/7;03:30;5.0;3.0;87%;1012hPa;-;SW;3.6km/h/1.0m/s;-;N/A;;Clear;
2001/4/7;04:00;3.0;1.0;87%;1012hPa;-;South;3.6km/h/1.0m/s;-;N/A;;Clear;
2001/4/7;04:30;3.0;2.0;93%;1012hPa;-;Calm;Calm;-;N/A;;Clear;
2001/4/7;05:00;3.0;2.0;93%;1012hPa;-;NW;7.2km/h/2.0m/s;-;N/A;;Clear;
2001/4/7;05:30;2.0;1.0;93%;1011hPa;-;WNW;3.6km/h/1.0m/s;-;N/A;;Clear;
2001/4/7;06:00;2.0;1.0;93%;1011hPa;5.0km;Calm;Calm;-;N/A;;ScatteredClouds;
2001/4/7;06:30;3.0;2.0;93%;1011hPa;7.0km;Calm;Calm;-;N/A;;ScatteredClouds;
2001/4/7;07:00;3.0;2.0;93%;1012hPa;10.0km;Variable;3.6km/h/1.0m/s;-;N/A;;ScatteredClouds;
2001/4/7;07:30;4.0;3.0;93%;1011hPa;3.0km;Variable;7.2km/h/2.0m/s;-;N/A;;ScatteredClouds;
2001/4/7;08:00;5.0;4.0;93%;1011hPa;5.0km;ESE;7.2km/h/2.0m/s;-;N/A;;MostlyCloudy;
2001/4/7;08:30;6.0;5.0;93%;1012hPa;6.0km;Variable;3.6km/h/1.0m/s;-;N/A;;MostlyCloudy;
2001/4/7;09:00;7.0;5.0;87%;1012hPa;7.0km;Calm;Calm;-;N/A;;MostlyCloudy;
2001/4/7;09:30;8.0;5.0;81%;1012hPa;10.0km;Variable;3.6km/h/1.0m/s;-;N/A;;MostlyCloudy;
2001/4/7;10:00;9.0;5.0;76%;1012hPa;10.0km;Variable;3.6km/h/1.0m/s;-;N/A;;MostlyCloudy;
2001/4/7;10:30;10.0;5.0;71%;1011hPa;10.0km;South;10.8km/h/3.0m/s;-;N/A;;MostlyCloudy;
2001/4/7;11:00;11.0;4.0;62%;1011hPa;10.0km;South;18.0km/h/5.0m/s;-;N/A;;ScatteredClouds;
2001/4/7;11:30;12.0;6.0;67%;1011hPa;10.0km;South;14.4km/h/4.0m/s;-;N/A;;MostlyCloudy;
2001/4/7;12:00;12.0;5.0;62%;1011hPa;10.0km;South;18.0km/h/5.0m/s;-;N/A;;MostlyCloudy;
2001/4/7;12:30;13.0;5.0;58%;1011hPa;10.0km;SSW;18.0km/h/5.0m/s;-;N/A;;MostlyCloudy;
2001/4/7;13:00;14.0;5.0;55%;1011hPa;10.0km;South;21.6km/h/6.0m/s;-;N/A;;ScatteredClouds;
2001/4/7;13:30;14.0;5.0;55%;1010hPa;10.0km;South;18.0km/h/5.0m/s;-;N/A;;MostlyCloudy;
2001/4/7;14:00;13.0;4.0;54%;1010hPa;10.0km;SSW;21.6km/h/6.0m/s;-;N/A;;ScatteredClouds;
2001/4/7;14:30;14.0;5.0;55%;1010hPa;10.0km;South;21.6km/h/6.0m/s;-;N/A;;ScatteredClouds;
2001/4/7;15:00;16.0;6.0;52%;1009hPa;10.0km;South;21.6km/h/6.0m/s;-;N/A;;MostlyCloudy;
2001/4/7;15:30;15.0;5.0;51%;1009hPa;-;South;21.6km/h/6.0m/s;-;N/A;;Clear;
2001/4/7;16:00;15.0;4.0;48%;1009hPa;-;South;21.6km/h/6.0m/s;-;N/A;;Clear;
2001/4/7;16:30;14.0;4.0;51%;1009hPa;-;South;21.6km/h/6.0m/s;-;N/A;;Clear;
2001/4/7;17:00;14.0;4.0;51%;1008hPa;-;South;18.0km/h/5.0m/s;-;N/A;;Clear;
2001/4/7;17:30;14.0;4.0;51%;1008hPa;-;South;18.0km/h/5.0m/s;-;N/A;;Clear;
2001/4/7;18:00;14.0;4.0;51%;1008hPa;-;South;14.4km/h/4.0m/s;-;N/A;;Clear;
2001/4/7;18:30;14.0;4.0;51%;1008hPa;-;South;14.4km/h/4.0m/s;-;N/A;;Clear;
2001/4/7;19:00;13.0;5.0;58%;1008hPa;-;South;10.8km/h/3.0m/s;-;N/A;;Clear;
2001/4/7;19:30;12.0;4.0;58%;1008hPa;-;South;10.8km/h/3.0m/s;-;N/A;;Clear;
2001/4/7;20:00;12.0;4.0;58%;1009hPa;-;South;14.4km/h/4.0m/s;-;N/A;;Clear;
2001/4/7;20:30;12.0;4.0;58%;1009hPa;-;South;10.8km/h/3.0m/s;-;N/A;;Clear;
2001/4/7;21:00;11.0;4.0;62%;1009hPa;-;South;10.8km/h/3.0m/s;-;N/A;;Clear;
2001/4/7;21:30;11.0;4.0;62%;1009hPa;-;South;10.8km/h/3.0m/s;-;N/A;;Clear;
2001/4/7;22:00;11.0;4.0;62%;1009hPa;-;South;7.2km/h/2.0m/s;-;N/A;;Clear;
2001/4/7;22:30;11.0;4.0;62%;1009hPa;-;South;7.2km/h/2.0m/s;-;N/A;;Clear;
2001/4/7;23:00;11.0;5.0;67%;1009hPa;-;South;7.2km/h/2.0m/s;-;N/A;;Clear;
2001/4/7;23:30;11.0;4.0;62%;1009hPa;-;Variable;3.6km/h/1.0m/s;-;N/A;;Clear;
