2001/2/2;00:00;-3.0;-8.0;69%;1016hPa;10.0km;NNE;14.4km/h/4.0m/s;-;N/A;;ScatteredClouds;
2001/2/2;00:30;-4.0;-8.0;74%;1016hPa;10.0km;NE;14.4km/h/4.0m/s;-;N/A;;ScatteredClouds;
2001/2/2;01:00;-3.0;-7.0;74%;1016hPa;10.0km;NNE;18.0km/h/5.0m/s;-;N/A;;ScatteredClouds;
2001/2/2;01:30;-3.0;-7.0;74%;1016hPa;10.0km;NE;14.4km/h/4.0m/s;-;N/A;;ScatteredClouds;
2001/2/2;02:00;-3.0;-7.0;74%;1016hPa;10.0km;NE;14.4km/h/4.0m/s;-;N/A;;MostlyCloudy;
2001/2/2;02:30;-3.0;-7.0;74%;1016hPa;10.0km;NNE;18.0km/h/5.0m/s;-;N/A;;MostlyCloudy;
2001/2/2;03:00;-3.0;-6.0;80%;1016hPa;10.0km;NNE;18.0km/h/5.0m/s;-;N/A;;MostlyCloudy;
2001/2/2;03:30;-3.0;-6.0;80%;1015hPa;10.0km;NNE;14.4km/h/4.0m/s;-;N/A;;MostlyCloudy;
2001/2/2;04:00;-3.0;-6.0;80%;1015hPa;10.0km;NNE;18.0km/h/5.0m/s;-;N/A;;MostlyCloudy;
2001/2/2;04:30;-4.0;-7.0;80%;1015hPa;10.0km;NNE;14.4km/h/4.0m/s;-;N/A;;ScatteredClouds;
2001/2/2;05:00;-4.0;-7.0;80%;1015hPa;10.0km;Variable;7.2km/h/2.0m/s;-;N/A;;ScatteredClouds;
2001/2/2;05:30;-3.0;-6.0;80%;1015hPa;10.0km;NNW;7.2km/h/2.0m/s;-;N/A;;MostlyCloudy;
2001/2/2;06:00;-4.0;-7.0;80%;1015hPa;10.0km;WNW;7.2km/h/2.0m/s;-;N/A;;MostlyCloudy;
2001/2/2;06:30;-4.0;-6.0;86%;1015hPa;10.0km;West;10.8km/h/3.0m/s;-;N/A;;MostlyCloudy;
2001/2/2;07:00;-3.0;-6.0;80%;1015hPa;10.0km;WSW;10.8km/h/3.0m/s;-;N/A;;MostlyCloudy;
2001/2/2;07:30;-3.0;-6.0;80%;1015hPa;10.0km;Variable;3.6km/h/1.0m/s;-;N/A;;MostlyCloudy;
2001/2/2;08:00;-4.0;-6.0;86%;1015hPa;10.0km;WSW;7.2km/h/2.0m/s;-;N/A;;MostlyCloudy;
2001/2/2;08:30;-4.0;-7.0;80%;1015hPa;10.0km;East;3.6km/h/1.0m/s;-;N/A;;ScatteredClouds;
2001/2/2;09:00;-2.0;-6.0;74%;1015hPa;10.0km;South;3.6km/h/1.0m/s;-;N/A;;PartlyCloudy;
2001/2/2;09:30;-1.0;-5.0;75%;1015hPa;10.0km;WSW;3.6km/h/1.0m/s;-;N/A;;PartlyCloudy;
2001/2/2;10:00;-1.0;-6.0;69%;1015hPa;10.0km;SW;7.2km/h/2.0m/s;-;N/A;;PartlyCloudy;
2001/2/2;11:00;0.0;-6.0;64%;1016hPa;10.0km;SSE;14.4km/h/4.0m/s;-;N/A;;MostlyCloudy;
2001/2/2;11:30;0.0;-5.0;69%;1015hPa;10.0km;South;10.8km/h/3.0m/s;-;N/A;;ScatteredClouds;
2001/2/2;12:00;1.0;-5.0;65%;1015hPa;10.0km;South;10.8km/h/3.0m/s;-;N/A;;PartlyCloudy;
2001/2/2;12:30;1.0;-5.0;65%;1015hPa;10.0km;SSE;10.8km/h/3.0m/s;-;N/A;;MostlyCloudy;
2001/2/2;13:00;1.0;-5.0;65%;1015hPa;10.0km;SSE;7.2km/h/2.0m/s;-;N/A;;ScatteredClouds;
2001/2/2;13:30;1.0;-4.0;70%;1014hPa;10.0km;SSE;7.2km/h/2.0m/s;-;N/A;;MostlyCloudy;
2001/2/2;14:00;2.0;-5.0;60%;1014hPa;10.0km;SSE;14.4km/h/4.0m/s;-;N/A;;PartlyCloudy;
2001/2/2;14:30;1.0;-6.0;60%;1014hPa;10.0km;South;10.8km/h/3.0m/s;-;N/A;;PartlyCloudy;
2001/2/2;15:00;0.0;-5.0;69%;1014hPa;10.0km;SSE;10.8km/h/3.0m/s;-;N/A;;PartlyCloudy;
2001/2/2;15:30;1.0;-5.0;65%;1013hPa;10.0km;SSE;10.8km/h/3.0m/s;-;N/A;;PartlyCloudy;
2001/2/2;16:00;-1.0;-5.0;75%;1013hPa;-;SSE;14.4km/h/4.0m/s;-;N/A;;Clear;
2001/2/2;16:30;-2.0;-6.0;74%;1013hPa;-;South;14.4km/h/4.0m/s;-;N/A;;Clear;
2001/2/2;17:00;-3.0;-6.0;80%;1013hPa;-;South;14.4km/h/4.0m/s;-;N/A;;Clear;
2001/2/2;17:30;-2.0;-6.0;74%;1014hPa;-;SSW;14.4km/h/4.0m/s;-;N/A;;Clear;
2001/2/2;18:00;-2.0;-6.0;74%;1014hPa;-;SSW;10.8km/h/3.0m/s;-;N/A;;Clear;
2001/2/2;18:30;-3.0;-6.0;80%;1014hPa;-;SW;10.8km/h/3.0m/s;-;N/A;;Clear;
2001/2/2;19:00;-3.0;-6.0;80%;1014hPa;-;North;7.2km/h/2.0m/s;-;N/A;;Clear;
2001/2/2;19:30;-4.0;-7.0;80%;1014hPa;-;Variable;3.6km/h/1.0m/s;-;N/A;;Clear;
2001/2/2;20:00;-3.0;-6.0;80%;1014hPa;10.0km;NNE;7.2km/h/2.0m/s;-;N/A;;MostlyCloudy;
2001/2/2;20:30;-3.0;-6.0;80%;1014hPa;10.0km;North;10.8km/h/3.0m/s;-;N/A;;MostlyCloudy;
2001/2/2;21:00;-3.0;-5.0;86%;1014hPa;10.0km;Variable;7.2km/h/2.0m/s;-;N/A;Snow;LightSnow;
2001/2/2;21:30;-3.0;-5.0;86%;1014hPa;10.0km;East;7.2km/h/2.0m/s;-;N/A;;MostlyCloudy;
2001/2/2;22:00;-3.0;-5.0;86%;1014hPa;10.0km;Variable;3.6km/h/1.0m/s;-;N/A;;PartlyCloudy;
2001/2/2;22:30;-4.0;-5.0;93%;1014hPa;-;East;7.2km/h/2.0m/s;-;N/A;;Clear;
2001/2/2;23:00;-4.0;-5.0;93%;1014hPa;-;ENE;3.6km/h/1.0m/s;-;N/A;;Clear;
2001/2/2;23:30;-5.0;-6.0;93%;1014hPa;-;NE;3.6km/h/1.0m/s;-;N/A;;Clear;
