2001/12/22;00:00;-6.0;-10.0;74%;1007hPa;-;South;21.6km/h/6.0m/s;-;N/A;;Clear;
2001/12/22;00:30;-6.0;-10.0;74%;1007hPa;-;SSW;21.6km/h/6.0m/s;-;N/A;;Clear;
2001/12/22;01:00;-6.0;-9.0;80%;1007hPa;-;SSW;25.2km/h/7.0m/s;-;N/A;;Clear;
2001/12/22;01:30;-6.0;-9.0;80%;1006hPa;-;South;21.6km/h/6.0m/s;-;N/A;;Clear;
2001/12/22;02:00;-7.0;-9.0;86%;1006hPa;-;South;18.0km/h/5.0m/s;-;N/A;;Clear;
2001/12/22;02:30;-7.0;-9.0;86%;1006hPa;-;South;14.4km/h/4.0m/s;-;N/A;;Clear;
2001/12/22;03:00;-7.0;-9.0;86%;1006hPa;-;South;21.6km/h/6.0m/s;-;N/A;;Clear;
2001/12/22;03:30;-7.0;-9.0;86%;1005hPa;-;South;21.6km/h/6.0m/s;-;N/A;;Clear;
2001/12/22;04:00;-7.0;-9.0;86%;1005hPa;-;South;25.2km/h/7.0m/s;-;N/A;;Clear;
2001/12/22;04:30;-7.0;-9.0;86%;1004hPa;-;South;25.2km/h/7.0m/s;-;N/A;;Clear;
2001/12/22;05:00;-7.0;-8.0;93%;1004hPa;10.0km;South;25.2km/h/7.0m/s;-;N/A;;MostlyCloudy;
2001/12/22;05:30;-7.0;-8.0;93%;1004hPa;10.0km;South;25.2km/h/7.0m/s;-;N/A;;MostlyCloudy;
2001/12/22;06:00;-7.0;-8.0;93%;1004hPa;10.0km;South;14.4km/h/4.0m/s;-;N/A;Snow;LightSnow;
2001/12/22;06:30;-7.0;-8.0;93%;1004hPa;3.5km;SSW;18.0km/h/5.0m/s;-;N/A;Snow;LightSnow;
2001/12/22;07:00;-7.0;-8.0;93%;1004hPa;2.0km;South;10.8km/h/3.0m/s;-;N/A;Snow;LightSnow;
2001/12/22;07:30;-7.0;-8.0;93%;1004hPa;1.8km;South;14.4km/h/4.0m/s;-;N/A;Snow;LightSnow;
2001/12/22;08:00;-7.0;-8.0;93%;1004hPa;1.8km;SSW;14.4km/h/4.0m/s;-;N/A;Snow;LightSnow;
2001/12/22;08:30;-7.0;-8.0;93%;1003hPa;2.0km;Variable;7.2km/h/2.0m/s;-;N/A;Snow;LightSnow;
2001/12/22;09:00;-6.0;-7.0;93%;1004hPa;2.0km;SW;7.2km/h/2.0m/s;-;N/A;Snow;LightSnow;
2001/12/22;09:30;-6.0;-7.0;93%;1004hPa;2.5km;SSW;10.8km/h/3.0m/s;-;N/A;Snow;LightSnow;
2001/12/22;10:00;-6.0;-7.0;93%;1003hPa;2.6km;South;14.4km/h/4.0m/s;-;N/A;Snow;LightSnow;
2001/12/22;10:30;-6.0;-7.0;93%;1003hPa;2.9km;South;14.4km/h/4.0m/s;-;N/A;Snow;LightSnow;
2001/12/22;11:00;-5.0;-7.0;86%;1003hPa;-;South;18.0km/h/5.0m/s;-;N/A;;Overcast;
2001/12/22;11:30;-5.0;-7.0;86%;1003hPa;3.5km;South;21.6km/h/6.0m/s;-;N/A;;Overcast;
2001/12/22;12:00;-5.0;-7.0;86%;1003hPa;3.5km;South;21.6km/h/6.0m/s;-;N/A;;MostlyCloudy;
2001/12/22;12:30;-5.0;-7.0;86%;1003hPa;-;SSW;10.8km/h/3.0m/s;-;N/A;;MostlyCloudy;
2001/12/22;13:00;-5.0;-7.0;86%;1003hPa;4.5km;South;10.8km/h/3.0m/s;-;N/A;;MostlyCloudy;
2001/12/22;13:30;-4.0;-7.0;80%;1003hPa;5.0km;WSW;10.8km/h/3.0m/s;-;N/A;;MostlyCloudy;
2001/12/22;14:00;-3.0;-6.0;80%;1004hPa;5.0km;Variable;3.6km/h/1.0m/s;-;N/A;;MostlyCloudy;
2001/12/22;14:30;-4.0;-7.0;80%;1004hPa;6.0km;SSW;7.2km/h/2.0m/s;-;N/A;;ScatteredClouds;
2001/12/22;15:00;-4.0;-7.0;80%;1005hPa;5.0km;ENE;3.6km/h/1.0m/s;-;N/A;;ScatteredClouds;
2001/12/22;15:30;-6.0;-8.0;86%;1005hPa;4.5km;Variable;7.2km/h/2.0m/s;-;N/A;;ScatteredClouds;
2001/12/22;16:00;-6.0;-7.0;93%;1005hPa;4.0km;Variable;3.6km/h/1.0m/s;-;N/A;;MostlyCloudy;
2001/12/22;16:30;-5.0;-6.0;93%;1006hPa;4.5km;North;3.6km/h/1.0m/s;-;N/A;;MostlyCloudy;
2001/12/22;17:00;-6.0;-7.0;93%;1006hPa;6.0km;NNW;7.2km/h/2.0m/s;-;N/A;;MostlyCloudy;
2001/12/22;17:30;-6.0;-7.0;93%;1006hPa;7.0km;North;7.2km/h/2.0m/s;-;N/A;;MostlyCloudy;
2001/12/22;18:00;-5.0;-6.0;93%;1007hPa;6.0km;Calm;Calm;-;N/A;;Overcast;
2001/12/22;18:30;-5.0;-6.0;93%;1007hPa;6.0km;North;7.2km/h/2.0m/s;-;N/A;;Overcast;
2001/12/22;19:00;-5.0;-6.0;93%;1007hPa;6.0km;North;10.8km/h/3.0m/s;-;N/A;;Overcast;
2001/12/22;19:30;-5.0;-7.0;86%;1008hPa;7.0km;NNE;7.2km/h/2.0m/s;-;N/A;;Overcast;
2001/12/22;20:00;-5.0;-6.0;93%;1008hPa;7.0km;NE;7.2km/h/2.0m/s;-;N/A;;Overcast;
2001/12/22;20:30;-5.0;-6.0;93%;1008hPa;7.0km;Variable;7.2km/h/2.0m/s;-;N/A;;Overcast;
2001/12/22;21:00;-5.0;-6.0;93%;1008hPa;6.0km;ENE;7.2km/h/2.0m/s;-;N/A;;Overcast;
2001/12/22;21:30;-5.0;-6.0;93%;1008hPa;6.0km;NE;3.6km/h/1.0m/s;-;N/A;;Overcast;
2001/12/22;22:00;-5.0;-6.0;93%;1008hPa;6.0km;NE;7.2km/h/2.0m/s;-;N/A;;Overcast;
2001/12/22;22:30;-5.0;-6.0;93%;1008hPa;6.0km;North;3.6km/h/1.0m/s;-;N/A;;Overcast;
2001/12/22;23:00;-5.0;-6.0;93%;1008hPa;6.0km;West;3.6km/h/1.0m/s;-;N/A;;Overcast;
2001/12/22;23:30;-5.0;-6.0;93%;1009hPa;6.0km;SSW;10.8km/h/3.0m/s;-;N/A;;Overcast;
