2001/4/18;00:00;7.0;5.0;87%;1009hPa;10.0km;Variable;3.6km/h/1.0m/s;-;N/A;Rain;LightRain;
2001/4/18;00:30;7.0;5.0;87%;1009hPa;10.0km;Calm;Calm;-;N/A;;Overcast;
2001/4/18;01:00;7.0;5.0;87%;1009hPa;10.0km;Variable;3.6km/h/1.0m/s;-;N/A;Rain;LightRain;
2001/4/18;01:30;7.0;5.0;87%;1009hPa;10.0km;Variable;3.6km/h/1.0m/s;-;N/A;Rain;LightRain;
2001/4/18;02:00;7.0;5.0;87%;1008hPa;10.0km;North;14.4km/h/4.0m/s;-;N/A;Rain;LightRain;
2001/4/18;02:30;7.0;4.0;81%;1008hPa;10.0km;North;10.8km/h/3.0m/s;-;N/A;;MostlyCloudy;
2001/4/18;03:00;6.0;4.0;87%;1008hPa;10.0km;North;10.8km/h/3.0m/s;-;N/A;;ScatteredClouds;
2001/4/18;03:30;6.0;4.0;87%;1008hPa;10.0km;North;10.8km/h/3.0m/s;-;N/A;;ScatteredClouds;
2001/4/18;04:00;6.0;3.0;81%;1008hPa;-;NNE;14.4km/h/4.0m/s;-;N/A;;Clear;
2001/4/18;04:30;6.0;3.0;81%;1008hPa;10.0km;NNE;14.4km/h/4.0m/s;-;N/A;;ScatteredClouds;
2001/4/18;05:00;6.0;2.0;76%;1008hPa;10.0km;North;18.0km/h/5.0m/s;-;N/A;;ScatteredClouds;
2001/4/18;05:30;6.0;2.0;76%;1008hPa;10.0km;North;18.0km/h/5.0m/s;-;N/A;;ScatteredClouds;
2001/4/18;06:00;6.0;2.0;76%;1008hPa;-;North;18.0km/h/5.0m/s;-;N/A;;Clear;
2001/4/18;06:30;6.0;2.0;76%;1008hPa;-;North;18.0km/h/5.0m/s;-;N/A;;Clear;
2001/4/18;07:00;7.0;2.0;71%;1008hPa;-;North;18.0km/h/5.0m/s;-;N/A;;Clear;
2001/4/18;07:30;7.0;2.0;71%;1008hPa;10.0km;North;21.6km/h/6.0m/s;-;N/A;;MostlyCloudy;
2001/4/18;08:00;7.0;2.0;71%;1008hPa;10.0km;North;21.6km/h/6.0m/s;-;N/A;;MostlyCloudy;
2001/4/18;08:30;8.0;2.0;66%;1008hPa;10.0km;North;21.6km/h/6.0m/s;-;N/A;;ScatteredClouds;
2001/4/18;09:00;8.0;2.0;66%;1007hPa;10.0km;North;21.6km/h/6.0m/s;-;N/A;;ScatteredClouds;
2001/4/18;09:30;9.0;2.0;62%;1008hPa;10.0km;North;28.8km/h/8.0m/s;-;N/A;;ScatteredClouds;
2001/4/18;10:00;10.0;3.0;62%;1008hPa;10.0km;North;21.6km/h/6.0m/s;-;N/A;;ScatteredClouds;
2001/4/18;10:30;10.0;2.0;58%;1008hPa;10.0km;North;21.6km/h/6.0m/s;-;N/A;;ScatteredClouds;
2001/4/18;11:00;11.0;1.0;50%;1008hPa;10.0km;North;21.6km/h/6.0m/s;-;N/A;;ScatteredClouds;
2001/4/18;11:30;12.0;2.0;51%;1007hPa;10.0km;NNE;18.0km/h/5.0m/s;-;N/A;;MostlyCloudy;
2001/4/18;12:00;12.0;2.0;51%;1007hPa;10.0km;NNE;14.4km/h/4.0m/s;-;N/A;;ScatteredClouds;
2001/4/18;12:30;12.0;3.0;54%;1007hPa;10.0km;NNE;10.8km/h/3.0m/s;-;N/A;;ScatteredClouds;
2001/4/18;13:00;12.0;1.0;47%;1007hPa;10.0km;North;10.8km/h/3.0m/s;-;N/A;;ScatteredClouds;
2001/4/18;13:30;13.0;3.0;51%;1006hPa;10.0km;Variable;7.2km/h/2.0m/s;-;N/A;;ScatteredClouds;
2001/4/18;14:00;14.0;2.0;44%;1006hPa;10.0km;Variable;7.2km/h/2.0m/s;-;N/A;;ScatteredClouds;
2001/4/18;14:30;13.0;2.0;47%;1006hPa;10.0km;Variable;7.2km/h/2.0m/s;-;N/A;;MostlyCloudy;
2001/4/18;15:00;12.0;2.0;51%;1006hPa;10.0km;Variable;7.2km/h/2.0m/s;-;N/A;Rain;LightRainShowers;
2001/4/18;15:30;11.0;2.0;54%;1006hPa;10.0km;WNW;21.6km/h/6.0m/s;-;N/A;;MostlyCloudy;
2001/4/18;16:00;12.0;3.0;54%;1006hPa;10.0km;Variable;7.2km/h/2.0m/s;-;N/A;;ScatteredClouds;
2001/4/18;16:30;13.0;2.0;47%;1006hPa;10.0km;Variable;10.8km/h/3.0m/s;-;N/A;;ScatteredClouds;
2001/4/18;17:00;11.0;4.0;62%;1006hPa;10.0km;SSW;21.6km/h/6.0m/s;-;N/A;;MostlyCloudy;
2001/4/18;17:30;11.0;3.0;58%;1006hPa;10.0km;South;18.0km/h/5.0m/s;-;N/A;;MostlyCloudy;
2001/4/18;18:00;11.0;4.0;62%;1006hPa;10.0km;South;10.8km/h/3.0m/s;-;N/A;;ScatteredClouds;
2001/4/18;18:30;11.0;3.0;58%;1005hPa;10.0km;SSW;10.8km/h/3.0m/s;-;N/A;;ScatteredClouds;
2001/4/18;19:00;10.0;3.0;62%;1006hPa;10.0km;South;10.8km/h/3.0m/s;-;N/A;;ScatteredClouds;
2001/4/18;19:30;8.0;4.0;76%;1006hPa;10.0km;SSE;10.8km/h/3.0m/s;-;N/A;;MostlyCloudy;
2001/4/18;20:00;8.0;4.0;76%;1006hPa;-;South;7.2km/h/2.0m/s;-;N/A;;Clear;
2001/4/18;20:30;8.0;3.0;71%;1006hPa;-;Variable;3.6km/h/1.0m/s;-;N/A;;Clear;
2001/4/18;21:00;9.0;4.0;71%;1006hPa;-;Variable;3.6km/h/1.0m/s;-;N/A;;Clear;
2001/4/18;21:30;8.0;4.0;76%;1006hPa;-;Variable;3.6km/h/1.0m/s;-;N/A;;Clear;
2001/4/18;22:00;7.0;3.0;76%;1006hPa;-;SSW;14.4km/h/4.0m/s;-;N/A;;Clear;
2001/4/18;22:30;6.0;3.0;81%;1007hPa;-;SSW;10.8km/h/3.0m/s;-;N/A;;Clear;
2001/4/18;23:00;6.0;3.0;81%;1007hPa;-;WSW;7.2km/h/2.0m/s;-;N/A;;Clear;
2001/4/18;23:30;5.0;2.0;81%;1007hPa;-;WSW;3.6km/h/1.0m/s;-;N/A;;Clear;
