2001/12/16;00:00;-8.0;-10.0;86%;1027hPa;10.0km;Variable;3.6km/h/1.0m/s;-;N/A;;PartlyCloudy;
2001/12/16;00:30;-8.0;-10.0;86%;1027hPa;10.0km;SSW;3.6km/h/1.0m/s;-;N/A;;PartlyCloudy;
2001/12/16;01:00;-9.0;-10.0;93%;1026hPa;-;SSW;7.2km/h/2.0m/s;-;N/A;;Clear;
2001/12/16;01:30;-8.0;-9.0;93%;1026hPa;-;Variable;3.6km/h/1.0m/s;-;N/A;;Clear;
2001/12/16;02:00;-8.0;-10.0;86%;1026hPa;10.0km;SW;7.2km/h/2.0m/s;-;N/A;;ScatteredClouds;
2001/12/16;02:30;-8.0;-9.0;93%;1026hPa;10.0km;Variable;3.6km/h/1.0m/s;-;N/A;;ScatteredClouds;
2001/12/16;03:00;-8.0;-9.0;93%;1026hPa;-;Calm;Calm;-;N/A;;Clear;
2001/12/16;03:30;-8.0;-10.0;86%;1026hPa;10.0km;Variable;3.6km/h/1.0m/s;-;N/A;;ScatteredClouds;
2001/12/16;04:00;-8.0;-9.0;93%;1025hPa;10.0km;Variable;3.6km/h/1.0m/s;-;N/A;;ScatteredClouds;
2001/12/16;04:30;-8.0;-9.0;93%;1025hPa;10.0km;SSW;3.6km/h/1.0m/s;-;N/A;;MostlyCloudy;
2001/12/16;05:00;-8.0;-9.0;93%;1025hPa;8.0km;SSE;3.6km/h/1.0m/s;-;N/A;;MostlyCloudy;
2001/12/16;05:30;-8.0;-9.0;93%;1025hPa;6.0km;Variable;3.6km/h/1.0m/s;-;N/A;;MostlyCloudy;
2001/12/16;06:00;-8.0;-8.0;100%;1025hPa;3.0km;Variable;3.6km/h/1.0m/s;-;N/A;Snow;LightSnow;
2001/12/16;06:30;-7.0;-8.0;93%;1025hPa;2.2km;Calm;Calm;-;N/A;Snow;LightSnow;
2001/12/16;07:00;-7.0;-8.0;93%;1025hPa;3.0km;Variable;3.6km/h/1.0m/s;-;N/A;Snow;LightSnow;
2001/12/16;07:30;-8.0;-9.0;93%;1025hPa;2.8km;Variable;3.6km/h/1.0m/s;-;N/A;Snow;LightSnowGrains;
2001/12/16;08:00;-8.0;-9.0;93%;1025hPa;2.5km;South;7.2km/h/2.0m/s;-;N/A;Snow;LightSnowGrains;
2001/12/16;08:30;-7.0;-8.0;93%;1025hPa;2.5km;Variable;3.6km/h/1.0m/s;-;N/A;Snow;LightSnowGrains;
2001/12/16;09:00;-7.0;-8.0;93%;1025hPa;3.0km;SSW;10.8km/h/3.0m/s;-;N/A;;Overcast;
2001/12/16;09:30;-6.0;-7.0;93%;1025hPa;5.0km;Variable;3.6km/h/1.0m/s;-;N/A;;MostlyCloudy;
2001/12/16;10:00;-5.0;-7.0;86%;1025hPa;8.0km;South;3.6km/h/1.0m/s;-;N/A;;MostlyCloudy;
2001/12/16;10:30;-3.0;-7.0;74%;1025hPa;10.0km;Variable;3.6km/h/1.0m/s;-;N/A;;MostlyCloudy;
2001/12/16;11:00;-3.0;-8.0;69%;1025hPa;10.0km;North;18.0km/h/5.0m/s;-;N/A;;MostlyCloudy;
2001/12/16;11:30;-3.0;-8.0;69%;1025hPa;10.0km;North;21.6km/h/6.0m/s;-;N/A;Snow;LightSnowShowers;
2001/12/16;12:00;-2.0;-7.0;69%;1025hPa;10.0km;North;14.4km/h/4.0m/s;-;N/A;;MostlyCloudy;
2001/12/16;12:30;-3.0;-8.0;69%;1025hPa;10.0km;North;21.6km/h/6.0m/s;-;N/A;;ScatteredClouds;
2001/12/16;13:00;-3.0;-8.0;69%;1025hPa;10.0km;NNE;21.6km/h/6.0m/s;-;N/A;;MostlyCloudy;
2001/12/16;13:30;-3.0;-8.0;69%;1025hPa;10.0km;North;25.2km/h/7.0m/s;-;N/A;;MostlyCloudy;
2001/12/16;14:00;-3.0;-8.0;69%;1025hPa;10.0km;North;28.8km/h/8.0m/s;-;N/A;Snow;LightSnowShowers;
2001/12/16;14:30;-3.0;-8.0;69%;1025hPa;10.0km;North;25.2km/h/7.0m/s;-;N/A;Snow;LightSnowShowers;
2001/12/16;15:00;-3.0;-8.0;69%;1025hPa;10.0km;NNE;21.6km/h/6.0m/s;-;N/A;Snow;LightSnow;
2001/12/16;15:30;-4.0;-9.0;69%;1025hPa;10.0km;NNE;21.6km/h/6.0m/s;-;N/A;Snow;LightSnow;
2001/12/16;16:00;-4.0;-8.0;74%;1025hPa;5.0km;North;28.8km/h/8.0m/s;-;N/A;Snow;LightSnow;
2001/12/16;16:30;-5.0;-7.0;86%;1025hPa;7.0km;North;25.2km/h/7.0m/s;-;N/A;Snow;LightSnow;
2001/12/16;17:00;-6.0;-9.0;80%;1025hPa;10.0km;NNE;25.2km/h/7.0m/s;-;N/A;;Overcast;
2001/12/16;17:30;-6.0;-10.0;74%;1025hPa;10.0km;North;32.4km/h/9.0m/s;-;N/A;Snow;LowDriftingSnow;
2001/12/16;18:00;-7.0;-11.0;74%;1026hPa;-;NNE;28.8km/h/8.0m/s;-;N/A;;Clear;
2001/12/16;18:30;-7.0;-11.0;74%;1026hPa;-;NNE;21.6km/h/6.0m/s;-;N/A;;Clear;
2001/12/16;19:00;-7.0;-11.0;74%;1026hPa;-;NNE;14.4km/h/4.0m/s;-;N/A;;Clear;
2001/12/16;19:30;-7.0;-11.0;74%;1026hPa;-;North;25.2km/h/7.0m/s;-;N/A;;Clear;
2001/12/16;20:00;-7.0;-11.0;74%;1026hPa;-;NNE;21.6km/h/6.0m/s;-;N/A;;Clear;
2001/12/16;20:30;-8.0;-11.0;79%;1026hPa;10.0km;NE;18.0km/h/5.0m/s;-;N/A;Snow;LightSnow;
2001/12/16;21:00;-8.0;-11.0;79%;1027hPa;10.0km;NNE;25.2km/h/7.0m/s;-;N/A;Snow;LightSnow;
2001/12/16;21:30;-8.0;-11.0;79%;1026hPa;10.0km;NNE;25.2km/h/7.0m/s;-;N/A;Snow;LightSnow;
2001/12/16;22:00;-8.0;-12.0;73%;1026hPa;10.0km;NNE;21.6km/h/6.0m/s;-;N/A;Snow;LightSnow;
2001/12/16;22:30;-8.0;-12.0;73%;1027hPa;10.0km;NNE;25.2km/h/7.0m/s;-;N/A;Snow;LightSnow;
2001/12/16;23:00;-9.0;-12.0;79%;1027hPa;10.0km;North;28.8km/h/8.0m/s;-;N/A;;PartlyCloudy;
2001/12/16;23:30;-9.0;-13.0;73%;1026hPa;-;North;32.4km/h/9.0m/s;-;N/A;;Clear;
