2001/4/22;00:00;11.0;10.0;94%;996hPa;-;Variable;3.6km/h/1.0m/s;-;N/A;;Clear;
2001/4/22;00:30;10.0;10.0;100%;996hPa;-;Calm;Calm;-;N/A;;Clear;
2001/4/22;01:00;11.0;10.0;94%;995hPa;-;North;7.2km/h/2.0m/s;-;N/A;;Clear;
2001/4/22;01:30;11.0;10.0;94%;995hPa;-;Variable;7.2km/h/2.0m/s;-;N/A;;Clear;
2001/4/22;02:00;12.0;10.0;88%;995hPa;10.0km;North;14.4km/h/4.0m/s;-;N/A;Rain;LightRain;
2001/4/22;02:30;12.0;10.0;88%;994hPa;10.0km;North;14.4km/h/4.0m/s;-;N/A;Rain;LightRain;
2001/4/22;03:00;11.0;10.0;94%;994hPa;10.0km;North;10.8km/h/3.0m/s;-;N/A;Rain;LightRain;
2001/4/22;03:30;11.0;10.0;94%;994hPa;10.0km;North;10.8km/h/3.0m/s;-;N/A;Rain;LightRain;
2001/4/22;04:00;11.0;10.0;94%;994hPa;10.0km;Variable;3.6km/h/1.0m/s;-;N/A;Rain;LightRain;
2001/4/22;04:30;11.0;10.0;94%;994hPa;8.0km;Variable;7.2km/h/2.0m/s;-;N/A;Rain;LightRain;
2001/4/22;05:00;10.0;10.0;100%;994hPa;8.0km;Variable;7.2km/h/2.0m/s;-;N/A;Rain;LightRain;
2001/4/22;05:30;10.0;10.0;100%;994hPa;5.0km;Variable;3.6km/h/1.0m/s;-;N/A;Rain;Rain;
2001/4/22;06:00;10.0;9.0;94%;994hPa;3.5km;NNE;7.2km/h/2.0m/s;-;N/A;Rain;Rain;
2001/4/22;06:30;10.0;9.0;94%;994hPa;5.0km;ENE;3.6km/h/1.0m/s;-;N/A;Rain;Rain;
2001/4/22;07:00;10.0;9.0;94%;993hPa;4.5km;ENE;3.6km/h/1.0m/s;-;N/A;Rain;Rain;
2001/4/22;07:30;10.0;9.0;94%;993hPa;4.0km;Variable;3.6km/h/1.0m/s;-;N/A;Rain;Rain;
2001/4/22;08:00;10.0;9.0;94%;993hPa;4.0km;ENE;7.2km/h/2.0m/s;-;N/A;Rain;Rain;
2001/4/22;08:30;10.0;9.0;94%;993hPa;4.0km;Variable;7.2km/h/2.0m/s;-;N/A;Rain;Rain;
2001/4/22;09:00;10.0;9.0;94%;993hPa;5.0km;East;7.2km/h/2.0m/s;-;N/A;Rain;Rain;
2001/4/22;09:30;10.0;9.0;94%;993hPa;8.0km;NNE;14.4km/h/4.0m/s;-;N/A;Rain;Rain;
2001/4/22;10:00;10.0;9.0;94%;994hPa;10.0km;NNE;14.4km/h/4.0m/s;-;N/A;Rain;Rain;
2001/4/22;10:30;10.0;9.0;94%;994hPa;10.0km;NNE;10.8km/h/3.0m/s;-;N/A;Rain;LightRain;
2001/4/22;11:00;11.0;9.0;88%;994hPa;10.0km;NNE;10.8km/h/3.0m/s;-;N/A;;MostlyCloudy;
2001/4/22;11:30;11.0;9.0;88%;994hPa;10.0km;NE;10.8km/h/3.0m/s;-;N/A;;MostlyCloudy;
2001/4/22;12:00;11.0;9.0;88%;994hPa;10.0km;NNE;10.8km/h/3.0m/s;-;N/A;;MostlyCloudy;
2001/4/22;12:30;11.0;9.0;88%;994hPa;10.0km;NE;14.4km/h/4.0m/s;-;N/A;;MostlyCloudy;
2001/4/22;13:00;11.0;8.0;82%;994hPa;10.0km;NNE;18.0km/h/5.0m/s;-;N/A;;MostlyCloudy;
2001/4/22;13:30;12.0;8.0;77%;994hPa;10.0km;NNE;18.0km/h/5.0m/s;-;N/A;;MostlyCloudy;
2001/4/22;14:00;12.0;8.0;77%;994hPa;10.0km;NNE;18.0km/h/5.0m/s;-;N/A;;MostlyCloudy;
2001/4/22;14:30;11.0;7.0;76%;994hPa;10.0km;NNE;18.0km/h/5.0m/s;-;N/A;;MostlyCloudy;
2001/4/22;15:00;11.0;6.0;71%;994hPa;10.0km;NNE;14.4km/h/4.0m/s;-;N/A;;MostlyCloudy;
2001/4/22;15:30;11.0;6.0;71%;994hPa;10.0km;NNE;18.0km/h/5.0m/s;-;N/A;;MostlyCloudy;
2001/4/22;16:00;11.0;6.0;71%;994hPa;10.0km;NNE;18.0km/h/5.0m/s;-;N/A;;MostlyCloudy;
2001/4/22;16:30;10.0;5.0;71%;995hPa;10.0km;NNE;18.0km/h/5.0m/s;-;N/A;;MostlyCloudy;
2001/4/22;17:00;10.0;5.0;71%;995hPa;10.0km;NNE;21.6km/h/6.0m/s;-;N/A;;MostlyCloudy;
2001/4/22;17:30;10.0;5.0;71%;994hPa;10.0km;NNE;25.2km/h/7.0m/s;-;N/A;;MostlyCloudy;
2001/4/22;18:00;10.0;5.0;71%;995hPa;10.0km;NNE;21.6km/h/6.0m/s;-;N/A;;MostlyCloudy;
2001/4/22;18:30;10.0;4.0;66%;995hPa;10.0km;NNE;25.2km/h/7.0m/s;-;N/A;;MostlyCloudy;
2001/4/22;19:00;9.0;4.0;71%;995hPa;10.0km;NNE;25.2km/h/7.0m/s;-;N/A;;MostlyCloudy;
2001/4/22;19:30;9.0;3.0;66%;995hPa;10.0km;NNE;32.4km/h/9.0m/s;-;N/A;;MostlyCloudy;
2001/4/22;20:00;8.0;4.0;76%;995hPa;10.0km;NNE;32.4km/h/9.0m/s;-;N/A;;MostlyCloudy;
2001/4/22;20:30;8.0;4.0;76%;995hPa;10.0km;NNE;28.8km/h/8.0m/s;-;N/A;;MostlyCloudy;
2001/4/22;21:00;7.0;3.0;76%;995hPa;-;NNE;25.2km/h/7.0m/s;-;N/A;;Clear;
2001/4/22;21:30;7.0;3.0;76%;996hPa;-;NE;14.4km/h/4.0m/s;-;N/A;;Clear;
2001/4/22;22:00;6.0;3.0;81%;996hPa;-;NNE;21.6km/h/6.0m/s;-;N/A;;Clear;
2001/4/22;22:30;6.0;3.0;81%;995hPa;-;NNE;18.0km/h/5.0m/s;-;N/A;;Clear;
2001/4/22;23:22;6.0;4.0;87%;995hPa;-;NNE;25.2km/h/7.0m/s;-;N/A;;Clear;
2001/4/22;23:30;6.0;3.0;81%;995hPa;-;NNE;25.2km/h/7.0m/s;-;N/A;;Clear;
