2001/10/28;00:00;0.0;-2.0;87%;1028hPa;-;Variable;3.6km/h/1.0m/s;-;N/A;;Clear;
2001/10/28;00:30;-1.0;-2.0;93%;1028hPa;-;SSW;7.2km/h/2.0m/s;-;N/A;;Clear;
2001/10/28;01:00;-1.0;-2.0;93%;1028hPa;-;Variable;7.2km/h/2.0m/s;-;N/A;;Clear;
2001/10/28;01:30;-1.0;-2.0;93%;1028hPa;-;Variable;7.2km/h/2.0m/s;-;N/A;;Clear;
2001/10/28;02:00;-1.0;-2.0;93%;1028hPa;-;South;7.2km/h/2.0m/s;-;N/A;;Clear;
2001/10/28;02:30;-1.0;-2.0;93%;1028hPa;-;Variable;3.6km/h/1.0m/s;-;N/A;;Clear;
2001/10/28;02:00;-2.0;-3.0;93%;1028hPa;-;Variable;3.6km/h/1.0m/s;-;N/A;;Clear;
2001/10/28;02:30;-1.0;-2.0;93%;1028hPa;-;Variable;3.6km/h/1.0m/s;-;N/A;;Clear;
2001/10/28;03:00;-2.0;-3.0;93%;1028hPa;-;Variable;3.6km/h/1.0m/s;-;N/A;;Clear;
2001/10/28;03:30;-2.0;-2.0;100%;1028hPa;-;Variable;7.2km/h/2.0m/s;-;N/A;;Clear;
2001/10/28;04:00;-2.0;-3.0;93%;1028hPa;-;Variable;3.6km/h/1.0m/s;-;N/A;;Clear;
2001/10/28;04:30;-2.0;-3.0;93%;1028hPa;-;SSE;3.6km/h/1.0m/s;-;N/A;;Clear;
2001/10/28;05:00;-2.0;-2.0;100%;1028hPa;-;Variable;3.6km/h/1.0m/s;-;N/A;;Clear;
2001/10/28;05:30;-2.0;-2.0;100%;1028hPa;-;Calm;Calm;-;N/A;;Clear;
2001/10/28;06:00;-2.0;-3.0;93%;1028hPa;5.0km;ESE;3.6km/h/1.0m/s;-;N/A;Fog;PartlyCloudy;
2001/10/28;06:30;-3.0;-3.0;100%;1028hPa;5.0km;Calm;Calm;-;N/A;Fog;ShallowFog;
2001/10/28;07:00;-2.0;-2.0;100%;1029hPa;6.0km;Variable;3.6km/h/1.0m/s;-;N/A;;PartlyCloudy;
2001/10/28;07:30;-1.0;-1.0;100%;1029hPa;6.0km;Calm;Calm;-;N/A;;PartlyCloudy;
2001/10/28;08:00;1.0;0.0;93%;1029hPa;8.0km;Calm;Calm;-;N/A;;ScatteredClouds;
2001/10/28;10:00;6.0;3.0;81%;1029hPa;10.0km;Variable;7.2km/h/2.0m/s;-;N/A;;Overcast;
2001/10/28;10:30;7.0;4.0;81%;1028hPa;10.0km;SSW;14.4km/h/4.0m/s;-;N/A;;MostlyCloudy;
2001/10/28;11:00;8.0;3.0;71%;1028hPa;10.0km;SSW;14.4km/h/4.0m/s;-;N/A;;Overcast;
2001/10/28;11:30;9.0;4.0;71%;1028hPa;10.0km;SSW;14.4km/h/4.0m/s;-;N/A;;Overcast;
2001/10/28;12:00;9.0;3.0;66%;1028hPa;10.0km;South;14.4km/h/4.0m/s;-;N/A;;Overcast;
2001/10/28;12:30;8.0;3.0;71%;1028hPa;10.0km;South;18.0km/h/5.0m/s;-;N/A;;Overcast;
2001/10/28;13:00;8.0;3.0;71%;1027hPa;10.0km;South;18.0km/h/5.0m/s;-;N/A;;Overcast;
2001/10/28;13:30;8.0;3.0;71%;1027hPa;10.0km;South;14.4km/h/4.0m/s;-;N/A;Rain;LightRain;
2001/10/28;14:00;7.0;4.0;81%;1027hPa;8.0km;South;14.4km/h/4.0m/s;-;N/A;Rain;LightRain;
2001/10/28;14:30;6.0;5.0;93%;1027hPa;8.0km;South;10.8km/h/3.0m/s;-;N/A;Rain;LightRain;
2001/10/28;15:00;7.0;5.0;87%;1027hPa;8.0km;South;7.2km/h/2.0m/s;-;N/A;;Overcast;
2001/10/28;15:30;7.0;4.0;81%;1026hPa;8.0km;South;14.4km/h/4.0m/s;-;N/A;;Overcast;
2001/10/28;16:00;7.0;4.0;81%;1026hPa;8.0km;South;10.8km/h/3.0m/s;-;N/A;;Overcast;
2001/10/28;16:30;7.0;4.0;81%;1026hPa;8.0km;SSW;14.4km/h/4.0m/s;-;N/A;;Overcast;
2001/10/28;17:00;8.0;3.0;71%;1026hPa;7.0km;SSW;10.8km/h/3.0m/s;-;N/A;;Overcast;
2001/10/28;17:30;8.0;3.0;71%;1026hPa;8.0km;SW;14.4km/h/4.0m/s;-;N/A;;Overcast;
2001/10/28;18:00;8.0;3.0;71%;1026hPa;8.0km;SW;10.8km/h/3.0m/s;-;N/A;;Overcast;
2001/10/28;18:30;8.0;3.0;71%;1026hPa;10.0km;SSW;10.8km/h/3.0m/s;-;N/A;;Overcast;
2001/10/28;19:00;7.0;3.0;76%;1025hPa;10.0km;SSW;7.2km/h/2.0m/s;-;N/A;;Overcast;
2001/10/28;19:30;6.0;3.0;81%;1025hPa;10.0km;SSE;7.2km/h/2.0m/s;-;N/A;;Overcast;
2001/10/28;20:00;6.0;4.0;87%;1025hPa;10.0km;Variable;7.2km/h/2.0m/s;-;N/A;;Overcast;
2001/10/28;20:30;6.0;3.0;81%;1025hPa;10.0km;Variable;7.2km/h/2.0m/s;-;N/A;;Overcast;
2001/10/28;21:00;6.0;4.0;87%;1025hPa;10.0km;South;7.2km/h/2.0m/s;-;N/A;;Overcast;
2001/10/28;21:30;6.0;4.0;87%;1025hPa;8.0km;SW;7.2km/h/2.0m/s;-;N/A;Rain;LightRain;
2001/10/28;22:00;6.0;5.0;93%;1025hPa;6.0km;SSW;3.6km/h/1.0m/s;-;N/A;Rain;LightRain;
2001/10/28;22:30;5.0;5.0;100%;1024hPa;5.0km;South;3.6km/h/1.0m/s;-;N/A;Rain;LightRain;
