2001/3/13;00:00;6.0;5.0;93%;1009hPa;-;Variable;3.6km/h/1.0m/s;-;N/A;;Clear;
2001/3/13;00:30;6.0;6.0;100%;1009hPa;-;Calm;Calm;-;N/A;;Clear;
2001/3/13;01:00;6.0;5.0;93%;1009hPa;-;Calm;Calm;-;N/A;;Clear;
2001/3/13;01:30;5.0;4.0;93%;1008hPa;7.0km;Calm;Calm;-;N/A;;MostlyCloudy;
2001/3/13;02:00;5.0;5.0;100%;1008hPa;6.0km;Variable;3.6km/h/1.0m/s;-;N/A;;MostlyCloudy;
2001/3/13;02:30;5.0;5.0;100%;1008hPa;3.5km;Calm;Calm;-;N/A;;MostlyCloudy;
2001/3/13;03:00;5.0;4.0;93%;1008hPa;3.0km;NE;7.2km/h/2.0m/s;-;N/A;;PartlyCloudy;
2001/3/13;03:30;5.0;5.0;100%;1007hPa;3.5km;Variable;3.6km/h/1.0m/s;-;N/A;;PartlyCloudy;
2001/3/13;04:00;5.0;4.0;93%;1007hPa;4.0km;West;7.2km/h/2.0m/s;-;N/A;;MostlyCloudy;
2001/3/13;04:30;6.0;5.0;93%;1007hPa;4.0km;West;3.6km/h/1.0m/s;-;N/A;;MostlyCloudy;
2001/3/13;05:00;6.0;6.0;100%;1007hPa;4.0km;WSW;3.6km/h/1.0m/s;-;N/A;;ScatteredClouds;
2001/3/13;05:30;6.0;6.0;100%;1006hPa;3.0km;SSW;3.6km/h/1.0m/s;-;N/A;;MostlyCloudy;
2001/3/13;06:00;5.0;5.0;100%;1006hPa;1.5km;SSW;7.2km/h/2.0m/s;-;N/A;;MostlyCloudy;
2001/3/13;06:30;5.0;5.0;100%;1006hPa;1.0km;SSE;3.6km/h/1.0m/s;-;N/A;Fog;PatchesofFog;
2001/3/13;07:00;5.0;5.0;100%;1005hPa;1.2km;Variable;3.6km/h/1.0m/s;-;N/A;;Overcast;
2001/3/13;07:30;5.0;5.0;100%;1006hPa;3.0km;Variable;7.2km/h/2.0m/s;-;N/A;;Overcast;
2001/3/13;08:00;8.0;7.0;93%;1005hPa;5.0km;WSW;14.4km/h/4.0m/s;-;N/A;;Overcast;
2001/3/13;08:30;8.0;6.0;87%;1005hPa;5.0km;WSW;14.4km/h/4.0m/s;-;N/A;;Overcast;
2001/3/13;09:00;8.0;7.0;93%;1005hPa;7.0km;WSW;10.8km/h/3.0m/s;-;N/A;;Overcast;
2001/3/13;09:30;10.0;7.0;82%;1005hPa;8.0km;SSW;10.8km/h/3.0m/s;-;N/A;;ScatteredClouds;
2001/3/13;10:00;12.0;9.0;82%;1005hPa;4.5km;South;18.0km/h/5.0m/s;-;N/A;;MostlyCloudy;
2001/3/13;10:30;13.0;8.0;72%;1005hPa;8.0km;SSW;14.4km/h/4.0m/s;-;N/A;;ScatteredClouds;
2001/3/13;11:00;14.0;8.0;67%;1004hPa;9.0km;South;18.0km/h/5.0m/s;-;N/A;;MostlyCloudy;
2001/3/13;11:30;14.0;8.0;67%;1004hPa;8.0km;South;21.6km/h/6.0m/s;-;N/A;;MostlyCloudy;
2001/3/13;12:00;14.0;9.0;72%;1004hPa;10.0km;South;18.0km/h/5.0m/s;-;N/A;;Overcast;
2001/3/13;12:30;13.0;8.0;72%;1004hPa;10.0km;South;18.0km/h/5.0m/s;-;N/A;;Overcast;
2001/3/13;13:00;14.0;9.0;72%;1004hPa;10.0km;South;18.0km/h/5.0m/s;-;N/A;;Overcast;
2001/3/13;13:30;13.0;9.0;77%;1004hPa;10.0km;SSW;14.4km/h/4.0m/s;-;N/A;;Overcast;
2001/3/13;14:00;13.0;9.0;77%;1004hPa;10.0km;Variable;7.2km/h/2.0m/s;-;N/A;;Overcast;
2001/3/13;14:30;13.0;8.0;72%;1004hPa;8.0km;SSW;14.4km/h/4.0m/s;-;N/A;;Overcast;
2001/3/13;15:00;14.0;9.0;72%;1003hPa;10.0km;South;21.6km/h/6.0m/s;-;N/A;;Overcast;
2001/3/13;15:30;13.0;10.0;82%;1003hPa;10.0km;South;25.2km/h/7.0m/s;-;N/A;Rain;LightRain;
2001/3/13;16:00;12.0;11.0;94%;1003hPa;10.0km;South;21.6km/h/6.0m/s;-;N/A;Rain;LightRain;
2001/3/13;16:30;12.0;11.0;94%;1003hPa;8.0km;South;18.0km/h/5.0m/s;-;N/A;Rain;LightRain;
2001/3/13;17:00;12.0;11.0;94%;1003hPa;7.0km;South;18.0km/h/5.0m/s;-;N/A;Rain;LightRain;
2001/3/13;17:30;11.0;10.0;94%;1003hPa;5.0km;SSW;14.4km/h/4.0m/s;-;N/A;Rain;LightRain;
2001/3/13;18:00;11.0;10.0;94%;1003hPa;5.0km;South;14.4km/h/4.0m/s;-;N/A;Rain;LightRain;
2001/3/13;18:30;11.0;10.0;94%;1003hPa;3.5km;South;14.4km/h/4.0m/s;-;N/A;Rain;LightRain;
2001/3/13;19:00;11.0;10.0;94%;1003hPa;3.5km;SW;10.8km/h/3.0m/s;-;N/A;Rain;LightRain;
2001/3/13;19:30;10.0;10.0;100%;1003hPa;3.5km;SW;10.8km/h/3.0m/s;-;N/A;Rain;LightRain;
2001/3/13;20:00;10.0;10.0;100%;1003hPa;4.5km;SW;14.4km/h/4.0m/s;-;N/A;Rain;LightRain;
2001/3/13;20:30;10.0;9.0;94%;1003hPa;4.5km;SSW;10.8km/h/3.0m/s;-;N/A;Rain;LightRain;
2001/3/13;21:00;10.0;9.0;94%;1003hPa;3.5km;WSW;7.2km/h/2.0m/s;-;N/A;Rain;Rain;
2001/3/13;21:30;9.0;9.0;100%;1003hPa;3.0km;Variable;3.6km/h/1.0m/s;-;N/A;Rain;Rain;
2001/3/13;22:00;9.0;9.0;100%;1003hPa;2.5km;Variable;3.6km/h/1.0m/s;-;N/A;Rain;Rain;
2001/3/13;22:30;9.0;9.0;100%;1002hPa;0.4km;SSE;3.6km/h/1.0m/s;-;N/A;Fog,Rain;Rain;
2001/3/13;23:00;9.0;8.0;93%;1002hPa;5.0km;NNE;18.0km/h/5.0m/s;-;N/A;Rain;Rain;
2001/3/13;23:30;8.0;7.0;93%;1002hPa;8.0km;North;18.0km/h/5.0m/s;-;N/A;Rain;Rain;
