2001/2/4;00:00;-4.0;-4.0;100%;1012hPa;3.0km;Variable;3.6km/h/1.0m/s;-;N/A;Snow;LightSnow;
2001/2/4;00:30;-4.0;-4.0;100%;1012hPa;3.0km;Calm;Calm;-;N/A;Snow;LightSnow;
2001/2/4;01:00;-3.0;-4.0;93%;1012hPa;2.5km;Variable;3.6km/h/1.0m/s;-;N/A;Snow;LightSnow;
2001/2/4;01:30;-3.0;-3.0;100%;1012hPa;3.5km;South;10.8km/h/3.0m/s;-;N/A;Snow;LightSnow;
2001/2/4;02:00;-3.0;-3.0;100%;1011hPa;3.0km;South;10.8km/h/3.0m/s;-;N/A;Snow;LightSnow;
2001/2/4;02:30;-3.0;-3.0;100%;1011hPa;3.0km;South;10.8km/h/3.0m/s;-;N/A;Snow;LightSnow;
2001/2/4;03:00;-3.0;-3.0;100%;1011hPa;3.0km;South;10.8km/h/3.0m/s;-;N/A;Snow;LightSnow;
2001/2/4;03:30;-3.0;-3.0;100%;1010hPa;3.0km;South;10.8km/h/3.0m/s;-;N/A;Snow;LightSnow;
2001/2/4;04:00;-3.0;-3.0;100%;1010hPa;2.5km;Variable;7.2km/h/2.0m/s;-;N/A;Snow;LightSnow;
2001/2/4;04:30;-3.0;-3.0;100%;1009hPa;2.2km;SSE;7.2km/h/2.0m/s;-;N/A;Snow;LightSnow;
2001/2/4;05:00;-3.0;-3.0;100%;1009hPa;2.1km;South;10.8km/h/3.0m/s;-;N/A;Snow;LightSnow;
2001/2/4;05:30;-3.0;-3.0;100%;1009hPa;2.2km;South;7.2km/h/2.0m/s;-;N/A;Snow;LightSnow;
2001/2/4;06:00;-3.0;-3.0;100%;1008hPa;2.4km;SSE;7.2km/h/2.0m/s;-;N/A;Snow;LightSnow;
2001/2/4;06:30;-3.0;-3.0;100%;1009hPa;2.2km;SSE;3.6km/h/1.0m/s;-;N/A;Snow;LightSnow;
2001/2/4;07:00;-3.0;-3.0;100%;1008hPa;1.1km;SSE;7.2km/h/2.0m/s;-;N/A;Snow;LightSnow;
2001/2/4;07:30;-3.0;-3.0;100%;1008hPa;1.3km;SSE;7.2km/h/2.0m/s;-;N/A;Snow;LightSnow;
2001/2/4;08:00;-3.0;-3.0;100%;1008hPa;1.4km;South;7.2km/h/2.0m/s;-;N/A;Snow;Snow;
2001/2/4;08:30;-3.0;-3.0;100%;1008hPa;1.8km;SSE;7.2km/h/2.0m/s;-;N/A;Snow;Snow;
2001/2/4;09:00;-2.0;-3.0;93%;1008hPa;3.0km;Variable;3.6km/h/1.0m/s;-;N/A;Snow;LightSnow;
2001/2/4;09:30;-2.0;-3.0;93%;1008hPa;4.0km;SSW;10.8km/h/3.0m/s;-;N/A;Snow;LightSnow;
2001/2/4;10:00;-2.0;-3.0;93%;1008hPa;4.0km;SW;10.8km/h/3.0m/s;-;N/A;Snow;LightSnow;
2001/2/4;10:30;-1.0;-3.0;86%;1008hPa;6.0km;SW;10.8km/h/3.0m/s;-;N/A;Snow;LightSnow;
2001/2/4;11:00;-1.0;-3.0;86%;1008hPa;6.0km;Variable;7.2km/h/2.0m/s;-;N/A;;MostlyCloudy;
2001/2/4;11:30;0.0;-2.0;87%;1008hPa;6.0km;South;10.8km/h/3.0m/s;-;N/A;;MostlyCloudy;
2001/2/4;12:00;0.0;-3.0;80%;1008hPa;6.0km;SSW;14.4km/h/4.0m/s;-;N/A;;MostlyCloudy;
2001/2/4;12:30;0.0;-3.0;80%;1008hPa;6.0km;SSW;18.0km/h/5.0m/s;-;N/A;;MostlyCloudy;
2001/2/4;13:00;0.0;-2.0;87%;1008hPa;6.0km;Variable;7.2km/h/2.0m/s;-;N/A;;MostlyCloudy;
2001/2/4;13:30;0.0;-3.0;80%;1008hPa;7.0km;South;10.8km/h/3.0m/s;-;N/A;;MostlyCloudy;
2001/2/4;14:00;0.0;-2.0;87%;1008hPa;7.0km;SW;10.8km/h/3.0m/s;-;N/A;;MostlyCloudy;
2001/2/4;14:30;0.0;-2.0;87%;1008hPa;8.0km;SSW;14.4km/h/4.0m/s;-;N/A;;MostlyCloudy;
2001/2/4;15:00;0.0;-2.0;87%;1008hPa;8.0km;SW;10.8km/h/3.0m/s;-;N/A;;MostlyCloudy;
2001/2/4;15:30;0.0;-2.0;87%;1009hPa;8.0km;South;7.2km/h/2.0m/s;-;N/A;;MostlyCloudy;
2001/2/4;16:00;-1.0;-2.0;93%;1009hPa;8.0km;South;10.8km/h/3.0m/s;-;N/A;;ScatteredClouds;
2001/2/4;16:30;-1.0;-2.0;93%;1009hPa;8.0km;South;10.8km/h/3.0m/s;-;N/A;;ScatteredClouds;
2001/2/4;17:00;-2.0;-3.0;93%;1009hPa;7.0km;South;7.2km/h/2.0m/s;-;N/A;;ScatteredClouds;
2001/2/4;18:00;-3.0;-4.0;93%;1010hPa;8.0km;SW;10.8km/h/3.0m/s;-;N/A;;MostlyCloudy;
2001/2/4;18:30;-1.0;-2.0;93%;1010hPa;6.0km;SSE;7.2km/h/2.0m/s;-;N/A;;MostlyCloudy;
2001/2/4;19:00;-1.0;-3.0;86%;1010hPa;8.0km;Variable;7.2km/h/2.0m/s;-;N/A;;ScatteredClouds;
2001/2/4;19:30;-2.0;-3.0;93%;1010hPa;8.0km;Variable;3.6km/h/1.0m/s;-;N/A;;ScatteredClouds;
2001/2/4;20:00;-2.0;-3.0;93%;1010hPa;8.0km;WSW;3.6km/h/1.0m/s;-;N/A;;MostlyCloudy;
2001/2/4;20:30;-2.0;-3.0;93%;1011hPa;8.0km;Variable;7.2km/h/2.0m/s;-;N/A;;MostlyCloudy;
2001/2/4;21:00;-1.0;-3.0;86%;1011hPa;9.0km;NW;3.6km/h/1.0m/s;-;N/A;;MostlyCloudy;
2001/2/4;21:30;-2.0;-3.0;93%;1010hPa;9.0km;North;10.8km/h/3.0m/s;-;N/A;;ScatteredClouds;
2001/2/4;22:00;-2.0;-3.0;93%;1011hPa;8.0km;North;10.8km/h/3.0m/s;-;N/A;;MostlyCloudy;
2001/2/4;22:30;-2.0;-3.0;93%;1011hPa;8.0km;NNW;3.6km/h/1.0m/s;-;N/A;;Overcast;
2001/2/4;23:00;-2.0;-3.0;93%;1011hPa;8.0km;Variable;3.6km/h/1.0m/s;-;N/A;;Overcast;
2001/2/4;23:30;-2.0;-3.0;93%;1011hPa;8.0km;North;3.6km/h/1.0m/s;-;N/A;;Overcast;
