2001/10/16;00:00;12.0;12.0;100%;1024hPa;1.2km;Variable;7.2km/h/2.0m/s;-;N/A;;Overcast;
2001/10/16;00:30;12.0;12.0;100%;1024hPa;1.2km;Variable;7.2km/h/2.0m/s;-;N/A;;MostlyCloudy;
2001/10/16;01:00;12.0;12.0;100%;1024hPa;1.8km;Variable;7.2km/h/2.0m/s;-;N/A;;Overcast;
2001/10/16;01:30;12.0;12.0;100%;1024hPa;1.8km;North;10.8km/h/3.0m/s;-;N/A;;Overcast;
2001/10/16;02:00;12.0;12.0;100%;1024hPa;1.8km;NNE;10.8km/h/3.0m/s;-;N/A;;Overcast;
2001/10/16;02:30;12.0;12.0;100%;1024hPa;1.8km;North;7.2km/h/2.0m/s;-;N/A;;Overcast;
2001/10/16;03:00;12.0;12.0;100%;1024hPa;1.5km;Variable;7.2km/h/2.0m/s;-;N/A;;Overcast;
2001/10/16;03:30;12.0;12.0;100%;1024hPa;1.5km;NE;7.2km/h/2.0m/s;-;N/A;;Overcast;
2001/10/16;04:00;12.0;12.0;100%;1024hPa;1.6km;Variable;7.2km/h/2.0m/s;-;N/A;;Overcast;
2001/10/16;04:30;12.0;11.0;94%;1024hPa;1.8km;ENE;3.6km/h/1.0m/s;-;N/A;;Overcast;
2001/10/16;05:00;11.0;11.0;100%;1024hPa;1.5km;Variable;3.6km/h/1.0m/s;-;N/A;;Overcast;
2001/10/16;05:30;11.0;11.0;100%;1024hPa;2.0km;NNE;3.6km/h/1.0m/s;-;N/A;;Overcast;
2001/10/16;06:00;11.0;11.0;100%;1024hPa;1.5km;NNW;3.6km/h/1.0m/s;-;N/A;;Overcast;
2001/10/16;06:30;11.0;10.0;94%;1025hPa;2.5km;Variable;7.2km/h/2.0m/s;-;N/A;;MostlyCloudy;
2001/10/16;07:00;10.0;10.0;100%;1025hPa;1.7km;NNW;3.6km/h/1.0m/s;-;N/A;;Overcast;
2001/10/16;07:30;10.0;10.0;100%;1025hPa;1.2km;Variable;3.6km/h/1.0m/s;-;N/A;;MostlyCloudy;
2001/10/16;08:00;11.0;11.0;100%;1025hPa;2.5km;Variable;3.6km/h/1.0m/s;-;N/A;;Overcast;
2001/10/16;08:30;11.0;11.0;100%;1026hPa;3.0km;Variable;3.6km/h/1.0m/s;-;N/A;;MostlyCloudy;
2001/10/16;09:00;11.0;11.0;100%;1026hPa;3.0km;Variable;7.2km/h/2.0m/s;-;N/A;;MostlyCloudy;
2001/10/16;09:30;12.0;12.0;100%;1026hPa;3.0km;Variable;7.2km/h/2.0m/s;-;N/A;;ScatteredClouds;
2001/10/16;10:00;13.0;11.0;88%;1026hPa;5.0km;Variable;7.2km/h/2.0m/s;-;N/A;;PartlyCloudy;
2001/10/16;10:30;14.0;12.0;88%;1026hPa;10.0km;Variable;3.6km/h/1.0m/s;-;N/A;;PartlyCloudy;
2001/10/16;11:00;16.0;13.0;82%;1026hPa;-;Variable;3.6km/h/1.0m/s;-;N/A;;Clear;
2001/10/16;11:30;16.0;12.0;77%;1026hPa;-;Calm;Calm;-;N/A;;Clear;
2001/10/16;12:00;18.0;14.0;77%;1026hPa;-;Calm;Calm;-;N/A;;Clear;
2001/10/16;12:30;19.0;13.0;68%;1026hPa;-;Variable;3.6km/h/1.0m/s;-;N/A;;Clear;
2001/10/16;13:00;20.0;13.0;64%;1026hPa;-;Variable;3.6km/h/1.0m/s;-;N/A;;Clear;
2001/10/16;13:30;20.0;13.0;64%;1026hPa;-;Variable;7.2km/h/2.0m/s;-;N/A;;Clear;
2001/10/16;14:00;19.0;13.0;68%;1026hPa;-;SW;10.8km/h/3.0m/s;-;N/A;;Clear;
2001/10/16;14:30;20.0;13.0;64%;1026hPa;-;Variable;7.2km/h/2.0m/s;-;N/A;;Clear;
2001/10/16;15:00;20.0;13.0;64%;1026hPa;-;Variable;7.2km/h/2.0m/s;-;N/A;;Clear;
2001/10/16;15:30;20.0;14.0;68%;1026hPa;-;Variable;7.2km/h/2.0m/s;-;N/A;;Clear;
2001/10/16;16:00;19.0;13.0;68%;1026hPa;8.0km;WSW;7.2km/h/2.0m/s;-;N/A;;ScatteredClouds;
2001/10/16;16:30;19.0;14.0;73%;1026hPa;8.0km;SW;7.2km/h/2.0m/s;-;N/A;;ScatteredClouds;
2001/10/16;17:00;17.0;13.0;77%;1026hPa;-;SW;3.6km/h/1.0m/s;-;N/A;;Clear;
2001/10/16;17:30;17.0;12.0;72%;1026hPa;-;Variable;7.2km/h/2.0m/s;-;N/A;;Clear;
2001/10/16;18:00;15.0;12.0;82%;1026hPa;8.0km;SSE;3.6km/h/1.0m/s;-;N/A;;MostlyCloudy;
2001/10/16;18:30;15.0;12.0;82%;1026hPa;-;South;3.6km/h/1.0m/s;-;N/A;;Clear;
2001/10/16;19:00;14.0;12.0;88%;1027hPa;-;South;3.6km/h/1.0m/s;-;N/A;;Clear;
2001/10/16;19:30;13.0;12.0;94%;1027hPa;8.0km;Variable;3.6km/h/1.0m/s;-;N/A;;Clear;
2001/10/16;20:00;13.0;12.0;94%;1027hPa;6.0km;Variable;3.6km/h/1.0m/s;-;N/A;;Clear;
2001/10/16;20:30;13.0;12.0;94%;1027hPa;6.0km;North;7.2km/h/2.0m/s;-;N/A;;Clear;
2001/10/16;21:00;12.0;11.0;94%;1027hPa;5.0km;NNW;3.6km/h/1.0m/s;-;N/A;;Clear;
2001/10/16;21:30;12.0;11.0;94%;1027hPa;6.0km;North;7.2km/h/2.0m/s;-;N/A;;Clear;
2001/10/16;22:00;12.0;11.0;94%;1027hPa;5.0km;NNW;3.6km/h/1.0m/s;-;N/A;;Clear;
2001/10/16;22:30;12.0;11.0;94%;1027hPa;6.0km;Calm;Calm;-;N/A;;Clear;
2001/10/16;23:00;11.0;10.0;94%;1027hPa;6.0km;Calm;Calm;-;N/A;;Clear;
2001/10/16;23:30;11.0;10.0;94%;1027hPa;-;Calm;Calm;-;N/A;;ScatteredClouds;
