2001/10/12;00:00;11.0;10.0;94%;1028hPa;-;Variable;3.6km/h/1.0m/s;-;N/A;;Clear;
2001/10/12;00:30;12.0;10.0;88%;1028hPa;-;Variable;3.6km/h/1.0m/s;-;N/A;;Clear;
2001/10/12;01:00;12.0;10.0;88%;1028hPa;-;Variable;3.6km/h/1.0m/s;-;N/A;;Clear;
2001/10/12;01:30;12.0;10.0;88%;1028hPa;-;NNW;3.6km/h/1.0m/s;-;N/A;;Clear;
2001/10/12;02:00;12.0;10.0;88%;1028hPa;-;Calm;Calm;-;N/A;;Clear;
2001/10/12;02:30;12.0;11.0;94%;1028hPa;-;East;3.6km/h/1.0m/s;-;N/A;;Clear;
2001/10/12;03:00;12.0;11.0;94%;1028hPa;-;Variable;3.6km/h/1.0m/s;-;N/A;;Clear;
2001/10/12;03:30;12.0;11.0;94%;1028hPa;-;Variable;7.2km/h/2.0m/s;-;N/A;;Clear;
2001/10/12;04:00;12.0;10.0;88%;1028hPa;-;WSW;7.2km/h/2.0m/s;-;N/A;;Clear;
2001/10/12;04:30;12.0;10.0;88%;1028hPa;-;Variable;3.6km/h/1.0m/s;-;N/A;;Clear;
2001/10/12;05:00;12.0;11.0;94%;1028hPa;10.0km;Calm;Calm;-;N/A;;MostlyCloudy;
2001/10/12;05:30;12.0;11.0;94%;1028hPa;10.0km;Variable;3.6km/h/1.0m/s;-;N/A;;MostlyCloudy;
2001/10/12;06:00;11.0;10.0;94%;1028hPa;-;Variable;3.6km/h/1.0m/s;-;N/A;;Clear;
2001/10/12;06:30;12.0;11.0;94%;1029hPa;10.0km;Variable;3.6km/h/1.0m/s;-;N/A;;MostlyCloudy;
2001/10/12;07:00;12.0;10.0;88%;1029hPa;10.0km;Variable;3.6km/h/1.0m/s;-;N/A;;ScatteredClouds;
2001/10/12;07:30;12.0;11.0;94%;1029hPa;10.0km;Variable;3.6km/h/1.0m/s;-;N/A;;ScatteredClouds;
2001/10/12;08:00;13.0;12.0;94%;1030hPa;10.0km;Variable;7.2km/h/2.0m/s;-;N/A;;MostlyCloudy;
2001/10/12;08:30;14.0;12.0;88%;1030hPa;10.0km;North;10.8km/h/3.0m/s;-;N/A;;ScatteredClouds;
2001/10/12;09:00;15.0;12.0;82%;1030hPa;10.0km;Variable;3.6km/h/1.0m/s;-;N/A;;MostlyCloudy;
2001/10/12;09:30;16.0;11.0;72%;1030hPa;10.0km;Variable;7.2km/h/2.0m/s;-;N/A;;ScatteredClouds;
2001/10/12;10:00;16.0;11.0;72%;1030hPa;10.0km;ENE;10.8km/h/3.0m/s;-;N/A;;ScatteredClouds;
2001/10/12;10:30;16.0;11.0;72%;1030hPa;10.0km;NNE;14.4km/h/4.0m/s;-;N/A;;ScatteredClouds;
2001/10/12;11:00;18.0;12.0;68%;1030hPa;10.0km;NNE;10.8km/h/3.0m/s;-;N/A;;ScatteredClouds;
2001/10/12;11:30;18.0;12.0;68%;1030hPa;10.0km;Variable;7.2km/h/2.0m/s;-;N/A;;ScatteredClouds;
2001/10/12;12:00;19.0;12.0;64%;1030hPa;10.0km;Variable;3.6km/h/1.0m/s;-;N/A;;ScatteredClouds;
2001/10/12;12:30;19.0;12.0;64%;1030hPa;10.0km;Variable;7.2km/h/2.0m/s;-;N/A;;ScatteredClouds;
2001/10/12;13:00;19.0;12.0;64%;1030hPa;10.0km;Variable;3.6km/h/1.0m/s;-;N/A;;ScatteredClouds;
2001/10/12;13:30;19.0;13.0;68%;1030hPa;10.0km;Variable;3.6km/h/1.0m/s;-;N/A;;ScatteredClouds;
2001/10/12;14:00;20.0;13.0;64%;1030hPa;10.0km;Variable;7.2km/h/2.0m/s;-;N/A;;ScatteredClouds;
2001/10/12;14:30;19.0;12.0;64%;1029hPa;10.0km;Variable;3.6km/h/1.0m/s;-;N/A;;MostlyCloudy;
2001/10/12;15:00;19.0;12.0;64%;1029hPa;10.0km;Variable;3.6km/h/1.0m/s;-;N/A;;ScatteredClouds;
2001/10/12;15:30;18.0;12.0;68%;1029hPa;10.0km;Variable;3.6km/h/1.0m/s;-;N/A;;ScatteredClouds;
2001/10/12;16:00;18.0;13.0;73%;1029hPa;10.0km;Variable;7.2km/h/2.0m/s;-;N/A;;ScatteredClouds;
2001/10/12;16:30;19.0;11.0;60%;1029hPa;10.0km;Variable;3.6km/h/1.0m/s;-;N/A;;ScatteredClouds;
2001/10/12;17:00;17.0;12.0;72%;1029hPa;10.0km;NNE;7.2km/h/2.0m/s;-;N/A;;PartlyCloudy;
2001/10/12;17:30;17.0;11.0;68%;1029hPa;10.0km;ENE;3.6km/h/1.0m/s;-;N/A;;ScatteredClouds;
2001/10/12;18:00;17.0;12.0;72%;1029hPa;10.0km;NNE;3.6km/h/1.0m/s;-;N/A;;ScatteredClouds;
2001/10/12;18:30;15.0;12.0;82%;1029hPa;10.0km;Variable;3.6km/h/1.0m/s;-;N/A;;MostlyCloudy;
2001/10/12;19:00;15.0;12.0;82%;1029hPa;10.0km;Variable;3.6km/h/1.0m/s;-;N/A;;MostlyCloudy;
2001/10/12;19:30;15.0;12.0;82%;1029hPa;10.0km;North;3.6km/h/1.0m/s;-;N/A;;ScatteredClouds;
2001/10/12;20:00;15.0;12.0;82%;1029hPa;10.0km;North;10.8km/h/3.0m/s;-;N/A;;ScatteredClouds;
2001/10/12;20:30;14.0;12.0;88%;1030hPa;10.0km;North;7.2km/h/2.0m/s;-;N/A;;ScatteredClouds;
2001/10/12;21:00;14.0;11.0;82%;1029hPa;10.0km;North;7.2km/h/2.0m/s;-;N/A;;ScatteredClouds;
2001/10/12;21:30;13.0;11.0;88%;1029hPa;10.0km;North;7.2km/h/2.0m/s;-;N/A;;MostlyCloudy;
2001/10/12;22:00;13.0;11.0;88%;1029hPa;10.0km;North;7.2km/h/2.0m/s;-;N/A;;ScatteredClouds;
2001/10/12;22:30;13.0;11.0;88%;1030hPa;10.0km;North;7.2km/h/2.0m/s;-;N/A;;MostlyCloudy;
2001/10/12;23:00;13.0;11.0;88%;1030hPa;10.0km;NNE;7.2km/h/2.0m/s;-;N/A;;ScatteredClouds;
2001/10/12;23:30;12.0;11.0;94%;1030hPa;10.0km;North;3.6km/h/1.0m/s;-;N/A;;MostlyCloudy;
