2001/2/24;00:00;-1.0;-5.0;75%;998hPa;10.0km;Variable;3.6km/h/1.0m/s;-;N/A;;Overcast;
2001/2/24;00:30;-1.0;-6.0;69%;998hPa;10.0km;Variable;3.6km/h/1.0m/s;-;N/A;;Overcast;
2001/2/24;01:00;-2.0;-6.0;74%;998hPa;7.0km;North;14.4km/h/4.0m/s;-;N/A;;Overcast;
2001/2/24;01:30;-2.0;-5.0;80%;999hPa;10.0km;North;18.0km/h/5.0m/s;-;N/A;;MostlyCloudy;
2001/2/24;02:00;-2.0;-6.0;74%;999hPa;10.0km;North;14.4km/h/4.0m/s;-;N/A;;MostlyCloudy;
2001/2/24;02:30;-2.0;-6.0;74%;999hPa;5.0km;North;14.4km/h/4.0m/s;-;N/A;Snow;Snow;
2001/2/24;03:00;-3.0;-5.0;86%;1000hPa;9.0km;North;18.0km/h/5.0m/s;-;N/A;Snow;Snow;
2001/2/24;03:30;-3.0;-5.0;86%;1000hPa;4.5km;NNE;18.0km/h/5.0m/s;-;N/A;Snow;LightSnow;
2001/2/24;04:00;-3.0;-5.0;86%;1000hPa;7.0km;North;14.4km/h/4.0m/s;-;N/A;Snow;LightSnow;
2001/2/24;04:30;-3.0;-5.0;86%;1001hPa;7.0km;North;10.8km/h/3.0m/s;-;N/A;Snow;LightSnow;
2001/2/24;05:00;-3.0;-5.0;86%;1001hPa;7.0km;NNE;10.8km/h/3.0m/s;-;N/A;;MostlyCloudy;
2001/2/24;05:30;-3.0;-6.0;80%;1001hPa;10.0km;NNE;14.4km/h/4.0m/s;-;N/A;;MostlyCloudy;
2001/2/24;06:00;-3.0;-6.0;80%;1002hPa;-;NNE;7.2km/h/2.0m/s;-;N/A;;Clear;
2001/2/24;06:30;-4.0;-6.0;86%;1002hPa;-;Variable;7.2km/h/2.0m/s;-;N/A;;Clear;
2001/2/24;07:00;-5.0;-7.0;86%;1003hPa;-;NE;3.6km/h/1.0m/s;-;N/A;;Clear;
2001/2/24;07:30;-4.0;-5.0;93%;1003hPa;10.0km;North;10.8km/h/3.0m/s;-;N/A;;PartlyCloudy;
2001/2/24;08:00;-2.0;-5.0;80%;1003hPa;-;North;7.2km/h/2.0m/s;-;N/A;;Clear;
2001/2/24;08:30;-2.0;-6.0;74%;1004hPa;10.0km;Variable;7.2km/h/2.0m/s;-;N/A;;PartlyCloudy;
2001/2/24;09:00;-1.0;-7.0;64%;1004hPa;10.0km;Variable;7.2km/h/2.0m/s;-;N/A;;PartlyCloudy;
2001/2/24;09:30;-1.0;-6.0;69%;1004hPa;10.0km;NNE;10.8km/h/3.0m/s;-;N/A;;PartlyCloudy;
2001/2/24;10:00;0.0;-7.0;60%;1004hPa;10.0km;NNE;14.4km/h/4.0m/s;-;N/A;;MostlyCloudy;
2001/2/24;10:30;0.0;-9.0;51%;1005hPa;10.0km;Variable;7.2km/h/2.0m/s;-;N/A;;ScatteredClouds;
2001/2/24;11:00;1.0;-9.0;48%;1005hPa;10.0km;Variable;3.6km/h/1.0m/s;-;N/A;;MostlyCloudy;
2001/2/24;11:30;0.0;-9.0;51%;1005hPa;10.0km;South;10.8km/h/3.0m/s;-;N/A;;MostlyCloudy;
2001/2/24;12:00;-1.0;-6.0;69%;1005hPa;10.0km;SSW;10.8km/h/3.0m/s;-;N/A;;MostlyCloudy;
2001/2/24;12:30;0.0;-7.0;60%;1005hPa;10.0km;South;10.8km/h/3.0m/s;-;N/A;;MostlyCloudy;
2001/2/24;13:00;0.0;-9.0;51%;1005hPa;10.0km;Variable;7.2km/h/2.0m/s;-;N/A;;MostlyCloudy;
2001/2/24;13:30;0.0;-7.0;60%;1005hPa;10.0km;SSW;10.8km/h/3.0m/s;-;N/A;;MostlyCloudy;
2001/2/24;14:00;0.0;-6.0;64%;1006hPa;10.0km;South;14.4km/h/4.0m/s;-;N/A;;MostlyCloudy;
2001/2/24;14:30;-1.0;-5.0;75%;1006hPa;10.0km;WSW;14.4km/h/4.0m/s;-;N/A;Snow;LightSnowShowers;
2001/2/24;15:00;-1.0;-5.0;75%;1006hPa;10.0km;WSW;14.4km/h/4.0m/s;-;N/A;Snow;LightSnowShowers;
2001/2/24;15:30;-1.0;-5.0;75%;1006hPa;10.0km;WSW;10.8km/h/3.0m/s;-;N/A;;MostlyCloudy;
2001/2/24;16:00;-2.0;-5.0;80%;1006hPa;10.0km;West;10.8km/h/3.0m/s;-;N/A;;MostlyCloudy;
2001/2/24;16:30;-2.0;-5.0;80%;1007hPa;10.0km;Variable;7.2km/h/2.0m/s;-;N/A;;MostlyCloudy;
2001/2/24;17:00;-2.0;-5.0;80%;1007hPa;8.0km;NW;7.2km/h/2.0m/s;-;N/A;;MostlyCloudy;
2001/2/24;17:30;-2.0;-4.0;86%;1007hPa;4.0km;North;10.8km/h/3.0m/s;-;N/A;;MostlyCloudy;
2001/2/24;18:00;-2.0;-4.0;86%;1008hPa;10.0km;North;14.4km/h/4.0m/s;-;N/A;Snow;LightSnow;
2001/2/24;18:30;-2.0;-5.0;80%;1008hPa;6.0km;NNW;10.8km/h/3.0m/s;-;N/A;Snow;LightSnow;
2001/2/24;19:00;-3.0;-5.0;86%;1008hPa;6.0km;North;18.0km/h/5.0m/s;-;N/A;Snow;LightSnow;
2001/2/24;19:30;-3.0;-6.0;80%;1008hPa;4.0km;North;21.6km/h/6.0m/s;-;N/A;Snow;LightSnow;
2001/2/24;20:00;-3.0;-8.0;69%;1009hPa;9.0km;NNE;21.6km/h/6.0m/s;-;N/A;Snow;LightSnow;
2001/2/24;20:30;-3.0;-8.0;69%;1009hPa;-;North;18.0km/h/5.0m/s;-;N/A;;Clear;
2001/2/24;21:00;-3.0;-9.0;64%;1009hPa;10.0km;North;18.0km/h/5.0m/s;-;N/A;;MostlyCloudy;
2001/2/24;21:30;-4.0;-9.0;69%;1010hPa;10.0km;North;21.6km/h/6.0m/s;-;N/A;;MostlyCloudy;
2001/2/24;22:00;-4.0;-9.0;69%;1010hPa;10.0km;North;21.6km/h/6.0m/s;-;N/A;Snow;LightSnow;
2001/2/24;22:30;-4.0;-9.0;69%;1010hPa;10.0km;North;21.6km/h/6.0m/s;-;N/A;Snow;LightSnow;
2001/2/24;23:00;-4.0;-8.0;74%;1010hPa;10.0km;North;21.6km/h/6.0m/s;-;N/A;Snow;LightSnow;
2001/2/24;23:30;-4.0;-9.0;69%;1010hPa;10.0km;NNE;18.0km/h/5.0m/s;-;N/A;Snow;LightSnow;
