2001/11/9;00:00;8.0;8.0;100%;994hPa;4.0km;South;10.8km/h/3.0m/s;-;N/A;Rain;Rain;
2001/11/9;00:30;8.0;8.0;100%;994hPa;4.0km;Variable;3.6km/h/1.0m/s;-;N/A;Rain;LightRain;
2001/11/9;01:00;8.0;8.0;100%;994hPa;3.5km;Variable;3.6km/h/1.0m/s;-;N/A;Rain;LightRain;
2001/11/9;01:30;8.0;8.0;100%;994hPa;3.5km;Variable;3.6km/h/1.0m/s;-;N/A;Rain;LightRain;
2001/11/9;02:00;8.0;8.0;100%;993hPa;3.0km;Variable;7.2km/h/2.0m/s;-;N/A;Rain;LightRain;
2001/11/9;02:30;9.0;9.0;100%;993hPa;3.0km;South;14.4km/h/4.0m/s;-;N/A;Rain;LightRain;
2001/11/9;03:00;10.0;10.0;100%;993hPa;4.0km;South;18.0km/h/5.0m/s;-;N/A;Rain;LightRain;
2001/11/9;03:30;10.0;10.0;100%;993hPa;6.0km;South;21.6km/h/6.0m/s;-;N/A;Rain;LightRain;
2001/11/9;04:00;10.0;10.0;100%;993hPa;10.0km;South;21.6km/h/6.0m/s;-;N/A;Rain;LightRain;
2001/11/9;04:30;10.0;10.0;100%;993hPa;8.0km;South;25.2km/h/7.0m/s;-;N/A;Rain;LightRain;
2001/11/9;05:00;10.0;9.0;94%;994hPa;8.0km;South;21.6km/h/6.0m/s;-;N/A;Rain;LightRain;
2001/11/9;05:30;10.0;9.0;94%;995hPa;8.0km;SSW;14.4km/h/4.0m/s;-;N/A;;Overcast;
2001/11/9;06:00;7.0;6.0;93%;995hPa;10.0km;NNE;21.6km/h/6.0m/s;-;N/A;Rain;LightRain;
2001/11/9;06:30;6.0;6.0;100%;996hPa;10.0km;NNE;18.0km/h/5.0m/s;-;N/A;Rain;LightRain;
2001/11/9;07:00;6.0;6.0;100%;996hPa;10.0km;NE;18.0km/h/5.0m/s;-;N/A;;Overcast;
2001/11/9;07:30;6.0;6.0;100%;997hPa;10.0km;NNE;14.4km/h/4.0m/s;-;N/A;;Overcast;
2001/11/9;08:00;6.0;6.0;100%;998hPa;10.0km;NNE;10.8km/h/3.0m/s;-;N/A;Rain;LightRain;
2001/11/9;08:30;6.0;5.0;93%;999hPa;10.0km;NNE;10.8km/h/3.0m/s;-;N/A;Rain;LightRain;
2001/11/9;09:00;6.0;3.0;81%;999hPa;10.0km;North;21.6km/h/6.0m/s;-;N/A;Rain;LightRain;
2001/11/9;09:30;6.0;4.0;87%;1000hPa;10.0km;NE;14.4km/h/4.0m/s;-;N/A;Rain;LightRain;
2001/11/9;10:00;6.0;4.0;87%;1000hPa;10.0km;ENE;10.8km/h/3.0m/s;-;N/A;Rain;LightRain;
2001/11/9;10:30;6.0;4.0;87%;1001hPa;10.0km;Variable;3.6km/h/1.0m/s;-;N/A;Rain;LightRain;
2001/11/9;11:00;6.0;5.0;93%;1002hPa;10.0km;ENE;10.8km/h/3.0m/s;-;N/A;Rain;LightRain;
2001/11/9;11:30;6.0;4.0;87%;1002hPa;10.0km;ENE;10.8km/h/3.0m/s;-;N/A;;Overcast;
2001/11/9;12:00;6.0;5.0;93%;1002hPa;10.0km;NE;10.8km/h/3.0m/s;-;N/A;Rain;LightRain;
2001/11/9;12:30;6.0;4.0;87%;1003hPa;10.0km;North;21.6km/h/6.0m/s;-;N/A;Rain;LightRain;
2001/11/9;13:00;5.0;3.0;87%;1004hPa;10.0km;NNE;21.6km/h/6.0m/s;-;N/A;Rain;LightRain;
2001/11/9;13:30;5.0;3.0;87%;1005hPa;10.0km;NNE;18.0km/h/5.0m/s;-;N/A;Rain;LightRain;
2001/11/9;14:00;5.0;3.0;87%;1005hPa;10.0km;NNE;14.4km/h/4.0m/s;-;N/A;Rain;LightRain;
2001/11/9;14:30;5.0;2.0;81%;1006hPa;-;North;21.6km/h/6.0m/s;-;N/A;;Clear;
2001/11/9;15:00;5.0;3.0;87%;1006hPa;-;NNE;18.0km/h/5.0m/s;-;N/A;;Clear;
2001/11/9;15:30;5.0;2.0;81%;1007hPa;-;North;18.0km/h/5.0m/s;-;N/A;;Clear;
2001/11/9;16:00;5.0;2.0;81%;1007hPa;-;North;18.0km/h/5.0m/s;-;N/A;;Clear;
2001/11/9;16:30;5.0;2.0;81%;1008hPa;-;North;21.6km/h/6.0m/s;-;N/A;;Clear;
2001/11/9;17:00;5.0;2.0;81%;1008hPa;-;North;21.6km/h/6.0m/s;-;N/A;;Clear;
2001/11/9;17:30;5.0;1.0;76%;1009hPa;-;North;21.6km/h/6.0m/s;-;N/A;;Clear;
2001/11/9;18:00;5.0;1.0;76%;1010hPa;10.0km;NNE;21.6km/h/6.0m/s;-;N/A;;MostlyCloudy;
2001/11/9;18:30;4.0;0.0;75%;1010hPa;-;NNE;21.6km/h/6.0m/s;-;N/A;;Clear;
2001/11/9;19:00;4.0;0.0;75%;1011hPa;-;NNE;21.6km/h/6.0m/s;-;N/A;;Clear;
2001/11/9;19:30;4.0;0.0;75%;1011hPa;-;NNE;21.6km/h/6.0m/s;-;N/A;;Clear;
2001/11/9;20:00;4.0;-1.0;70%;1012hPa;10.0km;NNE;28.8km/h/8.0m/s;-;N/A;;MostlyCloudy;
2001/11/9;20:30;4.0;-1.0;70%;1013hPa;-;NNE;25.2km/h/7.0m/s;-;N/A;;Clear;
2001/11/9;21:00;4.0;-2.0;65%;1013hPa;-;NNE;25.2km/h/7.0m/s;-;N/A;;Clear;
2001/11/9;21:30;4.0;-2.0;65%;1014hPa;-;NNE;25.2km/h/7.0m/s;-;N/A;;Clear;
2001/11/9;22:00;4.0;-2.0;65%;1014hPa;-;NNE;25.2km/h/7.0m/s;-;N/A;;Clear;
2001/11/9;22:30;3.0;-2.0;70%;1014hPa;-;NNE;25.2km/h/7.0m/s;-;N/A;;Clear;
2001/11/9;23:00;3.0;-2.0;70%;1015hPa;-;NNE;28.8km/h/8.0m/s;-;N/A;;Clear;
2001/11/9;23:30;3.0;-2.0;70%;1015hPa;-;NNE;25.2km/h/7.0m/s;-;N/A;;Clear;
