2001/1/24;00:00;-2.0;-3.0;93%;1023hPa;3.5km;Calm;Calm;-;N/A;Snow;LightSnow;
2001/1/24;00:30;-2.0;-3.0;93%;1023hPa;3.5km;West;3.6km/h/1.0m/s;-;N/A;Snow;LightSnow;
2001/1/24;01:00;-2.0;-3.0;93%;1023hPa;3.5km;West;3.6km/h/1.0m/s;-;N/A;Snow;LightSnow;
2001/1/24;01:30;-2.0;-3.0;93%;1023hPa;3.5km;Variable;3.6km/h/1.0m/s;-;N/A;Snow;LightSnow;
2001/1/24;02:00;-2.0;-3.0;93%;1023hPa;3.5km;Variable;3.6km/h/1.0m/s;-;N/A;Snow;LightSnow;
2001/1/24;02:30;-2.0;-3.0;93%;1023hPa;3.0km;Variable;7.2km/h/2.0m/s;-;N/A;Snow;LightSnow;
2001/1/24;03:30;-2.0;-3.0;93%;1023hPa;4.0km;Calm;Calm;-;N/A;Snow;LightSnow;
2001/1/24;04:00;-2.0;-3.0;93%;1023hPa;3.5km;Calm;Calm;-;N/A;Snow;LightSnow;
2001/1/24;04:30;-2.0;-3.0;93%;1023hPa;2.7km;SSW;3.6km/h/1.0m/s;-;N/A;Snow;LightSnow;
2001/1/24;05:00;-2.0;-3.0;93%;1023hPa;3.5km;SSW;3.6km/h/1.0m/s;-;N/A;Snow;LightSnow;
2001/1/24;05:30;-2.0;-3.0;93%;1023hPa;3.5km;South;3.6km/h/1.0m/s;-;N/A;;Overcast;
2001/1/24;06:00;-2.0;-3.0;93%;1023hPa;4.5km;SSW;3.6km/h/1.0m/s;-;N/A;;Overcast;
2001/1/24;06:30;-2.0;-2.0;100%;1023hPa;4.5km;SSW;3.6km/h/1.0m/s;-;N/A;;Overcast;
2001/1/24;07:00;-2.0;-3.0;93%;1023hPa;2.2km;South;7.2km/h/2.0m/s;-;N/A;;Overcast;
2001/1/24;07:30;-2.0;-3.0;93%;1023hPa;2.5km;South;7.2km/h/2.0m/s;-;N/A;;Overcast;
2001/1/24;08:30;-2.0;-2.0;100%;1024hPa;3.5km;SSW;10.8km/h/3.0m/s;-;N/A;;Overcast;
2001/1/24;09:00;-1.0;-2.0;93%;1024hPa;1.8km;SSW;10.8km/h/3.0m/s;-;N/A;;LightIceCrystals;
2001/1/24;09:30;-2.0;-2.0;100%;1024hPa;2.2km;South;10.8km/h/3.0m/s;-;N/A;;LightIceCrystals;
2001/1/24;10:00;-1.0;-2.0;93%;1024hPa;2.2km;Variable;7.2km/h/2.0m/s;-;N/A;;LightIceCrystals;
2001/1/24;10:30;-1.0;-2.0;93%;1024hPa;3.5km;South;10.8km/h/3.0m/s;-;N/A;Snow;LightSnowGrains;
2001/1/24;11:00;-1.0;-2.0;93%;1024hPa;4.0km;South;7.2km/h/2.0m/s;-;N/A;;LightIceCrystals;
2001/1/24;11:30;-1.0;-2.0;93%;1024hPa;2.5km;South;7.2km/h/2.0m/s;-;N/A;;LightIceCrystals;
2001/1/24;12:00;-1.0;-2.0;93%;1024hPa;3.0km;South;7.2km/h/2.0m/s;-;N/A;;Overcast;
2001/1/24;12:30;-1.0;-2.0;93%;1023hPa;3.0km;Variable;7.2km/h/2.0m/s;-;N/A;;Overcast;
2001/1/24;13:00;0.0;-1.0;93%;1023hPa;2.5km;SSW;7.2km/h/2.0m/s;-;N/A;;Overcast;
2001/1/24;13:30;0.0;-1.0;93%;1023hPa;2.5km;Variable;7.2km/h/2.0m/s;-;N/A;;Overcast;
2001/1/24;14:00;0.0;-1.0;93%;1023hPa;2.5km;SSW;7.2km/h/2.0m/s;-;N/A;;Overcast;
2001/1/24;14:30;0.0;-1.0;93%;1022hPa;1.8km;South;7.2km/h/2.0m/s;-;N/A;;Overcast;
2001/1/24;15:00;0.0;-1.0;93%;1022hPa;1.5km;SE;3.6km/h/1.0m/s;-;N/A;;Overcast;
2001/1/24;15:30;0.0;-1.0;93%;1022hPa;1.5km;SSW;3.6km/h/1.0m/s;-;N/A;;Overcast;
2001/1/24;16:00;0.0;-1.0;93%;1022hPa;2.0km;SSW;3.6km/h/1.0m/s;-;N/A;;Overcast;
2001/1/24;16:30;-1.0;-1.0;100%;1022hPa;2.0km;SSW;7.2km/h/2.0m/s;-;N/A;;Overcast;
2001/1/24;17:00;-1.0;-1.0;100%;1022hPa;3.5km;SSW;3.6km/h/1.0m/s;-;N/A;;Overcast;
2001/1/24;17:30;-1.0;-1.0;100%;1022hPa;7.0km;WSW;7.2km/h/2.0m/s;-;N/A;;Overcast;
2001/1/24;18:00;0.0;-1.0;93%;1022hPa;5.0km;West;7.2km/h/2.0m/s;-;N/A;;Overcast;
2001/1/24;18:30;0.0;-1.0;93%;1022hPa;6.0km;WSW;3.6km/h/1.0m/s;-;N/A;;Overcast;
2001/1/24;19:00;0.0;-2.0;87%;1022hPa;7.0km;Calm;Calm;-;N/A;;Overcast;
2001/1/24;19:30;0.0;-2.0;87%;1021hPa;7.0km;ESE;3.6km/h/1.0m/s;-;N/A;;Overcast;
2001/1/24;20:00;-1.0;-1.0;100%;1021hPa;7.0km;Variable;3.6km/h/1.0m/s;-;N/A;;Overcast;
2001/1/24;20:30;-1.0;-2.0;93%;1021hPa;7.0km;Calm;Calm;-;N/A;;Overcast;
2001/1/24;21:00;-1.0;-1.0;100%;1021hPa;-;Calm;Calm;-;N/A;Snow;LightSnow;
2001/1/24;21:30;0.0;-1.0;93%;1021hPa;-;Calm;Calm;-;N/A;Snow;LightSnow;
2001/1/24;22:00;0.0;-1.0;93%;1021hPa;-;Variable;3.6km/h/1.0m/s;-;N/A;Snow;LightSnow;
2001/1/24;22:30;-1.0;-1.0;100%;1020hPa;1.8km;ENE;3.6km/h/1.0m/s;-;N/A;Snow;LightSnow;
2001/1/24;23:00;-1.0;-1.0;100%;1020hPa;2.0km;NNE;7.2km/h/2.0m/s;-;N/A;;Overcast;
2001/1/24;23:30;0.0;-1.0;93%;1020hPa;2.8km;NNW;3.6km/h/1.0m/s;-;N/A;;Overcast;
