2001/3/24;00:00;5.0;4.0;93%;1008hPa;6.0km;NNE;10.8km/h/3.0m/s;-;N/A;Rain;LightRain;
2001/3/24;00:30;5.0;4.0;93%;1008hPa;6.0km;North;14.4km/h/4.0m/s;-;N/A;Rain;LightRain;
2001/3/24;01:00;4.0;4.0;100%;1008hPa;6.0km;North;18.0km/h/5.0m/s;-;N/A;Rain;LightRain;
2001/3/24;01:30;4.0;4.0;100%;1007hPa;8.0km;North;14.4km/h/4.0m/s;-;N/A;Rain;LightRain;
2001/3/24;02:00;4.0;4.0;100%;1007hPa;8.0km;North;10.8km/h/3.0m/s;-;N/A;Rain;LightRain;
2001/3/24;02:30;4.0;3.0;93%;1007hPa;8.0km;NNE;10.8km/h/3.0m/s;-;N/A;Rain;LightRain;
2001/3/24;03:00;4.0;3.0;93%;1007hPa;10.0km;NNE;10.8km/h/3.0m/s;-;N/A;Rain;LightRain;
2001/3/24;03:30;3.0;3.0;100%;1007hPa;10.0km;NNE;10.8km/h/3.0m/s;-;N/A;Rain;LightRain;
2001/3/24;04:00;3.0;2.0;93%;1007hPa;10.0km;NNE;14.4km/h/4.0m/s;-;N/A;;Overcast;
2001/3/24;04:30;3.0;2.0;93%;1007hPa;10.0km;NNE;14.4km/h/4.0m/s;-;N/A;;Overcast;
2001/3/24;05:00;3.0;2.0;93%;1007hPa;10.0km;NNE;10.8km/h/3.0m/s;-;N/A;;MostlyCloudy;
2001/3/24;05:30;4.0;2.0;87%;1008hPa;10.0km;NNE;10.8km/h/3.0m/s;-;N/A;;Overcast;
2001/3/24;06:00;4.0;3.0;93%;1008hPa;10.0km;North;7.2km/h/2.0m/s;-;N/A;;MostlyCloudy;
2001/3/24;07:00;4.0;3.0;93%;1008hPa;10.0km;NE;10.8km/h/3.0m/s;-;N/A;;MostlyCloudy;
2001/3/24;07:30;4.0;3.0;93%;1008hPa;10.0km;Variable;7.2km/h/2.0m/s;-;N/A;;MostlyCloudy;
2001/3/24;08:00;5.0;3.0;87%;1009hPa;10.0km;North;7.2km/h/2.0m/s;-;N/A;;MostlyCloudy;
2001/3/24;08:30;6.0;3.0;81%;1009hPa;10.0km;Variable;3.6km/h/1.0m/s;-;N/A;;ScatteredClouds;
2001/3/24;09:00;7.0;4.0;81%;1008hPa;10.0km;Variable;7.2km/h/2.0m/s;-;N/A;;ScatteredClouds;
2001/3/24;09:30;8.0;5.0;81%;1009hPa;10.0km;Variable;7.2km/h/2.0m/s;-;N/A;;ScatteredClouds;
2001/3/24;10:00;9.0;6.0;82%;1009hPa;10.0km;Variable;3.6km/h/1.0m/s;-;N/A;;MostlyCloudy;
2001/3/24;10:30;9.0;5.0;76%;1009hPa;10.0km;Variable;3.6km/h/1.0m/s;-;N/A;;MostlyCloudy;
2001/3/24;11:00;9.0;6.0;82%;1009hPa;10.0km;Variable;7.2km/h/2.0m/s;-;N/A;;Overcast;
2001/3/24;11:30;9.0;5.0;76%;1009hPa;8.0km;WSW;10.8km/h/3.0m/s;-;N/A;;Overcast;
2001/3/24;12:00;9.0;6.0;82%;1009hPa;10.0km;WSW;10.8km/h/3.0m/s;-;N/A;;Overcast;
2001/3/24;12:30;9.0;6.0;82%;1009hPa;10.0km;SSW;10.8km/h/3.0m/s;-;N/A;;Overcast;
2001/3/24;13:00;9.0;6.0;82%;1008hPa;10.0km;Variable;7.2km/h/2.0m/s;-;N/A;;Overcast;
2001/3/24;13:30;9.0;6.0;82%;1008hPa;10.0km;SSW;14.4km/h/4.0m/s;-;N/A;;Overcast;
2001/3/24;14:00;9.0;6.0;82%;1008hPa;10.0km;South;10.8km/h/3.0m/s;-;N/A;;MostlyCloudy;
2001/3/24;14:30;9.0;6.0;82%;1008hPa;10.0km;SSW;14.4km/h/4.0m/s;-;N/A;Rain;LightRain;
2001/3/24;15:00;9.0;6.0;82%;1007hPa;10.0km;South;18.0km/h/5.0m/s;-;N/A;;Overcast;
2001/3/24;15:30;8.0;7.0;93%;1007hPa;10.0km;SSW;14.4km/h/4.0m/s;-;N/A;;Overcast;
2001/3/24;16:00;8.0;7.0;93%;1007hPa;10.0km;SSW;10.8km/h/3.0m/s;-;N/A;Rain;LightRain;
2001/3/24;16:30;9.0;7.0;87%;1006hPa;10.0km;SSW;7.2km/h/2.0m/s;-;N/A;;Overcast;
2001/3/24;17:00;9.0;7.0;87%;1006hPa;8.0km;SSW;3.6km/h/1.0m/s;-;N/A;;Overcast;
2001/3/24;17:30;9.0;7.0;87%;1006hPa;7.0km;Calm;Calm;-;N/A;Rain;LightRain;
2001/3/24;18:00;8.0;7.0;93%;1006hPa;6.0km;North;3.6km/h/1.0m/s;-;N/A;Rain;LightRain;
2001/3/24;18:30;8.0;7.0;93%;1005hPa;7.0km;Variable;3.6km/h/1.0m/s;-;N/A;;Overcast;
2001/3/24;19:00;8.0;8.0;100%;1005hPa;7.0km;Variable;3.6km/h/1.0m/s;-;N/A;Rain;LightRain;
2001/3/24;19:30;8.0;8.0;100%;1005hPa;6.0km;NE;3.6km/h/1.0m/s;-;N/A;Rain;LightRain;
2001/3/24;20:00;8.0;8.0;100%;1005hPa;3.5km;ENE;3.6km/h/1.0m/s;-;N/A;Rain;LightRain;
2001/3/24;20:30;8.0;8.0;100%;1005hPa;2.0km;NNE;3.6km/h/1.0m/s;-;N/A;Rain;LightRain;
2001/3/24;21:00;8.0;8.0;100%;1005hPa;2.1km;NNW;3.6km/h/1.0m/s;-;N/A;Rain;Rain;
2001/3/24;21:30;8.0;8.0;100%;1004hPa;2.1km;Calm;Calm;-;N/A;Rain;Rain;
2001/3/24;22:00;8.0;8.0;100%;1003hPa;1.2km;East;3.6km/h/1.0m/s;-;N/A;Rain;LightRain;
2001/3/24;22:30;8.0;8.0;100%;1004hPa;1.4km;NW;3.6km/h/1.0m/s;-;N/A;Rain;LightRain;
2001/3/24;23:00;8.0;8.0;100%;1003hPa;1.6km;Variable;3.6km/h/1.0m/s;-;N/A;Rain;LightRain;
2001/3/24;23:30;8.0;8.0;100%;1003hPa;1.5km;North;3.6km/h/1.0m/s;-;N/A;Rain;LightRain;
