2001/12/18;00:00;-8.0;-11.0;79%;1028hPa;10.0km;Variable;3.6km/h/1.0m/s;-;N/A;;Overcast;
2001/12/18;00:30;-7.0;-10.0;80%;1027hPa;10.0km;Calm;Calm;-;N/A;;Overcast;
2001/12/18;01:00;-7.0;-10.0;80%;1028hPa;10.0km;Variable;3.6km/h/1.0m/s;-;N/A;;Overcast;
2001/12/18;01:30;-7.0;-10.0;80%;1027hPa;10.0km;SW;3.6km/h/1.0m/s;-;N/A;Snow;LightSnow;
2001/12/18;02:00;-7.0;-9.0;86%;1027hPa;10.0km;West;3.6km/h/1.0m/s;-;N/A;Snow;LightSnow;
2001/12/18;02:30;-6.0;-9.0;80%;1027hPa;10.0km;Variable;3.6km/h/1.0m/s;-;N/A;Snow;LightSnow;
2001/12/18;03:00;-7.0;-9.0;86%;1027hPa;10.0km;South;3.6km/h/1.0m/s;-;N/A;Snow;LightSnow;
2001/12/18;03:30;-7.0;-9.0;86%;1027hPa;10.0km;South;3.6km/h/1.0m/s;-;N/A;;Overcast;
2001/12/18;04:00;-7.0;-9.0;86%;1027hPa;10.0km;South;7.2km/h/2.0m/s;-;N/A;;Overcast;
2001/12/18;04:30;-7.0;-9.0;86%;1027hPa;10.0km;SSW;7.2km/h/2.0m/s;-;N/A;Snow;LightSnow;
2001/12/18;05:00;-7.0;-9.0;86%;1027hPa;8.0km;SW;7.2km/h/2.0m/s;-;N/A;Snow;LightSnow;
2001/12/18;05:30;-7.0;-9.0;86%;1027hPa;8.0km;WSW;7.2km/h/2.0m/s;-;N/A;Snow;LightSnow;
2001/12/18;06:00;-6.0;-8.0;86%;1027hPa;8.0km;Variable;3.6km/h/1.0m/s;-;N/A;Snow;LightSnow;
2001/12/18;06:30;-7.0;-9.0;86%;1027hPa;8.0km;South;7.2km/h/2.0m/s;-;N/A;Snow;LightSnow;
2001/12/18;07:00;-7.0;-9.0;86%;1026hPa;6.0km;SSE;3.6km/h/1.0m/s;-;N/A;Snow;LightSnow;
2001/12/18;07:30;-7.0;-9.0;86%;1027hPa;6.0km;South;7.2km/h/2.0m/s;-;N/A;Snow;LightSnow;
2001/12/18;08:00;-7.0;-8.0;93%;1027hPa;6.0km;Variable;3.6km/h/1.0m/s;-;N/A;Snow;LightSnow;
2001/12/18;08:30;-7.0;-8.0;93%;1027hPa;5.0km;Variable;7.2km/h/2.0m/s;-;N/A;Snow;LightSnow;
2001/12/18;09:00;-7.0;-8.0;93%;1027hPa;5.0km;South;7.2km/h/2.0m/s;-;N/A;Snow;LightSnow;
2001/12/18;09:30;-7.0;-8.0;93%;1027hPa;5.0km;Variable;3.6km/h/1.0m/s;-;N/A;Snow;LightSnow;
2001/12/18;10:00;-6.0;-8.0;86%;1026hPa;4.5km;SSE;3.6km/h/1.0m/s;-;N/A;Snow;LightSnow;
2001/12/18;10:30;-6.0;-8.0;86%;1026hPa;4.5km;South;3.6km/h/1.0m/s;-;N/A;Snow;LightSnow;
2001/12/18;11:00;-6.0;-7.0;93%;1026hPa;4.5km;Variable;3.6km/h/1.0m/s;-;N/A;Snow;LightSnow;
2001/12/18;11:30;-6.0;-8.0;86%;1026hPa;-;SSE;3.6km/h/1.0m/s;-;N/A;Snow;LightSnow;
2001/12/18;12:00;-5.0;-7.0;86%;1026hPa;4.0km;Variable;3.6km/h/1.0m/s;-;N/A;Snow;LightSnow;
2001/12/18;12:30;-5.0;-7.0;86%;1026hPa;4.0km;Variable;3.6km/h/1.0m/s;-;N/A;Snow;LightSnow;
2001/12/18;13:00;-5.0;-7.0;86%;1025hPa;4.0km;Variable;3.6km/h/1.0m/s;-;N/A;Snow;LightSnow;
2001/12/18;13:30;-5.0;-7.0;86%;1025hPa;-;Variable;3.6km/h/1.0m/s;-;N/A;Snow;LightSnow;
2001/12/18;14:00;-5.0;-7.0;86%;1025hPa;-;Calm;Calm;-;N/A;Snow;LightSnow;
2001/12/18;14:30;-5.0;-6.0;93%;1025hPa;-;Calm;Calm;-;N/A;Snow;LightSnow;
2001/12/18;15:00;-5.0;-6.0;93%;1025hPa;-;Variable;3.6km/h/1.0m/s;-;N/A;Snow;LightSnow;
2001/12/18;15:30;-5.0;-6.0;93%;1025hPa;4.5km;SE;7.2km/h/2.0m/s;-;N/A;;Overcast;
2001/12/18;16:00;-5.0;-6.0;93%;1026hPa;4.0km;SSE;3.6km/h/1.0m/s;-;N/A;;Overcast;
2001/12/18;16:30;-5.0;-6.0;93%;1026hPa;4.5km;South;3.6km/h/1.0m/s;-;N/A;;Overcast;
2001/12/18;17:00;-5.0;-6.0;93%;1026hPa;-;SSE;7.2km/h/2.0m/s;-;N/A;;Overcast;
2001/12/18;17:30;-5.0;-6.0;93%;1026hPa;-;SSE;3.6km/h/1.0m/s;-;N/A;;Overcast;
2001/12/18;18:00;-5.0;-7.0;86%;1026hPa;7.0km;SSE;7.2km/h/2.0m/s;-;N/A;;Overcast;
2001/12/18;18:30;-6.0;-7.0;93%;1026hPa;8.0km;SSE;7.2km/h/2.0m/s;-;N/A;;Overcast;
2001/12/18;19:00;-5.0;-6.0;93%;1026hPa;7.0km;SSE;3.6km/h/1.0m/s;-;N/A;Snow;LightSnow;
2001/12/18;19:30;-5.0;-7.0;86%;1026hPa;6.0km;SSE;3.6km/h/1.0m/s;-;N/A;;Overcast;
2001/12/18;20:00;-6.0;-6.0;100%;1026hPa;3.0km;South;7.2km/h/2.0m/s;-;N/A;Snow;LightSnow;
2001/12/18;20:30;-6.0;-7.0;93%;1026hPa;3.0km;South;3.6km/h/1.0m/s;-;N/A;Snow;LightSnow;
2001/12/18;21:00;-6.0;-7.0;93%;1026hPa;3.0km;SSW;3.6km/h/1.0m/s;-;N/A;Snow;LightSnow;
2001/12/18;21:30;-6.0;-7.0;93%;1026hPa;3.0km;SE;3.6km/h/1.0m/s;-;N/A;;Overcast;
2001/12/18;22:00;-6.0;-7.0;93%;1026hPa;3.0km;Calm;Calm;-;N/A;;Overcast;
2001/12/18;22:30;-6.0;-7.0;93%;1026hPa;3.0km;Variable;3.6km/h/1.0m/s;-;N/A;;Overcast;
2001/12/18;23:00;-6.0;-7.0;93%;1026hPa;3.0km;Variable;3.6km/h/1.0m/s;-;N/A;;Overcast;
2001/12/18;23:30;-6.0;-7.0;93%;1026hPa;-;Calm;Calm;-;N/A;;Overcast;
