2001/4/26;00:00;6.0;5.0;93%;1016hPa;-;NNE;3.6km/h/1.0m/s;-;N/A;;Clear;
2001/4/26;00:30;7.0;6.0;93%;1016hPa;-;Calm;Calm;-;N/A;;Clear;
2001/4/26;01:00;7.0;6.0;93%;1016hPa;-;East;3.6km/h/1.0m/s;-;N/A;;Clear;
2001/4/26;01:30;7.0;6.0;93%;1016hPa;-;North;3.6km/h/1.0m/s;-;N/A;;Clear;
2001/4/26;02:00;6.0;5.0;93%;1016hPa;-;North;10.8km/h/3.0m/s;-;N/A;;Clear;
2001/4/26;02:30;7.0;6.0;93%;1016hPa;-;NW;7.2km/h/2.0m/s;-;N/A;;Clear;
2001/4/26;03:00;6.0;5.0;93%;1016hPa;-;NNW;3.6km/h/1.0m/s;-;N/A;;Clear;
2001/4/26;03:30;5.0;5.0;100%;1016hPa;-;WNW;7.2km/h/2.0m/s;-;N/A;;Clear;
2001/4/26;04:00;4.0;3.0;93%;1016hPa;-;Variable;7.2km/h/2.0m/s;-;N/A;;Clear;
2001/4/26;04:30;5.0;5.0;100%;1016hPa;-;Calm;Calm;-;N/A;;Clear;
2001/4/26;05:00;5.0;4.0;93%;1016hPa;-;NNW;3.6km/h/1.0m/s;-;N/A;;Clear;
2001/4/26;05:30;5.0;4.0;93%;1016hPa;-;Variable;3.6km/h/1.0m/s;-;N/A;;Clear;
2001/4/26;06:00;5.0;4.0;93%;1016hPa;0.6km;Calm;Calm;-;N/A;;ScatteredClouds;
2001/4/26;06:30;6.0;6.0;100%;1016hPa;2.5km;Variable;3.6km/h/1.0m/s;-;N/A;Fog;ShallowFog;
2001/4/26;07:00;7.0;6.0;93%;1016hPa;8.0km;Variable;3.6km/h/1.0m/s;-;N/A;;ScatteredClouds;
2001/4/26;07:30;8.0;7.0;93%;1016hPa;10.0km;Variable;3.6km/h/1.0m/s;-;N/A;;ScatteredClouds;
2001/4/26;08:00;10.0;8.0;87%;1016hPa;10.0km;Calm;Calm;-;N/A;;ScatteredClouds;
2001/4/26;08:30;11.0;8.0;82%;1016hPa;-;Variable;3.6km/h/1.0m/s;-;N/A;;Clear;
2001/4/26;09:00;12.0;9.0;82%;1017hPa;10.0km;Variable;3.6km/h/1.0m/s;-;N/A;;ScatteredClouds;
2001/4/26;09:30;14.0;9.0;72%;1016hPa;10.0km;Variable;3.6km/h/1.0m/s;-;N/A;;ScatteredClouds;
2001/4/26;10:00;15.0;10.0;72%;1016hPa;10.0km;Variable;7.2km/h/2.0m/s;-;N/A;;PartlyCloudy;
2001/4/26;10:30;16.0;8.0;59%;1016hPa;10.0km;Variable;7.2km/h/2.0m/s;-;N/A;;ScatteredClouds;
2001/4/26;11:00;16.0;8.0;59%;1016hPa;10.0km;Variable;7.2km/h/2.0m/s;-;N/A;;PartlyCloudy;
2001/4/26;12:00;16.0;7.0;55%;1016hPa;10.0km;WSW;14.4km/h/4.0m/s;-;N/A;;PartlyCloudy;
2001/4/26;12:30;17.0;9.0;59%;1015hPa;10.0km;WSW;10.8km/h/3.0m/s;-;N/A;;PartlyCloudy;
2001/4/26;13:00;17.0;8.0;55%;1015hPa;10.0km;WSW;14.4km/h/4.0m/s;-;N/A;;ScatteredClouds;
2001/4/26;13:30;17.0;8.0;55%;1015hPa;10.0km;WSW;10.8km/h/3.0m/s;-;N/A;;MostlyCloudy;
2001/4/26;14:00;17.0;9.0;59%;1015hPa;10.0km;SSW;10.8km/h/3.0m/s;-;N/A;;MostlyCloudy;
2001/4/26;14:30;17.0;9.0;59%;1015hPa;10.0km;WSW;10.8km/h/3.0m/s;-;N/A;;MostlyCloudy;
2001/4/26;15:00;16.0;8.0;59%;1015hPa;10.0km;WSW;14.4km/h/4.0m/s;-;N/A;;MostlyCloudy;
2001/4/26;15:30;15.0;9.0;67%;1015hPa;10.0km;WSW;21.6km/h/6.0m/s;-;N/A;;Overcast;
2001/4/26;16:00;14.0;10.0;77%;1016hPa;-;WSW;21.6km/h/6.0m/s;-;N/A;;Clear;
2001/4/26;16:30;13.0;11.0;88%;1016hPa;10.0km;WSW;10.8km/h/3.0m/s;-;N/A;Rain;LightRain;
2001/4/26;17:00;13.0;10.0;82%;1016hPa;8.0km;WSW;14.4km/h/4.0m/s;-;N/A;;Overcast;
2001/4/26;17:30;13.0;11.0;88%;1016hPa;8.0km;West;7.2km/h/2.0m/s;-;N/A;Rain;LightRain;
2001/4/26;18:00;13.0;11.0;88%;1015hPa;7.0km;NNW;7.2km/h/2.0m/s;-;N/A;;Overcast;
2001/4/26;18:30;12.0;11.0;94%;1016hPa;7.0km;Variable;7.2km/h/2.0m/s;-;N/A;Rain;LightRain;
2001/4/26;19:00;11.0;10.0;94%;1016hPa;7.0km;NNE;14.4km/h/4.0m/s;-;N/A;Rain;LightRain;
2001/4/26;19:30;11.0;9.0;88%;1016hPa;7.0km;North;18.0km/h/5.0m/s;-;N/A;Rain;LightRain;
2001/4/26;20:00;11.0;9.0;88%;1016hPa;10.0km;North;21.6km/h/6.0m/s;-;N/A;;Overcast;
2001/4/26;20:30;11.0;9.0;88%;1016hPa;10.0km;North;18.0km/h/5.0m/s;-;N/A;;Overcast;
2001/4/26;21:00;10.0;8.0;87%;1016hPa;10.0km;North;25.2km/h/7.0m/s;-;N/A;;Overcast;
2001/4/26;21:30;10.0;7.0;82%;1016hPa;10.0km;North;28.8km/h/8.0m/s;-;N/A;;MostlyCloudy;
2001/4/26;22:00;10.0;7.0;82%;1016hPa;10.0km;North;28.8km/h/8.0m/s;-;N/A;;Overcast;
2001/4/26;22:30;10.0;6.0;76%;1016hPa;10.0km;North;28.8km/h/8.0m/s;-;N/A;;Overcast;
2001/4/26;23:00;9.0;6.0;82%;1017hPa;10.0km;North;25.2km/h/7.0m/s;-;N/A;;Overcast;
2001/4/26;23:30;9.0;6.0;82%;1017hPa;10.0km;North;14.4km/h/4.0m/s;-;N/A;Rain;LightRain;
