2001/4/15;00:00;0.0;-5.0;69%;1016hPa;-;NE;7.2km/h/2.0m/s;-;N/A;;Clear;
2001/4/15;00:30;-1.0;-5.0;75%;1016hPa;-;NNW;3.6km/h/1.0m/s;-;N/A;;Clear;
2001/4/15;01:00;-2.0;-5.0;80%;1017hPa;-;North;7.2km/h/2.0m/s;-;N/A;;Clear;
2001/4/15;01:30;-2.0;-5.0;80%;1017hPa;-;NNE;7.2km/h/2.0m/s;-;N/A;;Clear;
2001/4/15;02:00;-1.0;-5.0;75%;1016hPa;-;North;7.2km/h/2.0m/s;-;N/A;;Clear;
2001/4/15;02:30;-2.0;-5.0;80%;1016hPa;-;North;10.8km/h/3.0m/s;-;N/A;;Clear;
2001/4/15;03:00;-2.0;-5.0;80%;1017hPa;-;NNW;7.2km/h/2.0m/s;-;N/A;;Clear;
2001/4/15;03:30;-2.0;-5.0;80%;1016hPa;-;North;10.8km/h/3.0m/s;-;N/A;;Clear;
2001/4/15;04:00;-2.0;-6.0;74%;1016hPa;-;Calm;Calm;-;N/A;;Clear;
2001/4/15;04:30;-2.0;-5.0;80%;1016hPa;-;North;3.6km/h/1.0m/s;-;N/A;;Clear;
2001/4/15;05:00;-3.0;-6.0;80%;1016hPa;-;NNW;3.6km/h/1.0m/s;-;N/A;;Clear;
2001/4/15;06:00;-3.0;-6.0;80%;1016hPa;10.0km;NNE;3.6km/h/1.0m/s;-;N/A;;ScatteredClouds;
2001/4/15;06:30;-2.0;-5.0;80%;1016hPa;10.0km;WNW;7.2km/h/2.0m/s;-;N/A;;ScatteredClouds;
2001/4/15;07:00;-1.0;-4.0;80%;1016hPa;10.0km;WNW;7.2km/h/2.0m/s;-;N/A;;MostlyCloudy;
2001/4/15;07:30;0.0;-3.0;80%;1016hPa;10.0km;Variable;3.6km/h/1.0m/s;-;N/A;;ScatteredClouds;
2001/4/15;08:00;1.0;-4.0;70%;1016hPa;10.0km;Variable;3.6km/h/1.0m/s;-;N/A;;ScatteredClouds;
2001/4/15;08:30;2.0;-4.0;65%;1016hPa;10.0km;Variable;3.6km/h/1.0m/s;-;N/A;;PartlyCloudy;
2001/4/15;09:00;4.0;-4.0;56%;1016hPa;10.0km;Calm;Calm;-;N/A;;ScatteredClouds;
2001/4/15;09:30;5.0;-4.0;53%;1016hPa;10.0km;Variable;7.2km/h/2.0m/s;-;N/A;;ScatteredClouds;
2001/4/15;10:00;6.0;-4.0;49%;1015hPa;10.0km;Variable;7.2km/h/2.0m/s;-;N/A;;ScatteredClouds;
2001/4/15;10:30;6.0;-3.0;53%;1015hPa;10.0km;Variable;7.2km/h/2.0m/s;-;N/A;;ScatteredClouds;
2001/4/15;11:00;4.0;-4.0;56%;1015hPa;10.0km;West;14.4km/h/4.0m/s;-;N/A;;ScatteredClouds;
2001/4/15;11:30;5.0;-5.0;49%;1014hPa;10.0km;West;14.4km/h/4.0m/s;-;N/A;;ScatteredClouds;
2001/4/15;12:00;6.0;-4.0;49%;1014hPa;10.0km;SSW;14.4km/h/4.0m/s;-;N/A;;ScatteredClouds;
2001/4/15;12:30;6.0;-4.0;49%;1014hPa;10.0km;SSW;14.4km/h/4.0m/s;-;N/A;;ScatteredClouds;
2001/4/15;13:00;6.0;-5.0;46%;1013hPa;10.0km;South;14.4km/h/4.0m/s;-;N/A;;ScatteredClouds;
2001/4/15;13:30;7.0;-4.0;46%;1013hPa;10.0km;South;10.8km/h/3.0m/s;-;N/A;;ScatteredClouds;
2001/4/15;14:00;6.0;-6.0;42%;1012hPa;10.0km;South;14.4km/h/4.0m/s;-;N/A;;ScatteredClouds;
2001/4/15;14:30;8.0;-8.0;32%;1012hPa;10.0km;South;14.4km/h/4.0m/s;-;N/A;;ScatteredClouds;
2001/4/15;15:00;6.0;-6.0;42%;1011hPa;10.0km;SSW;14.4km/h/4.0m/s;-;N/A;;ScatteredClouds;
2001/4/15;15:30;8.0;-6.0;37%;1011hPa;10.0km;SSW;10.8km/h/3.0m/s;-;N/A;;ScatteredClouds;
2001/4/15;16:00;7.0;-7.0;37%;1011hPa;10.0km;SW;14.4km/h/4.0m/s;-;N/A;;MostlyCloudy;
2001/4/15;16:30;7.0;-7.0;37%;1011hPa;10.0km;South;18.0km/h/5.0m/s;-;N/A;;MostlyCloudy;
2001/4/15;17:00;7.0;-7.0;37%;1011hPa;10.0km;South;18.0km/h/5.0m/s;-;N/A;;ScatteredClouds;
2001/4/15;17:30;7.0;-6.0;39%;1010hPa;10.0km;SSW;21.6km/h/6.0m/s;-;N/A;;ScatteredClouds;
2001/4/15;18:00;7.0;-6.0;39%;1010hPa;10.0km;South;18.0km/h/5.0m/s;-;N/A;;ScatteredClouds;
2001/4/15;18:30;7.0;-7.0;37%;1010hPa;10.0km;South;18.0km/h/5.0m/s;-;N/A;;MostlyCloudy;
2001/4/15;19:00;6.0;-7.0;39%;1010hPa;10.0km;South;14.4km/h/4.0m/s;-;N/A;;MostlyCloudy;
2001/4/15;19:30;6.0;-7.0;39%;1010hPa;10.0km;South;18.0km/h/5.0m/s;-;N/A;;MostlyCloudy;
2001/4/15;20:00;5.0;-7.0;42%;1010hPa;10.0km;South;14.4km/h/4.0m/s;-;N/A;;MostlyCloudy;
2001/4/15;20:30;4.0;-6.0;49%;1011hPa;10.0km;South;14.4km/h/4.0m/s;-;N/A;;MostlyCloudy;
2001/4/15;21:00;3.0;-5.0;56%;1011hPa;-;South;14.4km/h/4.0m/s;-;N/A;;Clear;
2001/4/15;21:30;4.0;-6.0;49%;1011hPa;-;South;14.4km/h/4.0m/s;-;N/A;;Clear;
2001/4/15;22:00;4.0;-6.0;49%;1011hPa;-;South;14.4km/h/4.0m/s;-;N/A;;Clear;
2001/4/15;22:30;4.0;-6.0;49%;1011hPa;-;South;14.4km/h/4.0m/s;-;N/A;;Clear;
2001/4/15;23:00;4.0;-6.0;49%;1011hPa;-;South;14.4km/h/4.0m/s;-;N/A;;Clear;
2001/4/15;23:30;4.0;-6.0;49%;1011hPa;-;SSW;10.8km/h/3.0m/s;-;N/A;;Clear;
