2001/3/27;00:00;1.0;-2.0;81%;1011hPa;10.0km;North;32.4km/h/9.0m/s;-;N/A;;Overcast;
2001/3/27;00:50;0.0;-3.0;80%;1011hPa;10.0km;North;32.4km/h/9.0m/s;-;N/A;;Overcast;
2001/3/27;01:00;0.0;-3.0;80%;1011hPa;10.0km;North;32.4km/h/9.0m/s;-;N/A;;Overcast;
2001/3/27;01:30;0.0;-3.0;80%;1012hPa;10.0km;North;32.4km/h/9.0m/s;-;N/A;;Overcast;
2001/3/27;02:00;0.0;-4.0;75%;1012hPa;10.0km;North;32.4km/h/9.0m/s;-;N/A;;Overcast;
2001/3/27;02:30;0.0;-3.0;80%;1012hPa;10.0km;North;36.0km/h/10.0m/s;-;N/A;;Overcast;
2001/3/27;03:00;0.0;-4.0;75%;1012hPa;10.0km;North;32.4km/h/9.0m/s;-;N/A;;Overcast;
2001/3/27;03:30;0.0;-4.0;75%;1012hPa;10.0km;NNE;36.0km/h/10.0m/s;-;N/A;;Overcast;
2001/3/27;04:00;0.0;-4.0;75%;1012hPa;10.0km;North;32.4km/h/9.0m/s;-;N/A;;Overcast;
2001/3/27;04:30;0.0;-4.0;75%;1013hPa;10.0km;North;32.4km/h/9.0m/s;-;N/A;;Overcast;
2001/3/27;05:00;0.0;-4.0;75%;1013hPa;10.0km;North;32.4km/h/9.0m/s;-;N/A;;Overcast;
2001/3/27;05:30;0.0;-4.0;75%;1013hPa;10.0km;NNE;32.4km/h/9.0m/s;-;N/A;;MostlyCloudy;
2001/3/27;06:00;0.0;-4.0;75%;1013hPa;10.0km;North;32.4km/h/9.0m/s;-;N/A;;Overcast;
2001/3/27;06:30;0.0;-4.0;75%;1013hPa;10.0km;North;32.4km/h/9.0m/s;-;N/A;;Overcast;
2001/3/27;07:00;0.0;-4.0;75%;1013hPa;10.0km;North;32.4km/h/9.0m/s;-;N/A;;Overcast;
2001/3/27;07:30;-1.0;-4.0;80%;1014hPa;10.0km;North;39.6km/h/11.0m/s;-;N/A;;Overcast;
2001/3/27;08:00;-1.0;-4.0;80%;1013hPa;10.0km;North;36.0km/h/10.0m/s;-;N/A;;MostlyCloudy;
2001/3/27;08:30;0.0;-4.0;75%;1014hPa;10.0km;North;39.6km/h/11.0m/s;-;N/A;;MostlyCloudy;
2001/3/27;09:00;0.0;-4.0;75%;1014hPa;10.0km;North;39.6km/h/11.0m/s;-;N/A;;MostlyCloudy;
2001/3/27;09:30;0.0;-4.0;75%;1014hPa;-;North;36.0km/h/10.0m/s;-;N/A;;Clear;
2001/3/27;10:00;0.0;-4.0;75%;1014hPa;10.0km;North;43.2km/h/12.0m/s;-;N/A;;MostlyCloudy;
2001/3/27;10:30;1.0;-4.0;70%;1014hPa;10.0km;North;39.6km/h/11.0m/s;57.6km/h/16.0m/s;N/A;;MostlyCloudy;
2001/3/27;11:00;0.0;-5.0;69%;1014hPa;10.0km;North;39.6km/h/11.0m/s;-;N/A;;MostlyCloudy;
2001/3/27;11:30;1.0;-4.0;70%;1015hPa;10.0km;North;36.0km/h/10.0m/s;-;N/A;;MostlyCloudy;
2001/3/27;12:00;1.0;-4.0;70%;1014hPa;10.0km;North;46.8km/h/13.0m/s;-;N/A;;MostlyCloudy;
2001/3/27;12:30;1.0;-4.0;70%;1014hPa;10.0km;North;46.8km/h/13.0m/s;-;N/A;;MostlyCloudy;
2001/3/27;13:00;1.0;-4.0;70%;1014hPa;10.0km;North;46.8km/h/13.0m/s;-;N/A;;MostlyCloudy;
2001/3/27;13:30;2.0;-4.0;65%;1013hPa;10.0km;North;46.8km/h/13.0m/s;-;N/A;;MostlyCloudy;
2001/3/27;14:00;2.0;-4.0;65%;1013hPa;10.0km;North;43.2km/h/12.0m/s;-;N/A;;MostlyCloudy;
2001/3/27;14:30;2.0;-4.0;65%;1013hPa;10.0km;North;43.2km/h/12.0m/s;61.2km/h/17.0m/s;N/A;;MostlyCloudy;
2001/3/27;15:00;1.0;-4.0;70%;1013hPa;10.0km;North;46.8km/h/13.0m/s;64.8km/h/18.0m/s;N/A;;MostlyCloudy;
2001/3/27;15:30;1.0;-4.0;70%;1013hPa;10.0km;North;39.6km/h/11.0m/s;57.6km/h/16.0m/s;N/A;;Overcast;
2001/3/27;16:00;1.0;-4.0;70%;1012hPa;10.0km;North;46.8km/h/13.0m/s;64.8km/h/18.0m/s;N/A;;Overcast;
2001/3/27;16:30;1.0;-4.0;70%;1012hPa;10.0km;North;46.8km/h/13.0m/s;64.8km/h/18.0m/s;N/A;;MostlyCloudy;
2001/3/27;17:00;1.0;-4.0;70%;1012hPa;10.0km;North;43.2km/h/12.0m/s;61.2km/h/17.0m/s;N/A;;Overcast;
2001/3/27;17:30;0.0;-4.0;75%;1012hPa;10.0km;North;46.8km/h/13.0m/s;-;N/A;;Overcast;
2001/3/27;18:00;0.0;-4.0;75%;1012hPa;10.0km;North;50.4km/h/14.0m/s;68.4km/h/19.0m/s;N/A;;Overcast;
2001/3/27;18:30;0.0;-4.0;75%;1011hPa;10.0km;North;50.4km/h/14.0m/s;-;N/A;;Overcast;
2001/3/27;19:00;0.0;-5.0;69%;1012hPa;10.0km;North;50.4km/h/14.0m/s;72.0km/h/20.0m/s;N/A;;Overcast;
2001/3/27;19:30;0.0;-5.0;69%;1012hPa;10.0km;North;46.8km/h/13.0m/s;68.4km/h/19.0m/s;N/A;;Overcast;
2001/3/27;20:00;0.0;-5.0;69%;1012hPa;10.0km;North;43.2km/h/12.0m/s;-;N/A;;Overcast;
2001/3/27;20:30;0.0;-5.0;69%;1012hPa;10.0km;North;43.2km/h/12.0m/s;61.2km/h/17.0m/s;N/A;;Overcast;
2001/3/27;21:00;0.0;-5.0;69%;1012hPa;10.0km;North;43.2km/h/12.0m/s;61.2km/h/17.0m/s;N/A;;Overcast;
2001/3/27;21:30;0.0;-5.0;69%;1012hPa;10.0km;North;43.2km/h/12.0m/s;68.4km/h/19.0m/s;N/A;;Overcast;
2001/3/27;22:00;0.0;-5.0;69%;1012hPa;10.0km;North;46.8km/h/13.0m/s;-;N/A;;Overcast;
2001/3/27;22:30;-1.0;-5.0;75%;1012hPa;10.0km;North;46.8km/h/13.0m/s;-;N/A;;Overcast;
2001/3/27;23:00;-1.0;-5.0;75%;1012hPa;10.0km;North;46.8km/h/13.0m/s;64.8km/h/18.0m/s;N/A;;Overcast;
2001/3/27;23:30;-1.0;-5.0;75%;1012hPa;10.0km;North;39.6km/h/11.0m/s;57.6km/h/16.0m/s;N/A;;Overcast;
