2001/10/20;00:00;12.0;9.0;82%;1021hPa;10.0km;North;7.2km/h/2.0m/s;-;N/A;;Overcast;
2001/10/20;00:30;11.0;9.0;88%;1021hPa;10.0km;North;10.8km/h/3.0m/s;-;N/A;;Overcast;
2001/10/20;01:00;11.0;8.0;82%;1021hPa;10.0km;NNW;10.8km/h/3.0m/s;-;N/A;;Overcast;
2001/10/20;01:30;11.0;8.0;82%;1021hPa;10.0km;NNW;10.8km/h/3.0m/s;-;N/A;;Overcast;
2001/10/20;02:00;11.0;8.0;82%;1021hPa;10.0km;NNW;7.2km/h/2.0m/s;-;N/A;;Overcast;
2001/10/20;02:30;11.0;8.0;82%;1021hPa;10.0km;North;10.8km/h/3.0m/s;-;N/A;;Overcast;
2001/10/20;03:00;11.0;8.0;82%;1021hPa;10.0km;North;10.8km/h/3.0m/s;-;N/A;;Overcast;
2001/10/20;03:30;11.0;8.0;82%;1021hPa;10.0km;North;10.8km/h/3.0m/s;-;N/A;;Overcast;
2001/10/20;04:00;11.0;8.0;82%;1021hPa;10.0km;North;7.2km/h/2.0m/s;-;N/A;;Overcast;
2001/10/20;04:30;11.0;8.0;82%;1021hPa;10.0km;North;7.2km/h/2.0m/s;-;N/A;;Overcast;
2001/10/20;05:00;11.0;8.0;82%;1021hPa;10.0km;North;10.8km/h/3.0m/s;-;N/A;;Overcast;
2001/10/20;05:30;11.0;8.0;82%;1021hPa;10.0km;North;10.8km/h/3.0m/s;-;N/A;;Overcast;
2001/10/20;06:00;11.0;8.0;82%;1021hPa;10.0km;Variable;7.2km/h/2.0m/s;-;N/A;;Overcast;
2001/10/20;06:30;11.0;8.0;82%;1021hPa;10.0km;Variable;3.6km/h/1.0m/s;-;N/A;;Overcast;
2001/10/20;07:00;11.0;8.0;82%;1021hPa;10.0km;Variable;3.6km/h/1.0m/s;-;N/A;;Overcast;
2001/10/20;07:30;11.0;8.0;82%;1021hPa;10.0km;NNE;7.2km/h/2.0m/s;-;N/A;;Overcast;
2001/10/20;08:00;11.0;8.0;82%;1021hPa;10.0km;Variable;3.6km/h/1.0m/s;-;N/A;;Overcast;
2001/10/20;08:30;11.0;8.0;82%;1021hPa;10.0km;Variable;7.2km/h/2.0m/s;-;N/A;;Overcast;
2001/10/20;09:00;11.0;8.0;82%;1021hPa;10.0km;Calm;Calm;-;N/A;;Overcast;
2001/10/20;09:30;11.0;8.0;82%;1022hPa;10.0km;Variable;3.6km/h/1.0m/s;-;N/A;;Overcast;
2001/10/20;10:00;11.0;8.0;82%;1021hPa;10.0km;Variable;3.6km/h/1.0m/s;-;N/A;;Overcast;
2001/10/20;10:30;12.0;8.0;77%;1022hPa;10.0km;NNW;3.6km/h/1.0m/s;-;N/A;;Overcast;
2001/10/20;11:00;12.0;8.0;77%;1021hPa;9.0km;Variable;3.6km/h/1.0m/s;-;N/A;;Overcast;
2001/10/20;11:30;13.0;8.0;72%;1021hPa;8.0km;Variable;3.6km/h/1.0m/s;-;N/A;;Overcast;
2001/10/20;12:00;13.0;8.0;72%;1021hPa;9.0km;Variable;3.6km/h/1.0m/s;-;N/A;;Overcast;
2001/10/20;12:30;14.0;8.0;67%;1021hPa;8.0km;Calm;Calm;-;N/A;;MostlyCloudy;
2001/10/20;13:00;13.0;8.0;72%;1021hPa;8.0km;Variable;3.6km/h/1.0m/s;-;N/A;;MostlyCloudy;
2001/10/20;13:30;14.0;8.0;67%;1020hPa;8.0km;Calm;Calm;-;N/A;;MostlyCloudy;
2001/10/20;14:00;14.0;9.0;72%;1020hPa;8.0km;Variable;3.6km/h/1.0m/s;-;N/A;;MostlyCloudy;
2001/10/20;14:30;15.0;9.0;67%;1020hPa;10.0km;Calm;Calm;-;N/A;;MostlyCloudy;
2001/10/20;15:00;15.0;8.0;63%;1020hPa;10.0km;Calm;Calm;-;N/A;;ScatteredClouds;
2001/10/20;15:30;15.0;8.0;63%;1019hPa;10.0km;Variable;7.2km/h/2.0m/s;-;N/A;;PartlyCloudy;
2001/10/20;16:00;14.0;9.0;72%;1019hPa;10.0km;SE;10.8km/h/3.0m/s;-;N/A;;MostlyCloudy;
2001/10/20;16:30;14.0;10.0;77%;1019hPa;10.0km;SSE;10.8km/h/3.0m/s;-;N/A;;MostlyCloudy;
2001/10/20;17:00;13.0;10.0;82%;1019hPa;8.0km;SSE;10.8km/h/3.0m/s;-;N/A;;ScatteredClouds;
2001/10/20;17:30;12.0;9.0;82%;1019hPa;7.0km;SSE;7.2km/h/2.0m/s;-;N/A;;ScatteredClouds;
2001/10/20;18:00;10.0;8.0;87%;1019hPa;3.5km;South;7.2km/h/2.0m/s;-;N/A;;MostlyCloudy;
2001/10/20;18:30;10.0;9.0;94%;1019hPa;5.0km;South;7.2km/h/2.0m/s;-;N/A;;MostlyCloudy;
2001/10/20;19:00;12.0;10.0;88%;1019hPa;5.0km;South;10.8km/h/3.0m/s;-;N/A;;MostlyCloudy;
2001/10/20;19:30;11.0;10.0;94%;1019hPa;5.0km;South;10.8km/h/3.0m/s;-;N/A;;MostlyCloudy;
2001/10/20;20:00;12.0;10.0;88%;1019hPa;5.0km;South;7.2km/h/2.0m/s;-;N/A;;MostlyCloudy;
2001/10/20;20:30;12.0;10.0;88%;1019hPa;6.0km;Variable;7.2km/h/2.0m/s;-;N/A;;MostlyCloudy;
2001/10/20;21:00;12.0;10.0;88%;1018hPa;6.0km;WSW;7.2km/h/2.0m/s;-;N/A;;MostlyCloudy;
2001/10/20;21:30;12.0;10.0;88%;1018hPa;5.0km;Variable;7.2km/h/2.0m/s;-;N/A;;Overcast;
2001/10/20;22:00;12.0;10.0;88%;1018hPa;5.0km;Variable;7.2km/h/2.0m/s;-;N/A;;Overcast;
2001/10/20;22:30;11.0;10.0;94%;1018hPa;4.0km;Variable;3.6km/h/1.0m/s;-;N/A;;MostlyCloudy;
