2001/12/4;00:00;-5.0;-6.0;93%;1028hPa;-;North;7.2km/h/2.0m/s;-;N/A;;Clear;
2001/12/4;00:30;-5.0;-7.0;86%;1028hPa;-;East;3.6km/h/1.0m/s;-;N/A;;Clear;
2001/12/4;01:00;-5.0;-6.0;93%;1028hPa;-;East;3.6km/h/1.0m/s;-;N/A;;Clear;
2001/12/4;01:30;-5.0;-6.0;93%;1028hPa;10.0km;Calm;Calm;-;N/A;;ScatteredClouds;
2001/12/4;02:00;-5.0;-7.0;86%;1028hPa;10.0km;SW;3.6km/h/1.0m/s;-;N/A;;MostlyCloudy;
2001/12/4;02:30;-6.0;-7.0;93%;1028hPa;8.0km;South;3.6km/h/1.0m/s;-;N/A;;MostlyCloudy;
2001/12/4;03:00;-6.0;-7.0;93%;1028hPa;8.0km;Variable;3.6km/h/1.0m/s;-;N/A;;MostlyCloudy;
2001/12/4;03:30;-6.0;-6.0;100%;1028hPa;8.0km;East;7.2km/h/2.0m/s;-;N/A;;MostlyCloudy;
2001/12/4;04:00;-5.0;-6.0;93%;1028hPa;6.0km;Variable;3.6km/h/1.0m/s;-;N/A;;MostlyCloudy;
2001/12/4;04:30;-5.0;-6.0;93%;1028hPa;6.0km;SE;3.6km/h/1.0m/s;-;N/A;;Overcast;
2001/12/4;05:00;-5.0;-6.0;93%;1028hPa;5.0km;SE;3.6km/h/1.0m/s;-;N/A;;Overcast;
2001/12/4;05:30;-5.0;-6.0;93%;1028hPa;5.0km;Variable;3.6km/h/1.0m/s;-;N/A;;Overcast;
2001/12/4;06:00;-5.0;-6.0;93%;1028hPa;4.0km;NE;3.6km/h/1.0m/s;-;N/A;;Overcast;
2001/12/4;06:30;-5.0;-6.0;93%;1028hPa;4.0km;NE;3.6km/h/1.0m/s;-;N/A;;Overcast;
2001/12/4;07:00;-5.0;-6.0;93%;1028hPa;3.5km;Calm;Calm;-;N/A;;Overcast;
2001/12/4;07:30;-5.0;-6.0;93%;1028hPa;-;Calm;Calm;-;N/A;;Overcast;
2001/12/4;08:00;-5.0;-5.0;100%;1028hPa;-;Calm;Calm;-;N/A;;Overcast;
2001/12/4;08:30;-5.0;-5.0;100%;1028hPa;1.0km;East;3.6km/h/1.0m/s;-;N/A;;Overcast;
2001/12/4;09:00;-5.0;-5.0;100%;1028hPa;0.7km;Variable;3.6km/h/1.0m/s;-;N/A;Fog;LightFreezingFog;
2001/12/4;09:30;-4.0;-4.0;100%;1028hPa;0.7km;Calm;Calm;-;N/A;Fog;LightFreezingFog;
2001/12/4;10:00;-4.0;-4.0;100%;1028hPa;0.7km;Variable;3.6km/h/1.0m/s;-;N/A;Fog,Snow;LightSnowGrains;
2001/12/4;10:30;-4.0;-4.0;100%;1028hPa;0.9km;Calm;Calm;-;N/A;Fog,Snow;LightSnowGrains;
2001/12/4;11:00;-4.0;-4.0;100%;1028hPa;2.0km;Variable;3.6km/h/1.0m/s;-;N/A;;Overcast;
2001/12/4;11:30;-4.0;-4.0;100%;1028hPa;2.5km;South;7.2km/h/2.0m/s;-;N/A;;Overcast;
2001/12/4;12:00;-4.0;-4.0;100%;1027hPa;2.3km;Variable;7.2km/h/2.0m/s;-;N/A;Snow;LightSnowGrains;
2001/12/4;12:30;-3.0;-4.0;93%;1027hPa;2.3km;Variable;7.2km/h/2.0m/s;-;N/A;Snow;LightSnowGrains;
2001/12/4;13:00;-3.0;-3.0;100%;1027hPa;2.0km;South;7.2km/h/2.0m/s;-;N/A;Snow;LightSnowGrains;
2001/12/4;13:30;-3.0;-3.0;100%;1027hPa;1.9km;South;7.2km/h/2.0m/s;-;N/A;Snow;LightSnowGrains;
2001/12/4;14:00;-3.0;-3.0;100%;1027hPa;2.1km;Variable;7.2km/h/2.0m/s;-;N/A;Snow;LightSnowGrains;
2001/12/4;14:30;-3.0;-3.0;100%;1027hPa;1.8km;South;7.2km/h/2.0m/s;-;N/A;Snow;LightSnowGrains;
2001/12/4;15:00;-3.0;-3.0;100%;1027hPa;1.8km;SSW;7.2km/h/2.0m/s;-;N/A;Snow;LightSnowGrains;
2001/12/4;15:30;-3.0;-3.0;100%;1027hPa;2.3km;South;10.8km/h/3.0m/s;-;N/A;Snow;LightSnowGrains;
2001/12/4;16:00;-3.0;-3.0;100%;1027hPa;2.5km;South;7.2km/h/2.0m/s;-;N/A;Snow;LightSnowGrains;
2001/12/4;16:30;-3.0;-3.0;100%;1027hPa;1.2km;SSW;7.2km/h/2.0m/s;-;N/A;Snow;LightSnowGrains;
2001/12/4;17:00;-3.0;-3.0;100%;1027hPa;1.5km;SSW;7.2km/h/2.0m/s;-;N/A;Snow;LightSnowGrains;
2001/12/4;17:30;-3.0;-3.0;100%;1026hPa;1.5km;SW;7.2km/h/2.0m/s;-;N/A;Snow;LightSnowGrains;
2001/12/4;18:00;-3.0;-3.0;100%;1026hPa;1.6km;SSW;7.2km/h/2.0m/s;-;N/A;Snow;LightSnowGrains;
2001/12/4;18:30;-3.0;-3.0;100%;1026hPa;1.7km;SSW;7.2km/h/2.0m/s;-;N/A;Snow;LightSnowGrains;
2001/12/4;19:00;-3.0;-3.0;100%;1026hPa;1.6km;Variable;7.2km/h/2.0m/s;-;N/A;Snow;LightSnowGrains;
2001/12/4;19:30;-3.0;-3.0;100%;1026hPa;1.7km;SW;7.2km/h/2.0m/s;-;N/A;;Overcast;
2001/12/4;20:00;-3.0;-3.0;100%;1026hPa;2.0km;SW;7.2km/h/2.0m/s;-;N/A;;Overcast;
2001/12/4;20:30;-3.0;-3.0;100%;1026hPa;2.0km;SSW;3.6km/h/1.0m/s;-;N/A;;Overcast;
2001/12/4;21:00;-3.0;-3.0;100%;1026hPa;3.0km;SSW;7.2km/h/2.0m/s;-;N/A;Snow;LightSnowGrains;
2001/12/4;21:30;-3.0;-4.0;93%;1026hPa;-;South;7.2km/h/2.0m/s;-;N/A;;Overcast;
2001/12/4;22:00;-3.0;-3.0;100%;1026hPa;3.5km;SSW;7.2km/h/2.0m/s;-;N/A;;Overcast;
2001/12/4;22:30;-3.0;-4.0;93%;1026hPa;4.5km;SSW;7.2km/h/2.0m/s;-;N/A;;Overcast;
2001/12/4;23:00;-3.0;-3.0;100%;1026hPa;4.5km;South;7.2km/h/2.0m/s;-;N/A;;Overcast;
2001/12/4;23:30;-3.0;-3.0;100%;1026hPa;4.5km;SSW;7.2km/h/2.0m/s;-;N/A;;Overcast;
