2001/4/25;00:00;6.0;6.0;100%;1013hPa;10.0km;SSE;3.6km/h/1.0m/s;-;N/A;Rain;LightRain;
2001/4/25;00:30;6.0;5.0;93%;1013hPa;10.0km;South;3.6km/h/1.0m/s;-;N/A;Rain;LightRain;
2001/4/25;01:00;6.0;5.0;93%;1013hPa;10.0km;Variable;3.6km/h/1.0m/s;-;N/A;Rain;LightRain;
2001/4/25;01:30;6.0;5.0;93%;1013hPa;10.0km;Calm;Calm;-;N/A;Rain;LightRain;
2001/4/25;02:00;6.0;6.0;100%;1013hPa;10.0km;SSW;3.6km/h/1.0m/s;-;N/A;Rain;LightRain;
2001/4/25;02:30;6.0;5.0;93%;1013hPa;10.0km;Calm;Calm;-;N/A;Rain;LightRain;
2001/4/25;03:00;6.0;6.0;100%;1013hPa;10.0km;NW;3.6km/h/1.0m/s;-;N/A;Rain;LightRain;
2001/4/25;03:30;6.0;6.0;100%;1014hPa;10.0km;North;3.6km/h/1.0m/s;-;N/A;Rain;LightRain;
2001/4/25;04:00;6.0;6.0;100%;1014hPa;10.0km;WNW;3.6km/h/1.0m/s;-;N/A;Rain;LightRain;
2001/4/25;04:30;6.0;6.0;100%;1014hPa;10.0km;Calm;Calm;-;N/A;Rain;LightRain;
2001/4/25;05:00;6.0;6.0;100%;1014hPa;10.0km;NNE;3.6km/h/1.0m/s;-;N/A;Rain;LightRain;
2001/4/25;05:30;6.0;6.0;100%;1015hPa;6.0km;North;3.6km/h/1.0m/s;-;N/A;Rain;LightRain;
2001/4/25;06:00;6.0;6.0;100%;1015hPa;5.0km;NNW;3.6km/h/1.0m/s;-;N/A;Rain;LightRain;
2001/4/25;06:30;6.0;6.0;100%;1015hPa;5.0km;WSW;3.6km/h/1.0m/s;-;N/A;;MostlyCloudy;
2001/4/25;07:00;7.0;6.0;93%;1016hPa;10.0km;NW;3.6km/h/1.0m/s;-;N/A;;Overcast;
2001/4/25;07:30;7.0;7.0;100%;1016hPa;10.0km;Variable;3.6km/h/1.0m/s;-;N/A;;MostlyCloudy;
2001/4/25;08:00;8.0;7.0;93%;1016hPa;10.0km;Variable;3.6km/h/1.0m/s;-;N/A;;MostlyCloudy;
2001/4/25;08:30;9.0;7.0;87%;1016hPa;10.0km;Variable;3.6km/h/1.0m/s;-;N/A;;MostlyCloudy;
2001/4/25;09:00;9.0;7.0;87%;1016hPa;10.0km;Variable;7.2km/h/2.0m/s;-;N/A;;MostlyCloudy;
2001/4/25;09:30;10.0;7.0;82%;1016hPa;10.0km;Variable;7.2km/h/2.0m/s;-;N/A;;MostlyCloudy;
2001/4/25;10:00;10.0;7.0;82%;1016hPa;10.0km;NE;14.4km/h/4.0m/s;-;N/A;;MostlyCloudy;
2001/4/25;10:30;11.0;6.0;71%;1017hPa;10.0km;NNE;18.0km/h/5.0m/s;-;N/A;;MostlyCloudy;
2001/4/25;11:00;12.0;6.0;67%;1016hPa;10.0km;North;18.0km/h/5.0m/s;-;N/A;;MostlyCloudy;
2001/4/25;11:30;13.0;6.0;63%;1017hPa;10.0km;North;14.4km/h/4.0m/s;-;N/A;;ScatteredClouds;
2001/4/25;12:00;13.0;7.0;67%;1016hPa;10.0km;Variable;7.2km/h/2.0m/s;-;N/A;;ScatteredClouds;
2001/4/25;12:30;14.0;6.0;59%;1016hPa;10.0km;Variable;7.2km/h/2.0m/s;-;N/A;;ScatteredClouds;
2001/4/25;13:00;15.0;9.0;67%;1016hPa;10.0km;Variable;7.2km/h/2.0m/s;-;N/A;;ScatteredClouds;
2001/4/25;13:30;15.0;6.0;55%;1016hPa;10.0km;Variable;3.6km/h/1.0m/s;-;N/A;;ScatteredClouds;
2001/4/25;14:00;16.0;7.0;55%;1016hPa;10.0km;Variable;3.6km/h/1.0m/s;-;N/A;;ScatteredClouds;
2001/4/25;14:30;16.0;7.0;55%;1015hPa;10.0km;Variable;3.6km/h/1.0m/s;-;N/A;;ScatteredClouds;
2001/4/25;15:00;17.0;8.0;55%;1015hPa;10.0km;Variable;3.6km/h/1.0m/s;-;N/A;;ScatteredClouds;
2001/4/25;15:30;17.0;8.0;55%;1015hPa;10.0km;Variable;3.6km/h/1.0m/s;-;N/A;;ScatteredClouds;
2001/4/25;16:00;17.0;7.0;52%;1015hPa;10.0km;Variable;7.2km/h/2.0m/s;-;N/A;;ScatteredClouds;
2001/4/25;16:30;18.0;8.0;52%;1015hPa;10.0km;Variable;3.6km/h/1.0m/s;-;N/A;;ScatteredClouds;
2001/4/25;17:00;17.0;7.0;52%;1015hPa;10.0km;SSE;10.8km/h/3.0m/s;-;N/A;;ScatteredClouds;
2001/4/25;17:30;16.0;7.0;55%;1015hPa;10.0km;South;10.8km/h/3.0m/s;-;N/A;;ScatteredClouds;
2001/4/25;18:00;16.0;9.0;63%;1015hPa;10.0km;South;14.4km/h/4.0m/s;-;N/A;;ScatteredClouds;
2001/4/25;18:30;15.0;9.0;67%;1015hPa;10.0km;South;14.4km/h/4.0m/s;-;N/A;;ScatteredClouds;
2001/4/25;19:00;13.0;9.0;77%;1015hPa;10.0km;South;18.0km/h/5.0m/s;-;N/A;;PartlyCloudy;
2001/4/25;19:30;12.0;9.0;82%;1015hPa;10.0km;South;14.4km/h/4.0m/s;-;N/A;;PartlyCloudy;
2001/4/25;20:00;11.0;8.0;82%;1016hPa;-;SSW;14.4km/h/4.0m/s;-;N/A;;Clear;
2001/4/25;20:30;10.0;8.0;87%;1016hPa;-;South;10.8km/h/3.0m/s;-;N/A;;Clear;
2001/4/25;21:00;10.0;8.0;87%;1016hPa;-;SW;7.2km/h/2.0m/s;-;N/A;;Clear;
2001/4/25;21:30;10.0;8.0;87%;1016hPa;-;Variable;3.6km/h/1.0m/s;-;N/A;;Clear;
2001/4/25;22:00;9.0;7.0;87%;1016hPa;-;Variable;3.6km/h/1.0m/s;-;N/A;;Clear;
2001/4/25;22:30;9.0;7.0;87%;1016hPa;-;Calm;Calm;-;N/A;;Clear;
2001/4/25;23:00;8.0;6.0;87%;1016hPa;-;West;3.6km/h/1.0m/s;-;N/A;;Clear;
2001/4/25;23:30;7.0;6.0;93%;1016hPa;-;NNE;3.6km/h/1.0m/s;-;N/A;;Clear;
