2001/12/15;00:00;-11.0;-13.0;85%;1034hPa;-;Variable;3.6km/h/1.0m/s;-;N/A;;Clear;
2001/12/15;00:30;-11.0;-14.0;79%;1033hPa;-;Variable;3.6km/h/1.0m/s;-;N/A;;Clear;
2001/12/15;01:00;-11.0;-13.0;85%;1033hPa;-;Calm;Calm;-;N/A;;Clear;
2001/12/15;01:30;-10.0;-12.0;86%;1033hPa;-;Variable;3.6km/h/1.0m/s;-;N/A;;Clear;
2001/12/15;02:00;-10.0;-12.0;86%;1033hPa;-;SSW;3.6km/h/1.0m/s;-;N/A;;Clear;
2001/12/15;02:30;-10.0;-12.0;86%;1033hPa;-;WSW;7.2km/h/2.0m/s;-;N/A;;Clear;
2001/12/15;03:00;-9.0;-11.0;86%;1032hPa;-;WSW;3.6km/h/1.0m/s;-;N/A;;Clear;
2001/12/15;03:30;-9.0;-11.0;86%;1032hPa;10.0km;West;3.6km/h/1.0m/s;-;N/A;;Overcast;
2001/12/15;04:00;-9.0;-11.0;86%;1031hPa;10.0km;Variable;3.6km/h/1.0m/s;-;N/A;;Overcast;
2001/12/15;04:30;-9.0;-11.0;86%;1031hPa;8.0km;Variable;3.6km/h/1.0m/s;-;N/A;;Overcast;
2001/12/15;05:00;-9.0;-11.0;86%;1031hPa;7.0km;Variable;3.6km/h/1.0m/s;-;N/A;;Overcast;
2001/12/15;05:30;-9.0;-11.0;86%;1031hPa;9.0km;Calm;Calm;-;N/A;;Overcast;
2001/12/15;06:00;-8.0;-11.0;79%;1031hPa;8.0km;Variable;3.6km/h/1.0m/s;-;N/A;Snow;LightSnowGrains;
2001/12/15;06:30;-8.0;-11.0;79%;1031hPa;8.0km;Calm;Calm;-;N/A;;Overcast;
2001/12/15;07:00;-8.0;-10.0;86%;1031hPa;8.0km;NNE;3.6km/h/1.0m/s;-;N/A;Snow;LightSnow;
2001/12/15;07:30;-8.0;-10.0;86%;1030hPa;8.0km;Calm;Calm;-;N/A;;Overcast;
2001/12/15;08:00;-8.0;-10.0;86%;1031hPa;8.0km;Calm;Calm;-;N/A;;Overcast;
2001/12/15;08:30;-7.0;-10.0;80%;1030hPa;8.0km;Calm;Calm;-;N/A;;Overcast;
2001/12/15;09:00;-7.0;-9.0;86%;1031hPa;7.0km;Calm;Calm;-;N/A;Snow;LightSnow;
2001/12/15;09:30;-7.0;-9.0;86%;1031hPa;7.0km;Calm;Calm;-;N/A;Snow;LightSnow;
2001/12/15;10:00;-6.0;-9.0;80%;1030hPa;7.0km;Variable;3.6km/h/1.0m/s;-;N/A;Snow;LightSnow;
2001/12/15;10:30;-6.0;-9.0;80%;1030hPa;7.0km;Calm;Calm;-;N/A;Snow;LightSnow;
2001/12/15;11:00;-6.0;-8.0;86%;1030hPa;6.0km;NE;3.6km/h/1.0m/s;-;N/A;Snow;LightSnow;
2001/12/15;11:30;-5.0;-8.0;80%;1030hPa;6.0km;Variable;3.6km/h/1.0m/s;-;N/A;Snow;LightSnow;
2001/12/15;12:00;-5.0;-8.0;80%;1029hPa;10.0km;Variable;7.2km/h/2.0m/s;-;N/A;Snow;LightSnow;
2001/12/15;12:30;-4.0;-7.0;80%;1029hPa;10.0km;Variable;3.6km/h/1.0m/s;-;N/A;Snow;LightSnow;
2001/12/15;13:00;-5.0;-8.0;80%;1029hPa;10.0km;Calm;Calm;-;N/A;Snow;LightSnow;
2001/12/15;13:30;-4.0;-7.0;80%;1028hPa;10.0km;South;3.6km/h/1.0m/s;-;N/A;Snow;LightSnow;
2001/12/15;14:00;-4.0;-7.0;80%;1028hPa;10.0km;South;3.6km/h/1.0m/s;-;N/A;;ScatteredClouds;
2001/12/15;14:30;-4.0;-7.0;80%;1028hPa;10.0km;Variable;3.6km/h/1.0m/s;-;N/A;;ScatteredClouds;
2001/12/15;15:00;-3.0;-7.0;74%;1028hPa;10.0km;Variable;3.6km/h/1.0m/s;-;N/A;;MostlyCloudy;
2001/12/15;15:30;-3.0;-6.0;80%;1028hPa;10.0km;Variable;3.6km/h/1.0m/s;-;N/A;Snow;LightSnow;
2001/12/15;16:00;-3.0;-7.0;74%;1029hPa;10.0km;Variable;3.6km/h/1.0m/s;-;N/A;Snow;LightSnow;
2001/12/15;16:30;-4.0;-7.0;80%;1028hPa;10.0km;Calm;Calm;-;N/A;;ScatteredClouds;
2001/12/15;17:00;-5.0;-8.0;80%;1028hPa;10.0km;SE;7.2km/h/2.0m/s;-;N/A;Snow;LightSnow;
2001/12/15;17:30;-7.0;-9.0;86%;1028hPa;-;South;7.2km/h/2.0m/s;-;N/A;;Clear;
2001/12/15;18:00;-8.0;-9.0;93%;1028hPa;-;Variable;7.2km/h/2.0m/s;-;N/A;;Clear;
2001/12/15;18:30;-8.0;-9.0;93%;1028hPa;6.0km;Variable;7.2km/h/2.0m/s;-;N/A;;MostlyCloudy;
2001/12/15;19:00;-8.0;-9.0;93%;1028hPa;6.0km;Variable;3.6km/h/1.0m/s;-;N/A;Snow;LightSnow;
2001/12/15;19:30;-8.0;-9.0;93%;1028hPa;6.0km;Calm;Calm;-;N/A;Snow;LightSnow;
2001/12/15;20:00;-8.0;-9.0;93%;1028hPa;4.0km;Variable;3.6km/h/1.0m/s;-;N/A;Snow;LightSnow;
2001/12/15;20:30;-8.0;-9.0;93%;1028hPa;3.5km;Variable;3.6km/h/1.0m/s;-;N/A;Snow;LightSnow;
2001/12/15;21:00;-8.0;-9.0;93%;1028hPa;3.5km;SSE;3.6km/h/1.0m/s;-;N/A;;ScatteredClouds;
2001/12/15;21:30;-9.0;-10.0;93%;1027hPa;3.5km;South;3.6km/h/1.0m/s;-;N/A;;ScatteredClouds;
2001/12/15;22:00;-9.0;-10.0;93%;1028hPa;3.5km;Calm;Calm;-;N/A;;ScatteredClouds;
2001/12/15;22:30;-8.0;-9.0;93%;1027hPa;4.0km;Variable;3.6km/h/1.0m/s;-;N/A;Snow;LightSnow;
2001/12/15;23:00;-8.0;-10.0;86%;1027hPa;6.0km;Calm;Calm;-;N/A;Snow;LightSnow;
2001/12/15;23:30;-6.0;-8.0;86%;1027hPa;8.0km;Variable;3.6km/h/1.0m/s;-;N/A;;ScatteredClouds;
