2001/1/25;00:00;0.0;-1.0;93%;1020hPa;-;NNW;3.6km/h/1.0m/s;-;N/A;;Overcast;
2001/1/25;00:30;0.0;-1.0;93%;1020hPa;-;NNE;3.6km/h/1.0m/s;-;N/A;;Overcast;
2001/1/25;01:00;0.0;-1.0;93%;1020hPa;-;Calm;Calm;-;N/A;;Overcast;
2001/1/25;01:30;-1.0;-1.0;100%;1020hPa;-;Variable;3.6km/h/1.0m/s;-;N/A;;Overcast;
2001/1/25;02:00;0.0;0.0;100%;1020hPa;1.8km;West;3.6km/h/1.0m/s;-;N/A;Snow;LightSnow;
2001/1/25;02:30;0.0;0.0;100%;1020hPa;2.9km;SW;7.2km/h/2.0m/s;-;N/A;Snow;LightSnow;
2001/1/25;03:00;0.0;0.0;100%;1020hPa;2.8km;SSW;7.2km/h/2.0m/s;-;N/A;Snow;LightSnow;
2001/1/25;03:30;0.0;0.0;100%;1020hPa;1.7km;SSW;7.2km/h/2.0m/s;-;N/A;Snow;LightSnow;
2001/1/25;04:00;0.0;0.0;100%;1020hPa;1.6km;Variable;3.6km/h/1.0m/s;-;N/A;Snow;LightSnow;
2001/1/25;04:30;0.0;0.0;100%;1020hPa;1.2km;South;3.6km/h/1.0m/s;-;N/A;Snow;LightSnow;
2001/1/25;05:00;0.0;0.0;100%;1020hPa;1.4km;SSE;7.2km/h/2.0m/s;-;N/A;Snow;LightSnow;
2001/1/25;05:30;0.0;-1.0;93%;1020hPa;1.9km;SSE;7.2km/h/2.0m/s;-;N/A;Snow;LightSnow;
2001/1/25;06:00;-1.0;-1.0;100%;1019hPa;1.2km;SSE;3.6km/h/1.0m/s;-;N/A;Snow;LightSnow;
2001/1/25;06:30;-1.0;-1.0;100%;1020hPa;2.5km;South;3.6km/h/1.0m/s;-;N/A;Snow;LightSnow;
2001/1/25;07:00;0.0;0.0;100%;1020hPa;2.2km;WSW;3.6km/h/1.0m/s;-;N/A;Snow;LightSnow;
2001/1/25;07:30;0.0;0.0;100%;1020hPa;1.3km;SW;3.6km/h/1.0m/s;-;N/A;Snow;LightSnow;
2001/1/25;08:00;0.0;0.0;100%;1020hPa;1.1km;Variable;3.6km/h/1.0m/s;-;N/A;Snow;LightSnow;
2001/1/25;08:30;0.0;0.0;100%;1020hPa;0.9km;Variable;7.2km/h/2.0m/s;-;N/A;Snow;Snow;
2001/1/25;09:00;0.0;0.0;100%;1020hPa;1.3km;SSE;7.2km/h/2.0m/s;-;N/A;Snow;LightSnow;
2001/1/25;09:30;0.0;0.0;100%;1021hPa;2.0km;Variable;3.6km/h/1.0m/s;-;N/A;Snow;LightSnow;
2001/1/25;10:00;0.0;-1.0;93%;1021hPa;1.7km;SSE;3.6km/h/1.0m/s;-;N/A;Snow;LightSnowGrains;
2001/1/25;10:30;0.0;0.0;100%;1021hPa;1.5km;SSE;7.2km/h/2.0m/s;-;N/A;Snow;SnowGrains;
2001/1/25;11:00;0.0;0.0;100%;1021hPa;1.7km;SSE;10.8km/h/3.0m/s;-;N/A;Snow;LightSnowGrains;
2001/1/25;11:30;0.0;0.0;100%;1021hPa;2.0km;SSE;7.2km/h/2.0m/s;-;N/A;Snow;LightSnowGrains;
2001/1/25;12:00;0.0;0.0;100%;1020hPa;2.0km;SSE;7.2km/h/2.0m/s;-;N/A;Snow;LightSnowGrains;
2001/1/25;12:30;1.0;0.0;93%;1020hPa;1.9km;SSE;7.2km/h/2.0m/s;-;N/A;Snow;LightSnowGrains;
2001/1/25;13:00;0.0;0.0;100%;1020hPa;2.2km;SSE;7.2km/h/2.0m/s;-;N/A;;LightDrizzle;
2001/1/25;13:30;0.0;0.0;100%;1020hPa;3.0km;SSE;10.8km/h/3.0m/s;-;N/A;;LightDrizzle;
2001/1/25;14:00;0.0;0.0;100%;1019hPa;1.6km;SSE;7.2km/h/2.0m/s;-;N/A;Snow;Snow;
2001/1/25;14:30;0.0;0.0;100%;1019hPa;2.2km;SSE;10.8km/h/3.0m/s;-;N/A;Snow;LightSnow;
2001/1/25;15:00;0.0;0.0;100%;1019hPa;2.7km;SSE;10.8km/h/3.0m/s;-;N/A;Snow;LightSnow;
2001/1/25;15:30;0.0;0.0;100%;1019hPa;1.2km;SE;7.2km/h/2.0m/s;-;N/A;Snow;SnowShowers;
2001/1/25;16:00;0.0;0.0;100%;1019hPa;2.5km;SE;7.2km/h/2.0m/s;-;N/A;;Overcast;
2001/1/25;16:30;0.0;0.0;100%;1019hPa;1.5km;SE;3.6km/h/1.0m/s;-;N/A;Snow;LightSnowGrains;
2001/1/25;17:00;0.0;0.0;100%;1019hPa;2.5km;Variable;3.6km/h/1.0m/s;-;N/A;Snow;LightSnowGrains;
2001/1/25;17:30;0.0;0.0;100%;1019hPa;2.5km;SSE;7.2km/h/2.0m/s;-;N/A;Rain,Snow;LightRain;
2001/1/25;18:00;0.0;0.0;100%;1019hPa;3.0km;SE;3.6km/h/1.0m/s;-;N/A;Rain,Snow;LightRain;
2001/1/25;18:30;0.0;0.0;100%;1019hPa;2.5km;Variable;3.6km/h/1.0m/s;-;N/A;Rain,Snow;LightRain;
2001/1/25;19:00;0.0;0.0;100%;1019hPa;2.5km;Calm;Calm;-;N/A;Rain,Snow;LightRain;
2001/1/25;19:30;0.0;0.0;100%;1019hPa;3.0km;NW;3.6km/h/1.0m/s;-;N/A;Rain,Snow;LightRain;
2001/1/25;20:00;0.0;0.0;100%;1019hPa;10.0km;Calm;Calm;-;N/A;Rain,Snow;LightRain;
2001/1/25;20:30;0.0;0.0;100%;1019hPa;4.0km;Calm;Calm;-;N/A;Rain,Snow;LightRain;
2001/1/25;21:00;1.0;0.0;93%;1018hPa;9.0km;Calm;Calm;-;N/A;Rain,Snow;LightRain;
2001/1/25;21:30;1.0;1.0;100%;1018hPa;10.0km;NW;3.6km/h/1.0m/s;-;N/A;;Overcast;
2001/1/25;22:00;1.0;0.0;93%;1018hPa;10.0km;West;7.2km/h/2.0m/s;-;N/A;;Overcast;
2001/1/25;22:30;1.0;1.0;100%;1018hPa;10.0km;Variable;3.6km/h/1.0m/s;-;N/A;Rain,Snow;LightRain;
2001/1/25;23:00;1.0;0.0;93%;1017hPa;10.0km;WSW;3.6km/h/1.0m/s;-;N/A;;Overcast;
2001/1/25;23:30;1.0;0.0;93%;1017hPa;10.0km;West;7.2km/h/2.0m/s;-;N/A;;Overcast;
