2001/4/20;00:00;8.0;6.0;87%;1009hPa;-;North;10.8km/h/3.0m/s;-;N/A;;Clear;
2001/4/20;00:30;8.0;6.0;87%;1009hPa;-;Variable;7.2km/h/2.0m/s;-;N/A;;Clear;
2001/4/20;01:00;8.0;6.0;87%;1009hPa;-;North;7.2km/h/2.0m/s;-;N/A;;Clear;
2001/4/20;01:30;7.0;6.0;93%;1009hPa;-;North;10.8km/h/3.0m/s;-;N/A;;Clear;
2001/4/20;02:00;7.0;6.0;93%;1008hPa;-;North;10.8km/h/3.0m/s;-;N/A;;Clear;
2001/4/20;02:30;7.0;5.0;87%;1008hPa;-;North;14.4km/h/4.0m/s;-;N/A;;Clear;
2001/4/20;03:00;6.0;5.0;93%;1008hPa;-;North;14.4km/h/4.0m/s;-;N/A;;Clear;
2001/4/20;03:30;6.0;5.0;93%;1008hPa;-;North;14.4km/h/4.0m/s;-;N/A;;Clear;
2001/4/20;04:00;6.0;5.0;93%;1008hPa;-;North;14.4km/h/4.0m/s;-;N/A;;Clear;
2001/4/20;04:30;6.0;5.0;93%;1007hPa;-;North;14.4km/h/4.0m/s;-;N/A;;Clear;
2001/4/20;05:00;6.0;5.0;93%;1007hPa;-;North;14.4km/h/4.0m/s;-;N/A;;Clear;
2001/4/20;05:30;6.0;5.0;93%;1007hPa;-;North;14.4km/h/4.0m/s;-;N/A;;Clear;
2001/4/20;06:00;7.0;5.0;87%;1007hPa;-;North;10.8km/h/3.0m/s;-;N/A;;Clear;
2001/4/20;06:30;7.0;5.0;87%;1008hPa;-;North;10.8km/h/3.0m/s;-;N/A;;Clear;
2001/4/20;07:00;7.0;6.0;93%;1008hPa;10.0km;North;10.8km/h/3.0m/s;-;N/A;Rain;LightRain;
2001/4/20;07:30;7.0;6.0;93%;1008hPa;-;North;14.4km/h/4.0m/s;-;N/A;;Clear;
2001/4/20;08:00;8.0;6.0;87%;1008hPa;10.0km;North;14.4km/h/4.0m/s;-;N/A;;MostlyCloudy;
2001/4/20;08:30;8.0;6.0;87%;1008hPa;10.0km;NNE;10.8km/h/3.0m/s;-;N/A;Rain;LightRain;
2001/4/20;09:00;8.0;7.0;93%;1008hPa;10.0km;Variable;7.2km/h/2.0m/s;-;N/A;;MostlyCloudy;
2001/4/20;09:30;9.0;7.0;87%;1008hPa;10.0km;North;10.8km/h/3.0m/s;-;N/A;;ScatteredClouds;
2001/4/20;10:00;11.0;7.0;76%;1008hPa;10.0km;Variable;7.2km/h/2.0m/s;-;N/A;;ScatteredClouds;
2001/4/20;10:30;13.0;7.0;67%;1008hPa;10.0km;Variable;7.2km/h/2.0m/s;-;N/A;;ScatteredClouds;
2001/4/20;11:00;12.0;8.0;77%;1008hPa;10.0km;Variable;7.2km/h/2.0m/s;-;N/A;Rain;LightRainShowers;
2001/4/20;11:30;12.0;8.0;77%;1008hPa;10.0km;Variable;3.6km/h/1.0m/s;-;N/A;Rain;LightRainShowers;
2001/4/20;12:00;13.0;9.0;77%;1008hPa;10.0km;Variable;3.6km/h/1.0m/s;-;N/A;;ScatteredClouds;
2001/4/20;12:30;13.0;8.0;72%;1007hPa;10.0km;Variable;3.6km/h/1.0m/s;-;N/A;;ScatteredClouds;
2001/4/20;13:00;14.0;9.0;72%;1007hPa;10.0km;Variable;7.2km/h/2.0m/s;-;N/A;;ScatteredClouds;
2001/4/20;13:30;16.0;10.0;68%;1007hPa;10.0km;Variable;3.6km/h/1.0m/s;-;N/A;;ScatteredClouds;
2001/4/20;14:00;16.0;9.0;63%;1007hPa;10.0km;Variable;7.2km/h/2.0m/s;-;N/A;;MostlyCloudy;
2001/4/20;14:30;16.0;9.0;63%;1006hPa;10.0km;SSE;10.8km/h/3.0m/s;-;N/A;;MostlyCloudy;
2001/4/20;15:00;16.0;7.0;55%;1006hPa;10.0km;SSW;25.2km/h/7.0m/s;-;N/A;;Overcast;
2001/4/20;15:30;16.0;5.0;48%;1006hPa;-;South;25.2km/h/7.0m/s;-;N/A;;Clear;
2001/4/20;16:00;15.0;5.0;51%;1006hPa;10.0km;South;21.6km/h/6.0m/s;-;N/A;;Overcast;
2001/4/20;16:30;15.0;7.0;59%;1006hPa;-;SSW;18.0km/h/5.0m/s;-;N/A;;Clear;
2001/4/20;17:00;15.0;6.0;55%;1006hPa;-;South;14.4km/h/4.0m/s;-;N/A;;Clear;
2001/4/20;17:30;14.0;7.0;63%;1005hPa;-;SSW;10.8km/h/3.0m/s;-;N/A;;Clear;
2001/4/20;18:00;14.0;8.0;67%;1005hPa;-;South;7.2km/h/2.0m/s;-;N/A;;Clear;
2001/4/20;18:30;14.0;7.0;63%;1005hPa;-;South;3.6km/h/1.0m/s;-;N/A;;Clear;
2001/4/20;19:00;13.0;8.0;72%;1005hPa;-;South;3.6km/h/1.0m/s;-;N/A;;Clear;
2001/4/20;19:30;13.0;8.0;72%;1005hPa;-;ESE;3.6km/h/1.0m/s;-;N/A;;Clear;
2001/4/20;20:00;13.0;7.0;67%;1005hPa;10.0km;Calm;Calm;-;N/A;;Overcast;
2001/4/20;20:30;12.0;8.0;77%;1005hPa;10.0km;Variable;7.2km/h/2.0m/s;-;N/A;Rain;LightRain;
2001/4/20;21:00;12.0;8.0;77%;1005hPa;10.0km;Variable;7.2km/h/2.0m/s;-;N/A;Rain;LightRain;
2001/4/20;21:30;11.0;9.0;88%;1004hPa;10.0km;North;10.8km/h/3.0m/s;-;N/A;;Overcast;
2001/4/20;22:00;11.0;9.0;88%;1004hPa;10.0km;NNW;7.2km/h/2.0m/s;-;N/A;Rain;LightRain;
2001/4/20;22:30;11.0;9.0;88%;1004hPa;10.0km;Variable;7.2km/h/2.0m/s;-;N/A;Rain;LightRain;
2001/4/20;23:00;10.0;9.0;94%;1004hPa;10.0km;Variable;7.2km/h/2.0m/s;-;N/A;Rain;LightRain;
2001/4/20;23:30;10.0;9.0;94%;1003hPa;10.0km;North;10.8km/h/3.0m/s;-;N/A;Rain;LightRain;
