2001/10/7;00:00;10.0;9.0;94%;1019hPa;-;WNW;3.6km/h/1.0m/s;-;N/A;;Clear;
2001/10/7;00:30;10.0;9.0;94%;1019hPa;-;Calm;Calm;-;N/A;;Clear;
2001/10/7;01:00;10.0;10.0;100%;1019hPa;-;Calm;Calm;-;N/A;;Clear;
2001/10/7;01:30;10.0;10.0;100%;1019hPa;-;NNE;7.2km/h/2.0m/s;-;N/A;;Clear;
2001/10/7;02:00;10.0;9.0;94%;1019hPa;6.0km;NNW;3.6km/h/1.0m/s;-;N/A;;PartlyCloudy;
2001/10/7;02:30;9.0;9.0;100%;1019hPa;3.0km;WNW;3.6km/h/1.0m/s;-;N/A;;PartlyCloudy;
2001/10/7;03:00;10.0;10.0;100%;1019hPa;4.0km;Calm;Calm;-;N/A;;PartlyCloudy;
2001/10/7;03:30;10.0;10.0;100%;1019hPa;3.0km;Variable;3.6km/h/1.0m/s;-;N/A;;PartlyCloudy;
2001/10/7;04:00;8.0;8.0;100%;1018hPa;0.2km;SE;3.6km/h/1.0m/s;-;N/A;Fog;Fog;
2001/10/7;04:30;8.0;8.0;100%;1019hPa;0.2km;West;7.2km/h/2.0m/s;-;N/A;Fog;Fog;
2001/10/7;05:00;8.0;8.0;100%;1019hPa;1.2km;WNW;3.6km/h/1.0m/s;-;N/A;;Clear;
2001/10/7;05:30;10.0;10.0;100%;1019hPa;2.0km;Variable;3.6km/h/1.0m/s;-;N/A;;ScatteredClouds;
2001/10/7;06:00;10.0;10.0;100%;1019hPa;2.0km;Calm;Calm;-;N/A;;PartlyCloudy;
2001/10/7;06:30;9.0;9.0;100%;1019hPa;0.5km;Calm;Calm;-;N/A;Fog;Fog;
2001/10/7;07:00;9.0;9.0;100%;1019hPa;0.6km;Calm;Calm;-;N/A;;ScatteredClouds;
2001/10/7;07:30;10.0;10.0;100%;1019hPa;2.3km;WNW;3.6km/h/1.0m/s;-;N/A;;ScatteredClouds;
2001/10/7;08:00;11.0;11.0;100%;1019hPa;2.5km;Calm;Calm;-;N/A;;MostlyCloudy;
2001/10/7;08:30;12.0;12.0;100%;1019hPa;3.5km;Calm;Calm;-;N/A;;MostlyCloudy;
2001/10/7;09:00;13.0;13.0;100%;1019hPa;4.0km;Calm;Calm;-;N/A;;Overcast;
2001/10/7;09:30;13.0;13.0;100%;1019hPa;6.0km;Calm;Calm;-;N/A;;Overcast;
2001/10/7;10:00;14.0;13.0;94%;1019hPa;6.0km;Variable;3.6km/h/1.0m/s;-;N/A;;MostlyCloudy;
2001/10/7;10:30;15.0;14.0;94%;1019hPa;6.0km;Variable;7.2km/h/2.0m/s;-;N/A;;MostlyCloudy;
2001/10/7;11:00;15.0;13.0;88%;1019hPa;6.0km;Variable;7.2km/h/2.0m/s;-;N/A;;Overcast;
2001/10/7;11:30;15.0;13.0;88%;1019hPa;6.0km;SW;7.2km/h/2.0m/s;-;N/A;;Overcast;
2001/10/7;12:00;16.0;14.0;88%;1019hPa;5.0km;SW;7.2km/h/2.0m/s;-;N/A;;Overcast;
2001/10/7;12:30;16.0;14.0;88%;1019hPa;5.0km;SW;10.8km/h/3.0m/s;-;N/A;;Overcast;
2001/10/7;13:00;17.0;14.0;82%;1019hPa;5.0km;Variable;7.2km/h/2.0m/s;-;N/A;;MostlyCloudy;
2001/10/7;13:30;18.0;14.0;77%;1019hPa;6.0km;Variable;7.2km/h/2.0m/s;-;N/A;;ScatteredClouds;
2001/10/7;14:00;18.0;15.0;83%;1019hPa;7.0km;SSW;10.8km/h/3.0m/s;-;N/A;;ScatteredClouds;
2001/10/7;14:30;18.0;14.0;77%;1018hPa;7.0km;Variable;7.2km/h/2.0m/s;-;N/A;;ScatteredClouds;
2001/10/7;15:00;18.0;14.0;77%;1018hPa;7.0km;Variable;7.2km/h/2.0m/s;-;N/A;;ScatteredClouds;
2001/10/7;15:30;18.0;14.0;77%;1018hPa;10.0km;Variable;3.6km/h/1.0m/s;-;N/A;;MostlyCloudy;
2001/10/7;16:00;19.0;14.0;73%;1018hPa;10.0km;SSW;10.8km/h/3.0m/s;-;N/A;;MostlyCloudy;
2001/10/7;16:30;18.0;14.0;77%;1018hPa;10.0km;Variable;7.2km/h/2.0m/s;-;N/A;;ScatteredClouds;
2001/10/7;17:00;18.0;13.0;73%;1018hPa;10.0km;South;10.8km/h/3.0m/s;-;N/A;;ScatteredClouds;
2001/10/7;17:30;16.0;13.0;82%;1018hPa;10.0km;South;7.2km/h/2.0m/s;-;N/A;;ScatteredClouds;
2001/10/7;18:00;16.0;13.0;82%;1018hPa;10.0km;SSE;7.2km/h/2.0m/s;-;N/A;;MostlyCloudy;
2001/10/7;18:30;16.0;13.0;82%;1018hPa;-;SSE;3.6km/h/1.0m/s;-;N/A;;Clear;
2001/10/7;19:00;15.0;13.0;88%;1018hPa;10.0km;SE;3.6km/h/1.0m/s;-;N/A;;MostlyCloudy;
2001/10/7;19:30;16.0;13.0;82%;1018hPa;10.0km;SSE;3.6km/h/1.0m/s;-;N/A;;MostlyCloudy;
2001/10/7;20:00;15.0;13.0;88%;1018hPa;-;WSW;3.6km/h/1.0m/s;-;N/A;;Clear;
2001/10/7;20:30;15.0;13.0;88%;1018hPa;10.0km;Variable;3.6km/h/1.0m/s;-;N/A;;ScatteredClouds;
2001/10/7;21:00;14.0;13.0;94%;1018hPa;-;Variable;3.6km/h/1.0m/s;-;N/A;;Clear;
2001/10/7;21:30;14.0;13.0;94%;1018hPa;-;North;3.6km/h/1.0m/s;-;N/A;;Clear;
2001/10/7;22:00;15.0;13.0;88%;1018hPa;-;NNW;3.6km/h/1.0m/s;-;N/A;;Clear;
2001/10/7;22:30;15.0;13.0;88%;1018hPa;-;Variable;3.6km/h/1.0m/s;-;N/A;;Clear;
2001/10/7;23:00;14.0;13.0;94%;1018hPa;-;Calm;Calm;-;N/A;;Clear;
2001/10/7;23:30;15.0;12.0;82%;1019hPa;-;Variable;3.6km/h/1.0m/s;-;N/A;;Clear;
