2001/3/19;00:00;3.0;2.0;93%;1009hPa;-;NNW;3.6km/h/1.0m/s;-;N/A;;Clear;
2001/3/19;00:30;3.0;2.0;93%;1009hPa;-;Variable;7.2km/h/2.0m/s;-;N/A;;Clear;
2001/3/19;01:00;3.0;2.0;93%;1009hPa;-;Variable;3.6km/h/1.0m/s;-;N/A;;Clear;
2001/3/19;01:30;4.0;2.0;87%;1008hPa;10.0km;NNW;3.6km/h/1.0m/s;-;N/A;Rain;LightRain;
2001/3/19;02:30;4.0;3.0;93%;1008hPa;-;Variable;3.6km/h/1.0m/s;-;N/A;;Clear;
2001/3/19;03:00;4.0;3.0;93%;1008hPa;-;NE;3.6km/h/1.0m/s;-;N/A;;Clear;
2001/3/19;03:30;4.0;3.0;93%;1008hPa;10.0km;Variable;3.6km/h/1.0m/s;-;N/A;Rain;LightRain;
2001/3/19;04:00;4.0;3.0;93%;1007hPa;10.0km;NE;3.6km/h/1.0m/s;-;N/A;Rain;LightRain;
2001/3/19;04:30;4.0;3.0;93%;1007hPa;10.0km;North;7.2km/h/2.0m/s;-;N/A;Rain;LightRain;
2001/3/19;05:00;4.0;4.0;100%;1007hPa;10.0km;North;3.6km/h/1.0m/s;-;N/A;Rain;LightRain;
2001/3/19;05:30;4.0;4.0;100%;1006hPa;10.0km;North;10.8km/h/3.0m/s;-;N/A;;Overcast;
2001/3/19;06:00;5.0;3.0;87%;1006hPa;10.0km;North;14.4km/h/4.0m/s;-;N/A;;Overcast;
2001/3/19;06:30;5.0;3.0;87%;1007hPa;10.0km;North;7.2km/h/2.0m/s;-;N/A;;Overcast;
2001/3/19;07:00;5.0;3.0;87%;1007hPa;10.0km;North;7.2km/h/2.0m/s;-;N/A;;Overcast;
2001/3/19;07:30;5.0;3.0;87%;1007hPa;10.0km;North;7.2km/h/2.0m/s;-;N/A;;Overcast;
2001/3/19;08:00;6.0;4.0;87%;1006hPa;10.0km;North;7.2km/h/2.0m/s;-;N/A;;Overcast;
2001/3/19;08:30;6.0;4.0;87%;1006hPa;10.0km;NNW;3.6km/h/1.0m/s;-;N/A;;Overcast;
2001/3/19;09:00;6.0;4.0;87%;1006hPa;10.0km;Variable;3.6km/h/1.0m/s;-;N/A;;Overcast;
2001/3/19;09:30;7.0;4.0;81%;1006hPa;10.0km;Calm;Calm;-;N/A;;Overcast;
2001/3/19;10:00;7.0;4.0;81%;1006hPa;10.0km;Variable;3.6km/h/1.0m/s;-;N/A;;Overcast;
2001/3/19;10:30;7.0;5.0;87%;1006hPa;8.0km;Variable;7.2km/h/2.0m/s;-;N/A;;Overcast;
2001/3/19;11:00;8.0;6.0;87%;1006hPa;7.0km;Variable;7.2km/h/2.0m/s;-;N/A;;Overcast;
2001/3/19;11:30;8.0;6.0;87%;1006hPa;5.0km;Variable;7.2km/h/2.0m/s;-;N/A;;LightDrizzle;
2001/3/19;12:00;8.0;6.0;87%;1005hPa;5.0km;Variable;7.2km/h/2.0m/s;-;N/A;;Overcast;
2001/3/19;12:30;9.0;7.0;87%;1005hPa;-;Variable;7.2km/h/2.0m/s;-;N/A;;MostlyCloudy;
2001/3/19;13:00;10.0;7.0;82%;1004hPa;-;South;10.8km/h/3.0m/s;-;N/A;;MostlyCloudy;
2001/3/19;13:30;10.0;7.0;82%;1004hPa;5.0km;South;10.8km/h/3.0m/s;-;N/A;;MostlyCloudy;
2001/3/19;14:00;10.0;7.0;82%;1004hPa;7.0km;South;10.8km/h/3.0m/s;-;N/A;;Overcast;
2001/3/19;14:30;11.0;7.0;76%;1004hPa;7.0km;SSW;10.8km/h/3.0m/s;-;N/A;;Overcast;
2001/3/19;15:00;11.0;7.0;76%;1004hPa;8.0km;SSW;10.8km/h/3.0m/s;-;N/A;;Overcast;
2001/3/19;15:30;11.0;7.0;76%;1004hPa;8.0km;SW;14.4km/h/4.0m/s;-;N/A;;MostlyCloudy;
2001/3/19;16:00;11.0;7.0;76%;1004hPa;10.0km;SW;14.4km/h/4.0m/s;-;N/A;;Overcast;
2001/3/19;16:30;10.0;7.0;82%;1004hPa;10.0km;SW;14.4km/h/4.0m/s;-;N/A;;MostlyCloudy;
2001/3/19;17:00;10.0;7.0;82%;1004hPa;10.0km;SW;14.4km/h/4.0m/s;-;N/A;;MostlyCloudy;
2001/3/19;17:30;10.0;7.0;82%;1004hPa;10.0km;SW;21.6km/h/6.0m/s;-;N/A;;MostlyCloudy;
2001/3/19;18:00;10.0;6.0;76%;1004hPa;10.0km;SW;21.6km/h/6.0m/s;-;N/A;;MostlyCloudy;
2001/3/19;18:30;9.0;6.0;82%;1004hPa;10.0km;SW;14.4km/h/4.0m/s;-;N/A;;ScatteredClouds;
2001/3/19;19:00;9.0;6.0;82%;1005hPa;-;WSW;10.8km/h/3.0m/s;-;N/A;;Clear;
2001/3/19;19:30;9.0;6.0;82%;1005hPa;-;WSW;10.8km/h/3.0m/s;-;N/A;;Clear;
2001/3/19;20:00;9.0;7.0;87%;1006hPa;-;WSW;18.0km/h/5.0m/s;-;N/A;;Clear;
2001/3/19;20:30;9.0;6.0;82%;1006hPa;10.0km;WSW;18.0km/h/5.0m/s;-;N/A;Rain;LightRain;
2001/3/19;21:00;8.0;4.0;76%;1007hPa;10.0km;WNW;18.0km/h/5.0m/s;-;N/A;Rain;LightRain;
2001/3/19;21:30;7.0;4.0;81%;1006hPa;10.0km;NNE;10.8km/h/3.0m/s;-;N/A;;Overcast;
2001/3/19;22:00;6.0;5.0;93%;1006hPa;-;Variable;3.6km/h/1.0m/s;-;N/A;;Clear;
2001/3/19;22:30;6.0;4.0;87%;1007hPa;-;Variable;7.2km/h/2.0m/s;-;N/A;;Clear;
2001/3/19;23:00;6.0;4.0;87%;1007hPa;-;WSW;14.4km/h/4.0m/s;-;N/A;;Clear;
2001/3/19;23:30;6.0;2.0;76%;1007hPa;-;SW;14.4km/h/4.0m/s;-;N/A;;Clear;
