2001/12/29;00:00;-4.0;-5.0;93%;1005hPa;2.0km;SSW;10.8km/h/3.0m/s;-;N/A;Snow;LightSnow;
2001/12/29;00:30;-4.0;-4.0;100%;1004hPa;0.8km;South;18.0km/h/5.0m/s;-;N/A;Fog,Snow;Snow;
2001/12/29;01:00;-4.0;-4.0;100%;1004hPa;2.0km;South;18.0km/h/5.0m/s;-;N/A;Snow;LightSnow;
2001/12/29;01:30;-4.0;-5.0;93%;1004hPa;2.0km;SSW;18.0km/h/5.0m/s;-;N/A;Snow;LightSnow;
2001/12/29;02:00;-4.0;-5.0;93%;1003hPa;1.8km;SSW;21.6km/h/6.0m/s;-;N/A;Snow;Snow;
2001/12/29;02:30;-4.0;-5.0;93%;1003hPa;1.5km;SSW;21.6km/h/6.0m/s;-;N/A;Snow;LightSnow;
2001/12/29;03:00;-5.0;-5.0;100%;1002hPa;1.8km;SSW;21.6km/h/6.0m/s;-;N/A;Snow;LightSnow;
2001/12/29;03:30;-5.0;-5.0;100%;1002hPa;3.0km;SSW;25.2km/h/7.0m/s;-;N/A;;MostlyCloudy;
2001/12/29;04:00;-5.0;-6.0;93%;1002hPa;3.5km;SSW;21.6km/h/6.0m/s;-;N/A;;MostlyCloudy;
2001/12/29;04:30;-5.0;-6.0;93%;1001hPa;3.5km;SSW;25.2km/h/7.0m/s;-;N/A;;Overcast;
2001/12/29;05:00;-6.0;-7.0;93%;1001hPa;3.5km;SSW;21.6km/h/6.0m/s;-;N/A;;MostlyCloudy;
2001/12/29;05:30;-6.0;-6.0;100%;1001hPa;3.0km;SSW;18.0km/h/5.0m/s;-;N/A;;Overcast;
2001/12/29;06:00;-5.0;-6.0;93%;1001hPa;3.0km;SSW;25.2km/h/7.0m/s;-;N/A;;Overcast;
2001/12/29;06:30;-5.0;-6.0;93%;1001hPa;3.5km;SSW;21.6km/h/6.0m/s;-;N/A;;MostlyCloudy;
2001/12/29;07:00;-5.0;-5.0;100%;1001hPa;3.5km;SSW;21.6km/h/6.0m/s;-;N/A;;Overcast;
2001/12/29;07:30;-5.0;-5.0;100%;1001hPa;1.5km;SSW;18.0km/h/5.0m/s;-;N/A;;Overcast;
2001/12/29;08:00;-4.0;-5.0;93%;1002hPa;2.0km;South;14.4km/h/4.0m/s;-;N/A;;Overcast;
2001/12/29;08:30;-4.0;-5.0;93%;1002hPa;2.0km;SSW;14.4km/h/4.0m/s;-;N/A;;Overcast;
2001/12/29;09:00;-4.0;-5.0;93%;1002hPa;2.5km;SSW;14.4km/h/4.0m/s;-;N/A;;Overcast;
2001/12/29;09:30;-4.0;-4.0;100%;1001hPa;2.5km;Calm;Calm;-;N/A;;Overcast;
2001/12/29;10:00;-3.0;-4.0;93%;1001hPa;3.5km;SSW;10.8km/h/3.0m/s;-;N/A;;Overcast;
2001/12/29;10:30;-3.0;-4.0;93%;1001hPa;3.5km;SSW;10.8km/h/3.0m/s;-;N/A;;MostlyCloudy;
2001/12/29;11:00;-3.0;-4.0;93%;1001hPa;4.0km;South;10.8km/h/3.0m/s;-;N/A;;Overcast;
2001/12/29;11:30;-2.0;-3.0;93%;1001hPa;5.0km;SSW;10.8km/h/3.0m/s;-;N/A;;ScatteredClouds;
2001/12/29;12:00;-2.0;-4.0;86%;1001hPa;5.0km;SW;14.4km/h/4.0m/s;-;N/A;;MostlyCloudy;
2001/12/29;12:30;-2.0;-3.0;93%;1000hPa;5.0km;SW;18.0km/h/5.0m/s;-;N/A;;MostlyCloudy;
2001/12/29;13:00;-2.0;-3.0;93%;1000hPa;5.0km;Variable;3.6km/h/1.0m/s;-;N/A;;Overcast;
2001/12/29;13:30;-2.0;-3.0;93%;1000hPa;5.0km;South;14.4km/h/4.0m/s;-;N/A;;Overcast;
2001/12/29;14:00;-1.0;-2.0;93%;1000hPa;5.0km;SSW;21.6km/h/6.0m/s;-;N/A;;Overcast;
2001/12/29;14:30;-1.0;-2.0;93%;1000hPa;4.5km;SSW;18.0km/h/5.0m/s;-;N/A;Snow;LightSnow;
2001/12/29;15:00;-1.0;-1.0;100%;999hPa;2.0km;South;14.4km/h/4.0m/s;-;N/A;Snow;LightSnow;
2001/12/29;15:30;-1.0;-1.0;100%;999hPa;1.3km;South;14.4km/h/4.0m/s;-;N/A;Snow;LightSnow;
2001/12/29;16:00;0.0;-1.0;93%;999hPa;0.8km;South;7.2km/h/2.0m/s;-;N/A;Snow;Snow;
2001/12/29;16:30;0.0;-1.0;93%;999hPa;1.0km;SSW;7.2km/h/2.0m/s;-;N/A;Snow;Snow;
2001/12/29;17:00;0.0;0.0;100%;998hPa;1.4km;SSW;10.8km/h/3.0m/s;-;N/A;Snow;Snow;
2001/12/29;17:30;0.0;0.0;100%;998hPa;1.2km;South;14.4km/h/4.0m/s;-;N/A;Snow;Snow;
2001/12/29;18:00;0.0;0.0;100%;998hPa;2.3km;South;10.8km/h/3.0m/s;-;N/A;Snow;LightSnow;
2001/12/29;18:30;0.0;0.0;100%;998hPa;1.8km;South;14.4km/h/4.0m/s;-;N/A;Snow;LightSnow;
2001/12/29;19:00;0.0;0.0;100%;997hPa;2.0km;Variable;7.2km/h/2.0m/s;-;N/A;Snow;LightSnow;
2001/12/29;19:30;0.0;0.0;100%;996hPa;2.0km;SSW;14.4km/h/4.0m/s;-;N/A;Snow;LightSnow;
2001/12/29;20:00;0.0;0.0;100%;996hPa;2.0km;SSW;10.8km/h/3.0m/s;-;N/A;Snow;LightSnow;
2001/12/29;20:30;0.0;0.0;100%;996hPa;2.3km;SSW;10.8km/h/3.0m/s;-;N/A;Snow;LightSnow;
2001/12/29;21:00;0.0;0.0;100%;995hPa;1.8km;South;10.8km/h/3.0m/s;-;N/A;Snow;LightSnow;
2001/12/29;21:30;0.0;0.0;100%;995hPa;1.3km;SSW;10.8km/h/3.0m/s;-;N/A;Snow;Snow;
2001/12/29;22:00;0.0;0.0;100%;994hPa;1.4km;SW;7.2km/h/2.0m/s;-;N/A;Snow;Snow;
2001/12/29;22:30;0.0;0.0;100%;994hPa;1.7km;Variable;7.2km/h/2.0m/s;-;N/A;Snow;Snow;
2001/12/29;23:00;0.0;0.0;100%;993hPa;2.5km;Variable;7.2km/h/2.0m/s;-;N/A;Snow;LightSnow;
2001/12/29;23:30;0.0;0.0;100%;993hPa;3.0km;SSW;14.4km/h/4.0m/s;-;N/A;Snow;LightSnow;
