2001/1/31;00:00;0.0;-1.0;93%;1011hPa;2.4km;North;43.2km/h/12.0m/s;-;N/A;Snow;LightBlowingSnow;
2001/1/31;00:30;0.0;-1.0;93%;1011hPa;1.2km;North;46.8km/h/13.0m/s;-;N/A;Snow;LightBlowingSnow;
2001/1/31;01:00;0.0;-1.0;93%;1011hPa;2.2km;North;43.2km/h/12.0m/s;-;N/A;Snow;LightBlowingSnow;
2001/1/31;01:30;0.0;-1.0;93%;1011hPa;2.2km;North;46.8km/h/13.0m/s;-;N/A;Snow;LightBlowingSnow;
2001/1/31;02:00;0.0;-1.0;93%;1011hPa;1.5km;North;46.8km/h/13.0m/s;-;N/A;Snow;LightBlowingSnow;
2001/1/31;02:30;0.0;-1.0;93%;1011hPa;2.5km;North;46.8km/h/13.0m/s;-;N/A;Snow;LightBlowingSnow;
2001/1/31;03:00;0.0;-1.0;93%;1010hPa;1.7km;North;46.8km/h/13.0m/s;-;N/A;Snow;LightBlowingSnow;
2001/1/31;03:30;0.0;-1.0;93%;1010hPa;1.7km;North;50.4km/h/14.0m/s;-;N/A;Snow;LightBlowingSnow;
2001/1/31;04:00;0.0;-1.0;93%;1010hPa;2.2km;North;50.4km/h/14.0m/s;-;N/A;Snow;LightBlowingSnow;
2001/1/31;04:30;0.0;-1.0;93%;1009hPa;2.5km;North;50.4km/h/14.0m/s;-;N/A;Snow;LightBlowingSnow;
2001/1/31;05:00;0.0;-1.0;93%;1009hPa;2.0km;North;54.0km/h/15.0m/s;-;N/A;Snow;LightBlowingSnow;
2001/1/31;05:30;0.0;-1.0;93%;1009hPa;2.2km;North;54.0km/h/15.0m/s;-;N/A;Snow;LightBlowingSnow;
2001/1/31;06:00;0.0;-1.0;93%;1009hPa;3.0km;North;46.8km/h/13.0m/s;64.8km/h/18.0m/s;N/A;Snow;LightBlowingSnow;
2001/1/31;06:30;0.0;-1.0;93%;1009hPa;2.5km;North;50.4km/h/14.0m/s;68.4km/h/19.0m/s;N/A;Snow;LightBlowingSnow;
2001/1/31;07:00;0.0;-1.0;93%;1009hPa;1.4km;North;50.4km/h/14.0m/s;68.4km/h/19.0m/s;N/A;Snow;LightBlowingSnow;
2001/1/31;07:15;0.0;-1.0;93%;1009hPa;1.4km;North;50.4km/h/14.0m/s;68.4km/h/19.0m/s;N/A;Snow;LightSnow;
2001/1/31;07:30;0.0;-1.0;93%;1009hPa;1.2km;North;54.0km/h/15.0m/s;-;N/A;Snow;LightSnow;
2001/1/31;08:00;0.0;-1.0;93%;1009hPa;3.0km;North;50.4km/h/14.0m/s;-;N/A;Snow;LightSnow;
2001/1/31;08:30;1.0;-1.0;87%;1009hPa;6.0km;North;50.4km/h/14.0m/s;68.4km/h/19.0m/s;N/A;Snow;LightSnow;
2001/1/31;09:00;1.0;-1.0;87%;1009hPa;7.0km;North;50.4km/h/14.0m/s;-;N/A;Snow;LightSnow;
2001/1/31;09:30;1.0;-1.0;87%;1009hPa;8.0km;North;57.6km/h/16.0m/s;-;N/A;Snow;LightSnow;
2001/1/31;10:00;1.0;-2.0;81%;1009hPa;10.0km;North;54.0km/h/15.0m/s;-;N/A;Snow;LowDriftingSnow;
2001/1/31;10:30;1.0;-2.0;81%;1009hPa;10.0km;North;50.4km/h/14.0m/s;68.4km/h/19.0m/s;N/A;Snow;LowDriftingSnow;
2001/1/31;11:00;1.0;-3.0;75%;1009hPa;10.0km;North;50.4km/h/14.0m/s;-;N/A;Snow;LowDriftingSnow;
2001/1/31;11:30;1.0;-3.0;75%;1009hPa;10.0km;North;50.4km/h/14.0m/s;-;N/A;Snow;LowDriftingSnow;
2001/1/31;12:00;1.0;-3.0;75%;1009hPa;10.0km;North;54.0km/h/15.0m/s;-;N/A;Snow;LowDriftingSnow;
2001/1/31;12:30;1.0;-3.0;75%;1008hPa;10.0km;North;54.0km/h/15.0m/s;-;N/A;Snow;LowDriftingSnow;
2001/1/31;13:00;1.0;-3.0;75%;1008hPa;10.0km;North;50.4km/h/14.0m/s;-;N/A;Snow;LowDriftingSnow;
2001/1/31;13:30;1.0;-3.0;75%;1008hPa;10.0km;North;50.4km/h/14.0m/s;68.4km/h/19.0m/s;N/A;Snow;LowDriftingSnow;
2001/1/31;14:00;1.0;-3.0;75%;1008hPa;10.0km;North;46.8km/h/13.0m/s;64.8km/h/18.0m/s;N/A;Snow;LowDriftingSnow;
2001/1/31;14:30;1.0;-3.0;75%;1008hPa;10.0km;North;50.4km/h/14.0m/s;-;N/A;Snow;LowDriftingSnow;
2001/1/31;15:00;1.0;-3.0;75%;1009hPa;10.0km;North;54.0km/h/15.0m/s;-;N/A;Snow;LowDriftingSnow;
2001/1/31;15:30;1.0;-3.0;75%;1009hPa;10.0km;North;50.4km/h/14.0m/s;-;N/A;Snow;LowDriftingSnow;
2001/1/31;16:00;1.0;-3.0;75%;1009hPa;10.0km;North;50.4km/h/14.0m/s;-;N/A;Snow;LowDriftingSnow;
2001/1/31;16:30;1.0;-3.0;75%;1009hPa;8.0km;North;46.8km/h/13.0m/s;-;N/A;Snow;LowDriftingSnow;
2001/1/31;17:00;0.0;-2.0;87%;1010hPa;8.0km;North;46.8km/h/13.0m/s;-;N/A;Snow;LightSnow;
2001/1/31;17:30;0.0;-3.0;80%;1010hPa;10.0km;North;54.0km/h/15.0m/s;-;N/A;Snow;LowDriftingSnow;
2001/1/31;18:00;0.0;-3.0;80%;1010hPa;10.0km;North;46.8km/h/13.0m/s;-;N/A;Snow;LowDriftingSnow;
2001/1/31;18:30;0.0;-3.0;80%;1010hPa;8.0km;North;43.2km/h/12.0m/s;-;N/A;Snow;LowDriftingSnow;
2001/1/31;19:00;0.0;-3.0;80%;1010hPa;7.0km;North;43.2km/h/12.0m/s;-;N/A;Snow;LowDriftingSnow;
2001/1/31;19:30;0.0;-3.0;80%;1011hPa;7.0km;North;46.8km/h/13.0m/s;-;N/A;Snow;LightSnow;
2001/1/31;20:00;0.0;-3.0;80%;1011hPa;7.0km;North;43.2km/h/12.0m/s;-;N/A;Snow;Snow;
2001/1/31;20:30;1.0;-3.0;75%;1011hPa;10.0km;North;36.0km/h/10.0m/s;-;N/A;Snow;Snow;
2001/1/31;21:00;1.0;-4.0;70%;1011hPa;10.0km;North;46.8km/h/13.0m/s;-;N/A;Snow;LowDriftingSnow;
2001/1/31;21:30;0.0;-4.0;75%;1011hPa;10.0km;North;43.2km/h/12.0m/s;-;N/A;Snow;LowDriftingSnow;
2001/1/31;22:00;0.0;-4.0;75%;1011hPa;10.0km;North;43.2km/h/12.0m/s;61.2km/h/17.0m/s;N/A;Snow;LowDriftingSnow;
2001/1/31;22:30;0.0;-4.0;75%;1011hPa;10.0km;North;43.2km/h/12.0m/s;-;N/A;Snow;LowDriftingSnow;
2001/1/31;23:00;0.0;-3.0;80%;1011hPa;10.0km;North;36.0km/h/10.0m/s;-;N/A;Snow;LowDriftingSnow;
2001/1/31;23:30;0.0;-4.0;75%;1011hPa;10.0km;North;36.0km/h/10.0m/s;-;N/A;Snow;LowDriftingSnow;
