2001/11/14;00:00;2.0;0.0;87%;1006hPa;7.0km;North;54.0km/h/15.0m/s;79.2km/h/22.0m/s;N/A;Rain,Snow;LightSnow;
2001/11/14;00:30;2.0;0.0;87%;1005hPa;5.0km;North;57.6km/h/16.0m/s;-;N/A;Snow;LightSnow;
2001/11/14;01:00;2.0;0.0;87%;1005hPa;5.0km;North;57.6km/h/16.0m/s;75.6km/h/21.0m/s;N/A;Snow;LightSnow;
2001/11/14;01:30;1.0;0.0;93%;1005hPa;5.0km;North;54.0km/h/15.0m/s;-;N/A;Snow;LightSnow;
2001/11/14;02:00;1.0;0.0;93%;1006hPa;5.0km;North;50.4km/h/14.0m/s;68.4km/h/19.0m/s;N/A;Rain,Snow;LightRain;
2001/11/14;02:30;1.0;-1.0;87%;1006hPa;5.0km;North;50.4km/h/14.0m/s;-;N/A;Rain,Snow;LightRain;
2001/11/14;03:00;1.0;-1.0;87%;1006hPa;6.0km;North;54.0km/h/15.0m/s;-;N/A;Rain,Snow;LightRain;
2001/11/14;03:30;1.0;-1.0;87%;1006hPa;8.0km;North;54.0km/h/15.0m/s;75.6km/h/21.0m/s;N/A;Rain,Snow;LightRain;
2001/11/14;04:00;2.0;-1.0;81%;1007hPa;10.0km;North;54.0km/h/15.0m/s;72.0km/h/20.0m/s;N/A;Rain,Snow;LightRain;
2001/11/14;04:30;2.0;-1.0;81%;1007hPa;10.0km;North;57.6km/h/16.0m/s;75.6km/h/21.0m/s;N/A;Rain,Snow;LightRain;
2001/11/14;05:00;2.0;-2.0;75%;1007hPa;10.0km;North;57.6km/h/16.0m/s;75.6km/h/21.0m/s;N/A;Rain,Snow;LightRain;
2001/11/14;05:30;2.0;-2.0;75%;1007hPa;10.0km;North;57.6km/h/16.0m/s;-;N/A;;Overcast;
2001/11/14;06:00;2.0;-2.0;75%;1008hPa;10.0km;North;54.0km/h/15.0m/s;72.0km/h/20.0m/s;N/A;;Overcast;
2001/11/14;06:30;2.0;-2.0;75%;1008hPa;10.0km;North;57.6km/h/16.0m/s;-;N/A;;Overcast;
2001/11/14;07:00;2.0;-2.0;75%;1009hPa;10.0km;North;54.0km/h/15.0m/s;72.0km/h/20.0m/s;N/A;;Overcast;
2001/11/14;07:30;2.0;-2.0;75%;1010hPa;10.0km;North;57.6km/h/16.0m/s;75.6km/h/21.0m/s;N/A;;Overcast;
2001/11/14;08:00;2.0;-3.0;70%;1010hPa;10.0km;North;50.4km/h/14.0m/s;-;N/A;;Overcast;
2001/11/14;08:30;2.0;-2.0;75%;1011hPa;10.0km;North;54.0km/h/15.0m/s;75.6km/h/21.0m/s;N/A;;Overcast;
2001/11/14;09:00;2.0;-3.0;70%;1011hPa;10.0km;North;54.0km/h/15.0m/s;72.0km/h/20.0m/s;N/A;;Overcast;
2001/11/14;10:00;2.0;-3.0;70%;1012hPa;10.0km;North;50.4km/h/14.0m/s;-;N/A;;Overcast;
2001/11/14;10:30;2.0;-2.0;75%;1013hPa;10.0km;North;50.4km/h/14.0m/s;-;N/A;;Overcast;
2001/11/14;11:00;2.0;-3.0;70%;1013hPa;10.0km;North;54.0km/h/15.0m/s;-;N/A;Snow;LightSnow;
2001/11/14;11:30;3.0;-2.0;70%;1014hPa;10.0km;North;54.0km/h/15.0m/s;-;N/A;Snow;LightSnow;
2001/11/14;12:00;2.0;-2.0;75%;1014hPa;10.0km;North;54.0km/h/15.0m/s;-;N/A;;MostlyCloudy;
2001/11/14;12:30;3.0;-2.0;70%;1014hPa;10.0km;North;50.4km/h/14.0m/s;68.4km/h/19.0m/s;N/A;;Overcast;
2001/11/14;13:00;3.0;-3.0;65%;1015hPa;10.0km;North;50.4km/h/14.0m/s;68.4km/h/19.0m/s;N/A;;Overcast;
2001/11/14;13:30;3.0;-3.0;65%;1016hPa;10.0km;North;43.2km/h/12.0m/s;68.4km/h/19.0m/s;N/A;;Overcast;
2001/11/14;14:00;3.0;-3.0;65%;1016hPa;10.0km;North;54.0km/h/15.0m/s;-;N/A;;Overcast;
2001/11/14;14:30;3.0;-4.0;60%;1016hPa;10.0km;North;50.4km/h/14.0m/s;-;N/A;;MostlyCloudy;
2001/11/14;15:00;3.0;-4.0;60%;1017hPa;10.0km;North;50.4km/h/14.0m/s;-;N/A;;Overcast;
2001/11/14;15:30;3.0;-4.0;60%;1018hPa;10.0km;North;46.8km/h/13.0m/s;-;N/A;;MostlyCloudy;
2001/11/14;16:00;2.0;-4.0;65%;1019hPa;-;NNE;36.0km/h/10.0m/s;-;N/A;;Clear;
2001/11/14;16:30;3.0;-3.0;65%;1019hPa;10.0km;NNE;36.0km/h/10.0m/s;-;N/A;;Overcast;
2001/11/14;17:00;3.0;-3.0;65%;1020hPa;10.0km;North;36.0km/h/10.0m/s;-;N/A;;Overcast;
2001/11/14;17:30;2.0;-3.0;70%;1021hPa;10.0km;NNE;36.0km/h/10.0m/s;-;N/A;;MostlyCloudy;
2001/11/14;18:00;2.0;-2.0;75%;1021hPa;10.0km;NNE;32.4km/h/9.0m/s;-;N/A;;MostlyCloudy;
2001/11/14;18:30;2.0;-2.0;75%;1022hPa;10.0km;NNE;32.4km/h/9.0m/s;-;N/A;;MostlyCloudy;
2001/11/14;19:00;2.0;-2.0;75%;1023hPa;10.0km;North;32.4km/h/9.0m/s;-;N/A;;ScatteredClouds;
2001/11/14;19:30;3.0;-2.0;70%;1023hPa;10.0km;North;36.0km/h/10.0m/s;-;N/A;;MostlyCloudy;
2001/11/14;20:00;3.0;-2.0;70%;1024hPa;10.0km;North;39.6km/h/11.0m/s;-;N/A;;MostlyCloudy;
2001/11/14;20:30;3.0;-2.0;70%;1024hPa;10.0km;North;43.2km/h/12.0m/s;-;N/A;;MostlyCloudy;
2001/11/14;21:00;2.0;-2.0;75%;1025hPa;10.0km;North;46.8km/h/13.0m/s;-;N/A;;Overcast;
2001/11/14;21:30;2.0;-3.0;70%;1026hPa;10.0km;North;46.8km/h/13.0m/s;-;N/A;;MostlyCloudy;
2001/11/14;22:00;2.0;-3.0;70%;1026hPa;10.0km;North;50.4km/h/14.0m/s;-;N/A;;MostlyCloudy;
2001/11/14;22:30;2.0;-3.0;70%;1026hPa;10.0km;North;43.2km/h/12.0m/s;-;N/A;;MostlyCloudy;
2001/11/14;23:00;1.0;-2.0;81%;1027hPa;10.0km;North;39.6km/h/11.0m/s;-;N/A;;MostlyCloudy;
2001/11/14;23:30;1.0;-3.0;75%;1028hPa;10.0km;NNE;43.2km/h/12.0m/s;-;N/A;;MostlyCloudy;
