2001/3/11;00:00;4.0;3.0;93%;1012hPa;1.5km;Variable;3.6km/h/1.0m/s;-;N/A;Fog;PatchesofFog;
2001/3/11;00:30;3.0;3.0;100%;1012hPa;1.6km;Variable;3.6km/h/1.0m/s;-;N/A;;PartlyCloudy;
2001/3/11;01:00;4.0;3.0;93%;1012hPa;2.8km;North;7.2km/h/2.0m/s;-;N/A;;ScatteredClouds;
2001/3/11;01:30;3.0;3.0;100%;1012hPa;3.0km;North;7.2km/h/2.0m/s;-;N/A;;ScatteredClouds;
2001/3/11;02:00;3.0;2.0;93%;1012hPa;2.7km;Variable;3.6km/h/1.0m/s;-;N/A;;ScatteredClouds;
2001/3/11;02:30;3.0;3.0;100%;1012hPa;2.5km;Calm;Calm;-;N/A;;ScatteredClouds;
2001/3/11;03:00;3.0;3.0;100%;1012hPa;2.5km;NNE;3.6km/h/1.0m/s;-;N/A;;ScatteredClouds;
2001/3/11;03:30;3.0;3.0;100%;1012hPa;2.5km;North;3.6km/h/1.0m/s;-;N/A;;ScatteredClouds;
2001/3/11;04:00;2.0;2.0;100%;1012hPa;2.2km;Calm;Calm;-;N/A;Fog;PatchesofFog;
2001/3/11;04:30;2.0;2.0;100%;1012hPa;2.0km;Variable;3.6km/h/1.0m/s;-;N/A;Fog;PatchesofFog;
2001/3/11;05:00;2.0;2.0;100%;1012hPa;2.0km;Calm;Calm;-;N/A;;ScatteredClouds;
2001/3/11;05:30;3.0;2.0;93%;1012hPa;2.0km;North;10.8km/h/3.0m/s;-;N/A;;MostlyCloudy;
2001/3/11;06:00;3.0;3.0;100%;1012hPa;3.0km;Calm;Calm;-;N/A;;MostlyCloudy;
2001/3/11;06:30;3.0;3.0;100%;1012hPa;4.5km;NNW;7.2km/h/2.0m/s;-;N/A;;MostlyCloudy;
2001/3/11;07:00;3.0;3.0;100%;1012hPa;5.0km;North;7.2km/h/2.0m/s;-;N/A;;MostlyCloudy;
2001/3/11;07:30;4.0;4.0;100%;1013hPa;5.0km;North;7.2km/h/2.0m/s;-;N/A;;MostlyCloudy;
2001/3/11;08:00;5.0;5.0;100%;1013hPa;7.0km;Variable;3.6km/h/1.0m/s;-;N/A;;MostlyCloudy;
2001/3/11;08:30;7.0;6.0;93%;1013hPa;7.0km;Variable;3.6km/h/1.0m/s;-;N/A;;MostlyCloudy;
2001/3/11;09:00;7.0;6.0;93%;1013hPa;6.0km;Variable;3.6km/h/1.0m/s;-;N/A;;MostlyCloudy;
2001/3/11;09:30;8.0;7.0;93%;1013hPa;4.0km;Variable;3.6km/h/1.0m/s;-;N/A;;MostlyCloudy;
2001/3/11;10:00;8.0;7.0;93%;1013hPa;5.0km;Variable;3.6km/h/1.0m/s;-;N/A;;MostlyCloudy;
2001/3/11;10:30;9.0;7.0;87%;1013hPa;6.0km;Variable;7.2km/h/2.0m/s;-;N/A;;MostlyCloudy;
2001/3/11;11:00;12.0;9.0;82%;1013hPa;7.0km;Variable;3.6km/h/1.0m/s;-;N/A;;MostlyCloudy;
2001/3/11;11:30;13.0;9.0;77%;1013hPa;4.0km;SW;10.8km/h/3.0m/s;-;N/A;;ScatteredClouds;
2001/3/11;12:00;13.0;9.0;77%;1013hPa;4.5km;South;18.0km/h/5.0m/s;-;N/A;;ScatteredClouds;
2001/3/11;12:30;13.0;8.0;72%;1013hPa;8.0km;South;14.4km/h/4.0m/s;-;N/A;;ScatteredClouds;
2001/3/11;13:00;13.0;8.0;72%;1013hPa;10.0km;South;14.4km/h/4.0m/s;-;N/A;;MostlyCloudy;
2001/3/11;13:30;14.0;7.0;63%;1012hPa;10.0km;South;14.4km/h/4.0m/s;-;N/A;;ScatteredClouds;
2001/3/11;14:00;14.0;7.0;63%;1012hPa;10.0km;SSW;18.0km/h/5.0m/s;-;N/A;;MostlyCloudy;
2001/3/11;14:30;14.0;8.0;67%;1012hPa;10.0km;South;18.0km/h/5.0m/s;-;N/A;;MostlyCloudy;
2001/3/11;15:00;14.0;7.0;63%;1012hPa;10.0km;South;14.4km/h/4.0m/s;-;N/A;;MostlyCloudy;
2001/3/11;15:30;14.0;8.0;67%;1012hPa;10.0km;South;18.0km/h/5.0m/s;-;N/A;;MostlyCloudy;
2001/3/11;16:00;14.0;8.0;67%;1012hPa;10.0km;SSW;18.0km/h/5.0m/s;-;N/A;;MostlyCloudy;
2001/3/11;16:30;13.0;8.0;72%;1012hPa;10.0km;SW;18.0km/h/5.0m/s;-;N/A;;ScatteredClouds;
2001/3/11;17:00;13.0;8.0;72%;1012hPa;10.0km;South;14.4km/h/4.0m/s;-;N/A;;MostlyCloudy;
2001/3/11;17:30;12.0;8.0;77%;1012hPa;10.0km;South;7.2km/h/2.0m/s;-;N/A;;MostlyCloudy;
2001/3/11;18:00;11.0;7.0;76%;1012hPa;-;South;7.2km/h/2.0m/s;-;N/A;;Clear;
2001/3/11;18:30;11.0;7.0;76%;1013hPa;-;Variable;7.2km/h/2.0m/s;-;N/A;;Clear;
2001/3/11;19:00;11.0;7.0;76%;1013hPa;-;SSW;10.8km/h/3.0m/s;-;N/A;;Clear;
2001/3/11;19:30;10.0;7.0;82%;1013hPa;-;SW;14.4km/h/4.0m/s;-;N/A;;Clear;
2001/3/11;20:00;9.0;6.0;82%;1013hPa;-;SSW;10.8km/h/3.0m/s;-;N/A;;Clear;
2001/3/11;20:30;10.0;7.0;82%;1013hPa;-;SW;18.0km/h/5.0m/s;-;N/A;;Clear;
2001/3/11;21:00;10.0;7.0;82%;1013hPa;-;SW;14.4km/h/4.0m/s;-;N/A;;Clear;
2001/3/11;21:30;10.0;7.0;82%;1013hPa;-;WSW;10.8km/h/3.0m/s;-;N/A;;Clear;
2001/3/11;22:00;9.0;6.0;82%;1013hPa;-;SW;14.4km/h/4.0m/s;-;N/A;;Clear;
2001/3/11;22:30;8.0;6.0;87%;1013hPa;-;SW;10.8km/h/3.0m/s;-;N/A;;Clear;
2001/3/11;23:00;9.0;7.0;87%;1013hPa;-;Variable;7.2km/h/2.0m/s;-;N/A;;Clear;
2001/3/11;23:30;9.0;6.0;82%;1013hPa;-;SW;10.8km/h/3.0m/s;-;N/A;;Clear;
