2001/4/9;00:00;12.0;7.0;72%;1009hPa;-;Variable;7.2km/h/2.0m/s;-;N/A;;Clear;
2001/4/9;00:30;12.0;7.0;72%;1009hPa;-;Variable;7.2km/h/2.0m/s;-;N/A;;Clear;
2001/4/9;01:30;12.0;8.0;77%;1009hPa;-;Variable;3.6km/h/1.0m/s;-;N/A;;Clear;
2001/4/9;02:00;11.0;7.0;76%;1009hPa;-;West;3.6km/h/1.0m/s;-;N/A;;Clear;
2001/4/9;02:30;11.0;8.0;82%;1009hPa;-;NW;3.6km/h/1.0m/s;-;N/A;;Clear;
2001/4/9;03:00;11.0;8.0;82%;1009hPa;-;West;3.6km/h/1.0m/s;-;N/A;;Clear;
2001/4/9;03:30;10.0;8.0;87%;1009hPa;10.0km;Variable;3.6km/h/1.0m/s;-;N/A;Rain;LightRain;
2001/4/9;04:00;11.0;8.0;82%;1009hPa;10.0km;South;3.6km/h/1.0m/s;-;N/A;Rain;LightRain;
2001/4/9;04:30;11.0;9.0;88%;1009hPa;10.0km;WNW;3.6km/h/1.0m/s;-;N/A;Rain;LightRain;
2001/4/9;05:00;10.0;9.0;94%;1009hPa;10.0km;Variable;3.6km/h/1.0m/s;-;N/A;Rain;LightRain;
2001/4/9;05:30;10.0;9.0;94%;1009hPa;10.0km;NE;10.8km/h/3.0m/s;-;N/A;Rain;LightRain;
2001/4/9;06:00;10.0;9.0;94%;1009hPa;10.0km;NE;7.2km/h/2.0m/s;-;N/A;Rain;LightRain;
2001/4/9;06:30;11.0;9.0;88%;1009hPa;10.0km;NNE;18.0km/h/5.0m/s;-;N/A;Rain;LightRain;
2001/4/9;07:00;11.0;9.0;88%;1009hPa;-;North;18.0km/h/5.0m/s;-;N/A;;Clear;
2001/4/9;07:30;12.0;8.0;77%;1009hPa;-;North;18.0km/h/5.0m/s;-;N/A;;Clear;
2001/4/9;08:00;12.0;8.0;77%;1009hPa;-;North;25.2km/h/7.0m/s;-;N/A;;Clear;
2001/4/9;08:30;12.0;8.0;77%;1009hPa;-;North;21.6km/h/6.0m/s;-;N/A;;Clear;
2001/4/9;10:00;11.0;8.0;82%;1010hPa;10.0km;North;28.8km/h/8.0m/s;-;N/A;Rain;LightRain;
2001/4/9;10:30;11.0;7.0;76%;1010hPa;10.0km;North;25.2km/h/7.0m/s;-;N/A;Rain;LightRain;
2001/4/9;11:00;11.0;6.0;71%;1010hPa;-;North;32.4km/h/9.0m/s;50.4km/h/14.0m/s;N/A;;Clear;
2001/4/9;11:30;11.0;6.0;71%;1011hPa;-;North;36.0km/h/10.0m/s;-;N/A;;Clear;
2001/4/9;12:00;10.0;5.0;71%;1011hPa;10.0km;North;36.0km/h/10.0m/s;-;N/A;Rain;LightRain;
2001/4/9;12:30;9.0;5.0;76%;1011hPa;-;North;39.6km/h/11.0m/s;-;N/A;;Clear;
2001/4/9;13:00;9.0;4.0;71%;1011hPa;10.0km;North;39.6km/h/11.0m/s;-;N/A;Rain;LightRain;
2001/4/9;13:30;8.0;4.0;76%;1012hPa;10.0km;North;39.6km/h/11.0m/s;-;N/A;Rain;LightRain;
2001/4/9;14:00;7.0;5.0;87%;1012hPa;10.0km;North;36.0km/h/10.0m/s;-;N/A;Rain;LightRain;
2001/4/9;14:30;8.0;4.0;76%;1012hPa;10.0km;North;36.0km/h/10.0m/s;-;N/A;Rain;LightRain;
2001/4/9;15:00;8.0;4.0;76%;1012hPa;10.0km;North;36.0km/h/10.0m/s;-;N/A;Rain;LightRain;
2001/4/9;15:30;7.0;4.0;81%;1012hPa;10.0km;North;32.4km/h/9.0m/s;-;N/A;Rain;LightRain;
2001/4/9;16:00;7.0;3.0;76%;1012hPa;10.0km;North;39.6km/h/11.0m/s;-;N/A;;Overcast;
2001/4/9;16:30;7.0;3.0;76%;1012hPa;10.0km;North;43.2km/h/12.0m/s;-;N/A;;Overcast;
2001/4/9;17:00;7.0;3.0;76%;1012hPa;10.0km;North;28.8km/h/8.0m/s;-;N/A;Rain;LightRain;
2001/4/9;17:30;7.0;3.0;76%;1013hPa;10.0km;North;36.0km/h/10.0m/s;-;N/A;Rain;LightRain;
2001/4/9;18:00;7.0;3.0;76%;1013hPa;10.0km;North;36.0km/h/10.0m/s;-;N/A;Rain;LightRain;
2001/4/9;18:30;6.0;3.0;81%;1013hPa;10.0km;North;32.4km/h/9.0m/s;-;N/A;Rain;LightRain;
2001/4/9;19:00;6.0;3.0;81%;1013hPa;10.0km;North;32.4km/h/9.0m/s;-;N/A;Rain;LightRain;
2001/4/9;19:30;6.0;3.0;81%;1013hPa;10.0km;North;32.4km/h/9.0m/s;-;N/A;Rain;LightRain;
2001/4/9;20:00;6.0;3.0;81%;1013hPa;10.0km;North;36.0km/h/10.0m/s;-;N/A;Rain;LightRain;
2001/4/9;20:30;6.0;3.0;81%;1013hPa;10.0km;North;36.0km/h/10.0m/s;-;N/A;Rain;LightRain;
2001/4/9;21:00;6.0;3.0;81%;1013hPa;10.0km;North;25.2km/h/7.0m/s;-;N/A;Rain;LightRain;
2001/4/9;21:30;6.0;3.0;81%;1014hPa;10.0km;North;28.8km/h/8.0m/s;-;N/A;Rain;LightRain;
2001/4/9;22:00;6.0;3.0;81%;1014hPa;10.0km;North;25.2km/h/7.0m/s;-;N/A;Rain;LightRain;
2001/4/9;22:30;6.0;3.0;81%;1014hPa;10.0km;North;25.2km/h/7.0m/s;-;N/A;Rain;LightRain;
2001/4/9;23:00;6.0;3.0;81%;1014hPa;10.0km;North;25.2km/h/7.0m/s;-;N/A;Rain;LightRain;
2001/4/9;23:30;6.0;3.0;81%;1014hPa;10.0km;North;28.8km/h/8.0m/s;-;N/A;Rain;LightRain;
