2001/12/19;00:00;-6.0;-7.0;93%;1026hPa;-;Calm;Calm;-;N/A;;Overcast;
2001/12/19;00:30;-6.0;-7.0;93%;1026hPa;3.5km;Calm;Calm;-;N/A;;Overcast;
2001/12/19;01:00;-6.0;-7.0;93%;1026hPa;3.0km;Calm;Calm;-;N/A;Snow;LightSnow;
2001/12/19;01:30;-6.0;-7.0;93%;1026hPa;3.0km;Calm;Calm;-;N/A;;Overcast;
2001/12/19;02:00;-6.0;-7.0;93%;1026hPa;3.5km;SSE;3.6km/h/1.0m/s;-;N/A;;Overcast;
2001/12/19;02:30;-6.0;-7.0;93%;1026hPa;3.5km;South;7.2km/h/2.0m/s;-;N/A;;Overcast;
2001/12/19;03:00;-6.0;-7.0;93%;1025hPa;3.5km;SSE;7.2km/h/2.0m/s;-;N/A;;Overcast;
2001/12/19;03:30;-6.0;-7.0;93%;1025hPa;3.0km;South;3.6km/h/1.0m/s;-;N/A;;Overcast;
2001/12/19;04:00;-6.0;-7.0;93%;1025hPa;3.0km;South;3.6km/h/1.0m/s;-;N/A;;Overcast;
2001/12/19;04:30;-6.0;-7.0;93%;1025hPa;3.0km;SE;3.6km/h/1.0m/s;-;N/A;;Overcast;
2001/12/19;05:00;-6.0;-7.0;93%;1025hPa;3.0km;SSE;3.6km/h/1.0m/s;-;N/A;;Overcast;
2001/12/19;05:30;-6.0;-6.0;100%;1025hPa;3.0km;South;7.2km/h/2.0m/s;-;N/A;;Overcast;
2001/12/19;06:00;-6.0;-7.0;93%;1025hPa;3.0km;South;7.2km/h/2.0m/s;-;N/A;;Overcast;
2001/12/19;06:30;-6.0;-7.0;93%;1025hPa;3.0km;South;7.2km/h/2.0m/s;-;N/A;;Overcast;
2001/12/19;07:00;-6.0;-7.0;93%;1025hPa;2.3km;Variable;7.2km/h/2.0m/s;-;N/A;;Overcast;
2001/12/19;07:30;-6.0;-7.0;93%;1025hPa;2.0km;SSW;7.2km/h/2.0m/s;-;N/A;;Overcast;
2001/12/19;08:00;-6.0;-7.0;93%;1025hPa;1.8km;South;10.8km/h/3.0m/s;-;N/A;;Overcast;
2001/12/19;08:30;-6.0;-6.0;100%;1025hPa;1.8km;South;10.8km/h/3.0m/s;-;N/A;;Overcast;
2001/12/19;09:00;-6.0;-7.0;93%;1024hPa;2.5km;Variable;7.2km/h/2.0m/s;-;N/A;;Overcast;
2001/12/19;09:30;-6.0;-7.0;93%;1024hPa;2.0km;SW;10.8km/h/3.0m/s;-;N/A;;Overcast;
2001/12/19;10:00;-6.0;-6.0;100%;1024hPa;2.0km;SSW;10.8km/h/3.0m/s;-;N/A;;Overcast;
2001/12/19;10:30;-6.0;-6.0;100%;1024hPa;1.5km;SSW;10.8km/h/3.0m/s;-;N/A;Snow;LightSnowGrains;
2001/12/19;11:00;-6.0;-6.0;100%;1024hPa;1.5km;South;10.8km/h/3.0m/s;-;N/A;Snow;LightSnowGrains;
2001/12/19;11:30;-5.0;-6.0;93%;1023hPa;1.5km;South;14.4km/h/4.0m/s;-;N/A;Snow;LightSnowGrains;
2001/12/19;12:00;-5.0;-6.0;93%;1023hPa;0.8km;SSW;7.2km/h/2.0m/s;-;N/A;Fog,Snow;LightSnowGrains;
2001/12/19;12:30;-5.0;-6.0;93%;1022hPa;0.9km;South;10.8km/h/3.0m/s;-;N/A;Fog,Snow;LightSnowGrains;
2001/12/19;13:00;-5.0;-6.0;93%;1022hPa;0.8km;Variable;7.2km/h/2.0m/s;-;N/A;Fog,Snow;LightSnowGrains;
2001/12/19;13:30;-6.0;-6.0;100%;1022hPa;0.9km;Variable;3.6km/h/1.0m/s;-;N/A;Fog,Snow;LightSnowGrains;
2001/12/19;14:00;-6.0;-6.0;100%;1022hPa;1.1km;South;7.2km/h/2.0m/s;-;N/A;;Overcast;
2001/12/19;14:30;-6.0;-7.0;93%;1022hPa;1.1km;South;7.2km/h/2.0m/s;-;N/A;;Overcast;
2001/12/19;15:00;-5.0;-6.0;93%;1021hPa;1.2km;Variable;7.2km/h/2.0m/s;-;N/A;Snow;LightSnowGrains;
2001/12/19;15:30;-5.0;-6.0;93%;1021hPa;1.2km;South;10.8km/h/3.0m/s;-;N/A;Snow;LightSnowGrains;
2001/12/19;16:00;-6.0;-6.0;100%;1021hPa;1.2km;South;10.8km/h/3.0m/s;-;N/A;Snow;LightSnowGrains;
2001/12/19;16:30;-6.0;-6.0;100%;1021hPa;1.8km;South;7.2km/h/2.0m/s;-;N/A;;Overcast;
2001/12/19;17:00;-5.0;-6.0;93%;1021hPa;1.9km;South;3.6km/h/1.0m/s;-;N/A;;Overcast;
2001/12/19;17:30;-5.0;-6.0;93%;1021hPa;1.8km;South;3.6km/h/1.0m/s;-;N/A;;Overcast;
2001/12/19;18:00;-5.0;-6.0;93%;1020hPa;1.8km;South;3.6km/h/1.0m/s;-;N/A;;Overcast;
2001/12/19;18:30;-5.0;-6.0;93%;1020hPa;1.7km;South;7.2km/h/2.0m/s;-;N/A;;Overcast;
2001/12/19;19:00;-5.0;-6.0;93%;1020hPa;2.2km;SW;7.2km/h/2.0m/s;-;N/A;Snow;LightSnowGrains;
2001/12/19;19:30;-5.0;-6.0;93%;1019hPa;1.9km;SSW;7.2km/h/2.0m/s;-;N/A;Snow;LightSnowGrains;
2001/12/19;20:00;-5.0;-6.0;93%;1019hPa;1.8km;South;7.2km/h/2.0m/s;-;N/A;Snow;LightSnowGrains;
2001/12/19;20:30;-5.0;-6.0;93%;1019hPa;1.7km;SSW;7.2km/h/2.0m/s;-;N/A;Snow;LightSnowGrains;
2001/12/19;21:00;-5.0;-5.0;100%;1018hPa;0.6km;Variable;3.6km/h/1.0m/s;-;N/A;Fog,Snow;LightSnowGrains;
2001/12/19;21:30;-5.0;-5.0;100%;1018hPa;0.6km;Variable;7.2km/h/2.0m/s;-;N/A;Fog,Snow;LightSnowGrains;
2001/12/19;22:00;-5.0;-5.0;100%;1017hPa;0.6km;Variable;3.6km/h/1.0m/s;-;N/A;Fog,Snow;LightSnow;
2001/12/19;22:30;-5.0;-5.0;100%;1017hPa;0.6km;Variable;7.2km/h/2.0m/s;-;N/A;Fog,Snow;LightSnow;
2001/12/19;23:00;-4.0;-4.0;100%;1017hPa;1.0km;Variable;7.2km/h/2.0m/s;-;N/A;Snow;LightSnow;
2001/12/19;23:30;-4.0;-4.0;100%;1017hPa;1.1km;Variable;7.2km/h/2.0m/s;-;N/A;Snow;LightSnow;
