2001/10/26;00:00;1.0;1.0;100%;1030hPa;-;NNW;3.6km/h/1.0m/s;-;N/A;;Clear;
2001/10/26;00:30;1.0;1.0;100%;1030hPa;-;North;7.2km/h/2.0m/s;-;N/A;;Clear;
2001/10/26;01:00;1.0;0.0;93%;1030hPa;-;North;7.2km/h/2.0m/s;-;N/A;;Clear;
2001/10/26;01:30;1.0;1.0;100%;1030hPa;-;North;7.2km/h/2.0m/s;-;N/A;;Clear;
2001/10/26;02:00;1.0;0.0;93%;1030hPa;-;NNW;3.6km/h/1.0m/s;-;N/A;;Clear;
2001/10/26;02:30;0.0;0.0;100%;1030hPa;-;NNW;3.6km/h/1.0m/s;-;N/A;;Clear;
2001/10/26;03:00;0.0;-1.0;93%;1030hPa;-;WNW;3.6km/h/1.0m/s;-;N/A;;Clear;
2001/10/26;03:30;0.0;-1.0;93%;1030hPa;-;Calm;Calm;-;N/A;;Clear;
2001/10/26;04:00;0.0;0.0;100%;1030hPa;-;Calm;Calm;-;N/A;;Clear;
2001/10/26;04:30;0.0;0.0;100%;1030hPa;10.0km;Calm;Calm;-;N/A;;MostlyCloudy;
2001/10/26;05:00;1.0;0.0;93%;1030hPa;-;Calm;Calm;-;N/A;;Clear;
2001/10/26;05:30;0.0;0.0;100%;1030hPa;-;Calm;Calm;-;N/A;;Clear;
2001/10/26;06:00;1.0;0.0;93%;1030hPa;7.0km;Calm;Calm;-;N/A;;MostlyCloudy;
2001/10/26;06:30;1.0;1.0;100%;1030hPa;8.0km;Variable;3.6km/h/1.0m/s;-;N/A;;MostlyCloudy;
2001/10/26;07:00;1.0;0.0;93%;1030hPa;8.0km;Calm;Calm;-;N/A;;MostlyCloudy;
2001/10/26;07:30;1.0;1.0;100%;1030hPa;5.0km;NW;3.6km/h/1.0m/s;-;N/A;;MostlyCloudy;
2001/10/26;08:30;2.0;2.0;100%;1030hPa;7.0km;NNE;7.2km/h/2.0m/s;-;N/A;;MostlyCloudy;
2001/10/26;09:00;3.0;2.0;93%;1031hPa;7.0km;Variable;3.6km/h/1.0m/s;-;N/A;;ScatteredClouds;
2001/10/26;09:30;4.0;3.0;93%;1031hPa;7.0km;Calm;Calm;-;N/A;;MostlyCloudy;
2001/10/26;10:00;4.0;3.0;93%;1031hPa;7.0km;Calm;Calm;-;N/A;;MostlyCloudy;
2001/10/26;10:30;5.0;4.0;93%;1031hPa;7.0km;Calm;Calm;-;N/A;;MostlyCloudy;
2001/10/26;11:00;6.0;4.0;87%;1031hPa;6.0km;Variable;3.6km/h/1.0m/s;-;N/A;;MostlyCloudy;
2001/10/26;11:30;7.0;5.0;87%;1031hPa;6.0km;Variable;3.6km/h/1.0m/s;-;N/A;;MostlyCloudy;
2001/10/26;12:00;8.0;5.0;81%;1031hPa;6.0km;Variable;7.2km/h/2.0m/s;-;N/A;;MostlyCloudy;
2001/10/26;12:30;8.0;4.0;76%;1031hPa;6.0km;WSW;7.2km/h/2.0m/s;-;N/A;;MostlyCloudy;
2001/10/26;13:00;9.0;4.0;71%;1030hPa;5.0km;Variable;7.2km/h/2.0m/s;-;N/A;;MostlyCloudy;
2001/10/26;13:30;9.0;4.0;71%;1030hPa;5.0km;South;10.8km/h/3.0m/s;-;N/A;;MostlyCloudy;
2001/10/26;14:00;9.0;4.0;71%;1030hPa;8.0km;SSW;10.8km/h/3.0m/s;-;N/A;;MostlyCloudy;
2001/10/26;14:30;10.0;5.0;71%;1030hPa;9.0km;South;10.8km/h/3.0m/s;-;N/A;;MostlyCloudy;
2001/10/26;15:00;10.0;5.0;71%;1030hPa;-;SSW;10.8km/h/3.0m/s;-;N/A;;Clear;
2001/10/26;15:30;10.0;5.0;71%;1029hPa;-;SW;10.8km/h/3.0m/s;-;N/A;;Clear;
2001/10/26;16:00;9.0;4.0;71%;1029hPa;-;Variable;7.2km/h/2.0m/s;-;N/A;;Clear;
2001/10/26;16:30;9.0;4.0;71%;1029hPa;-;SW;7.2km/h/2.0m/s;-;N/A;;Clear;
2001/10/26;17:00;8.0;4.0;76%;1029hPa;-;SSW;7.2km/h/2.0m/s;-;N/A;;Clear;
2001/10/26;17:30;7.0;4.0;81%;1029hPa;-;SW;7.2km/h/2.0m/s;-;N/A;;Clear;
2001/10/26;18:00;6.0;3.0;81%;1029hPa;-;SSW;3.6km/h/1.0m/s;-;N/A;;Clear;
2001/10/26;18:30;6.0;3.0;81%;1029hPa;-;SSW;3.6km/h/1.0m/s;-;N/A;;Clear;
2001/10/26;19:00;5.0;2.0;81%;1029hPa;-;SW;3.6km/h/1.0m/s;-;N/A;;Clear;
2001/10/26;19:30;4.0;3.0;93%;1029hPa;8.0km;SSW;3.6km/h/1.0m/s;-;N/A;;Clear;
2001/10/26;20:00;3.0;2.0;93%;1029hPa;8.0km;West;3.6km/h/1.0m/s;-;N/A;;Clear;
2001/10/26;20:30;3.0;2.0;93%;1029hPa;7.0km;South;3.6km/h/1.0m/s;-;N/A;;Clear;
2001/10/26;21:00;2.0;1.0;93%;1029hPa;6.0km;Calm;Calm;-;N/A;;Clear;
2001/10/26;21:30;2.0;2.0;100%;1029hPa;5.0km;NNE;3.6km/h/1.0m/s;-;N/A;;Clear;
2001/10/26;22:00;2.0;1.0;93%;1029hPa;5.0km;Calm;Calm;-;N/A;;PartlyCloudy;
2001/10/26;22:30;2.0;2.0;100%;1029hPa;4.5km;Variable;3.6km/h/1.0m/s;-;N/A;;ScatteredClouds;
2001/10/26;23:00;1.0;1.0;100%;1029hPa;4.0km;Calm;Calm;-;N/A;;ScatteredClouds;
2001/10/26;23:30;1.0;1.0;100%;1029hPa;4.0km;Variable;3.6km/h/1.0m/s;-;N/A;;ScatteredClouds;
