2001/10/6;00:00;9.0;8.0;93%;1016hPa;-;Calm;Calm;-;N/A;;Clear;
2001/10/6;00:30;9.0;8.0;93%;1016hPa;-;Calm;Calm;-;N/A;;Clear;
2001/10/6;01:00;9.0;8.0;93%;1016hPa;-;Variable;3.6km/h/1.0m/s;-;N/A;;Clear;
2001/10/6;01:30;8.0;8.0;100%;1016hPa;-;West;3.6km/h/1.0m/s;-;N/A;;Clear;
2001/10/6;02:00;8.0;8.0;100%;1016hPa;10.0km;Calm;Calm;-;N/A;;ScatteredClouds;
2001/10/6;02:30;8.0;7.0;93%;1016hPa;10.0km;Variable;3.6km/h/1.0m/s;-;N/A;;ScatteredClouds;
2001/10/6;03:00;8.0;7.0;93%;1016hPa;-;Calm;Calm;-;N/A;;Clear;
2001/10/6;03:30;8.0;7.0;93%;1016hPa;-;WNW;3.6km/h/1.0m/s;-;N/A;;Clear;
2001/10/6;04:00;7.0;7.0;100%;1016hPa;-;WNW;3.6km/h/1.0m/s;-;N/A;;Clear;
2001/10/6;04:30;8.0;8.0;100%;1016hPa;-;Calm;Calm;-;N/A;;Clear;
2001/10/6;05:00;8.0;7.0;93%;1016hPa;10.0km;North;3.6km/h/1.0m/s;-;N/A;;ScatteredClouds;
2001/10/6;05:30;8.0;8.0;100%;1016hPa;10.0km;NNW;3.6km/h/1.0m/s;-;N/A;;ScatteredClouds;
2001/10/6;06:00;8.0;7.0;93%;1016hPa;10.0km;NW;3.6km/h/1.0m/s;-;N/A;;ScatteredClouds;
2001/10/6;06:30;8.0;8.0;100%;1016hPa;10.0km;North;3.6km/h/1.0m/s;-;N/A;;MostlyCloudy;
2001/10/6;07:00;9.0;8.0;93%;1016hPa;10.0km;Calm;Calm;-;N/A;;MostlyCloudy;
2001/10/6;07:30;9.0;9.0;100%;1016hPa;10.0km;Calm;Calm;-;N/A;;MostlyCloudy;
2001/10/6;08:00;9.0;9.0;100%;1016hPa;10.0km;Calm;Calm;-;N/A;;MostlyCloudy;
2001/10/6;08:30;10.0;9.0;94%;1017hPa;10.0km;ESE;3.6km/h/1.0m/s;-;N/A;;MostlyCloudy;
2001/10/6;09:00;11.0;10.0;94%;1017hPa;10.0km;Calm;Calm;-;N/A;;MostlyCloudy;
2001/10/6;09:30;11.0;10.0;94%;1017hPa;10.0km;Calm;Calm;-;N/A;;MostlyCloudy;
2001/10/6;10:00;13.0;11.0;88%;1017hPa;10.0km;Variable;7.2km/h/2.0m/s;-;N/A;;MostlyCloudy;
2001/10/6;10:30;13.0;11.0;88%;1017hPa;8.0km;Variable;7.2km/h/2.0m/s;-;N/A;;MostlyCloudy;
2001/10/6;11:00;13.0;11.0;88%;1017hPa;8.0km;Variable;7.2km/h/2.0m/s;-;N/A;;Overcast;
2001/10/6;11:30;14.0;11.0;82%;1017hPa;8.0km;Variable;7.2km/h/2.0m/s;-;N/A;;Overcast;
2001/10/6;12:00;14.0;11.0;82%;1017hPa;8.0km;SSE;7.2km/h/2.0m/s;-;N/A;;Overcast;
2001/10/6;12:30;14.0;12.0;88%;1017hPa;6.0km;Variable;7.2km/h/2.0m/s;-;N/A;;Overcast;
2001/10/6;13:00;15.0;12.0;82%;1017hPa;7.0km;Variable;7.2km/h/2.0m/s;-;N/A;;MostlyCloudy;
2001/10/6;13:30;15.0;13.0;88%;1017hPa;10.0km;SW;14.4km/h/4.0m/s;-;N/A;;Overcast;
2001/10/6;14:00;15.0;13.0;88%;1017hPa;10.0km;Variable;7.2km/h/2.0m/s;-;N/A;;MostlyCloudy;
2001/10/6;14:30;16.0;13.0;82%;1017hPa;10.0km;SSW;10.8km/h/3.0m/s;-;N/A;;MostlyCloudy;
2001/10/6;15:00;16.0;13.0;82%;1017hPa;10.0km;South;10.8km/h/3.0m/s;-;N/A;;MostlyCloudy;
2001/10/6;15:30;17.0;13.0;77%;1017hPa;10.0km;Variable;7.2km/h/2.0m/s;-;N/A;;MostlyCloudy;
2001/10/6;16:00;17.0;13.0;77%;1017hPa;10.0km;Variable;7.2km/h/2.0m/s;-;N/A;;MostlyCloudy;
2001/10/6;16:30;17.0;13.0;77%;1017hPa;10.0km;SSE;10.8km/h/3.0m/s;-;N/A;;ScatteredClouds;
2001/10/6;17:00;17.0;13.0;77%;1017hPa;10.0km;Variable;7.2km/h/2.0m/s;-;N/A;;PartlyCloudy;
2001/10/6;17:30;16.0;13.0;82%;1017hPa;10.0km;South;7.2km/h/2.0m/s;-;N/A;;PartlyCloudy;
2001/10/6;18:00;15.0;12.0;82%;1017hPa;10.0km;South;7.2km/h/2.0m/s;-;N/A;;PartlyCloudy;
2001/10/6;18:30;15.0;12.0;82%;1017hPa;10.0km;South;7.2km/h/2.0m/s;-;N/A;;PartlyCloudy;
2001/10/6;19:00;14.0;12.0;88%;1017hPa;10.0km;SSW;7.2km/h/2.0m/s;-;N/A;;ScatteredClouds;
2001/10/6;19:30;14.0;12.0;88%;1017hPa;10.0km;Calm;Calm;-;N/A;;PartlyCloudy;
2001/10/6;20:00;13.0;12.0;94%;1018hPa;10.0km;Calm;Calm;-;N/A;;PartlyCloudy;
2001/10/6;20:30;12.0;11.0;94%;1018hPa;-;Variable;3.6km/h/1.0m/s;-;N/A;;Clear;
2001/10/6;21:00;12.0;11.0;94%;1018hPa;-;West;3.6km/h/1.0m/s;-;N/A;;Clear;
2001/10/6;21:30;11.0;11.0;100%;1018hPa;-;NW;3.6km/h/1.0m/s;-;N/A;;Clear;
2001/10/6;22:00;11.0;10.0;94%;1018hPa;-;Calm;Calm;-;N/A;;Clear;
2001/10/6;22:30;11.0;10.0;94%;1018hPa;-;North;3.6km/h/1.0m/s;-;N/A;;Clear;
2001/10/6;23:00;10.0;10.0;100%;1018hPa;-;North;3.6km/h/1.0m/s;-;N/A;;Clear;
2001/10/6;23:30;11.0;10.0;94%;1019hPa;-;North;7.2km/h/2.0m/s;-;N/A;;Clear;
