2001/11/5;00:00;1.0;-1.0;87%;1021hPa;7.0km;SW;14.4km/h/4.0m/s;-;N/A;;PartlyCloudy;
2001/11/5;00:30;1.0;-1.0;87%;1021hPa;6.0km;SW;10.8km/h/3.0m/s;-;N/A;;Clear;
2001/11/5;01:00;0.0;-1.0;93%;1021hPa;5.0km;SW;7.2km/h/2.0m/s;-;N/A;;Clear;
2001/11/5;01:30;0.0;-1.0;93%;1020hPa;5.0km;SSW;10.8km/h/3.0m/s;-;N/A;;PartlyCloudy;
2001/11/5;02:00;0.0;-2.0;87%;1020hPa;5.0km;SSW;10.8km/h/3.0m/s;-;N/A;;PartlyCloudy;
2001/11/5;02:30;0.0;-1.0;93%;1020hPa;5.0km;SSW;10.8km/h/3.0m/s;-;N/A;;Clear;
2001/11/5;03:00;-1.0;-2.0;93%;1020hPa;5.0km;South;7.2km/h/2.0m/s;-;N/A;;Clear;
2001/11/5;03:30;-1.0;-2.0;93%;1020hPa;5.0km;South;10.8km/h/3.0m/s;-;N/A;;Clear;
2001/11/5;04:00;-1.0;-2.0;93%;1020hPa;5.0km;South;10.8km/h/3.0m/s;-;N/A;;Clear;
2001/11/5;04:30;-1.0;-3.0;86%;1019hPa;5.0km;South;10.8km/h/3.0m/s;-;N/A;;Clear;
2001/11/5;05:00;-1.0;-2.0;93%;1019hPa;5.0km;South;3.6km/h/1.0m/s;-;N/A;;PartlyCloudy;
2001/11/5;05:30;-2.0;-3.0;93%;1019hPa;5.0km;South;7.2km/h/2.0m/s;-;N/A;;PartlyCloudy;
2001/11/5;06:00;-1.0;-3.0;86%;1019hPa;5.0km;South;10.8km/h/3.0m/s;-;N/A;;PartlyCloudy;
2001/11/5;06:30;-2.0;-3.0;93%;1019hPa;5.0km;Variable;3.6km/h/1.0m/s;-;N/A;;PartlyCloudy;
2001/11/5;07:00;-2.0;-3.0;93%;1019hPa;5.0km;South;3.6km/h/1.0m/s;-;N/A;;PartlyCloudy;
2001/11/5;07:30;-2.0;-3.0;93%;1019hPa;6.0km;Variable;3.6km/h/1.0m/s;-;N/A;;PartlyCloudy;
2001/11/5;08:00;0.0;-1.0;93%;1019hPa;6.0km;Variable;3.6km/h/1.0m/s;-;N/A;;PartlyCloudy;
2001/11/5;08:30;2.0;0.0;87%;1019hPa;6.0km;Variable;7.2km/h/2.0m/s;-;N/A;;PartlyCloudy;
2001/11/5;09:00;3.0;0.0;81%;1019hPa;7.0km;SSW;10.8km/h/3.0m/s;-;N/A;;PartlyCloudy;
2001/11/5;09:30;4.0;-1.0;70%;1019hPa;6.0km;South;10.8km/h/3.0m/s;-;N/A;;ScatteredClouds;
2001/11/5;10:00;4.0;-1.0;70%;1019hPa;8.0km;South;14.4km/h/4.0m/s;-;N/A;;MostlyCloudy;
2001/11/5;10:30;4.0;-1.0;70%;1019hPa;8.0km;SSW;10.8km/h/3.0m/s;-;N/A;;MostlyCloudy;
2001/11/5;11:00;5.0;0.0;70%;1019hPa;8.0km;SSW;10.8km/h/3.0m/s;-;N/A;;MostlyCloudy;
2001/11/5;11:30;6.0;-1.0;61%;1018hPa;-;WSW;14.4km/h/4.0m/s;-;N/A;;Clear;
2001/11/5;12:00;6.0;-1.0;61%;1019hPa;-;WSW;10.8km/h/3.0m/s;-;N/A;;Clear;
2001/11/5;12:30;6.0;0.0;66%;1019hPa;8.0km;WSW;10.8km/h/3.0m/s;-;N/A;;MostlyCloudy;
2001/11/5;13:00;7.0;-1.0;57%;1019hPa;7.0km;SSW;10.8km/h/3.0m/s;-;N/A;;MostlyCloudy;
2001/11/5;13:30;7.0;-1.0;57%;1019hPa;7.0km;Variable;7.2km/h/2.0m/s;-;N/A;;MostlyCloudy;
2001/11/5;14:00;8.0;0.0;57%;1019hPa;8.0km;Variable;7.2km/h/2.0m/s;-;N/A;;MostlyCloudy;
2001/11/5;14:30;8.0;-1.0;53%;1019hPa;8.0km;Variable;3.6km/h/1.0m/s;-;N/A;;MostlyCloudy;
2001/11/5;15:00;7.0;-1.0;57%;1019hPa;8.0km;South;14.4km/h/4.0m/s;-;N/A;;MostlyCloudy;
2001/11/5;15:30;6.0;0.0;66%;1019hPa;-;South;10.8km/h/3.0m/s;-;N/A;;Clear;
2001/11/5;16:00;6.0;0.0;66%;1019hPa;-;SSW;7.2km/h/2.0m/s;-;N/A;;Clear;
2001/11/5;16:30;5.0;0.0;70%;1019hPa;-;SSW;3.6km/h/1.0m/s;-;N/A;;Clear;
2001/11/5;17:00;5.0;-1.0;65%;1019hPa;-;SSW;7.2km/h/2.0m/s;-;N/A;;Clear;
2001/11/5;17:30;4.0;-1.0;70%;1020hPa;-;NW;3.6km/h/1.0m/s;-;N/A;;Clear;
2001/11/5;18:00;2.0;-1.0;81%;1020hPa;-;NNE;3.6km/h/1.0m/s;-;N/A;;Clear;
2001/11/5;18:30;4.0;1.0;81%;1020hPa;-;North;14.4km/h/4.0m/s;-;N/A;;Clear;
2001/11/5;19:00;4.0;0.0;75%;1021hPa;10.0km;Calm;Calm;-;N/A;;MostlyCloudy;
2001/11/5;19:30;4.0;0.0;75%;1021hPa;-;Calm;Calm;-;N/A;;Clear;
2001/11/5;20:00;4.0;1.0;81%;1021hPa;-;NNW;3.6km/h/1.0m/s;-;N/A;;Clear;
2001/11/5;20:30;4.0;1.0;81%;1021hPa;-;North;10.8km/h/3.0m/s;-;N/A;;Clear;
2001/11/5;21:00;4.0;1.0;81%;1021hPa;-;North;7.2km/h/2.0m/s;-;N/A;;Clear;
2001/11/5;21:30;4.0;1.0;81%;1021hPa;-;NNW;3.6km/h/1.0m/s;-;N/A;;Clear;
2001/11/5;22:00;4.0;1.0;81%;1021hPa;-;North;3.6km/h/1.0m/s;-;N/A;;Clear;
2001/11/5;22:30;4.0;1.0;81%;1022hPa;-;North;7.2km/h/2.0m/s;-;N/A;;Clear;
2001/11/5;23:00;4.0;1.0;81%;1022hPa;-;Variable;3.6km/h/1.0m/s;-;N/A;;Clear;
2001/11/5;23:30;4.0;1.0;81%;1022hPa;-;North;7.2km/h/2.0m/s;-;N/A;;Clear;
