2001/11/25;00:00;-1.0;-3.0;86%;1010hPa;10.0km;Variable;3.6km/h/1.0m/s;-;N/A;;ScatteredClouds;
2001/11/25;00:30;-2.0;-4.0;86%;1010hPa;10.0km;Calm;Calm;-;N/A;;ScatteredClouds;
2001/11/25;01:00;0.0;-4.0;75%;1010hPa;5.0km;North;18.0km/h/5.0m/s;-;N/A;;ScatteredClouds;
2001/11/25;01:30;0.0;-3.0;80%;1010hPa;7.0km;NNE;10.8km/h/3.0m/s;-;N/A;;ScatteredClouds;
2001/11/25;02:00;-1.0;-1.0;100%;1010hPa;2.0km;North;21.6km/h/6.0m/s;-;N/A;Snow;LightSnowShowers;
2001/11/25;02:30;0.0;-2.0;87%;1010hPa;10.0km;NNW;7.2km/h/2.0m/s;-;N/A;;ScatteredClouds;
2001/11/25;03:00;0.0;-3.0;80%;1010hPa;-;North;18.0km/h/5.0m/s;-;N/A;;Clear;
2001/11/25;03:30;1.0;-4.0;70%;1010hPa;-;North;25.2km/h/7.0m/s;-;N/A;;Clear;
2001/11/25;04:00;1.0;-4.0;70%;1010hPa;10.0km;North;25.2km/h/7.0m/s;-;N/A;Snow;LightSnow;
2001/11/25;04:30;1.0;-5.0;65%;1010hPa;10.0km;North;21.6km/h/6.0m/s;-;N/A;Snow;LightSnow;
2001/11/25;05:00;1.0;-4.0;70%;1009hPa;10.0km;North;25.2km/h/7.0m/s;-;N/A;Snow;LightSnow;
2001/11/25;05:30;0.0;-4.0;75%;1010hPa;2.5km;North;28.8km/h/8.0m/s;-;N/A;Snow;Snow;
2001/11/25;06:00;1.0;-4.0;70%;1009hPa;10.0km;North;25.2km/h/7.0m/s;-;N/A;Snow;LightSnow;
2001/11/25;06:30;1.0;-4.0;70%;1009hPa;10.0km;North;32.4km/h/9.0m/s;-;N/A;;MostlyCloudy;
2001/11/25;07:00;1.0;-4.0;70%;1009hPa;10.0km;North;21.6km/h/6.0m/s;-;N/A;;MostlyCloudy;
2001/11/25;07:30;1.0;-4.0;70%;1009hPa;10.0km;North;21.6km/h/6.0m/s;39.6km/h/11.0m/s;N/A;;MostlyCloudy;
2001/11/25;08:00;1.0;-4.0;70%;1009hPa;10.0km;North;25.2km/h/7.0m/s;-;N/A;;MostlyCloudy;
2001/11/25;08:30;1.0;-4.0;70%;1009hPa;10.0km;North;32.4km/h/9.0m/s;-;N/A;;MostlyCloudy;
2001/11/25;09:00;1.0;-4.0;70%;1009hPa;10.0km;North;28.8km/h/8.0m/s;-;N/A;;MostlyCloudy;
2001/11/25;09:30;1.0;-4.0;70%;1009hPa;10.0km;NNW;28.8km/h/8.0m/s;-;N/A;;Overcast;
2001/11/25;10:00;1.0;-4.0;70%;1008hPa;10.0km;North;32.4km/h/9.0m/s;50.4km/h/14.0m/s;N/A;;MostlyCloudy;
2001/11/25;10:30;1.0;-6.0;60%;1008hPa;10.0km;NNW;39.6km/h/11.0m/s;57.6km/h/16.0m/s;N/A;;MostlyCloudy;
2001/11/25;11:00;1.0;-6.0;60%;1009hPa;10.0km;North;39.6km/h/11.0m/s;57.6km/h/16.0m/s;N/A;;MostlyCloudy;
2001/11/25;11:30;1.0;-6.0;60%;1008hPa;10.0km;North;32.4km/h/9.0m/s;50.4km/h/14.0m/s;N/A;;Overcast;
2001/11/25;12:00;1.0;-7.0;56%;1008hPa;10.0km;North;32.4km/h/9.0m/s;54.0km/h/15.0m/s;N/A;;Overcast;
2001/11/25;12:30;1.0;-7.0;56%;1008hPa;10.0km;North;46.8km/h/13.0m/s;64.8km/h/18.0m/s;N/A;;Overcast;
2001/11/25;13:00;1.0;-7.0;56%;1008hPa;10.0km;North;36.0km/h/10.0m/s;54.0km/h/15.0m/s;N/A;;MostlyCloudy;
2001/11/25;13:30;0.0;-8.0;55%;1008hPa;10.0km;NNW;32.4km/h/9.0m/s;54.0km/h/15.0m/s;N/A;;MostlyCloudy;
2001/11/25;14:00;0.0;-7.0;60%;1007hPa;10.0km;NNW;43.2km/h/12.0m/s;68.4km/h/19.0m/s;N/A;;Overcast;
2001/11/25;14:30;0.0;-7.0;60%;1007hPa;10.0km;NNW;46.8km/h/13.0m/s;72.0km/h/20.0m/s;N/A;;Overcast;
2001/11/25;15:00;1.0;-7.0;56%;1007hPa;10.0km;NNW;39.6km/h/11.0m/s;57.6km/h/16.0m/s;N/A;;Overcast;
2001/11/25;15:30;0.0;-7.0;60%;1007hPa;10.0km;NNW;36.0km/h/10.0m/s;61.2km/h/17.0m/s;N/A;;MostlyCloudy;
2001/11/25;16:00;1.0;-7.0;56%;1007hPa;10.0km;North;39.6km/h/11.0m/s;57.6km/h/16.0m/s;N/A;;MostlyCloudy;
2001/11/25;16:30;1.0;-6.0;60%;1006hPa;10.0km;North;39.6km/h/11.0m/s;-;N/A;;MostlyCloudy;
2001/11/25;17:00;1.0;-7.0;56%;1007hPa;10.0km;North;32.4km/h/9.0m/s;54.0km/h/15.0m/s;N/A;;Overcast;
2001/11/25;17:30;1.0;-7.0;56%;1007hPa;10.0km;North;32.4km/h/9.0m/s;50.4km/h/14.0m/s;N/A;;Overcast;
2001/11/25;18:00;0.0;-6.0;64%;1007hPa;10.0km;North;32.4km/h/9.0m/s;50.4km/h/14.0m/s;N/A;;Overcast;
2001/11/25;18:30;0.0;-6.0;64%;1006hPa;10.0km;North;25.2km/h/7.0m/s;-;N/A;;Overcast;
2001/11/25;19:00;0.0;-6.0;64%;1006hPa;10.0km;NNW;36.0km/h/10.0m/s;54.0km/h/15.0m/s;N/A;;Overcast;
2001/11/25;19:30;0.0;-6.0;64%;1006hPa;10.0km;NNW;25.2km/h/7.0m/s;43.2km/h/12.0m/s;N/A;;Overcast;
2001/11/25;20:00;1.0;-6.0;60%;1006hPa;10.0km;NNW;32.4km/h/9.0m/s;-;N/A;;Overcast;
2001/11/25;20:30;0.0;-5.0;69%;1006hPa;10.0km;NNW;25.2km/h/7.0m/s;-;N/A;Snow;LightSnow;
2001/11/25;21:00;0.0;-5.0;69%;1006hPa;10.0km;North;25.2km/h/7.0m/s;-;N/A;Snow;LightSnow;
2001/11/25;21:30;0.0;-5.0;69%;1005hPa;10.0km;North;28.8km/h/8.0m/s;50.4km/h/14.0m/s;N/A;Snow;LightSnow;
2001/11/25;22:00;0.0;-5.0;69%;1005hPa;10.0km;North;28.8km/h/8.0m/s;-;N/A;Snow;LightSnow;
2001/11/25;22:30;0.0;-5.0;69%;1005hPa;10.0km;NNW;25.2km/h/7.0m/s;-;N/A;Snow;LightSnow;
2001/11/25;23:00;0.0;-5.0;69%;1005hPa;10.0km;NNW;18.0km/h/5.0m/s;-;N/A;Rain;LightRain;
2001/11/25;23:12;0.0;-5.0;69%;1005hPa;10.0km;NNW;18.0km/h/5.0m/s;-;N/A;Snow;LightSnow;
2001/11/25;23:30;0.0;-6.0;64%;1005hPa;10.0km;NNW;21.6km/h/6.0m/s;-;N/A;Snow;LightSnow;
