2001/1/3;00:00;-1.0;-2.0;93%;1013hPa;3.5km;East;7.2km/h/2.0m/s;-;N/A;Snow;LightSnowGrains;
2001/1/3;00:30;-1.0;-1.0;100%;1012hPa;2.2km;ESE;7.2km/h/2.0m/s;-;N/A;Snow;LightSnowGrains;
2001/1/3;01:00;-1.0;-1.0;100%;1012hPa;1.7km;Variable;3.6km/h/1.0m/s;-;N/A;Snow;LightSnowGrains;
2001/1/3;01:30;-1.0;-1.0;100%;1012hPa;1.5km;SSE;3.6km/h/1.0m/s;-;N/A;Snow;LightSnowGrains;
2001/1/3;02:00;-1.0;-1.0;100%;1012hPa;1.5km;SSE;3.6km/h/1.0m/s;-;N/A;;LightFreezingDrizzle;
2001/1/3;02:30;-1.0;-1.0;100%;1012hPa;1.6km;Calm;Calm;-;N/A;;LightFreezingDrizzle;
2001/1/3;03:00;-1.0;-1.0;100%;1012hPa;1.5km;WSW;3.6km/h/1.0m/s;-;N/A;;LightFreezingDrizzle;
2001/1/3;03:30;-1.0;-1.0;100%;1012hPa;1.6km;Variable;3.6km/h/1.0m/s;-;N/A;;LightFreezingDrizzle;
2001/1/3;04:00;-1.0;-1.0;100%;1012hPa;1.6km;Calm;Calm;-;N/A;;LightFreezingDrizzle;
2001/1/3;04:30;0.0;-1.0;93%;1012hPa;1.5km;Variable;3.6km/h/1.0m/s;-;N/A;;LightFreezingDrizzle;
2001/1/3;05:00;0.0;0.0;100%;1012hPa;1.5km;Calm;Calm;-;N/A;;LightFreezingDrizzle;
2001/1/3;05:30;0.0;0.0;100%;1012hPa;1.2km;ENE;3.6km/h/1.0m/s;-;N/A;;LightFreezingDrizzle;
2001/1/3;06:00;0.0;0.0;100%;1011hPa;0.6km;ENE;7.2km/h/2.0m/s;-;N/A;Fog;LightFreezingDrizzle;
2001/1/3;06:30;0.0;0.0;100%;1012hPa;2.4km;NNE;3.6km/h/1.0m/s;-;N/A;;LightFreezingDrizzle;
2001/1/3;07:00;0.0;0.0;100%;1012hPa;2.5km;WNW;3.6km/h/1.0m/s;-;N/A;;Overcast;
2001/1/3;07:30;0.0;0.0;100%;1012hPa;1.8km;NNW;3.6km/h/1.0m/s;-;N/A;;Overcast;
2001/1/3;08:00;0.0;0.0;100%;1012hPa;1.0km;Calm;Calm;-;N/A;Snow;Snow;
2001/1/3;08:30;0.0;0.0;100%;1012hPa;2.0km;Calm;Calm;-;N/A;Snow;LightSnow;
2001/1/3;09:00;0.0;0.0;100%;1012hPa;2.5km;SW;3.6km/h/1.0m/s;-;N/A;;LightDrizzle;
2001/1/3;09:30;1.0;0.0;93%;1012hPa;2.5km;Variable;3.6km/h/1.0m/s;-;N/A;;Overcast;
2001/1/3;10:00;1.0;0.0;93%;1012hPa;2.5km;Calm;Calm;-;N/A;;Overcast;
2001/1/3;10:30;1.0;1.0;100%;1012hPa;1.4km;South;3.6km/h/1.0m/s;-;N/A;;LightDrizzle;
2001/1/3;11:00;1.0;0.0;93%;1012hPa;1.3km;Calm;Calm;-;N/A;;LightDrizzle;
2001/1/3;11:30;0.0;0.0;100%;1012hPa;1.1km;Variable;3.6km/h/1.0m/s;-;N/A;;LightDrizzle;
2001/1/3;12:00;0.0;0.0;100%;1012hPa;0.6km;Variable;3.6km/h/1.0m/s;-;N/A;Fog;LightDrizzle;
2001/1/3;12:30;0.0;0.0;100%;1011hPa;0.6km;Variable;7.2km/h/2.0m/s;-;N/A;Fog;LightDrizzle;
2001/1/3;13:00;0.0;0.0;100%;1011hPa;0.8km;Variable;3.6km/h/1.0m/s;-;N/A;Fog;LightDrizzle;
2001/1/3;13:30;0.0;0.0;100%;1011hPa;1.5km;Variable;3.6km/h/1.0m/s;-;N/A;;LightDrizzle;
2001/1/3;14:00;1.0;0.0;93%;1011hPa;1.8km;Calm;Calm;-;N/A;;Overcast;
2001/1/3;14:30;1.0;1.0;100%;1011hPa;2.5km;Calm;Calm;-;N/A;;Overcast;
2001/1/3;15:00;1.0;1.0;100%;1011hPa;4.5km;Variable;3.6km/h/1.0m/s;-;N/A;;Overcast;
2001/1/3;15:30;1.0;0.0;93%;1011hPa;2.5km;Variable;3.6km/h/1.0m/s;-;N/A;;Overcast;
2001/1/3;16:00;0.0;0.0;100%;1011hPa;0.6km;Variable;7.2km/h/2.0m/s;-;N/A;Fog;Fog;
2001/1/3;16:30;0.0;0.0;100%;1011hPa;0.9km;South;3.6km/h/1.0m/s;-;N/A;Fog;Fog;
2001/1/3;17:00;0.0;0.0;100%;1011hPa;0.9km;South;3.6km/h/1.0m/s;-;N/A;Fog,Snow;LightSnowGrains;
2001/1/3;17:30;0.0;0.0;100%;1011hPa;1.8km;South;3.6km/h/1.0m/s;-;N/A;Snow;LightSnowGrains;
2001/1/3;18:00;0.0;0.0;100%;1011hPa;1.5km;Calm;Calm;-;N/A;Rain;LightRain;
2001/1/3;18:30;0.0;0.0;100%;1012hPa;1.2km;Variable;3.6km/h/1.0m/s;-;N/A;Rain;LightRain;
2001/1/3;19:00;0.0;0.0;100%;1012hPa;2.1km;Calm;Calm;-;N/A;Rain;LightRain;
2001/1/3;19:30;0.0;0.0;100%;1012hPa;2.1km;Variable;3.6km/h/1.0m/s;-;N/A;Rain;LightRain;
2001/1/3;20:00;0.0;0.0;100%;1012hPa;2.1km;Variable;3.6km/h/1.0m/s;-;N/A;Rain;LightRain;
2001/1/3;20:30;0.0;0.0;100%;1012hPa;1.0km;ESE;3.6km/h/1.0m/s;-;N/A;;Overcast;
2001/1/3;21:00;0.0;0.0;100%;1012hPa;0.6km;ESE;3.6km/h/1.0m/s;-;N/A;Fog;Fog;
2001/1/3;21:30;0.0;0.0;100%;1012hPa;0.6km;East;3.6km/h/1.0m/s;-;N/A;Fog;Fog;
2001/1/3;22:00;0.0;0.0;100%;1012hPa;0.7km;East;3.6km/h/1.0m/s;-;N/A;Fog;Fog;
2001/1/3;22:30;0.0;0.0;100%;1013hPa;1.2km;Variable;3.6km/h/1.0m/s;-;N/A;Rain;LightRain;
2001/1/3;23:00;0.0;0.0;100%;1013hPa;1.1km;Calm;Calm;-;N/A;Rain;LightRain;
2001/1/3;23:30;0.0;0.0;100%;1013hPa;1.2km;West;3.6km/h/1.0m/s;-;N/A;Rain;LightRain;
