2001/10/23;00:00;12.0;12.0;100%;1013hPa;2.2km;Calm;Calm;-;N/A;;Overcast;
2001/10/23;00:30;11.0;11.0;100%;1013hPa;0.1km;Calm;Calm;-;N/A;Fog;Fog;
2001/10/23;01:00;11.0;11.0;100%;1013hPa;0.6km;Variable;3.6km/h/1.0m/s;-;N/A;Fog;Fog;
2001/10/23;01:30;11.0;11.0;100%;1013hPa;0.3km;NNW;3.6km/h/1.0m/s;-;N/A;Fog;Fog;
2001/10/23;02:00;11.0;11.0;100%;1013hPa;5.0km;Calm;Calm;-;N/A;;MostlyCloudy;
2001/10/23;02:30;11.0;11.0;100%;1013hPa;4.5km;Variable;3.6km/h/1.0m/s;-;N/A;;MostlyCloudy;
2001/10/23;03:00;11.0;10.0;94%;1014hPa;4.0km;Calm;Calm;-;N/A;;MostlyCloudy;
2001/10/23;03:30;10.0;10.0;100%;1014hPa;1.3km;Calm;Calm;-;N/A;;MostlyCloudy;
2001/10/23;04:00;11.0;11.0;100%;1014hPa;0.1km;East;3.6km/h/1.0m/s;-;N/A;Fog;Fog;
2001/10/23;04:30;11.0;11.0;100%;1014hPa;0.1km;Variable;3.6km/h/1.0m/s;-;N/A;Fog;Fog;
2001/10/23;05:00;11.0;11.0;100%;1014hPa;0.1km;Variable;3.6km/h/1.0m/s;-;N/A;Fog;Fog;
2001/10/23;05:30;10.0;10.0;100%;1014hPa;0.1km;Variable;3.6km/h/1.0m/s;-;N/A;Fog;Fog;
2001/10/23;06:00;11.0;11.0;100%;1014hPa;0.3km;Calm;Calm;-;N/A;Fog;Fog;
2001/10/23;06:30;10.0;10.0;100%;1014hPa;0.4km;Variable;3.6km/h/1.0m/s;-;N/A;Fog;Fog;
2001/10/23;07:00;11.0;11.0;100%;1014hPa;0.5km;Calm;Calm;-;N/A;Fog;Fog;
2001/10/23;07:30;10.0;10.0;100%;1015hPa;0.2km;Variable;3.6km/h/1.0m/s;-;N/A;Fog;Fog;
2001/10/23;08:00;10.0;10.0;100%;1015hPa;2.0km;Calm;Calm;-;N/A;;MostlyCloudy;
2001/10/23;08:30;11.0;11.0;100%;1016hPa;2.0km;Calm;Calm;-;N/A;;Overcast;
2001/10/23;09:00;11.0;11.0;100%;1016hPa;5.0km;North;14.4km/h/4.0m/s;-;N/A;Rain;LightRain;
2001/10/23;09:30;12.0;11.0;94%;1016hPa;10.0km;North;10.8km/h/3.0m/s;-;N/A;;Overcast;
2001/10/23;11:00;12.0;9.0;82%;1017hPa;10.0km;North;25.2km/h/7.0m/s;-;N/A;;ScatteredClouds;
2001/10/23;11:30;12.0;9.0;82%;1017hPa;10.0km;North;21.6km/h/6.0m/s;-;N/A;;MostlyCloudy;
2001/10/23;12:00;12.0;9.0;82%;1018hPa;10.0km;NNE;21.6km/h/6.0m/s;-;N/A;;MostlyCloudy;
2001/10/23;12:30;12.0;9.0;82%;1018hPa;10.0km;NNE;25.2km/h/7.0m/s;-;N/A;;MostlyCloudy;
2001/10/23;13:00;12.0;8.0;77%;1018hPa;10.0km;North;18.0km/h/5.0m/s;-;N/A;;ScatteredClouds;
2001/10/23;13:30;12.0;8.0;77%;1018hPa;10.0km;North;21.6km/h/6.0m/s;-;N/A;;ScatteredClouds;
2001/10/23;14:00;12.0;8.0;77%;1018hPa;10.0km;North;18.0km/h/5.0m/s;-;N/A;;MostlyCloudy;
2001/10/23;14:30;11.0;7.0;76%;1018hPa;10.0km;North;18.0km/h/5.0m/s;-;N/A;;MostlyCloudy;
2001/10/23;15:00;11.0;7.0;76%;1019hPa;10.0km;NNE;18.0km/h/5.0m/s;-;N/A;;MostlyCloudy;
2001/10/23;15:30;11.0;7.0;76%;1019hPa;10.0km;NNE;21.6km/h/6.0m/s;-;N/A;;MostlyCloudy;
2001/10/23;16:00;10.0;7.0;82%;1019hPa;10.0km;NNE;21.6km/h/6.0m/s;-;N/A;;MostlyCloudy;
2001/10/23;16:30;10.0;7.0;82%;1019hPa;10.0km;NNE;21.6km/h/6.0m/s;-;N/A;;ScatteredClouds;
2001/10/23;17:00;10.0;6.0;76%;1020hPa;10.0km;NNE;18.0km/h/5.0m/s;-;N/A;;ScatteredClouds;
2001/10/23;17:30;10.0;6.0;76%;1020hPa;10.0km;NNE;18.0km/h/5.0m/s;-;N/A;;ScatteredClouds;
2001/10/23;18:00;9.0;6.0;82%;1021hPa;10.0km;NNE;18.0km/h/5.0m/s;-;N/A;;ScatteredClouds;
2001/10/23;18:30;9.0;6.0;82%;1021hPa;10.0km;NNE;18.0km/h/5.0m/s;-;N/A;;PartlyCloudy;
2001/10/23;19:00;9.0;6.0;82%;1021hPa;10.0km;North;14.4km/h/4.0m/s;-;N/A;;ScatteredClouds;
2001/10/23;19:30;9.0;6.0;82%;1021hPa;10.0km;NNE;18.0km/h/5.0m/s;-;N/A;;ScatteredClouds;
2001/10/23;20:00;9.0;6.0;82%;1021hPa;10.0km;North;18.0km/h/5.0m/s;-;N/A;;PartlyCloudy;
2001/10/23;20:30;8.0;5.0;81%;1022hPa;10.0km;North;18.0km/h/5.0m/s;-;N/A;;ScatteredClouds;
2001/10/23;21:00;8.0;5.0;81%;1022hPa;10.0km;North;18.0km/h/5.0m/s;-;N/A;;ScatteredClouds;
2001/10/23;21:30;8.0;5.0;81%;1022hPa;10.0km;North;18.0km/h/5.0m/s;-;N/A;;ScatteredClouds;
2001/10/23;22:00;8.0;5.0;81%;1022hPa;10.0km;North;21.6km/h/6.0m/s;-;N/A;;ScatteredClouds;
2001/10/23;22:30;8.0;5.0;81%;1022hPa;10.0km;North;18.0km/h/5.0m/s;-;N/A;;MostlyCloudy;
2001/10/23;23:00;8.0;5.0;81%;1022hPa;10.0km;North;18.0km/h/5.0m/s;-;N/A;;ScatteredClouds;
2001/10/23;23:30;8.0;5.0;81%;1022hPa;10.0km;North;21.6km/h/6.0m/s;-;N/A;;ScatteredClouds;
