2001/1/13;00:00;-4.0;-8.0;74%;1028hPa;-;Variable;7.2km/h/2.0m/s;-;N/A;;Clear;
2001/1/13;00:30;-5.0;-7.0;86%;1028hPa;-;East;7.2km/h/2.0m/s;-;N/A;;Clear;
2001/1/13;01:00;-5.0;-7.0;86%;1028hPa;-;NNE;7.2km/h/2.0m/s;-;N/A;;Clear;
2001/1/13;01:30;-5.0;-7.0;86%;1028hPa;-;West;7.2km/h/2.0m/s;-;N/A;;Clear;
2001/1/13;02:00;-5.0;-7.0;86%;1028hPa;-;Calm;Calm;-;N/A;;Clear;
2001/1/13;02:30;-4.0;-8.0;74%;1029hPa;-;Variable;3.6km/h/1.0m/s;-;N/A;;Clear;
2001/1/13;03:00;-4.0;-8.0;74%;1029hPa;10.0km;Variable;3.6km/h/1.0m/s;-;N/A;;ScatteredClouds;
2001/1/13;03:30;-5.0;-9.0;74%;1029hPa;10.0km;Variable;3.6km/h/1.0m/s;-;N/A;;PartlyCloudy;
2001/1/13;04:00;-4.0;-8.0;74%;1029hPa;10.0km;Variable;3.6km/h/1.0m/s;-;N/A;;ScatteredClouds;
2001/1/13;04:30;-5.0;-8.0;80%;1029hPa;10.0km;Variable;3.6km/h/1.0m/s;-;N/A;;PartlyCloudy;
2001/1/13;05:00;-5.0;-7.0;86%;1029hPa;10.0km;Variable;3.6km/h/1.0m/s;-;N/A;;ScatteredClouds;
2001/1/13;05:30;-5.0;-8.0;80%;1029hPa;10.0km;NNW;7.2km/h/2.0m/s;-;N/A;;MostlyCloudy;
2001/1/13;06:00;-4.0;-7.0;80%;1030hPa;10.0km;NNW;3.6km/h/1.0m/s;-;N/A;;MostlyCloudy;
2001/1/13;06:30;-4.0;-7.0;80%;1030hPa;10.0km;WNW;3.6km/h/1.0m/s;-;N/A;;MostlyCloudy;
2001/1/13;07:00;-4.0;-7.0;80%;1030hPa;10.0km;Variable;3.6km/h/1.0m/s;-;N/A;;MostlyCloudy;
2001/1/13;07:30;-4.0;-7.0;80%;1030hPa;10.0km;Calm;Calm;-;N/A;;MostlyCloudy;
2001/1/13;08:00;-3.0;-6.0;80%;1030hPa;10.0km;Calm;Calm;-;N/A;Snow;LightSnow;
2001/1/13;08:30;-3.0;-6.0;80%;1031hPa;10.0km;Calm;Calm;-;N/A;Snow;LightSnow;
2001/1/13;09:00;-2.0;-6.0;74%;1031hPa;10.0km;Variable;3.6km/h/1.0m/s;-;N/A;Snow;LightSnow;
2001/1/13;09:30;-1.0;-6.0;69%;1031hPa;10.0km;North;10.8km/h/3.0m/s;-;N/A;;PartlyCloudy;
2001/1/13;10:00;-1.0;-7.0;64%;1031hPa;-;North;14.4km/h/4.0m/s;-;N/A;;Clear;
2001/1/13;10:30;0.0;-6.0;64%;1031hPa;-;Variable;7.2km/h/2.0m/s;-;N/A;;Clear;
2001/1/13;11:00;1.0;-6.0;60%;1031hPa;-;Variable;3.6km/h/1.0m/s;-;N/A;;Clear;
2001/1/13;11:30;2.0;-5.0;60%;1031hPa;10.0km;Variable;7.2km/h/2.0m/s;-;N/A;;PartlyCloudy;
2001/1/13;12:00;2.0;-5.0;60%;1031hPa;10.0km;Variable;3.6km/h/1.0m/s;-;N/A;;MostlyCloudy;
2001/1/13;12:30;0.0;-4.0;75%;1031hPa;3.5km;Variable;7.2km/h/2.0m/s;-;N/A;Snow;LightSnow;
2001/1/13;13:00;0.0;-4.0;75%;1031hPa;8.0km;Variable;3.6km/h/1.0m/s;-;N/A;Snow;LightSnow;
2001/1/13;13:30;0.0;-3.0;80%;1031hPa;6.0km;Variable;3.6km/h/1.0m/s;-;N/A;Snow;LightSnow;
2001/1/13;14:00;-1.0;-2.0;93%;1031hPa;1.2km;Variable;3.6km/h/1.0m/s;-;N/A;Snow;LightSnow;
2001/1/13;14:30;-1.0;-2.0;93%;1031hPa;5.0km;Variable;7.2km/h/2.0m/s;-;N/A;;MostlyCloudy;
2001/1/13;15:00;0.0;-3.0;80%;1031hPa;10.0km;Variable;3.6km/h/1.0m/s;-;N/A;Snow;LightSnow;
2001/1/13;15:30;-1.0;-4.0;80%;1031hPa;10.0km;Variable;3.6km/h/1.0m/s;-;N/A;;MostlyCloudy;
2001/1/13;16:00;-1.0;-3.0;86%;1031hPa;10.0km;Variable;3.6km/h/1.0m/s;-;N/A;;MostlyCloudy;
2001/1/13;16:30;0.0;-5.0;69%;1031hPa;10.0km;NNW;18.0km/h/5.0m/s;-;N/A;;Overcast;
2001/1/13;17:00;-1.0;-4.0;80%;1032hPa;10.0km;NNE;25.2km/h/7.0m/s;-;N/A;Snow;LightSnow;
2001/1/13;17:30;-1.0;-4.0;80%;1032hPa;10.0km;NNE;10.8km/h/3.0m/s;-;N/A;;MostlyCloudy;
2001/1/13;18:00;-1.0;-6.0;69%;1032hPa;-;NNE;21.6km/h/6.0m/s;-;N/A;;Clear;
2001/1/13;18:30;-1.0;-6.0;69%;1033hPa;10.0km;NNE;25.2km/h/7.0m/s;-;N/A;;MostlyCloudy;
2001/1/13;19:00;-1.0;-6.0;69%;1033hPa;10.0km;North;21.6km/h/6.0m/s;-;N/A;;ScatteredClouds;
2001/1/13;19:30;-2.0;-6.0;74%;1033hPa;10.0km;North;18.0km/h/5.0m/s;-;N/A;;ScatteredClouds;
2001/1/13;20:00;-2.0;-4.0;86%;1034hPa;10.0km;North;18.0km/h/5.0m/s;-;N/A;Snow;LightSnow;
2001/1/13;20:30;-2.0;-4.0;86%;1034hPa;10.0km;North;10.8km/h/3.0m/s;-;N/A;Snow;LightSnow;
2001/1/13;21:00;-2.0;-4.0;86%;1034hPa;10.0km;North;14.4km/h/4.0m/s;-;N/A;;ScatteredClouds;
2001/1/13;21:30;-2.0;-5.0;80%;1034hPa;10.0km;North;14.4km/h/4.0m/s;-;N/A;;MostlyCloudy;
2001/1/13;22:00;-2.0;-6.0;74%;1034hPa;10.0km;NNE;14.4km/h/4.0m/s;-;N/A;;ScatteredClouds;
2001/1/13;22:30;-3.0;-6.0;80%;1035hPa;10.0km;NNE;18.0km/h/5.0m/s;-;N/A;;PartlyCloudy;
2001/1/13;23:00;-3.0;-7.0;74%;1035hPa;10.0km;NNE;18.0km/h/5.0m/s;-;N/A;;PartlyCloudy;
2001/1/13;23:30;-3.0;-7.0;74%;1035hPa;-;NNE;18.0km/h/5.0m/s;-;N/A;;Clear;
