2001/10/22;00:00;11.0;10.0;94%;1009hPa;4.0km;North;7.2km/h/2.0m/s;-;N/A;;ScatteredClouds;
2001/10/22;00:30;10.0;10.0;100%;1009hPa;3.5km;Calm;Calm;-;N/A;;MostlyCloudy;
2001/10/22;01:00;10.0;9.0;94%;1009hPa;3.5km;Variable;3.6km/h/1.0m/s;-;N/A;;MostlyCloudy;
2001/10/22;01:30;10.0;10.0;100%;1009hPa;-;West;3.6km/h/1.0m/s;-;N/A;;ScatteredClouds;
2001/10/22;02:00;10.0;10.0;100%;1009hPa;-;West;3.6km/h/1.0m/s;-;N/A;;Overcast;
2001/10/22;02:30;10.0;10.0;100%;1009hPa;-;Calm;Calm;-;N/A;;ScatteredClouds;
2001/10/22;03:00;10.0;10.0;100%;1009hPa;1.8km;Calm;Calm;-;N/A;;MostlyCloudy;
2001/10/22;03:30;9.0;9.0;100%;1009hPa;0.4km;ESE;7.2km/h/2.0m/s;-;N/A;Fog;Fog;
2001/10/22;04:00;9.0;9.0;100%;1009hPa;0.3km;Variable;3.6km/h/1.0m/s;-;N/A;Fog;Fog;
2001/10/22;04:30;9.0;9.0;100%;1009hPa;0.1km;Calm;Calm;-;N/A;Fog;Fog;
2001/10/22;05:00;10.0;10.0;100%;1009hPa;1.1km;NNE;3.6km/h/1.0m/s;-;N/A;;MostlyCloudy;
2001/10/22;05:30;10.0;10.0;100%;1009hPa;1.6km;NNW;3.6km/h/1.0m/s;-;N/A;;Overcast;
2001/10/22;07:00;11.0;11.0;100%;1009hPa;1.5km;Calm;Calm;-;N/A;;Overcast;
2001/10/22;07:30;11.0;11.0;100%;1009hPa;1.0km;Variable;3.6km/h/1.0m/s;-;N/A;;MostlyCloudy;
2001/10/22;08:00;11.0;11.0;100%;1009hPa;1.2km;SW;3.6km/h/1.0m/s;-;N/A;;Overcast;
2001/10/22;08:30;11.0;11.0;100%;1009hPa;1.8km;West;3.6km/h/1.0m/s;-;N/A;;Overcast;
2001/10/22;09:00;11.0;11.0;100%;1010hPa;1.2km;Calm;Calm;-;N/A;Rain;LightRain;
2001/10/22;09:30;12.0;11.0;94%;1010hPa;2.2km;Calm;Calm;-;N/A;Rain;LightRain;
2001/10/22;10:00;12.0;12.0;100%;1010hPa;2.8km;Variable;3.6km/h/1.0m/s;-;N/A;Rain;LightRain;
2001/10/22;10:30;13.0;12.0;94%;1010hPa;2.3km;Calm;Calm;-;N/A;Rain;LightRain;
2001/10/22;11:00;13.0;13.0;100%;1010hPa;3.0km;SSE;3.6km/h/1.0m/s;-;N/A;;MostlyCloudy;
2001/10/22;11:30;13.0;12.0;94%;1010hPa;2.0km;Variable;3.6km/h/1.0m/s;-;N/A;;Overcast;
2001/10/22;12:00;13.0;13.0;100%;1010hPa;3.0km;SW;3.6km/h/1.0m/s;-;N/A;;Overcast;
2001/10/22;12:30;13.0;13.0;100%;1010hPa;2.0km;WSW;10.8km/h/3.0m/s;-;N/A;;Overcast;
2001/10/22;13:00;14.0;12.0;88%;1010hPa;3.0km;Variable;7.2km/h/2.0m/s;-;N/A;;MostlyCloudy;
2001/10/22;13:30;14.0;13.0;94%;1010hPa;3.0km;WSW;10.8km/h/3.0m/s;-;N/A;;MostlyCloudy;
2001/10/22;14:00;15.0;13.0;88%;1010hPa;4.0km;Variable;7.2km/h/2.0m/s;-;N/A;;MostlyCloudy;
2001/10/22;14:30;15.0;12.0;82%;1010hPa;-;Variable;7.2km/h/2.0m/s;-;N/A;;MostlyCloudy;
2001/10/22;15:00;15.0;13.0;88%;1010hPa;3.0km;Variable;3.6km/h/1.0m/s;-;N/A;;MostlyCloudy;
2001/10/22;15:30;15.0;13.0;88%;1011hPa;4.0km;Calm;Calm;-;N/A;;Overcast;
2001/10/22;16:00;14.0;13.0;94%;1011hPa;4.0km;South;7.2km/h/2.0m/s;-;N/A;;MostlyCloudy;
2001/10/22;16:30;14.0;13.0;94%;1011hPa;3.5km;Variable;3.6km/h/1.0m/s;-;N/A;;MostlyCloudy;
2001/10/22;17:00;14.0;13.0;94%;1011hPa;3.5km;South;3.6km/h/1.0m/s;-;N/A;;MostlyCloudy;
2001/10/22;17:30;13.0;12.0;94%;1011hPa;3.5km;Variable;3.6km/h/1.0m/s;-;N/A;;MostlyCloudy;
2001/10/22;18:00;13.0;12.0;94%;1011hPa;3.0km;Calm;Calm;-;N/A;;MostlyCloudy;
2001/10/22;18:30;13.0;12.0;94%;1012hPa;6.0km;North;7.2km/h/2.0m/s;-;N/A;;Overcast;
2001/10/22;19:00;13.0;12.0;94%;1012hPa;6.0km;NNW;3.6km/h/1.0m/s;-;N/A;;MostlyCloudy;
2001/10/22;19:30;13.0;12.0;94%;1012hPa;5.0km;West;3.6km/h/1.0m/s;-;N/A;;MostlyCloudy;
2001/10/22;20:00;13.0;12.0;94%;1012hPa;4.5km;Variable;3.6km/h/1.0m/s;-;N/A;;MostlyCloudy;
2001/10/22;20:30;12.0;12.0;100%;1012hPa;4.0km;SSW;3.6km/h/1.0m/s;-;N/A;;MostlyCloudy;
2001/10/22;21:00;12.0;12.0;100%;1012hPa;4.0km;WNW;3.6km/h/1.0m/s;-;N/A;;MostlyCloudy;
2001/10/22;21:30;12.0;11.0;94%;1013hPa;3.5km;Variable;3.6km/h/1.0m/s;-;N/A;;MostlyCloudy;
2001/10/22;22:00;12.0;12.0;100%;1013hPa;3.5km;Variable;3.6km/h/1.0m/s;-;N/A;;MostlyCloudy;
2001/10/22;22:30;12.0;11.0;94%;1013hPa;3.5km;East;3.6km/h/1.0m/s;-;N/A;;Overcast;
2001/10/22;23:00;12.0;11.0;94%;1013hPa;3.0km;Variable;3.6km/h/1.0m/s;-;N/A;Rain;LightRain;
2001/10/22;23:30;12.0;11.0;94%;1013hPa;2.5km;Calm;Calm;-;N/A;;MostlyCloudy;
