2001/11/30;00:00;-1.0;-2.0;93%;1017hPa;-;North;10.8km/h/3.0m/s;-;N/A;;Clear;
2001/11/30;00:30;-1.0;-3.0;86%;1016hPa;-;North;10.8km/h/3.0m/s;-;N/A;;Clear;
2001/11/30;01:00;-1.0;-3.0;86%;1016hPa;10.0km;NNW;10.8km/h/3.0m/s;-;N/A;;ScatteredClouds;
2001/11/30;01:30;0.0;-2.0;87%;1016hPa;-;North;10.8km/h/3.0m/s;-;N/A;;Clear;
2001/11/30;02:00;-1.0;-3.0;86%;1016hPa;-;NNW;10.8km/h/3.0m/s;-;N/A;;Clear;
2001/11/30;02:30;-2.0;-3.0;93%;1016hPa;-;NNE;3.6km/h/1.0m/s;-;N/A;;Clear;
2001/11/30;03:00;-1.0;-3.0;86%;1016hPa;-;North;10.8km/h/3.0m/s;-;N/A;;Clear;
2001/11/30;03:30;-2.0;-4.0;86%;1016hPa;-;NNW;10.8km/h/3.0m/s;-;N/A;;Clear;
2001/11/30;04:00;-1.0;-3.0;86%;1015hPa;-;North;14.4km/h/4.0m/s;-;N/A;;Clear;
2001/11/30;04:30;-2.0;-4.0;86%;1015hPa;10.0km;Variable;7.2km/h/2.0m/s;-;N/A;;ScatteredClouds;
2001/11/30;05:00;-1.0;-4.0;80%;1015hPa;10.0km;North;10.8km/h/3.0m/s;-;N/A;;ScatteredClouds;
2001/11/30;05:30;0.0;-2.0;87%;1015hPa;10.0km;North;10.8km/h/3.0m/s;-;N/A;;MostlyCloudy;
2001/11/30;06:00;1.0;-2.0;81%;1015hPa;10.0km;North;21.6km/h/6.0m/s;-;N/A;;MostlyCloudy;
2001/11/30;06:30;1.0;-3.0;75%;1015hPa;10.0km;North;18.0km/h/5.0m/s;-;N/A;;MostlyCloudy;
2001/11/30;07:00;2.0;-3.0;70%;1016hPa;10.0km;North;25.2km/h/7.0m/s;-;N/A;;ScatteredClouds;
2001/11/30;07:30;2.0;-2.0;75%;1016hPa;10.0km;North;21.6km/h/6.0m/s;-;N/A;;MostlyCloudy;
2001/11/30;08:00;2.0;-2.0;75%;1016hPa;10.0km;North;25.2km/h/7.0m/s;-;N/A;;MostlyCloudy;
2001/11/30;08:30;2.0;-2.0;75%;1016hPa;10.0km;North;28.8km/h/8.0m/s;-;N/A;;MostlyCloudy;
2001/11/30;09:00;1.0;-2.0;81%;1016hPa;10.0km;North;28.8km/h/8.0m/s;-;N/A;;Overcast;
2001/11/30;09:30;1.0;-1.0;87%;1016hPa;10.0km;North;32.4km/h/9.0m/s;-;N/A;Snow;LightSnowShowers;
2001/11/30;10:00;2.0;-1.0;81%;1016hPa;10.0km;North;36.0km/h/10.0m/s;-;N/A;;ScatteredClouds;
2001/11/30;10:30;2.0;-2.0;75%;1016hPa;10.0km;North;39.6km/h/11.0m/s;-;N/A;;MostlyCloudy;
2001/11/30;11:00;2.0;-2.0;75%;1016hPa;10.0km;North;39.6km/h/11.0m/s;-;N/A;;Overcast;
2001/11/30;11:30;2.0;-2.0;75%;1016hPa;10.0km;North;39.6km/h/11.0m/s;-;N/A;;Overcast;
2001/11/30;12:00;1.0;-2.0;81%;1016hPa;10.0km;North;36.0km/h/10.0m/s;-;N/A;;Overcast;
2001/11/30;12:30;1.0;-2.0;81%;1017hPa;10.0km;North;39.6km/h/11.0m/s;-;N/A;;Overcast;
2001/11/30;13:00;1.0;-3.0;75%;1017hPa;10.0km;North;36.0km/h/10.0m/s;-;N/A;;Overcast;
2001/11/30;13:30;1.0;-3.0;75%;1017hPa;10.0km;North;36.0km/h/10.0m/s;-;N/A;;Overcast;
2001/11/30;14:00;1.0;-3.0;75%;1017hPa;10.0km;North;39.6km/h/11.0m/s;-;N/A;;MostlyCloudy;
2001/11/30;14:30;1.0;-3.0;75%;1017hPa;10.0km;North;39.6km/h/11.0m/s;-;N/A;;MostlyCloudy;
2001/11/30;15:00;0.0;-3.0;80%;1017hPa;10.0km;North;43.2km/h/12.0m/s;-;N/A;;ScatteredClouds;
2001/11/30;15:52;0.0;-3.0;80%;1017hPa;10.0km;North;36.0km/h/10.0m/s;-;N/A;;MostlyCloudy;
2001/11/30;16:00;0.0;-3.0;80%;1018hPa;10.0km;North;39.6km/h/11.0m/s;-;N/A;;MostlyCloudy;
2001/11/30;16:30;0.0;-4.0;75%;1018hPa;10.0km;North;36.0km/h/10.0m/s;-;N/A;;MostlyCloudy;
2001/11/30;17:00;0.0;-4.0;75%;1018hPa;10.0km;North;39.6km/h/11.0m/s;-;N/A;;MostlyCloudy;
2001/11/30;17:30;0.0;-4.0;75%;1019hPa;10.0km;North;36.0km/h/10.0m/s;-;N/A;;MostlyCloudy;
2001/11/30;18:00;0.0;-4.0;75%;1019hPa;10.0km;North;43.2km/h/12.0m/s;-;N/A;;Overcast;
2001/11/30;18:30;-1.0;-4.0;80%;1020hPa;10.0km;North;46.8km/h/13.0m/s;-;N/A;;MostlyCloudy;
2001/11/30;19:00;-1.0;-4.0;80%;1020hPa;10.0km;North;39.6km/h/11.0m/s;-;N/A;;MostlyCloudy;
2001/11/30;19:30;-1.0;-4.0;80%;1020hPa;10.0km;North;43.2km/h/12.0m/s;61.2km/h/17.0m/s;N/A;;ScatteredClouds;
2001/11/30;20:00;-1.0;-4.0;80%;1020hPa;10.0km;North;43.2km/h/12.0m/s;-;N/A;;MostlyCloudy;
2001/11/30;20:30;-1.0;-4.0;80%;1021hPa;10.0km;North;43.2km/h/12.0m/s;-;N/A;;MostlyCloudy;
2001/11/30;21:00;-1.0;-4.0;80%;1021hPa;10.0km;North;39.6km/h/11.0m/s;-;N/A;;MostlyCloudy;
2001/11/30;21:30;-1.0;-4.0;80%;1021hPa;10.0km;North;39.6km/h/11.0m/s;-;N/A;;MostlyCloudy;
2001/11/30;22:00;-1.0;-4.0;80%;1021hPa;10.0km;North;39.6km/h/11.0m/s;-;N/A;;ScatteredClouds;
2001/11/30;22:30;-1.0;-4.0;80%;1022hPa;10.0km;North;32.4km/h/9.0m/s;-;N/A;;ScatteredClouds;
2001/11/30;23:00;-1.0;-4.0;80%;1022hPa;10.0km;North;39.6km/h/11.0m/s;-;N/A;;ScatteredClouds;
2001/11/30;23:30;-1.0;-4.0;80%;1022hPa;10.0km;North;43.2km/h/12.0m/s;-;N/A;;PartlyCloudy;
