2001/3/12;00:00;7.0;5.0;87%;1013hPa;-;Variable;3.6km/h/1.0m/s;-;N/A;;Clear;
2001/3/12;00:30;6.0;4.0;87%;1013hPa;-;SSW;7.2km/h/2.0m/s;-;N/A;;Clear;
2001/3/12;01:00;6.0;5.0;93%;1013hPa;-;Variable;7.2km/h/2.0m/s;-;N/A;;Clear;
2001/3/12;01:30;6.0;5.0;93%;1013hPa;-;SSE;7.2km/h/2.0m/s;-;N/A;;Clear;
2001/3/12;02:00;6.0;6.0;100%;1013hPa;-;SSW;3.6km/h/1.0m/s;-;N/A;;Clear;
2001/3/12;02:30;5.0;5.0;100%;1013hPa;-;South;3.6km/h/1.0m/s;-;N/A;;Clear;
2001/3/12;03:00;6.0;5.0;93%;1013hPa;-;Calm;Calm;-;N/A;;Clear;
2001/3/12;03:30;6.0;5.0;93%;1013hPa;-;Variable;3.6km/h/1.0m/s;-;N/A;;Clear;
2001/3/12;04:00;6.0;4.0;87%;1013hPa;-;North;7.2km/h/2.0m/s;-;N/A;;Clear;
2001/3/12;04:30;6.0;5.0;93%;1013hPa;-;Variable;3.6km/h/1.0m/s;-;N/A;;Clear;
2001/3/12;05:00;6.0;5.0;93%;1013hPa;-;Variable;3.6km/h/1.0m/s;-;N/A;;Clear;
2001/3/12;05:30;5.0;4.0;93%;1013hPa;-;North;3.6km/h/1.0m/s;-;N/A;;Clear;
2001/3/12;06:00;5.0;4.0;93%;1013hPa;10.0km;Variable;3.6km/h/1.0m/s;-;N/A;;MostlyCloudy;
2001/3/12;06:30;6.0;5.0;93%;1013hPa;10.0km;Variable;3.6km/h/1.0m/s;-;N/A;;ScatteredClouds;
2001/3/12;07:00;6.0;5.0;93%;1013hPa;10.0km;Variable;3.6km/h/1.0m/s;-;N/A;;MostlyCloudy;
2001/3/12;07:30;7.0;7.0;100%;1013hPa;10.0km;SE;3.6km/h/1.0m/s;-;N/A;;MostlyCloudy;
2001/3/12;08:00;8.0;7.0;93%;1013hPa;10.0km;Calm;Calm;-;N/A;;MostlyCloudy;
2001/3/12;08:30;9.0;8.0;93%;1013hPa;10.0km;South;10.8km/h/3.0m/s;-;N/A;;MostlyCloudy;
2001/3/12;09:00;10.0;8.0;87%;1013hPa;10.0km;SSW;14.4km/h/4.0m/s;-;N/A;;MostlyCloudy;
2001/3/12;09:30;11.0;9.0;88%;1013hPa;8.0km;SSW;14.4km/h/4.0m/s;-;N/A;;ScatteredClouds;
2001/3/12;10:00;12.0;8.0;77%;1013hPa;10.0km;South;14.4km/h/4.0m/s;-;N/A;;MostlyCloudy;
2001/3/12;10:30;13.0;8.0;72%;1013hPa;10.0km;South;14.4km/h/4.0m/s;-;N/A;;ScatteredClouds;
2001/3/12;11:00;13.0;8.0;72%;1013hPa;10.0km;WSW;14.4km/h/4.0m/s;-;N/A;;MostlyCloudy;
2001/3/12;11:30;14.0;8.0;67%;1013hPa;10.0km;SSW;10.8km/h/3.0m/s;-;N/A;;MostlyCloudy;
2001/3/12;12:00;15.0;9.0;67%;1013hPa;10.0km;SW;14.4km/h/4.0m/s;-;N/A;;MostlyCloudy;
2001/3/12;12:30;15.0;8.0;63%;1012hPa;10.0km;SSW;10.8km/h/3.0m/s;-;N/A;;MostlyCloudy;
2001/3/12;13:00;16.0;8.0;59%;1012hPa;10.0km;SW;14.4km/h/4.0m/s;-;N/A;;ScatteredClouds;
2001/3/12;13:30;16.0;8.0;59%;1011hPa;10.0km;Variable;7.2km/h/2.0m/s;-;N/A;;ScatteredClouds;
2001/3/12;14:00;16.0;8.0;59%;1011hPa;10.0km;South;10.8km/h/3.0m/s;-;N/A;;ScatteredClouds;
2001/3/12;14:30;16.0;8.0;59%;1011hPa;10.0km;South;14.4km/h/4.0m/s;-;N/A;;ScatteredClouds;
2001/3/12;15:00;15.0;9.0;67%;1011hPa;10.0km;South;10.8km/h/3.0m/s;-;N/A;;MostlyCloudy;
2001/3/12;15:30;16.0;9.0;63%;1011hPa;10.0km;South;21.6km/h/6.0m/s;-;N/A;;ScatteredClouds;
2001/3/12;16:00;15.0;8.0;63%;1011hPa;10.0km;South;21.6km/h/6.0m/s;-;N/A;;ScatteredClouds;
2001/3/12;16:30;15.0;8.0;63%;1011hPa;10.0km;South;21.6km/h/6.0m/s;-;N/A;;MostlyCloudy;
2001/3/12;17:00;14.0;7.0;63%;1011hPa;10.0km;South;18.0km/h/5.0m/s;-;N/A;;ScatteredClouds;
2001/3/12;17:30;13.0;8.0;72%;1011hPa;10.0km;South;18.0km/h/5.0m/s;-;N/A;;ScatteredClouds;
2001/3/12;18:00;12.0;8.0;77%;1011hPa;-;SSW;14.4km/h/4.0m/s;-;N/A;;Clear;
2001/3/12;18:30;12.0;8.0;77%;1011hPa;-;SSW;14.4km/h/4.0m/s;-;N/A;;Clear;
2001/3/12;19:00;12.0;8.0;77%;1011hPa;-;SSW;10.8km/h/3.0m/s;-;N/A;;Clear;
2001/3/12;19:30;10.0;8.0;87%;1011hPa;-;Variable;7.2km/h/2.0m/s;-;N/A;;Clear;
2001/3/12;20:00;10.0;7.0;82%;1010hPa;-;West;3.6km/h/1.0m/s;-;N/A;;Clear;
2001/3/12;20:30;9.0;7.0;87%;1010hPa;-;Variable;3.6km/h/1.0m/s;-;N/A;;Clear;
2001/3/12;21:00;9.0;7.0;87%;1010hPa;-;SW;3.6km/h/1.0m/s;-;N/A;;Clear;
2001/3/12;21:30;8.0;7.0;93%;1010hPa;-;Variable;3.6km/h/1.0m/s;-;N/A;;Clear;
2001/3/12;22:00;7.0;6.0;93%;1010hPa;-;North;3.6km/h/1.0m/s;-;N/A;;Clear;
2001/3/12;22:30;7.0;6.0;93%;1010hPa;-;NNW;3.6km/h/1.0m/s;-;N/A;;Clear;
2001/3/12;23:00;7.0;6.0;93%;1010hPa;-;Calm;Calm;-;N/A;;Clear;
2001/3/12;23:30;6.0;5.0;93%;1009hPa;-;Calm;Calm;-;N/A;;Clear;
