2001/4/14;00:00;3.0;-4.0;60%;1012hPa;10.0km;Variable;7.2km/h/2.0m/s;-;N/A;;ScatteredClouds;
2001/4/14;00:30;3.0;-4.0;60%;1013hPa;10.0km;Variable;7.2km/h/2.0m/s;-;N/A;;PartlyCloudy;
2001/4/14;01:00;3.0;-4.0;60%;1013hPa;10.0km;NNW;18.0km/h/5.0m/s;-;N/A;;ScatteredClouds;
2001/4/14;01:30;3.0;-4.0;60%;1013hPa;-;North;25.2km/h/7.0m/s;-;N/A;;Clear;
2001/4/14;02:00;2.0;-4.0;65%;1013hPa;-;NNW;10.8km/h/3.0m/s;-;N/A;;Clear;
2001/4/14;02:30;2.0;-4.0;65%;1013hPa;-;NNW;14.4km/h/4.0m/s;-;N/A;;Clear;
2001/4/14;03:00;1.0;-4.0;70%;1013hPa;-;North;7.2km/h/2.0m/s;-;N/A;;Clear;
2001/4/14;03:30;1.0;-4.0;70%;1013hPa;-;Variable;7.2km/h/2.0m/s;-;N/A;;Clear;
2001/4/14;04:00;2.0;-4.0;65%;1013hPa;10.0km;NNW;7.2km/h/2.0m/s;-;N/A;;ScatteredClouds;
2001/4/14;04:30;1.0;-4.0;70%;1013hPa;10.0km;NNW;7.2km/h/2.0m/s;-;N/A;;ScatteredClouds;
2001/4/14;05:00;0.0;-4.0;75%;1013hPa;10.0km;North;14.4km/h/4.0m/s;-;N/A;;ScatteredClouds;
2001/4/14;05:30;0.0;-5.0;69%;1013hPa;10.0km;North;7.2km/h/2.0m/s;-;N/A;;ScatteredClouds;
2001/4/14;06:00;0.0;-5.0;69%;1013hPa;10.0km;Variable;3.6km/h/1.0m/s;-;N/A;;ScatteredClouds;
2001/4/14;06:30;0.0;-6.0;64%;1013hPa;10.0km;SSW;3.6km/h/1.0m/s;-;N/A;;ScatteredClouds;
2001/4/14;07:00;1.0;-4.0;70%;1013hPa;10.0km;Variable;3.6km/h/1.0m/s;-;N/A;;ScatteredClouds;
2001/4/14;07:30;3.0;-6.0;52%;1013hPa;10.0km;Variable;3.6km/h/1.0m/s;-;N/A;;ScatteredClouds;
2001/4/14;08:00;3.0;-5.0;56%;1013hPa;10.0km;South;10.8km/h/3.0m/s;-;N/A;;ScatteredClouds;
2001/4/14;08:30;4.0;-4.0;56%;1013hPa;10.0km;SW;14.4km/h/4.0m/s;-;N/A;;ScatteredClouds;
2001/4/14;09:00;5.0;-5.0;49%;1013hPa;10.0km;WSW;14.4km/h/4.0m/s;-;N/A;;MostlyCloudy;
2001/4/14;09:30;4.0;-4.0;56%;1013hPa;10.0km;WSW;14.4km/h/4.0m/s;-;N/A;;MostlyCloudy;
2001/4/14;10:00;4.0;-5.0;52%;1014hPa;10.0km;WSW;14.4km/h/4.0m/s;-;N/A;;MostlyCloudy;
2001/4/14;10:30;5.0;-5.0;49%;1013hPa;10.0km;SW;14.4km/h/4.0m/s;-;N/A;;MostlyCloudy;
2001/4/14;11:00;6.0;-6.0;42%;1013hPa;10.0km;Variable;10.8km/h/3.0m/s;-;N/A;;MostlyCloudy;
2001/4/14;11:30;7.0;-6.0;39%;1013hPa;10.0km;North;10.8km/h/3.0m/s;-;N/A;;MostlyCloudy;
2001/4/14;12:00;6.0;-6.0;42%;1013hPa;10.0km;NW;18.0km/h/5.0m/s;-;N/A;;MostlyCloudy;
2001/4/14;12:30;7.0;-5.0;43%;1013hPa;10.0km;NW;18.0km/h/5.0m/s;-;N/A;;MostlyCloudy;
2001/4/14;13:00;8.0;-6.0;37%;1013hPa;10.0km;North;21.6km/h/6.0m/s;-;N/A;;MostlyCloudy;
2001/4/14;13:30;5.0;-2.0;61%;1013hPa;10.0km;NNE;21.6km/h/6.0m/s;-;N/A;;Overcast;
2001/4/14;14:00;5.0;-2.0;61%;1014hPa;10.0km;West;25.2km/h/7.0m/s;-;N/A;;MostlyCloudy;
2001/4/14;14:30;5.0;-1.0;65%;1014hPa;10.0km;West;21.6km/h/6.0m/s;-;N/A;;MostlyCloudy;
2001/4/14;15:00;5.0;-2.0;61%;1014hPa;10.0km;West;18.0km/h/5.0m/s;-;N/A;;MostlyCloudy;
2001/4/14;15:30;5.0;0.0;70%;1014hPa;10.0km;West;21.6km/h/6.0m/s;-;N/A;;MostlyCloudy;
2001/4/14;16:00;5.0;-1.0;65%;1014hPa;10.0km;West;14.4km/h/4.0m/s;-;N/A;;MostlyCloudy;
2001/4/14;16:30;6.0;-3.0;53%;1013hPa;10.0km;Variable;3.6km/h/1.0m/s;-;N/A;;MostlyCloudy;
2001/4/14;17:00;6.0;-4.0;49%;1013hPa;10.0km;Variable;7.2km/h/2.0m/s;-;N/A;;MostlyCloudy;
2001/4/14;17:30;5.0;-3.0;57%;1014hPa;10.0km;West;10.8km/h/3.0m/s;-;N/A;;MostlyCloudy;
2001/4/14;18:00;5.0;-3.0;57%;1014hPa;10.0km;NNE;10.8km/h/3.0m/s;-;N/A;;MostlyCloudy;
2001/4/14;18:30;5.0;-3.0;57%;1014hPa;10.0km;Variable;7.2km/h/2.0m/s;-;N/A;;ScatteredClouds;
2001/4/14;19:00;4.0;-4.0;56%;1014hPa;10.0km;ENE;18.0km/h/5.0m/s;-;N/A;;ScatteredClouds;
2001/4/14;19:30;4.0;-4.0;56%;1014hPa;10.0km;NNE;18.0km/h/5.0m/s;-;N/A;;ScatteredClouds;
2001/4/14;20:00;3.0;-4.0;60%;1015hPa;10.0km;NNE;25.2km/h/7.0m/s;-;N/A;;ScatteredClouds;
2001/4/14;20:30;2.0;-4.0;65%;1016hPa;-;North;18.0km/h/5.0m/s;-;N/A;;Clear;
2001/4/14;21:00;3.0;-2.0;70%;1016hPa;-;Variable;7.2km/h/2.0m/s;-;N/A;;Clear;
2001/4/14;21:30;2.0;-1.0;81%;1016hPa;-;West;3.6km/h/1.0m/s;-;N/A;;Clear;
2001/4/14;22:00;1.0;-1.0;87%;1016hPa;-;West;3.6km/h/1.0m/s;-;N/A;;Clear;
2001/4/14;22:30;1.0;-2.0;81%;1016hPa;-;Variable;3.6km/h/1.0m/s;-;N/A;;Clear;
2001/4/14;23:00;1.0;-4.0;70%;1016hPa;-;NNE;7.2km/h/2.0m/s;-;N/A;;Clear;
2001/4/14;23:30;0.0;-5.0;69%;1016hPa;-;NNE;10.8km/h/3.0m/s;-;N/A;;Clear;
