2001/5/16;00:00;14.0;11.0;82%;1011hPa;10.0km;Variable;3.6km/h/1.0m/s;-;N/A;Rain;LightRain;
2001/5/16;00:30;14.0;12.0;88%;1011hPa;-;West;3.6km/h/1.0m/s;-;N/A;;Clear;
2001/5/16;01:00;13.0;11.0;88%;1011hPa;-;Variable;3.6km/h/1.0m/s;-;N/A;;Clear;
2001/5/16;01:30;12.0;11.0;94%;1011hPa;-;North;3.6km/h/1.0m/s;-;N/A;;Clear;
2001/5/16;02:00;13.0;11.0;88%;1011hPa;-;North;3.6km/h/1.0m/s;-;N/A;;Clear;
2001/5/16;02:30;13.0;11.0;88%;1011hPa;-;Calm;Calm;-;N/A;;Clear;
2001/5/16;03:00;12.0;11.0;94%;1011hPa;10.0km;Variable;3.6km/h/1.0m/s;-;N/A;Rain;LightRain;
2001/5/16;03:30;13.0;11.0;88%;1011hPa;10.0km;SE;3.6km/h/1.0m/s;-;N/A;Rain;LightRain;
2001/5/16;04:00;13.0;11.0;88%;1011hPa;10.0km;Calm;Calm;-;N/A;Rain;LightRain;
2001/5/16;04:30;13.0;12.0;94%;1012hPa;-;West;3.6km/h/1.0m/s;-;N/A;;Clear;
2001/5/16;05:00;12.0;11.0;94%;1012hPa;-;Variable;3.6km/h/1.0m/s;-;N/A;;Clear;
2001/5/16;05:30;12.0;11.0;94%;1012hPa;-;Variable;3.6km/h/1.0m/s;-;N/A;;Clear;
2001/5/16;06:00;12.0;11.0;94%;1012hPa;-;Variable;7.2km/h/2.0m/s;-;N/A;;Clear;
2001/5/16;06:30;13.0;11.0;88%;1013hPa;-;SSW;14.4km/h/4.0m/s;-;N/A;;Clear;
2001/5/16;07:00;13.0;10.0;82%;1013hPa;-;SSW;10.8km/h/3.0m/s;-;N/A;;Clear;
2001/5/16;07:30;14.0;11.0;82%;1013hPa;-;SSW;14.4km/h/4.0m/s;-;N/A;;Clear;
2001/5/16;08:00;15.0;12.0;82%;1013hPa;-;SSW;14.4km/h/4.0m/s;-;N/A;;Clear;
2001/5/16;08:30;16.0;12.0;77%;1013hPa;-;SSW;14.4km/h/4.0m/s;-;N/A;;Clear;
2001/5/16;09:00;16.0;11.0;72%;1014hPa;10.0km;SSW;14.4km/h/4.0m/s;-;N/A;;MostlyCloudy;
2001/5/16;09:30;16.0;12.0;77%;1014hPa;10.0km;SSW;14.4km/h/4.0m/s;-;N/A;;MostlyCloudy;
2001/5/16;10:00;16.0;11.0;72%;1014hPa;10.0km;SW;18.0km/h/5.0m/s;-;N/A;;MostlyCloudy;
2001/5/16;10:30;15.0;11.0;77%;1014hPa;10.0km;WSW;14.4km/h/4.0m/s;-;N/A;;Overcast;
2001/5/16;11:00;15.0;11.0;77%;1015hPa;10.0km;WSW;14.4km/h/4.0m/s;-;N/A;;Overcast;
2001/5/16;11:30;16.0;11.0;72%;1015hPa;10.0km;WSW;14.4km/h/4.0m/s;-;N/A;;MostlyCloudy;
2001/5/16;12:00;18.0;12.0;68%;1015hPa;10.0km;WSW;14.4km/h/4.0m/s;-;N/A;;ScatteredClouds;
2001/5/16;12:30;19.0;13.0;68%;1015hPa;10.0km;SW;14.4km/h/4.0m/s;-;N/A;;ScatteredClouds;
2001/5/16;13:00;19.0;13.0;68%;1015hPa;10.0km;SW;14.4km/h/4.0m/s;-;N/A;;ScatteredClouds;
2001/5/16;13:30;20.0;13.0;64%;1015hPa;10.0km;WSW;14.4km/h/4.0m/s;-;N/A;;ScatteredClouds;
2001/5/16;14:00;21.0;12.0;56%;1015hPa;10.0km;SW;14.4km/h/4.0m/s;-;N/A;;ScatteredClouds;
2001/5/16;14:30;21.0;13.0;60%;1014hPa;10.0km;SSW;14.4km/h/4.0m/s;-;N/A;;ScatteredClouds;
2001/5/16;15:00;21.0;13.0;60%;1014hPa;10.0km;SSW;10.8km/h/3.0m/s;-;N/A;;ScatteredClouds;
2001/5/16;15:30;21.0;13.0;60%;1014hPa;10.0km;SW;18.0km/h/5.0m/s;-;N/A;;ScatteredClouds;
2001/5/16;16:00;23.0;12.0;50%;1014hPa;10.0km;WSW;14.4km/h/4.0m/s;-;N/A;;ScatteredClouds;
2001/5/16;16:30;22.0;12.0;53%;1014hPa;10.0km;SSW;10.8km/h/3.0m/s;-;N/A;;MostlyCloudy;
2001/5/16;17:00;21.0;14.0;64%;1014hPa;10.0km;South;14.4km/h/4.0m/s;-;N/A;;MostlyCloudy;
2001/5/16;17:30;22.0;12.0;53%;1014hPa;10.0km;SSW;18.0km/h/5.0m/s;-;N/A;;ScatteredClouds;
2001/5/16;18:00;21.0;12.0;56%;1014hPa;10.0km;WSW;10.8km/h/3.0m/s;-;N/A;;ScatteredClouds;
2001/5/16;18:30;22.0;11.0;50%;1014hPa;10.0km;WSW;18.0km/h/5.0m/s;-;N/A;;ScatteredClouds;
2001/5/16;19:00;22.0;11.0;50%;1014hPa;10.0km;WSW;14.4km/h/4.0m/s;-;N/A;;ScatteredClouds;
2001/5/16;19:30;21.0;11.0;53%;1014hPa;10.0km;WSW;18.0km/h/5.0m/s;-;N/A;;ScatteredClouds;
2001/5/16;20:00;19.0;10.0;56%;1014hPa;10.0km;SW;14.4km/h/4.0m/s;-;N/A;;PartlyCloudy;
2001/5/16;20:30;18.0;10.0;59%;1015hPa;10.0km;SW;14.4km/h/4.0m/s;-;N/A;;PartlyCloudy;
2001/5/16;21:00;17.0;10.0;63%;1015hPa;10.0km;SW;14.4km/h/4.0m/s;-;N/A;;PartlyCloudy;
2001/5/16;21:30;17.0;10.0;63%;1015hPa;-;Variable;7.2km/h/2.0m/s;-;N/A;;Clear;
2001/5/16;22:00;15.0;10.0;72%;1016hPa;-;South;10.8km/h/3.0m/s;-;N/A;;Clear;
2001/5/16;22:30;14.0;10.0;77%;1016hPa;-;Variable;3.6km/h/1.0m/s;-;N/A;;Clear;
2001/5/16;23:00;14.0;11.0;82%;1016hPa;-;Calm;Calm;-;N/A;;Clear;
2001/5/16;23:30;13.0;10.0;82%;1016hPa;-;WSW;7.2km/h/2.0m/s;-;N/A;;Clear;
