2001/12/23;00:00;-5.0;-6.0;93%;1008hPa;6.0km;SSE;7.2km/h/2.0m/s;-;N/A;;Overcast;
2001/12/23;00:30;-5.0;-6.0;93%;1008hPa;7.0km;Calm;Calm;-;N/A;;Overcast;
2001/12/23;01:00;-5.0;-6.0;93%;1008hPa;7.0km;Calm;Calm;-;N/A;;Overcast;
2001/12/23;01:30;-5.0;-6.0;93%;1008hPa;6.0km;WNW;3.6km/h/1.0m/s;-;N/A;;Overcast;
2001/12/23;02:00;-5.0;-6.0;93%;1008hPa;6.0km;WSW;3.6km/h/1.0m/s;-;N/A;;Overcast;
2001/12/23;02:30;-5.0;-6.0;93%;1007hPa;5.0km;Calm;Calm;-;N/A;;Overcast;
2001/12/23;03:00;-5.0;-5.0;100%;1007hPa;5.0km;NW;3.6km/h/1.0m/s;-;N/A;;Overcast;
2001/12/23;03:30;-5.0;-5.0;100%;1007hPa;3.5km;WNW;7.2km/h/2.0m/s;-;N/A;;Overcast;
2001/12/23;04:00;-5.0;-5.0;100%;1007hPa;3.0km;West;3.6km/h/1.0m/s;-;N/A;;Overcast;
2001/12/23;04:30;-4.0;-5.0;93%;1006hPa;3.0km;WSW;7.2km/h/2.0m/s;-;N/A;;Overcast;
2001/12/23;05:00;-4.0;-5.0;93%;1006hPa;3.0km;WSW;7.2km/h/2.0m/s;-;N/A;;Overcast;
2001/12/23;05:30;-4.0;-5.0;93%;1006hPa;2.5km;WSW;10.8km/h/3.0m/s;-;N/A;;Overcast;
2001/12/23;06:00;-4.0;-5.0;93%;1007hPa;1.8km;West;10.8km/h/3.0m/s;-;N/A;;Overcast;
2001/12/23;06:30;-5.0;-5.0;100%;1006hPa;1.2km;SW;7.2km/h/2.0m/s;-;N/A;;Overcast;
2001/12/23;07:00;-5.0;-5.0;100%;1006hPa;1.0km;WSW;3.6km/h/1.0m/s;-;N/A;;Overcast;
2001/12/23;07:30;-4.0;-5.0;93%;1006hPa;0.2km;Variable;3.6km/h/1.0m/s;-;N/A;Fog,Snow;LightSnowGrains;
2001/12/23;08:00;-4.0;-4.0;100%;1005hPa;0.6km;Variable;7.2km/h/2.0m/s;-;N/A;Fog,Snow;LightSnowGrains;
2001/12/23;08:30;-4.0;-4.0;100%;1005hPa;0.7km;Variable;7.2km/h/2.0m/s;-;N/A;Fog;LightFreezingFog;
2001/12/23;09:00;-4.0;-4.0;100%;1005hPa;0.8km;SW;10.8km/h/3.0m/s;-;N/A;Fog;LightFreezingFog;
2001/12/23;09:30;-4.0;-4.0;100%;1005hPa;0.2km;Variable;7.2km/h/2.0m/s;-;N/A;Fog;LightFreezingFog;
2001/12/23;10:00;-4.0;-4.0;100%;1005hPa;0.7km;SW;10.8km/h/3.0m/s;-;N/A;Fog;LightFreezingFog;
2001/12/23;10:30;-4.0;-4.0;100%;1005hPa;1.2km;WSW;7.2km/h/2.0m/s;-;N/A;;Overcast;
2001/12/23;11:00;-4.0;-4.0;100%;1005hPa;1.3km;Variable;3.6km/h/1.0m/s;-;N/A;;Overcast;
2001/12/23;11:30;-4.0;-4.0;100%;1005hPa;2.0km;Calm;Calm;-;N/A;;Overcast;
2001/12/23;12:00;-4.0;-4.0;100%;1005hPa;2.5km;Variable;7.2km/h/2.0m/s;-;N/A;;Overcast;
2001/12/23;12:30;-3.0;-4.0;93%;1005hPa;2.8km;Variable;3.6km/h/1.0m/s;-;N/A;;Overcast;
2001/12/23;13:00;-4.0;-4.0;100%;1005hPa;3.0km;WSW;7.2km/h/2.0m/s;-;N/A;;Overcast;
2001/12/23;13:30;-4.0;-4.0;100%;1005hPa;-;Variable;7.2km/h/2.0m/s;-;N/A;;Overcast;
2001/12/23;14:00;-3.0;-4.0;93%;1005hPa;3.5km;Variable;7.2km/h/2.0m/s;-;N/A;;Overcast;
2001/12/23;14:30;-3.0;-4.0;93%;1005hPa;3.5km;NW;3.6km/h/1.0m/s;-;N/A;;Overcast;
2001/12/23;15:00;-3.0;-4.0;93%;1006hPa;-;Variable;3.6km/h/1.0m/s;-;N/A;;Overcast;
2001/12/23;15:30;-4.0;-4.0;100%;1006hPa;-;Variable;7.2km/h/2.0m/s;-;N/A;;Overcast;
2001/12/23;16:00;-3.0;-4.0;93%;1006hPa;3.5km;NE;7.2km/h/2.0m/s;-;N/A;Snow;LightSnow;
2001/12/23;16:30;-4.0;-5.0;93%;1007hPa;4.0km;Variable;7.2km/h/2.0m/s;-;N/A;Snow;LightSnow;
2001/12/23;17:00;-3.0;-5.0;86%;1007hPa;6.0km;Variable;7.2km/h/2.0m/s;-;N/A;;MostlyCloudy;
2001/12/23;17:30;-3.0;-6.0;80%;1007hPa;6.0km;NE;7.2km/h/2.0m/s;-;N/A;;MostlyCloudy;
2001/12/23;18:00;-3.0;-7.0;74%;1008hPa;8.0km;Variable;3.6km/h/1.0m/s;-;N/A;;MostlyCloudy;
2001/12/23;18:30;-3.0;-9.0;64%;1008hPa;10.0km;Variable;3.6km/h/1.0m/s;-;N/A;;MostlyCloudy;
2001/12/23;19:00;-3.0;-10.0;59%;1009hPa;-;North;25.2km/h/7.0m/s;43.2km/h/12.0m/s;N/A;;Clear;
2001/12/23;19:30;-4.0;-11.0;59%;1009hPa;-;North;18.0km/h/5.0m/s;-;N/A;;Clear;
2001/12/23;20:00;-4.0;-11.0;59%;1010hPa;-;North;18.0km/h/5.0m/s;-;N/A;;Clear;
2001/12/23;20:30;-4.0;-12.0;54%;1011hPa;-;North;10.8km/h/3.0m/s;-;N/A;;Clear;
2001/12/23;21:00;-5.0;-12.0;59%;1011hPa;-;North;21.6km/h/6.0m/s;-;N/A;;Clear;
2001/12/23;21:30;-6.0;-13.0;58%;1012hPa;-;NNE;25.2km/h/7.0m/s;-;N/A;;Clear;
2001/12/23;22:00;-6.0;-14.0;54%;1012hPa;-;North;21.6km/h/6.0m/s;-;N/A;;Clear;
2001/12/23;22:30;-7.0;-14.0;58%;1013hPa;-;North;21.6km/h/6.0m/s;-;N/A;;Clear;
2001/12/23;23:00;-7.0;-15.0;54%;1014hPa;-;NNW;14.4km/h/4.0m/s;-;N/A;;Clear;
2001/12/23;23:30;-7.0;-16.0;49%;1015hPa;-;Variable;7.2km/h/2.0m/s;-;N/A;;Clear;
