2001/11/21;00:00;1.0;-1.0;87%;1024hPa;10.0km;WSW;3.6km/h/1.0m/s;-;N/A;;MostlyCloudy;
2001/11/21;00:30;1.0;0.0;93%;1024hPa;10.0km;Variable;3.6km/h/1.0m/s;-;N/A;;MostlyCloudy;
2001/11/21;01:00;1.0;0.0;93%;1024hPa;10.0km;Variable;3.6km/h/1.0m/s;-;N/A;;MostlyCloudy;
2001/11/21;01:30;1.0;-1.0;87%;1025hPa;10.0km;Variable;3.6km/h/1.0m/s;-;N/A;;MostlyCloudy;
2001/11/21;02:00;1.0;0.0;93%;1025hPa;10.0km;Calm;Calm;-;N/A;Snow;LightSnow;
2001/11/21;02:30;1.0;0.0;93%;1025hPa;10.0km;Variable;7.2km/h/2.0m/s;-;N/A;Snow;LightSnow;
2001/11/21;03:00;1.0;-1.0;87%;1025hPa;10.0km;WSW;10.8km/h/3.0m/s;-;N/A;Snow;LightSnow;
2001/11/21;03:30;1.0;-1.0;87%;1025hPa;10.0km;WSW;3.6km/h/1.0m/s;-;N/A;Snow;LightSnow;
2001/11/21;04:00;1.0;0.0;93%;1025hPa;10.0km;West;3.6km/h/1.0m/s;-;N/A;Snow;LightSnow;
2001/11/21;04:30;1.0;-1.0;87%;1025hPa;10.0km;Variable;3.6km/h/1.0m/s;-;N/A;Snow;LightSnow;
2001/11/21;05:00;1.0;0.0;93%;1025hPa;10.0km;Variable;3.6km/h/1.0m/s;-;N/A;Snow;LightSnow;
2001/11/21;05:30;0.0;0.0;100%;1025hPa;10.0km;SW;7.2km/h/2.0m/s;-;N/A;Snow;LightSnow;
2001/11/21;06:00;1.0;0.0;93%;1025hPa;10.0km;South;3.6km/h/1.0m/s;-;N/A;;MostlyCloudy;
2001/11/21;06:30;1.0;0.0;93%;1025hPa;10.0km;SSW;7.2km/h/2.0m/s;-;N/A;Snow;LightSnow;
2001/11/21;07:00;1.0;0.0;93%;1026hPa;-;Variable;3.6km/h/1.0m/s;-;N/A;Snow;LightSnow;
2001/11/21;07:30;0.0;-1.0;93%;1026hPa;7.0km;SSW;7.2km/h/2.0m/s;-;N/A;Snow;LightSnow;
2001/11/21;08:00;0.0;-1.0;93%;1026hPa;5.0km;Variable;3.6km/h/1.0m/s;-;N/A;Snow;LightSnow;
2001/11/21;08:30;0.0;-1.0;93%;1026hPa;5.0km;Variable;3.6km/h/1.0m/s;-;N/A;Snow;LightSnow;
2001/11/21;09:00;1.0;0.0;93%;1026hPa;3.5km;Variable;7.2km/h/2.0m/s;-;N/A;Snow;LightSnow;
2001/11/21;09:30;1.0;0.0;93%;1026hPa;3.5km;Variable;7.2km/h/2.0m/s;-;N/A;Fog,Snow;LightSnow;
2001/11/21;10:00;1.0;0.0;93%;1026hPa;4.5km;South;7.2km/h/2.0m/s;-;N/A;Fog;PatchesofFog;
2001/11/21;10:30;1.0;0.0;93%;1026hPa;5.0km;Variable;7.2km/h/2.0m/s;-;N/A;;MostlyCloudy;
2001/11/21;11:00;2.0;0.0;87%;1026hPa;5.0km;Variable;7.2km/h/2.0m/s;-;N/A;;MostlyCloudy;
2001/11/21;11:30;4.0;1.0;81%;1026hPa;8.0km;Variable;3.6km/h/1.0m/s;-;N/A;;MostlyCloudy;
2001/11/21;12:00;4.0;1.0;81%;1025hPa;6.0km;SE;3.6km/h/1.0m/s;-;N/A;;MostlyCloudy;
2001/11/21;12:30;4.0;1.0;81%;1025hPa;5.0km;Variable;7.2km/h/2.0m/s;-;N/A;;ScatteredClouds;
2001/11/21;13:00;3.0;0.0;81%;1025hPa;8.0km;Variable;7.2km/h/2.0m/s;-;N/A;;MostlyCloudy;
2001/11/21;13:30;3.0;1.0;87%;1025hPa;8.0km;Variable;7.2km/h/2.0m/s;-;N/A;;MostlyCloudy;
2001/11/21;14:00;4.0;1.0;81%;1025hPa;8.0km;SE;7.2km/h/2.0m/s;-;N/A;;MostlyCloudy;
2001/11/21;14:30;4.0;1.0;81%;1025hPa;8.0km;East;7.2km/h/2.0m/s;-;N/A;;MostlyCloudy;
2001/11/21;15:00;3.0;1.0;87%;1025hPa;8.0km;Variable;7.2km/h/2.0m/s;-;N/A;;MostlyCloudy;
2001/11/21;15:30;3.0;1.0;87%;1025hPa;8.0km;Variable;3.6km/h/1.0m/s;-;N/A;;MostlyCloudy;
2001/11/21;16:00;3.0;1.0;87%;1025hPa;8.0km;NNE;3.6km/h/1.0m/s;-;N/A;;MostlyCloudy;
2001/11/21;16:30;2.0;1.0;93%;1025hPa;-;East;3.6km/h/1.0m/s;-;N/A;;Clear;
2001/11/21;17:00;2.0;0.0;87%;1025hPa;-;Variable;3.6km/h/1.0m/s;-;N/A;;Clear;
2001/11/21;17:30;2.0;1.0;93%;1025hPa;-;Calm;Calm;-;N/A;;Clear;
2001/11/21;18:00;2.0;1.0;93%;1025hPa;-;Calm;Calm;-;N/A;;Clear;
2001/11/21;18:30;2.0;1.0;93%;1025hPa;-;Calm;Calm;-;N/A;;Clear;
2001/11/21;19:00;1.0;1.0;100%;1025hPa;-;Calm;Calm;-;N/A;;Clear;
2001/11/21;19:30;1.0;1.0;100%;1024hPa;-;SE;3.6km/h/1.0m/s;-;N/A;;Clear;
2001/11/21;20:00;1.0;1.0;100%;1024hPa;-;SSE;7.2km/h/2.0m/s;-;N/A;;Clear;
2001/11/21;20:30;1.0;1.0;100%;1024hPa;10.0km;SSE;3.6km/h/1.0m/s;-;N/A;;MostlyCloudy;
2001/11/21;21:00;1.0;0.0;93%;1024hPa;10.0km;Calm;Calm;-;N/A;;MostlyCloudy;
2001/11/21;21:30;1.0;0.0;93%;1024hPa;8.0km;Calm;Calm;-;N/A;;MostlyCloudy;
2001/11/21;22:00;1.0;0.0;93%;1023hPa;8.0km;SW;3.6km/h/1.0m/s;-;N/A;;MostlyCloudy;
2001/11/21;22:30;1.0;0.0;93%;1023hPa;8.0km;South;7.2km/h/2.0m/s;-;N/A;;Overcast;
2001/11/21;23:00;0.0;0.0;100%;1023hPa;6.0km;Variable;3.6km/h/1.0m/s;-;N/A;;MostlyCloudy;
2001/11/21;23:30;0.0;0.0;100%;1023hPa;6.0km;Variable;3.6km/h/1.0m/s;-;N/A;;Overcast;
