2001/12/11;00:00;-7.0;-9.0;86%;1035hPa;4.0km;WSW;3.6km/h/1.0m/s;-;N/A;;Overcast;
2001/12/11;00:30;-7.0;-9.0;86%;1034hPa;4.0km;Calm;Calm;-;N/A;;Overcast;
2001/12/11;01:00;-7.0;-9.0;86%;1034hPa;4.0km;Variable;3.6km/h/1.0m/s;-;N/A;;Overcast;
2001/12/11;01:30;-7.0;-9.0;86%;1034hPa;4.0km;Calm;Calm;-;N/A;;Overcast;
2001/12/11;02:00;-7.0;-9.0;86%;1034hPa;4.0km;Calm;Calm;-;N/A;;Overcast;
2001/12/11;02:30;-7.0;-9.0;86%;1034hPa;3.0km;Calm;Calm;-;N/A;;Overcast;
2001/12/11;03:00;-7.0;-8.0;93%;1033hPa;3.5km;Calm;Calm;-;N/A;;Overcast;
2001/12/11;03:30;-7.0;-9.0;86%;1033hPa;3.0km;Calm;Calm;-;N/A;;Overcast;
2001/12/11;04:00;-7.0;-9.0;86%;1033hPa;4.0km;Calm;Calm;-;N/A;;Overcast;
2001/12/11;04:30;-7.0;-8.0;93%;1033hPa;4.0km;Calm;Calm;-;N/A;;Overcast;
2001/12/11;05:00;-7.0;-9.0;86%;1032hPa;4.0km;Calm;Calm;-;N/A;Snow;LightSnowGrains;
2001/12/11;05:30;-7.0;-8.0;93%;1032hPa;4.0km;Calm;Calm;-;N/A;Snow;LightSnowGrains;
2001/12/11;06:00;-7.0;-8.0;93%;1032hPa;4.0km;Calm;Calm;-;N/A;Snow;LightSnowGrains;
2001/12/11;06:30;-7.0;-8.0;93%;1032hPa;4.0km;Calm;Calm;-;N/A;;Overcast;
2001/12/11;07:00;-6.0;-8.0;86%;1032hPa;4.0km;Calm;Calm;-;N/A;;Overcast;
2001/12/11;07:30;-6.0;-8.0;86%;1032hPa;3.5km;Calm;Calm;-;N/A;;Overcast;
2001/12/11;08:00;-6.0;-8.0;86%;1032hPa;3.5km;Calm;Calm;-;N/A;;Overcast;
2001/12/11;08:30;-6.0;-8.0;86%;1032hPa;4.0km;Calm;Calm;-;N/A;;Overcast;
2001/12/11;09:00;-6.0;-8.0;86%;1032hPa;4.0km;Calm;Calm;-;N/A;;Overcast;
2001/12/11;09:30;-6.0;-8.0;86%;1032hPa;4.0km;Calm;Calm;-;N/A;;Overcast;
2001/12/11;10:00;-5.0;-8.0;80%;1032hPa;3.5km;Calm;Calm;-;N/A;Snow;LightSnowGrains;
2001/12/11;10:30;-5.0;-8.0;80%;1031hPa;3.5km;Variable;3.6km/h/1.0m/s;-;N/A;Snow;LightSnowGrains;
2001/12/11;11:00;-5.0;-7.0;86%;1031hPa;3.5km;Variable;3.6km/h/1.0m/s;-;N/A;Snow;LightSnowGrains;
2001/12/11;11:30;-5.0;-8.0;80%;1031hPa;3.5km;Variable;3.6km/h/1.0m/s;-;N/A;Snow;LightSnowGrains;
2001/12/11;12:00;-5.0;-7.0;86%;1031hPa;3.5km;Variable;3.6km/h/1.0m/s;-;N/A;Snow;LightSnowGrains;
2001/12/11;12:30;-5.0;-7.0;86%;1031hPa;3.0km;Calm;Calm;-;N/A;;Overcast;
2001/12/11;13:00;-4.0;-7.0;80%;1030hPa;3.0km;Variable;3.6km/h/1.0m/s;-;N/A;Snow;LightSnowGrains;
2001/12/11;13:30;-5.0;-7.0;86%;1030hPa;3.0km;Calm;Calm;-;N/A;;Overcast;
2001/12/11;14:00;-5.0;-7.0;86%;1030hPa;3.0km;Calm;Calm;-;N/A;;Overcast;
2001/12/11;14:30;-5.0;-7.0;86%;1030hPa;3.0km;Variable;3.6km/h/1.0m/s;-;N/A;;Overcast;
2001/12/11;15:00;-4.0;-7.0;80%;1030hPa;3.0km;Calm;Calm;-;N/A;;Overcast;
2001/12/11;15:30;-4.0;-7.0;80%;1029hPa;3.0km;Calm;Calm;-;N/A;;Overcast;
2001/12/11;16:00;-5.0;-7.0;86%;1029hPa;3.0km;Variable;3.6km/h/1.0m/s;-;N/A;;Overcast;
2001/12/11;16:30;-5.0;-7.0;86%;1029hPa;3.0km;Calm;Calm;-;N/A;;Overcast;
2001/12/11;17:00;-5.0;-7.0;86%;1029hPa;3.0km;Calm;Calm;-;N/A;;Overcast;
2001/12/11;17:30;-5.0;-7.0;86%;1029hPa;3.0km;Calm;Calm;-;N/A;;Overcast;
2001/12/11;18:00;-5.0;-7.0;86%;1029hPa;3.0km;Calm;Calm;-;N/A;;Overcast;
2001/12/11;18:30;-4.0;-7.0;80%;1029hPa;3.0km;Calm;Calm;-;N/A;;Overcast;
2001/12/11;19:00;-4.0;-7.0;80%;1029hPa;3.0km;Calm;Calm;-;N/A;;Overcast;
2001/12/11;19:30;-4.0;-7.0;80%;1029hPa;5.0km;Calm;Calm;-;N/A;;Overcast;
2001/12/11;20:00;-4.0;-7.0;80%;1029hPa;5.0km;Calm;Calm;-;N/A;;Overcast;
2001/12/11;20:30;-4.0;-7.0;80%;1028hPa;5.0km;Variable;3.6km/h/1.0m/s;-;N/A;;Overcast;
2001/12/11;21:00;-4.0;-6.0;86%;1028hPa;5.0km;South;3.6km/h/1.0m/s;-;N/A;;Overcast;
2001/12/11;21:30;-4.0;-6.0;86%;1028hPa;5.0km;Variable;7.2km/h/2.0m/s;-;N/A;;Overcast;
2001/12/11;22:00;-4.0;-6.0;86%;1028hPa;5.0km;SW;3.6km/h/1.0m/s;-;N/A;;Overcast;
2001/12/11;22:30;-4.0;-6.0;86%;1027hPa;4.0km;Variable;3.6km/h/1.0m/s;-;N/A;;Overcast;
2001/12/11;23:00;-4.0;-6.0;86%;1027hPa;3.0km;ESE;3.6km/h/1.0m/s;-;N/A;Snow;LightSnowGrains;
2001/12/11;23:30;-4.0;-6.0;86%;1027hPa;3.0km;Calm;Calm;-;N/A;;LightFreezingDrizzle;
