2001/1/23;00:00;-4.0;-5.0;93%;1025hPa;2.0km;SE;3.6km/h/1.0m/s;-;N/A;Snow;LightSnowGrains;
2001/1/23;00:30;-4.0;-5.0;93%;1025hPa;1.8km;Variable;3.6km/h/1.0m/s;-;N/A;Snow;LightSnowGrains;
2001/1/23;01:00;-4.0;-5.0;93%;1024hPa;1.8km;Variable;3.6km/h/1.0m/s;-;N/A;;Overcast;
2001/1/23;01:30;-4.0;-5.0;93%;1024hPa;2.2km;Calm;Calm;-;N/A;;Overcast;
2001/1/23;02:00;-4.0;-5.0;93%;1024hPa;3.0km;SSW;3.6km/h/1.0m/s;-;N/A;;Overcast;
2001/1/23;02:30;-4.0;-5.0;93%;1024hPa;3.0km;SSW;3.6km/h/1.0m/s;-;N/A;Snow;LightSnow;
2001/1/23;03:00;-4.0;-5.0;93%;1024hPa;3.0km;West;7.2km/h/2.0m/s;-;N/A;Snow;LightSnowGrains;
2001/1/23;03:30;-3.0;-5.0;86%;1023hPa;3.5km;Variable;3.6km/h/1.0m/s;-;N/A;Snow;LightSnowGrains;
2001/1/23;04:00;-3.0;-4.0;93%;1023hPa;3.0km;ESE;3.6km/h/1.0m/s;-;N/A;Snow;LightSnow;
2001/1/23;04:30;-4.0;-5.0;93%;1024hPa;3.0km;Variable;3.6km/h/1.0m/s;-;N/A;Snow;LightSnow;
2001/1/23;05:00;-4.0;-4.0;100%;1023hPa;2.5km;Variable;3.6km/h/1.0m/s;-;N/A;;Overcast;
2001/1/23;05:30;-4.0;-4.0;100%;1023hPa;2.5km;North;3.6km/h/1.0m/s;-;N/A;;Overcast;
2001/1/23;06:00;-3.0;-4.0;93%;1023hPa;-;North;3.6km/h/1.0m/s;-;N/A;;Overcast;
2001/1/23;06:30;-3.0;-4.0;93%;1023hPa;-;NNE;7.2km/h/2.0m/s;-;N/A;;Overcast;
2001/1/23;07:00;-3.0;-4.0;93%;1023hPa;-;North;3.6km/h/1.0m/s;-;N/A;;Overcast;
2001/1/23;07:30;-3.0;-4.0;93%;1023hPa;-;North;3.6km/h/1.0m/s;-;N/A;;Overcast;
2001/1/23;08:00;-3.0;-5.0;86%;1023hPa;2.0km;Variable;3.6km/h/1.0m/s;-;N/A;Snow;LightSnow;
2001/1/23;08:30;-3.0;-4.0;93%;1023hPa;1.9km;West;3.6km/h/1.0m/s;-;N/A;Snow;LightSnow;
2001/1/23;09:00;-3.0;-4.0;93%;1023hPa;2.0km;Variable;3.6km/h/1.0m/s;-;N/A;Snow;LightSnow;
2001/1/23;09:30;-3.0;-4.0;93%;1023hPa;0.8km;Variable;7.2km/h/2.0m/s;-;N/A;Fog,Snow;Snow;
2001/1/23;10:00;-3.0;-4.0;93%;1023hPa;1.0km;SSW;3.6km/h/1.0m/s;-;N/A;Snow;Snow;
2001/1/23;10:30;-3.0;-4.0;93%;1023hPa;2.0km;Variable;7.2km/h/2.0m/s;-;N/A;Snow;LightSnow;
2001/1/23;11:00;-2.0;-4.0;86%;1023hPa;2.2km;Variable;3.6km/h/1.0m/s;-;N/A;Snow;LightSnow;
2001/1/23;11:30;-2.0;-4.0;86%;1023hPa;3.5km;Variable;3.6km/h/1.0m/s;-;N/A;Snow;LightSnow;
2001/1/23;12:00;-2.0;-4.0;86%;1023hPa;-;Variable;3.6km/h/1.0m/s;-;N/A;Snow;LightSnow;
2001/1/23;12:30;-2.0;-4.0;86%;1022hPa;4.0km;Variable;3.6km/h/1.0m/s;-;N/A;Snow;LightSnow;
2001/1/23;13:00;-2.0;-4.0;86%;1022hPa;4.0km;SSW;3.6km/h/1.0m/s;-;N/A;Snow;LightSnow;
2001/1/23;13:30;-2.0;-4.0;86%;1022hPa;-;South;7.2km/h/2.0m/s;-;N/A;Snow;LightSnow;
2001/1/23;14:00;-2.0;-4.0;86%;1022hPa;2.3km;Variable;3.6km/h/1.0m/s;-;N/A;Snow;LightSnow;
2001/1/23;14:30;-3.0;-4.0;93%;1022hPa;2.3km;Variable;3.6km/h/1.0m/s;-;N/A;Snow;LightSnow;
2001/1/23;15:00;-3.0;-4.0;93%;1022hPa;2.0km;Variable;3.6km/h/1.0m/s;-;N/A;Snow;LightSnow;
2001/1/23;15:30;-3.0;-4.0;93%;1022hPa;1.8km;Variable;3.6km/h/1.0m/s;-;N/A;Snow;LightSnow;
2001/1/23;16:00;-3.0;-4.0;93%;1022hPa;1.8km;Variable;3.6km/h/1.0m/s;-;N/A;Snow;LightSnow;
2001/1/23;16:30;-3.0;-4.0;93%;1022hPa;2.0km;NE;7.2km/h/2.0m/s;-;N/A;Snow;LightSnow;
2001/1/23;17:00;-3.0;-4.0;93%;1022hPa;2.5km;Variable;3.6km/h/1.0m/s;-;N/A;Snow;LightSnow;
2001/1/23;17:30;-3.0;-4.0;93%;1022hPa;2.5km;NNW;3.6km/h/1.0m/s;-;N/A;Snow;LightSnow;
2001/1/23;18:00;-3.0;-4.0;93%;1022hPa;2.0km;NNW;3.6km/h/1.0m/s;-;N/A;Snow;LightSnow;
2001/1/23;18:30;-3.0;-4.0;93%;1022hPa;2.4km;NNW;3.6km/h/1.0m/s;-;N/A;Snow;LightSnow;
2001/1/23;19:00;-3.0;-3.0;100%;1022hPa;2.2km;NNW;3.6km/h/1.0m/s;-;N/A;Snow;LightSnow;
2001/1/23;19:30;-3.0;-3.0;100%;1022hPa;2.2km;NNW;3.6km/h/1.0m/s;-;N/A;Snow;LightSnowGrains;
2001/1/23;20:00;-3.0;-3.0;100%;1022hPa;2.2km;North;3.6km/h/1.0m/s;-;N/A;Snow;LightSnow;
2001/1/23;20:30;-3.0;-4.0;93%;1022hPa;3.5km;Variable;3.6km/h/1.0m/s;-;N/A;Snow;LightSnow;
2001/1/23;21:00;-3.0;-4.0;93%;1022hPa;3.5km;West;3.6km/h/1.0m/s;-;N/A;Snow;LightSnow;
2001/1/23;21:30;-2.0;-4.0;86%;1023hPa;3.5km;Variable;3.6km/h/1.0m/s;-;N/A;Snow;LightSnow;
2001/1/23;22:00;-2.0;-4.0;86%;1023hPa;2.5km;Calm;Calm;-;N/A;Snow;Snow;
2001/1/23;22:30;-3.0;-3.0;100%;1023hPa;2.3km;Variable;3.6km/h/1.0m/s;-;N/A;Snow;Snow;
2001/1/23;23:00;-3.0;-3.0;100%;1023hPa;2.0km;Variable;3.6km/h/1.0m/s;-;N/A;Snow;Snow;
2001/1/23;23:30;-3.0;-3.0;100%;1023hPa;2.5km;Calm;Calm;-;N/A;Snow;LightSnow;
