2001/11/29;00:00;-3.0;-4.0;93%;1017hPa;6.0km;North;14.4km/h/4.0m/s;-;N/A;;ScatteredClouds;
2001/11/29;00:30;-4.0;-4.0;100%;1017hPa;6.0km;North;14.4km/h/4.0m/s;-;N/A;;ScatteredClouds;
2001/11/29;01:00;-3.0;-4.0;93%;1017hPa;7.0km;Variable;7.2km/h/2.0m/s;-;N/A;;MostlyCloudy;
2001/11/29;01:30;-3.0;-4.0;93%;1017hPa;6.0km;NNE;7.2km/h/2.0m/s;-;N/A;;MostlyCloudy;
2001/11/29;02:00;-3.0;-3.0;100%;1017hPa;4.0km;NNE;7.2km/h/2.0m/s;-;N/A;;MostlyCloudy;
2001/11/29;02:30;-3.0;-3.0;100%;1017hPa;7.0km;Variable;7.2km/h/2.0m/s;-;N/A;;MostlyCloudy;
2001/11/29;03:00;-3.0;-3.0;100%;1017hPa;7.0km;NNE;7.2km/h/2.0m/s;-;N/A;;MostlyCloudy;
2001/11/29;03:30;-3.0;-4.0;93%;1017hPa;8.0km;Calm;Calm;-;N/A;;PartlyCloudy;
2001/11/29;04:00;-3.0;-4.0;93%;1017hPa;8.0km;West;7.2km/h/2.0m/s;-;N/A;;MostlyCloudy;
2001/11/29;04:30;-2.0;-3.0;93%;1017hPa;8.0km;WSW;3.6km/h/1.0m/s;-;N/A;;MostlyCloudy;
2001/11/29;05:00;-2.0;-3.0;93%;1017hPa;4.0km;SSE;7.2km/h/2.0m/s;-;N/A;Snow;LightSnow;
2001/11/29;05:30;-2.0;-3.0;93%;1017hPa;3.5km;Variable;3.6km/h/1.0m/s;-;N/A;Snow;LightSnow;
2001/11/29;06:00;-2.0;-3.0;93%;1017hPa;3.0km;Calm;Calm;-;N/A;Snow;LightSnow;
2001/11/29;06:30;-2.0;-3.0;93%;1017hPa;2.5km;Calm;Calm;-;N/A;Snow;LightSnow;
2001/11/29;07:00;-2.0;-3.0;93%;1017hPa;2.5km;Calm;Calm;-;N/A;;Overcast;
2001/11/29;07:30;-2.0;-3.0;93%;1017hPa;4.0km;SW;3.6km/h/1.0m/s;-;N/A;;MostlyCloudy;
2001/11/29;08:00;-2.0;-3.0;93%;1017hPa;4.0km;SSW;3.6km/h/1.0m/s;-;N/A;;MostlyCloudy;
2001/11/29;08:30;-2.0;-2.0;100%;1017hPa;4.0km;SW;3.6km/h/1.0m/s;-;N/A;;MostlyCloudy;
2001/11/29;09:00;-1.0;-1.0;100%;1017hPa;6.0km;Calm;Calm;-;N/A;;MostlyCloudy;
2001/11/29;09:30;0.0;-1.0;93%;1017hPa;6.0km;Calm;Calm;-;N/A;;Overcast;
2001/11/29;10:00;0.0;-1.0;93%;1018hPa;5.0km;South;3.6km/h/1.0m/s;-;N/A;;Overcast;
2001/11/29;10:30;1.0;-1.0;87%;1018hPa;5.0km;Variable;3.6km/h/1.0m/s;-;N/A;;Overcast;
2001/11/29;11:00;1.0;0.0;93%;1018hPa;5.0km;Variable;3.6km/h/1.0m/s;-;N/A;;Overcast;
2001/11/29;11:30;2.0;0.0;87%;1017hPa;2.0km;South;7.2km/h/2.0m/s;-;N/A;Fog;PatchesofFog;
2001/11/29;12:00;2.0;0.0;87%;1017hPa;2.0km;SSE;3.6km/h/1.0m/s;-;N/A;;MostlyCloudy;
2001/11/29;12:30;3.0;1.0;87%;1017hPa;6.0km;South;7.2km/h/2.0m/s;-;N/A;;MostlyCloudy;
2001/11/29;13:00;4.0;0.0;75%;1017hPa;6.0km;Variable;7.2km/h/2.0m/s;-;N/A;;MostlyCloudy;
2001/11/29;13:30;4.0;0.0;75%;1017hPa;10.0km;Variable;3.6km/h/1.0m/s;-;N/A;;ScatteredClouds;
2001/11/29;14:00;4.0;0.0;75%;1017hPa;10.0km;Variable;3.6km/h/1.0m/s;-;N/A;;ScatteredClouds;
2001/11/29;14:30;4.0;0.0;75%;1017hPa;-;WSW;3.6km/h/1.0m/s;-;N/A;;Clear;
2001/11/29;15:00;3.0;0.0;81%;1017hPa;-;South;3.6km/h/1.0m/s;-;N/A;;Clear;
2001/11/29;15:30;2.0;0.0;87%;1017hPa;-;Variable;3.6km/h/1.0m/s;-;N/A;;Clear;
2001/11/29;16:00;2.0;0.0;87%;1017hPa;-;WNW;7.2km/h/2.0m/s;-;N/A;;Clear;
2001/11/29;16:30;3.0;0.0;81%;1017hPa;10.0km;North;10.8km/h/3.0m/s;-;N/A;;MostlyCloudy;
2001/11/29;17:00;2.0;0.0;87%;1017hPa;10.0km;North;10.8km/h/3.0m/s;-;N/A;;MostlyCloudy;
2001/11/29;17:30;2.0;0.0;87%;1017hPa;10.0km;East;7.2km/h/2.0m/s;-;N/A;;MostlyCloudy;
2001/11/29;18:00;2.0;0.0;87%;1017hPa;10.0km;Variable;3.6km/h/1.0m/s;-;N/A;;MostlyCloudy;
2001/11/29;18:30;1.0;-1.0;87%;1017hPa;10.0km;Calm;Calm;-;N/A;;ScatteredClouds;
2001/11/29;19:00;0.0;-1.0;93%;1017hPa;10.0km;Variable;3.6km/h/1.0m/s;-;N/A;;ScatteredClouds;
2001/11/29;19:30;0.0;-1.0;93%;1017hPa;-;Variable;3.6km/h/1.0m/s;-;N/A;;Clear;
2001/11/29;20:00;-1.0;-3.0;86%;1017hPa;-;Variable;7.2km/h/2.0m/s;-;N/A;;Clear;
2001/11/29;20:30;0.0;-1.0;93%;1017hPa;-;NW;7.2km/h/2.0m/s;-;N/A;;Clear;
2001/11/29;21:00;1.0;-1.0;87%;1017hPa;-;NNW;7.2km/h/2.0m/s;-;N/A;;Clear;
2001/11/29;21:30;0.0;-1.0;93%;1017hPa;-;NW;7.2km/h/2.0m/s;-;N/A;;Clear;
2001/11/29;22:00;0.0;-2.0;87%;1017hPa;-;NNE;10.8km/h/3.0m/s;-;N/A;;Clear;
2001/11/29;22:30;0.0;-2.0;87%;1017hPa;-;NNE;7.2km/h/2.0m/s;-;N/A;;Clear;
2001/11/29;23:00;0.0;-1.0;93%;1017hPa;-;North;7.2km/h/2.0m/s;-;N/A;;Clear;
2001/11/29;23:30;0.0;-1.0;93%;1017hPa;-;North;10.8km/h/3.0m/s;-;N/A;;Clear;
