2001/5/12;00:00;12.0;2.0;51%;1013hPa;-;NNE;21.6km/h/6.0m/s;-;N/A;;Clear;
2001/5/12;00:30;12.0;1.0;47%;1013hPa;-;North;28.8km/h/8.0m/s;-;N/A;;Clear;
2001/5/12;01:00;12.0;0.0;44%;1014hPa;-;North;28.8km/h/8.0m/s;-;N/A;;Clear;
2001/5/12;01:30;11.0;0.0;47%;1014hPa;-;North;25.2km/h/7.0m/s;-;N/A;;Clear;
2001/5/12;02:00;11.0;1.0;50%;1014hPa;-;North;18.0km/h/5.0m/s;-;N/A;;Clear;
2001/5/12;02:30;11.0;1.0;50%;1014hPa;-;North;14.4km/h/4.0m/s;-;N/A;;Clear;
2001/5/12;03:00;11.0;1.0;50%;1013hPa;-;North;14.4km/h/4.0m/s;-;N/A;;Clear;
2001/5/12;03:30;11.0;1.0;50%;1013hPa;-;North;14.4km/h/4.0m/s;-;N/A;;Clear;
2001/5/12;04:00;10.0;2.0;58%;1013hPa;-;North;10.8km/h/3.0m/s;-;N/A;;Clear;
2001/5/12;04:30;11.0;1.0;50%;1013hPa;-;North;10.8km/h/3.0m/s;-;N/A;;Clear;
2001/5/12;05:00;11.0;1.0;50%;1013hPa;-;North;14.4km/h/4.0m/s;-;N/A;;Clear;
2001/5/12;05:30;11.0;1.0;50%;1013hPa;-;North;14.4km/h/4.0m/s;-;N/A;;Clear;
2001/5/12;06:00;11.0;2.0;54%;1013hPa;-;North;14.4km/h/4.0m/s;-;N/A;;Clear;
2001/5/12;06:30;11.0;2.0;54%;1014hPa;-;North;18.0km/h/5.0m/s;-;N/A;;Clear;
2001/5/12;07:00;11.0;2.0;54%;1014hPa;10.0km;North;18.0km/h/5.0m/s;-;N/A;;MostlyCloudy;
2001/5/12;07:30;11.0;3.0;58%;1014hPa;-;North;18.0km/h/5.0m/s;-;N/A;;Clear;
2001/5/12;08:00;11.0;3.0;58%;1014hPa;10.0km;North;25.2km/h/7.0m/s;-;N/A;;MostlyCloudy;
2001/5/12;08:30;12.0;3.0;54%;1014hPa;10.0km;North;25.2km/h/7.0m/s;-;N/A;;MostlyCloudy;
2001/5/12;09:00;12.0;2.0;51%;1014hPa;10.0km;North;28.8km/h/8.0m/s;-;N/A;;ScatteredClouds;
2001/5/12;09:30;12.0;3.0;54%;1014hPa;10.0km;NNE;28.8km/h/8.0m/s;-;N/A;;MostlyCloudy;
2001/5/12;10:00;12.0;2.0;51%;1014hPa;10.0km;NNE;28.8km/h/8.0m/s;-;N/A;;MostlyCloudy;
2001/5/12;10:30;13.0;3.0;51%;1014hPa;10.0km;NNE;28.8km/h/8.0m/s;-;N/A;;MostlyCloudy;
2001/5/12;11:00;13.0;4.0;54%;1015hPa;10.0km;NNE;25.2km/h/7.0m/s;-;N/A;;MostlyCloudy;
2001/5/12;11:30;13.0;4.0;54%;1015hPa;10.0km;NNE;25.2km/h/7.0m/s;-;N/A;;MostlyCloudy;
2001/5/12;12:00;12.0;3.0;54%;1015hPa;10.0km;NNE;28.8km/h/8.0m/s;-;N/A;;MostlyCloudy;
2001/5/12;12:30;11.0;2.0;54%;1015hPa;10.0km;North;25.2km/h/7.0m/s;-;N/A;;MostlyCloudy;
2001/5/12;13:00;14.0;3.0;48%;1015hPa;10.0km;North;25.2km/h/7.0m/s;-;N/A;;MostlyCloudy;
2001/5/12;13:30;14.0;3.0;48%;1015hPa;10.0km;North;28.8km/h/8.0m/s;-;N/A;;MostlyCloudy;
2001/5/12;14:00;14.0;1.0;41%;1015hPa;10.0km;North;32.4km/h/9.0m/s;-;N/A;;MostlyCloudy;
2001/5/12;14:30;14.0;1.0;41%;1015hPa;10.0km;North;28.8km/h/8.0m/s;50.4km/h/14.0m/s;N/A;;MostlyCloudy;
2001/5/12;15:00;13.0;1.0;44%;1015hPa;10.0km;NNE;28.8km/h/8.0m/s;-;N/A;;MostlyCloudy;
2001/5/12;15:30;11.0;6.0;71%;1015hPa;10.0km;NNE;21.6km/h/6.0m/s;-;N/A;;MostlyCloudy;
2001/5/12;16:00;10.0;4.0;66%;1016hPa;10.0km;North;28.8km/h/8.0m/s;-;N/A;;MostlyCloudy;
2001/5/12;16:30;10.0;5.0;71%;1016hPa;10.0km;North;28.8km/h/8.0m/s;-;N/A;;MostlyCloudy;
2001/5/12;17:00;10.0;3.0;62%;1016hPa;10.0km;North;21.6km/h/6.0m/s;-;N/A;;MostlyCloudy;
2001/5/12;17:30;11.0;4.0;62%;1016hPa;10.0km;NNW;18.0km/h/5.0m/s;-;N/A;;MostlyCloudy;
2001/5/12;18:00;12.0;3.0;54%;1016hPa;10.0km;North;21.6km/h/6.0m/s;-;N/A;;MostlyCloudy;
2001/5/12;18:30;11.0;3.0;58%;1016hPa;10.0km;North;25.2km/h/7.0m/s;-;N/A;;MostlyCloudy;
2001/5/12;19:00;11.0;3.0;58%;1016hPa;10.0km;North;21.6km/h/6.0m/s;-;N/A;;MostlyCloudy;
2001/5/12;19:30;11.0;2.0;54%;1016hPa;10.0km;North;18.0km/h/5.0m/s;-;N/A;;MostlyCloudy;
2001/5/12;20:00;11.0;2.0;54%;1016hPa;10.0km;North;18.0km/h/5.0m/s;-;N/A;;MostlyCloudy;
2001/5/12;20:30;10.0;3.0;62%;1017hPa;10.0km;NNE;21.6km/h/6.0m/s;-;N/A;Rain;LightRainShowers;
2001/5/12;21:00;10.0;3.0;62%;1017hPa;10.0km;North;18.0km/h/5.0m/s;-;N/A;;MostlyCloudy;
2001/5/12;21:30;10.0;2.0;58%;1017hPa;10.0km;North;14.4km/h/4.0m/s;-;N/A;;MostlyCloudy;
2001/5/12;22:00;9.0;3.0;66%;1017hPa;10.0km;North;14.4km/h/4.0m/s;-;N/A;;MostlyCloudy;
2001/5/12;22:30;8.0;3.0;71%;1017hPa;-;NNW;10.8km/h/3.0m/s;-;N/A;;Clear;
2001/5/12;23:00;8.0;3.0;71%;1017hPa;-;NNW;10.8km/h/3.0m/s;-;N/A;;Clear;
2001/5/12;23:30;9.0;3.0;66%;1017hPa;-;North;10.8km/h/3.0m/s;-;N/A;;Clear;
