2001/11/27;00:00;-7.0;-9.0;86%;1014hPa;-;Calm;Calm;-;N/A;;Clear;
2001/11/27;00:30;-6.0;-7.0;93%;1014hPa;-;Calm;Calm;-;N/A;;Clear;
2001/11/27;01:00;-7.0;-8.0;93%;1014hPa;-;Calm;Calm;-;N/A;;Clear;
2001/11/27;01:30;-7.0;-8.0;93%;1014hPa;-;Calm;Calm;-;N/A;;Clear;
2001/11/27;02:00;-7.0;-8.0;93%;1015hPa;-;Variable;3.6km/h/1.0m/s;-;N/A;;Clear;
2001/11/27;02:30;-8.0;-8.0;100%;1015hPa;-;Variable;3.6km/h/1.0m/s;-;N/A;;Clear;
2001/11/27;03:00;-8.0;-9.0;93%;1015hPa;-;Variable;3.6km/h/1.0m/s;-;N/A;;Clear;
2001/11/27;03:30;-8.0;-9.0;93%;1015hPa;-;Calm;Calm;-;N/A;;Clear;
2001/11/27;04:30;-8.0;-8.0;100%;1015hPa;-;Calm;Calm;-;N/A;;Clear;
2001/11/27;05:00;-8.0;-8.0;100%;1015hPa;-;South;7.2km/h/2.0m/s;-;N/A;;Clear;
2001/11/27;05:30;-8.0;-9.0;93%;1016hPa;-;Calm;Calm;-;N/A;;Clear;
2001/11/27;06:00;-9.0;-10.0;93%;1016hPa;-;West;7.2km/h/2.0m/s;-;N/A;;Clear;
2001/11/27;06:30;-9.0;-10.0;93%;1016hPa;-;West;3.6km/h/1.0m/s;-;N/A;;Clear;
2001/11/27;07:00;-9.0;-10.0;93%;1016hPa;-;West;3.6km/h/1.0m/s;-;N/A;;Clear;
2001/11/27;07:30;-10.0;-11.0;93%;1017hPa;-;NNW;3.6km/h/1.0m/s;-;N/A;;Clear;
2001/11/27;08:00;-9.0;-10.0;93%;1017hPa;7.0km;ENE;3.6km/h/1.0m/s;-;N/A;;PartlyCloudy;
2001/11/27;08:30;-8.0;-9.0;93%;1017hPa;7.0km;Calm;Calm;-;N/A;;ScatteredClouds;
2001/11/27;09:00;-7.0;-8.0;93%;1017hPa;8.0km;WNW;3.6km/h/1.0m/s;-;N/A;;PartlyCloudy;
2001/11/27;09:30;-7.0;-8.0;93%;1017hPa;8.0km;Calm;Calm;-;N/A;;ScatteredClouds;
2001/11/27;10:00;-5.0;-7.0;86%;1017hPa;7.0km;Variable;3.6km/h/1.0m/s;-;N/A;;ScatteredClouds;
2001/11/27;10:30;-3.0;-5.0;86%;1017hPa;7.0km;Variable;3.6km/h/1.0m/s;-;N/A;;ScatteredClouds;
2001/11/27;11:00;-2.0;-5.0;80%;1017hPa;7.0km;Calm;Calm;-;N/A;;ScatteredClouds;
2001/11/27;11:30;-1.0;-4.0;80%;1017hPa;7.0km;Variable;3.6km/h/1.0m/s;-;N/A;;ScatteredClouds;
2001/11/27;12:00;-1.0;-4.0;80%;1017hPa;7.0km;Variable;7.2km/h/2.0m/s;-;N/A;;MostlyCloudy;
2001/11/27;12:30;-1.0;-4.0;80%;1017hPa;7.0km;South;10.8km/h/3.0m/s;-;N/A;;MostlyCloudy;
2001/11/27;13:00;-2.0;-4.0;86%;1017hPa;7.0km;WSW;7.2km/h/2.0m/s;-;N/A;;MostlyCloudy;
2001/11/27;13:30;-2.0;-3.0;93%;1017hPa;5.0km;SW;7.2km/h/2.0m/s;-;N/A;;MostlyCloudy;
2001/11/27;14:00;-2.0;-4.0;86%;1017hPa;5.0km;SW;7.2km/h/2.0m/s;-;N/A;;Overcast;
2001/11/27;14:30;-2.0;-4.0;86%;1017hPa;5.0km;South;10.8km/h/3.0m/s;-;N/A;;Overcast;
2001/11/27;15:00;-2.0;-4.0;86%;1017hPa;5.0km;South;10.8km/h/3.0m/s;-;N/A;;Overcast;
2001/11/27;15:30;-3.0;-4.0;93%;1017hPa;5.0km;South;10.8km/h/3.0m/s;-;N/A;;Overcast;
2001/11/27;16:00;-3.0;-5.0;86%;1017hPa;4.0km;South;7.2km/h/2.0m/s;-;N/A;;Overcast;
2001/11/27;16:30;-3.0;-4.0;93%;1017hPa;6.0km;South;10.8km/h/3.0m/s;-;N/A;;Overcast;
2001/11/27;17:00;-4.0;-5.0;93%;1018hPa;6.0km;South;7.2km/h/2.0m/s;-;N/A;;Overcast;
2001/11/27;17:30;-4.0;-5.0;93%;1018hPa;7.0km;South;7.2km/h/2.0m/s;-;N/A;;Overcast;
2001/11/27;18:00;-4.0;-5.0;93%;1018hPa;7.0km;South;7.2km/h/2.0m/s;-;N/A;;Overcast;
2001/11/27;18:30;-4.0;-5.0;93%;1018hPa;8.0km;South;10.8km/h/3.0m/s;-;N/A;;Overcast;
2001/11/27;19:00;-4.0;-5.0;93%;1018hPa;-;SSW;7.2km/h/2.0m/s;-;N/A;Snow;LightSnow;
2001/11/27;19:30;-4.0;-5.0;93%;1018hPa;-;South;7.2km/h/2.0m/s;-;N/A;Snow;LightSnow;
2001/11/27;20:00;-4.0;-5.0;93%;1018hPa;3.0km;South;7.2km/h/2.0m/s;-;N/A;;LightHail;
2001/11/27;20:30;-4.0;-4.0;100%;1018hPa;2.8km;South;3.6km/h/1.0m/s;-;N/A;;LightHail;
2001/11/27;21:00;-4.0;-5.0;93%;1018hPa;3.5km;Calm;Calm;-;N/A;;LightHail;
2001/11/27;21:30;-4.0;-4.0;100%;1018hPa;-;Calm;Calm;-;N/A;;LightHail;
2001/11/27;22:00;-4.0;-4.0;100%;1017hPa;3.5km;NW;3.6km/h/1.0m/s;-;N/A;;LightHail;
2001/11/27;22:30;-4.0;-4.0;100%;1017hPa;2.8km;NW;3.6km/h/1.0m/s;-;N/A;;LightHail;
2001/11/27;23:00;-4.0;-4.0;100%;1017hPa;2.9km;North;3.6km/h/1.0m/s;-;N/A;;LightHail;
2001/11/27;23:30;-3.0;-4.0;93%;1017hPa;3.5km;NNW;3.6km/h/1.0m/s;-;N/A;;LightHail;
