2001/2/6;00:00;1.0;1.0;100%;1011hPa;0.3km;Variable;3.6km/h/1.0m/s;-;N/A;Fog;Fog;
2001/2/6;00:30;1.0;1.0;100%;1012hPa;0.3km;West;7.2km/h/2.0m/s;-;N/A;Fog;Fog;
2001/2/6;01:00;2.0;2.0;100%;1012hPa;0.2km;WSW;10.8km/h/3.0m/s;-;N/A;Fog;Fog;
2001/2/6;01:30;2.0;2.0;100%;1012hPa;0.2km;Variable;7.2km/h/2.0m/s;-;N/A;Fog;Fog;
2001/2/6;02:00;2.0;2.0;100%;1012hPa;0.2km;Calm;Calm;-;N/A;Fog;Fog;
2001/2/6;02:30;2.0;2.0;100%;1012hPa;0.2km;SSW;3.6km/h/1.0m/s;-;N/A;Fog;Fog;
2001/2/6;03:00;1.0;1.0;100%;1012hPa;0.1km;SSE;3.6km/h/1.0m/s;-;N/A;Fog;Fog;
2001/2/6;03:30;2.0;2.0;100%;1013hPa;0.2km;WSW;7.2km/h/2.0m/s;-;N/A;Fog;Fog;
2001/2/6;04:00;2.0;2.0;100%;1013hPa;0.2km;WSW;7.2km/h/2.0m/s;-;N/A;Fog;Fog;
2001/2/6;04:30;2.0;2.0;100%;1013hPa;0.2km;Variable;3.6km/h/1.0m/s;-;N/A;Fog;Fog;
2001/2/6;05:00;2.0;2.0;100%;1013hPa;0.2km;Calm;Calm;-;N/A;Fog;Fog;
2001/2/6;05:30;1.0;1.0;100%;1013hPa;0.2km;Variable;3.6km/h/1.0m/s;-;N/A;Fog;LightDrizzle;
2001/2/6;06:00;1.0;1.0;100%;1013hPa;0.4km;West;3.6km/h/1.0m/s;-;N/A;Fog;LightDrizzle;
2001/2/6;06:30;1.0;1.0;100%;1014hPa;0.4km;SSW;3.6km/h/1.0m/s;-;N/A;Fog;LightDrizzle;
2001/2/6;07:00;1.0;1.0;100%;1014hPa;0.3km;Variable;3.6km/h/1.0m/s;-;N/A;Fog;LightDrizzle;
2001/2/6;07:30;1.0;1.0;100%;1014hPa;0.3km;Variable;3.6km/h/1.0m/s;-;N/A;Fog;LightDrizzle;
2001/2/6;08:00;1.0;1.0;100%;1015hPa;0.8km;Variable;3.6km/h/1.0m/s;-;N/A;Fog;LightDrizzle;
2001/2/6;08:30;1.0;1.0;100%;1015hPa;0.4km;Variable;3.6km/h/1.0m/s;-;N/A;Fog;Fog;
2001/2/6;09:00;1.0;1.0;100%;1015hPa;0.2km;SSE;7.2km/h/2.0m/s;-;N/A;Fog;Fog;
2001/2/6;09:30;1.0;1.0;100%;1015hPa;0.3km;Variable;3.6km/h/1.0m/s;-;N/A;Fog;LightDrizzle;
2001/2/6;10:00;1.0;1.0;100%;1015hPa;0.8km;SSE;7.2km/h/2.0m/s;-;N/A;Fog;Fog;
2001/2/6;10:30;3.0;3.0;100%;1016hPa;1.8km;Variable;3.6km/h/1.0m/s;-;N/A;;MostlyCloudy;
2001/2/6;11:00;4.0;4.0;100%;1016hPa;2.5km;Variable;3.6km/h/1.0m/s;-;N/A;;MostlyCloudy;
2001/2/6;11:30;6.0;6.0;100%;1016hPa;7.0km;Variable;3.6km/h/1.0m/s;-;N/A;;PartlyCloudy;
2001/2/6;12:00;5.0;3.0;87%;1016hPa;9.0km;Variable;7.2km/h/2.0m/s;-;N/A;;ScatteredClouds;
2001/2/6;12:30;5.0;3.0;87%;1016hPa;9.0km;Variable;3.6km/h/1.0m/s;-;N/A;;MostlyCloudy;
2001/2/6;13:00;6.0;4.0;87%;1016hPa;-;ENE;10.8km/h/3.0m/s;-;N/A;;Clear;
2001/2/6;13:30;6.0;4.0;87%;1016hPa;-;SE;7.2km/h/2.0m/s;-;N/A;;Clear;
2001/2/6;14:00;7.0;4.0;81%;1016hPa;-;South;7.2km/h/2.0m/s;-;N/A;;Clear;
2001/2/6;14:30;6.0;4.0;87%;1017hPa;-;SSE;7.2km/h/2.0m/s;-;N/A;;Clear;
2001/2/6;15:00;5.0;4.0;93%;1017hPa;-;SSE;7.2km/h/2.0m/s;-;N/A;;Clear;
2001/2/6;15:30;5.0;4.0;93%;1017hPa;-;Variable;7.2km/h/2.0m/s;-;N/A;;Clear;
2001/2/6;16:00;5.0;3.0;87%;1018hPa;10.0km;ENE;7.2km/h/2.0m/s;-;N/A;;ScatteredClouds;
2001/2/6;16:30;4.0;3.0;93%;1018hPa;7.0km;ENE;7.2km/h/2.0m/s;-;N/A;;ScatteredClouds;
2001/2/6;17:00;4.0;2.0;87%;1019hPa;8.0km;Variable;3.6km/h/1.0m/s;-;N/A;;ScatteredClouds;
2001/2/6;17:30;3.0;2.0;93%;1019hPa;9.0km;Variable;3.6km/h/1.0m/s;-;N/A;;ScatteredClouds;
2001/2/6;18:00;2.0;2.0;100%;1019hPa;9.0km;Variable;3.6km/h/1.0m/s;-;N/A;;MostlyCloudy;
2001/2/6;18:30;2.0;2.0;100%;1019hPa;7.0km;Variable;3.6km/h/1.0m/s;-;N/A;;ScatteredClouds;
2001/2/6;19:00;2.0;2.0;100%;1019hPa;7.0km;NW;3.6km/h/1.0m/s;-;N/A;;MostlyCloudy;
2001/2/6;19:30;3.0;2.0;93%;1019hPa;6.0km;Variable;3.6km/h/1.0m/s;-;N/A;;MostlyCloudy;
2001/2/6;20:00;2.0;2.0;100%;1019hPa;6.0km;NNE;3.6km/h/1.0m/s;-;N/A;;ScatteredClouds;
2001/2/6;20:30;2.0;1.0;93%;1019hPa;5.0km;Variable;3.6km/h/1.0m/s;-;N/A;;MostlyCloudy;
2001/2/6;21:00;2.0;1.0;93%;1020hPa;5.0km;SSE;3.6km/h/1.0m/s;-;N/A;;Overcast;
2001/2/6;21:30;1.0;1.0;100%;1020hPa;4.5km;SSE;7.2km/h/2.0m/s;-;N/A;;MostlyCloudy;
2001/2/6;22:00;1.0;1.0;100%;1019hPa;4.0km;Variable;3.6km/h/1.0m/s;-;N/A;;ScatteredClouds;
2001/2/6;22:30;1.0;1.0;100%;1019hPa;2.8km;Variable;3.6km/h/1.0m/s;-;N/A;;ScatteredClouds;
2001/2/6;23:00;2.0;1.0;93%;1019hPa;0.5km;West;3.6km/h/1.0m/s;-;N/A;;Overcast;
2001/2/6;23:30;1.0;1.0;100%;1020hPa;0.2km;West;3.6km/h/1.0m/s;-;N/A;Fog;Fog;
