2001/1/6;00:00;1.0;1.0;100%;1010hPa;1.2km;West;10.8km/h/3.0m/s;-;N/A;;LightDrizzle;
2001/1/6;01:30;1.0;1.0;100%;1010hPa;0.5km;South;10.8km/h/3.0m/s;-;N/A;Fog;LightDrizzle;
2001/1/6;02:00;1.0;1.0;100%;1010hPa;0.6km;WSW;7.2km/h/2.0m/s;-;N/A;Fog;LightDrizzle;
2001/1/6;02:30;1.0;1.0;100%;1010hPa;0.5km;SW;3.6km/h/1.0m/s;-;N/A;Fog;LightDrizzle;
2001/1/6;03:00;1.0;1.0;100%;1009hPa;0.6km;Variable;7.2km/h/2.0m/s;-;N/A;Fog;LightDrizzle;
2001/1/6;03:30;1.0;1.0;100%;1009hPa;0.3km;Variable;7.2km/h/2.0m/s;-;N/A;Fog;LightDrizzle;
2001/1/6;04:00;1.0;1.0;100%;1009hPa;0.2km;Variable;3.6km/h/1.0m/s;-;N/A;Fog;LightDrizzle;
2001/1/6;04:30;2.0;2.0;100%;1009hPa;0.6km;WSW;7.2km/h/2.0m/s;-;N/A;Fog;LightDrizzle;
2001/1/6;05:00;1.0;1.0;100%;1009hPa;0.2km;Calm;Calm;-;N/A;Fog;LightDrizzle;
2001/1/6;05:30;2.0;2.0;100%;1009hPa;0.5km;Variable;3.6km/h/1.0m/s;-;N/A;Fog;LightDrizzle;
2001/1/6;06:00;2.0;2.0;100%;1009hPa;0.5km;SW;3.6km/h/1.0m/s;-;N/A;Fog;LightDrizzle;
2001/1/6;06:30;2.0;2.0;100%;1009hPa;0.2km;South;7.2km/h/2.0m/s;-;N/A;Fog;LightDrizzle;
2001/1/6;07:00;2.0;2.0;100%;1009hPa;0.5km;Variable;7.2km/h/2.0m/s;-;N/A;Fog;Fog;
2001/1/6;07:30;2.0;2.0;100%;1009hPa;0.6km;WSW;7.2km/h/2.0m/s;-;N/A;Fog;Fog;
2001/1/6;08:00;2.0;2.0;100%;1009hPa;0.7km;WSW;7.2km/h/2.0m/s;-;N/A;Fog;Fog;
2001/1/6;08:30;2.0;2.0;100%;1009hPa;0.5km;Variable;7.2km/h/2.0m/s;-;N/A;Fog;Fog;
2001/1/6;09:00;2.0;2.0;100%;1009hPa;0.6km;West;7.2km/h/2.0m/s;-;N/A;Fog;Fog;
2001/1/6;09:30;2.0;2.0;100%;1009hPa;0.5km;Variable;3.6km/h/1.0m/s;-;N/A;Fog;Fog;
2001/1/6;10:00;2.0;2.0;100%;1010hPa;0.9km;Variable;7.2km/h/2.0m/s;-;N/A;Fog;Fog;
2001/1/6;10:30;2.0;2.0;100%;1010hPa;0.2km;Variable;3.6km/h/1.0m/s;-;N/A;Fog;Fog;
2001/1/6;11:00;2.0;2.0;100%;1009hPa;0.2km;Variable;3.6km/h/1.0m/s;-;N/A;Fog;Fog;
2001/1/6;11:30;3.0;3.0;100%;1010hPa;1.2km;Variable;3.6km/h/1.0m/s;-;N/A;;Overcast;
2001/1/6;12:00;3.0;3.0;100%;1010hPa;2.5km;Variable;7.2km/h/2.0m/s;-;N/A;;Overcast;
2001/1/6;12:30;3.0;3.0;100%;1010hPa;3.0km;West;7.2km/h/2.0m/s;-;N/A;;Overcast;
2001/1/6;13:00;4.0;4.0;100%;1009hPa;3.0km;Variable;3.6km/h/1.0m/s;-;N/A;;Overcast;
2001/1/6;13:30;4.0;4.0;100%;1009hPa;1.5km;Variable;7.2km/h/2.0m/s;-;N/A;;Overcast;
2001/1/6;14:00;4.0;4.0;100%;1008hPa;2.0km;South;10.8km/h/3.0m/s;-;N/A;;Overcast;
2001/1/6;14:30;4.0;4.0;100%;1010hPa;3.0km;Variable;7.2km/h/2.0m/s;-;N/A;;Overcast;
2001/1/6;15:00;4.0;4.0;100%;1010hPa;3.0km;Variable;3.6km/h/1.0m/s;-;N/A;;Overcast;
2001/1/6;15:30;4.0;4.0;100%;1010hPa;3.0km;Variable;3.6km/h/1.0m/s;-;N/A;;Overcast;
2001/1/6;16:00;4.0;4.0;100%;1011hPa;2.0km;Variable;7.2km/h/2.0m/s;-;N/A;;Overcast;
2001/1/6;16:30;4.0;3.0;93%;1011hPa;2.1km;SE;7.2km/h/2.0m/s;-;N/A;;Overcast;
2001/1/6;17:00;4.0;4.0;100%;1011hPa;7.0km;Variable;3.6km/h/1.0m/s;-;N/A;;Overcast;
2001/1/6;18:00;4.0;4.0;100%;1011hPa;-;NNW;3.6km/h/1.0m/s;-;N/A;;Overcast;
2001/1/6;18:30;4.0;4.0;100%;1012hPa;3.5km;Variable;7.2km/h/2.0m/s;-;N/A;;Overcast;
2001/1/6;19:00;4.0;4.0;100%;1012hPa;-;North;7.2km/h/2.0m/s;-;N/A;;Overcast;
2001/1/6;19:30;4.0;4.0;100%;1012hPa;-;NNW;7.2km/h/2.0m/s;-;N/A;;Overcast;
2001/1/6;20:00;4.0;4.0;100%;1012hPa;4.0km;North;10.8km/h/3.0m/s;-;N/A;;Overcast;
2001/1/6;20:30;4.0;4.0;100%;1013hPa;-;North;10.8km/h/3.0m/s;-;N/A;;LightDrizzle;
2001/1/6;21:00;4.0;4.0;100%;1013hPa;-;North;10.8km/h/3.0m/s;-;N/A;;LightDrizzle;
2001/1/6;21:30;4.0;4.0;100%;1012hPa;4.5km;North;7.2km/h/2.0m/s;-;N/A;;LightDrizzle;
2001/1/6;22:00;4.0;4.0;100%;1012hPa;3.5km;NW;3.6km/h/1.0m/s;-;N/A;;Overcast;
2001/1/6;22:30;4.0;4.0;100%;1012hPa;3.5km;North;3.6km/h/1.0m/s;-;N/A;;Overcast;
2001/1/6;23:00;4.0;4.0;100%;1012hPa;-;Calm;Calm;-;N/A;;Overcast;
2001/1/6;23:30;4.0;4.0;100%;1013hPa;-;South;3.6km/h/1.0m/s;-;N/A;;Overcast;
