2001/10/29;00:00;5.0;5.0;100%;1023hPa;4.0km;Variable;7.2km/h/2.0m/s;-;N/A;Rain;LightRain;
2001/10/29;00:30;6.0;5.0;93%;1023hPa;3.0km;South;7.2km/h/2.0m/s;-;N/A;Rain;LightRain;
2001/10/29;01:00;5.0;5.0;100%;1023hPa;2.5km;South;10.8km/h/3.0m/s;-;N/A;Rain;LightRain;
2001/10/29;01:30;5.0;5.0;100%;1023hPa;2.5km;South;10.8km/h/3.0m/s;-;N/A;;Overcast;
2001/10/29;02:00;5.0;5.0;100%;1022hPa;2.5km;South;10.8km/h/3.0m/s;-;N/A;;Overcast;
2001/10/29;02:30;5.0;5.0;100%;1023hPa;2.2km;Variable;3.6km/h/1.0m/s;-;N/A;;Overcast;
2001/10/29;03:00;5.0;5.0;100%;1022hPa;2.0km;South;3.6km/h/1.0m/s;-;N/A;;MostlyCloudy;
2001/10/29;03:30;5.0;5.0;100%;1022hPa;1.5km;ESE;3.6km/h/1.0m/s;-;N/A;;MostlyCloudy;
2001/10/29;04:00;5.0;5.0;100%;1022hPa;1.2km;Calm;Calm;-;N/A;Fog;PatchesofFog;
2001/10/29;04:30;5.0;5.0;100%;1022hPa;1.5km;Calm;Calm;-;N/A;;Overcast;
2001/10/29;05:00;5.0;5.0;100%;1022hPa;1.8km;Calm;Calm;-;N/A;;Overcast;
2001/10/29;05:30;5.0;5.0;100%;1023hPa;3.5km;West;3.6km/h/1.0m/s;-;N/A;;Overcast;
2001/10/29;06:00;5.0;5.0;100%;1022hPa;3.0km;Variable;3.6km/h/1.0m/s;-;N/A;;MostlyCloudy;
2001/10/29;06:30;5.0;5.0;100%;1023hPa;1.8km;Variable;3.6km/h/1.0m/s;-;N/A;;MostlyCloudy;
2001/10/29;07:00;5.0;5.0;100%;1023hPa;2.2km;East;3.6km/h/1.0m/s;-;N/A;;Overcast;
2001/10/29;07:30;6.0;5.0;93%;1023hPa;2.5km;Calm;Calm;-;N/A;;Overcast;
2001/10/29;08:00;6.0;5.0;93%;1023hPa;-;Variable;3.6km/h/1.0m/s;-;N/A;;Overcast;
2001/10/29;08:30;6.0;6.0;100%;1023hPa;-;Calm;Calm;-;N/A;;Overcast;
2001/10/29;09:00;6.0;6.0;100%;1023hPa;-;Calm;Calm;-;N/A;;MostlyCloudy;
2001/10/29;09:30;7.0;6.0;93%;1023hPa;3.0km;Variable;3.6km/h/1.0m/s;-;N/A;;Overcast;
2001/10/29;10:00;7.0;6.0;93%;1023hPa;2.7km;Variable;3.6km/h/1.0m/s;-;N/A;;Overcast;
2001/10/29;10:30;7.0;6.0;93%;1023hPa;1.8km;Variable;7.2km/h/2.0m/s;-;N/A;;Overcast;
2001/10/29;11:00;7.0;6.0;93%;1023hPa;1.2km;Variable;7.2km/h/2.0m/s;-;N/A;;Overcast;
2001/10/29;11:30;7.0;6.0;93%;1023hPa;1.2km;Variable;7.2km/h/2.0m/s;-;N/A;;Overcast;
2001/10/29;12:00;7.0;6.0;93%;1023hPa;2.0km;Variable;7.2km/h/2.0m/s;-;N/A;;Overcast;
2001/10/29;12:30;7.0;6.0;93%;1023hPa;1.8km;Variable;7.2km/h/2.0m/s;-;N/A;;Overcast;
2001/10/29;13:00;7.0;6.0;93%;1023hPa;1.9km;WSW;10.8km/h/3.0m/s;-;N/A;;Overcast;
2001/10/29;13:30;6.0;6.0;100%;1022hPa;1.9km;Variable;7.2km/h/2.0m/s;-;N/A;;Overcast;
2001/10/29;14:00;7.0;6.0;93%;1022hPa;2.5km;SW;10.8km/h/3.0m/s;-;N/A;;Overcast;
2001/10/29;14:30;7.0;6.0;93%;1022hPa;2.9km;WSW;7.2km/h/2.0m/s;-;N/A;;Overcast;
2001/10/29;15:00;7.0;6.0;93%;1022hPa;2.9km;Variable;7.2km/h/2.0m/s;-;N/A;;Overcast;
2001/10/29;15:30;7.0;6.0;93%;1022hPa;-;Calm;Calm;-;N/A;;Overcast;
2001/10/29;16:00;7.0;6.0;93%;1022hPa;3.0km;Calm;Calm;-;N/A;;Overcast;
2001/10/29;16:30;7.0;6.0;93%;1021hPa;3.0km;NW;3.6km/h/1.0m/s;-;N/A;;Overcast;
2001/10/29;17:00;7.0;6.0;93%;1022hPa;3.5km;NNW;3.6km/h/1.0m/s;-;N/A;;Overcast;
2001/10/29;17:30;7.0;6.0;93%;1022hPa;5.0km;NNW;3.6km/h/1.0m/s;-;N/A;;Overcast;
2001/10/29;18:00;7.0;7.0;100%;1022hPa;4.0km;Calm;Calm;-;N/A;;LightDrizzle;
2001/10/29;18:30;7.0;7.0;100%;1021hPa;4.0km;Variable;3.6km/h/1.0m/s;-;N/A;;LightDrizzle;
2001/10/29;19:00;7.0;7.0;100%;1021hPa;3.0km;Calm;Calm;-;N/A;Rain;LightRain;
2001/10/29;19:30;7.0;7.0;100%;1021hPa;2.0km;Calm;Calm;-;N/A;;Overcast;
2001/10/29;20:00;7.0;7.0;100%;1021hPa;2.0km;Calm;Calm;-;N/A;;Overcast;
2001/10/29;20:30;7.0;7.0;100%;1021hPa;2.0km;Calm;Calm;-;N/A;;Overcast;
2001/10/29;21:00;7.0;7.0;100%;1021hPa;2.0km;North;3.6km/h/1.0m/s;-;N/A;;Overcast;
2001/10/29;21:30;7.0;7.0;100%;1021hPa;2.0km;NNE;3.6km/h/1.0m/s;-;N/A;;Overcast;
2001/10/29;22:00;7.0;7.0;100%;1021hPa;2.2km;Variable;3.6km/h/1.0m/s;-;N/A;;Overcast;
2001/10/29;22:30;7.0;7.0;100%;1021hPa;2.0km;NNW;3.6km/h/1.0m/s;-;N/A;;Overcast;
2001/10/29;23:00;7.0;7.0;100%;1021hPa;1.5km;WNW;7.2km/h/2.0m/s;-;N/A;;Overcast;
2001/10/29;23:30;7.0;7.0;100%;1021hPa;1.1km;NW;3.6km/h/1.0m/s;-;N/A;;Overcast;
