2001/10/27;00:00;1.0;1.0;100%;1029hPa;4.0km;Calm;Calm;-;N/A;;MostlyCloudy;
2001/10/27;00:30;2.0;2.0;100%;1030hPa;5.0km;Calm;Calm;-;N/A;;MostlyCloudy;
2001/10/27;01:00;2.0;1.0;93%;1029hPa;4.0km;Calm;Calm;-;N/A;;MostlyCloudy;
2001/10/27;01:30;1.0;1.0;100%;1029hPa;2.0km;SE;7.2km/h/2.0m/s;-;N/A;;MostlyCloudy;
2001/10/27;02:00;1.0;1.0;100%;1029hPa;2.0km;SE;3.6km/h/1.0m/s;-;N/A;;ScatteredClouds;
2001/10/27;02:30;1.0;1.0;100%;1029hPa;1.3km;Calm;Calm;-;N/A;;ScatteredClouds;
2001/10/27;03:00;1.0;1.0;100%;1029hPa;1.3km;Variable;3.6km/h/1.0m/s;-;N/A;;ScatteredClouds;
2001/10/27;03:30;1.0;1.0;100%;1029hPa;1.8km;Variable;3.6km/h/1.0m/s;-;N/A;;ScatteredClouds;
2001/10/27;04:00;1.0;1.0;100%;1029hPa;1.8km;North;3.6km/h/1.0m/s;-;N/A;;MostlyCloudy;
2001/10/27;04:30;2.0;2.0;100%;1029hPa;-;NNE;3.6km/h/1.0m/s;-;N/A;;MostlyCloudy;
2001/10/27;05:00;2.0;2.0;100%;1029hPa;3.5km;North;3.6km/h/1.0m/s;-;N/A;;ScatteredClouds;
2001/10/27;05:30;1.0;1.0;100%;1029hPa;-;Calm;Calm;-;N/A;;ScatteredClouds;
2001/10/27;06:00;2.0;2.0;100%;1029hPa;3.5km;Calm;Calm;-;N/A;;ScatteredClouds;
2001/10/27;06:30;2.0;2.0;100%;1029hPa;4.5km;NNE;3.6km/h/1.0m/s;-;N/A;;MostlyCloudy;
2001/10/27;07:00;2.0;1.0;93%;1029hPa;4.5km;East;3.6km/h/1.0m/s;-;N/A;;MostlyCloudy;
2001/10/27;07:30;2.0;2.0;100%;1029hPa;4.0km;Calm;Calm;-;N/A;;ScatteredClouds;
2001/10/27;08:00;1.0;1.0;100%;1029hPa;4.0km;Variable;3.6km/h/1.0m/s;-;N/A;;ScatteredClouds;
2001/10/27;08:30;1.0;1.0;100%;1029hPa;4.0km;NNE;3.6km/h/1.0m/s;-;N/A;;ScatteredClouds;
2001/10/27;09:00;2.0;1.0;93%;1029hPa;3.5km;Calm;Calm;-;N/A;;ScatteredClouds;
2001/10/27;09:30;3.0;3.0;100%;1029hPa;3.0km;Calm;Calm;-;N/A;;ScatteredClouds;
2001/10/27;10:00;5.0;4.0;93%;1029hPa;3.0km;Calm;Calm;-;N/A;;ScatteredClouds;
2001/10/27;10:30;6.0;4.0;87%;1029hPa;5.0km;Variable;7.2km/h/2.0m/s;-;N/A;;MostlyCloudy;
2001/10/27;11:00;7.0;4.0;81%;1029hPa;7.0km;SW;10.8km/h/3.0m/s;-;N/A;;PartlyCloudy;
2001/10/27;11:30;8.0;3.0;71%;1029hPa;7.0km;SW;14.4km/h/4.0m/s;-;N/A;;PartlyCloudy;
2001/10/27;12:00;9.0;2.0;62%;1029hPa;10.0km;WSW;18.0km/h/5.0m/s;-;N/A;;ScatteredClouds;
2001/10/27;12:30;9.0;0.0;54%;1029hPa;10.0km;WSW;18.0km/h/5.0m/s;-;N/A;;ScatteredClouds;
2001/10/27;13:00;10.0;2.0;58%;1028hPa;10.0km;WSW;18.0km/h/5.0m/s;-;N/A;;MostlyCloudy;
2001/10/27;13:30;10.0;0.0;50%;1028hPa;10.0km;WSW;21.6km/h/6.0m/s;-;N/A;;MostlyCloudy;
2001/10/27;14:00;9.0;-1.0;50%;1028hPa;10.0km;SW;21.6km/h/6.0m/s;-;N/A;;MostlyCloudy;
2001/10/27;14:30;9.0;0.0;54%;1028hPa;10.0km;SW;18.0km/h/5.0m/s;-;N/A;;MostlyCloudy;
2001/10/27;15:00;10.0;0.0;50%;1028hPa;10.0km;SSW;18.0km/h/5.0m/s;-;N/A;;MostlyCloudy;
2001/10/27;15:30;10.0;0.0;50%;1028hPa;10.0km;SSW;18.0km/h/5.0m/s;-;N/A;;ScatteredClouds;
2001/10/27;16:00;9.0;0.0;54%;1028hPa;10.0km;WSW;18.0km/h/5.0m/s;-;N/A;;ScatteredClouds;
2001/10/27;16:30;8.0;0.0;57%;1028hPa;10.0km;WSW;14.4km/h/4.0m/s;-;N/A;;ScatteredClouds;
2001/10/27;17:00;8.0;0.0;57%;1028hPa;10.0km;WSW;14.4km/h/4.0m/s;-;N/A;;MostlyCloudy;
2001/10/27;17:30;8.0;0.0;57%;1028hPa;10.0km;SW;10.8km/h/3.0m/s;-;N/A;;MostlyCloudy;
2001/10/27;18:00;6.0;-1.0;61%;1028hPa;10.0km;WSW;14.4km/h/4.0m/s;-;N/A;;PartlyCloudy;
2001/10/27;18:30;6.0;0.0;66%;1028hPa;-;WSW;10.8km/h/3.0m/s;-;N/A;;Clear;
2001/10/27;19:00;6.0;-1.0;61%;1028hPa;-;SW;10.8km/h/3.0m/s;-;N/A;;Clear;
2001/10/27;19:30;4.0;-1.0;70%;1028hPa;-;SW;7.2km/h/2.0m/s;-;N/A;;Clear;
2001/10/27;20:00;3.0;-1.0;75%;1028hPa;-;SW;3.6km/h/1.0m/s;-;N/A;;Clear;
2001/10/27;20:30;2.0;-2.0;75%;1028hPa;-;SSE;3.6km/h/1.0m/s;-;N/A;;Clear;
2001/10/27;21:00;2.0;-1.0;81%;1028hPa;-;Variable;3.6km/h/1.0m/s;-;N/A;;Clear;
2001/10/27;21:30;2.0;-1.0;81%;1028hPa;-;SW;3.6km/h/1.0m/s;-;N/A;;Clear;
2001/10/27;22:00;0.0;-1.0;93%;1028hPa;-;South;3.6km/h/1.0m/s;-;N/A;;Clear;
2001/10/27;22:30;1.0;-1.0;87%;1028hPa;-;South;3.6km/h/1.0m/s;-;N/A;;Clear;
2001/10/27;23:00;0.0;-1.0;93%;1028hPa;-;South;7.2km/h/2.0m/s;-;N/A;;Clear;
