2001/11/13;00:00;3.0;3.0;100%;1008hPa;2.3km;Calm;Calm;-;N/A;;LightDrizzle;
2001/11/13;00:30;3.0;3.0;100%;1008hPa;2.1km;South;3.6km/h/1.0m/s;-;N/A;;LightDrizzle;
2001/11/13;01:00;3.0;3.0;100%;1008hPa;2.5km;Calm;Calm;-;N/A;;Overcast;
2001/11/13;01:30;3.0;3.0;100%;1008hPa;2.5km;Calm;Calm;-;N/A;;Overcast;
2001/11/13;02:00;3.0;3.0;100%;1008hPa;0.7km;ESE;3.6km/h/1.0m/s;-;N/A;Fog;Fog;
2001/11/13;02:30;3.0;3.0;100%;1008hPa;0.9km;SSE;3.6km/h/1.0m/s;-;N/A;Fog;Fog;
2001/11/13;03:00;3.0;3.0;100%;1008hPa;0.8km;Calm;Calm;-;N/A;Fog;Fog;
2001/11/13;03:30;3.0;3.0;100%;1008hPa;0.8km;Calm;Calm;-;N/A;Fog;Fog;
2001/11/13;04:00;3.0;3.0;100%;1008hPa;0.9km;South;3.6km/h/1.0m/s;-;N/A;Fog;Fog;
2001/11/13;04:30;3.0;3.0;100%;1008hPa;2.0km;Variable;3.6km/h/1.0m/s;-;N/A;Rain;LightRain;
2001/11/13;05:00;3.0;3.0;100%;1008hPa;2.0km;WSW;3.6km/h/1.0m/s;-;N/A;Rain;LightRain;
2001/11/13;05:30;3.0;3.0;100%;1007hPa;3.0km;NNW;7.2km/h/2.0m/s;-;N/A;;Overcast;
2001/11/13;06:00;2.0;2.0;100%;1007hPa;2.5km;Calm;Calm;-;N/A;;Overcast;
2001/11/13;06:30;2.0;2.0;100%;1007hPa;1.0km;East;3.6km/h/1.0m/s;-;N/A;;Overcast;
2001/11/13;07:00;2.0;2.0;100%;1007hPa;0.8km;ENE;7.2km/h/2.0m/s;-;N/A;Fog;Fog;
2001/11/13;07:30;2.0;2.0;100%;1007hPa;1.8km;Variable;7.2km/h/2.0m/s;-;N/A;;MostlyCloudy;
2001/11/13;08:00;2.0;2.0;100%;1008hPa;2.5km;Variable;7.2km/h/2.0m/s;-;N/A;;MostlyCloudy;
2001/11/13;08:30;3.0;3.0;100%;1008hPa;2.0km;Variable;7.2km/h/2.0m/s;-;N/A;;Overcast;
2001/11/13;09:00;3.0;3.0;100%;1007hPa;2.5km;North;10.8km/h/3.0m/s;-;N/A;;Overcast;
2001/11/13;09:30;4.0;4.0;100%;1008hPa;3.0km;NNE;10.8km/h/3.0m/s;-;N/A;;Overcast;
2001/11/13;10:00;4.0;4.0;100%;1008hPa;7.0km;NNE;7.2km/h/2.0m/s;-;N/A;;Overcast;
2001/11/13;10:30;4.0;4.0;100%;1008hPa;7.0km;NNE;7.2km/h/2.0m/s;-;N/A;;Overcast;
2001/11/13;11:00;4.0;4.0;100%;1007hPa;10.0km;North;10.8km/h/3.0m/s;-;N/A;;Overcast;
2001/11/13;11:30;5.0;3.0;87%;1006hPa;10.0km;North;18.0km/h/5.0m/s;-;N/A;;MostlyCloudy;
2001/11/13;12:00;5.0;3.0;87%;1006hPa;10.0km;NNE;14.4km/h/4.0m/s;-;N/A;;Overcast;
2001/11/13;12:30;5.0;3.0;87%;1005hPa;10.0km;NE;14.4km/h/4.0m/s;-;N/A;;MostlyCloudy;
2001/11/13;13:00;6.0;4.0;87%;1005hPa;10.0km;NE;14.4km/h/4.0m/s;-;N/A;;Overcast;
2001/11/13;13:30;6.0;4.0;87%;1005hPa;10.0km;NNE;18.0km/h/5.0m/s;-;N/A;;Overcast;
2001/11/13;14:00;6.0;4.0;87%;1005hPa;10.0km;North;28.8km/h/8.0m/s;-;N/A;;Overcast;
2001/11/13;14:30;6.0;4.0;87%;1005hPa;10.0km;North;36.0km/h/10.0m/s;-;N/A;;Overcast;
2001/11/13;15:00;6.0;3.0;81%;1004hPa;10.0km;North;39.6km/h/11.0m/s;-;N/A;;Overcast;
2001/11/13;15:30;6.0;4.0;87%;1004hPa;10.0km;North;43.2km/h/12.0m/s;-;N/A;;Overcast;
2001/11/13;16:00;6.0;4.0;87%;1004hPa;10.0km;North;43.2km/h/12.0m/s;-;N/A;;Overcast;
2001/11/13;16:30;6.0;4.0;87%;1004hPa;10.0km;North;36.0km/h/10.0m/s;-;N/A;;MostlyCloudy;
2001/11/13;17:00;5.0;3.0;87%;1004hPa;10.0km;North;46.8km/h/13.0m/s;64.8km/h/18.0m/s;N/A;Rain;LightRain;
2001/11/13;17:30;4.0;3.0;93%;1004hPa;10.0km;North;50.4km/h/14.0m/s;68.4km/h/19.0m/s;N/A;Rain;LightRain;
2001/11/13;18:00;4.0;2.0;87%;1004hPa;10.0km;North;46.8km/h/13.0m/s;64.8km/h/18.0m/s;N/A;Rain;LightRain;
2001/11/13;18:30;4.0;1.0;81%;1004hPa;10.0km;North;54.0km/h/15.0m/s;72.0km/h/20.0m/s;N/A;Rain;LightRain;
2001/11/13;19:00;4.0;1.0;81%;1004hPa;10.0km;North;50.4km/h/14.0m/s;-;N/A;Rain;LightRain;
2001/11/13;19:30;3.0;1.0;87%;1005hPa;10.0km;North;54.0km/h/15.0m/s;72.0km/h/20.0m/s;N/A;Rain;LightRain;
2001/11/13;20:00;3.0;1.0;87%;1005hPa;10.0km;North;50.4km/h/14.0m/s;68.4km/h/19.0m/s;N/A;Rain;LightRain;
2001/11/13;20:30;3.0;1.0;87%;1005hPa;10.0km;North;50.4km/h/14.0m/s;68.4km/h/19.0m/s;N/A;Rain;LightRain;
2001/11/13;21:00;2.0;1.0;93%;1005hPa;10.0km;North;46.8km/h/13.0m/s;-;N/A;Rain;LightRain;
2001/11/13;21:30;2.0;1.0;93%;1005hPa;10.0km;North;43.2km/h/12.0m/s;61.2km/h/17.0m/s;N/A;Rain;LightRain;
2001/11/13;22:00;2.0;0.0;87%;1005hPa;10.0km;North;46.8km/h/13.0m/s;-;N/A;Rain;LightRain;
2001/11/13;22:30;2.0;0.0;87%;1006hPa;10.0km;North;50.4km/h/14.0m/s;75.6km/h/21.0m/s;N/A;Rain,Snow;LightRain;
2001/11/13;23:00;2.0;0.0;87%;1006hPa;10.0km;North;46.8km/h/13.0m/s;68.4km/h/19.0m/s;N/A;Rain,Snow;LightRain;
2001/11/13;23:30;2.0;0.0;87%;1006hPa;10.0km;North;50.4km/h/14.0m/s;68.4km/h/19.0m/s;N/A;Rain,Snow;LightSnow;
