2001/12/5;00:00;-3.0;-3.0;100%;1026hPa;6.0km;South;7.2km/h/2.0m/s;-;N/A;;Overcast;
2001/12/5;00:30;-3.0;-3.0;100%;1026hPa;6.0km;Variable;7.2km/h/2.0m/s;-;N/A;;Overcast;
2001/12/5;01:00;-3.0;-3.0;100%;1025hPa;5.0km;SW;10.8km/h/3.0m/s;-;N/A;;Overcast;
2001/12/5;01:30;-3.0;-3.0;100%;1025hPa;5.0km;South;7.2km/h/2.0m/s;-;N/A;;Overcast;
2001/12/5;02:00;-3.0;-3.0;100%;1025hPa;5.0km;South;7.2km/h/2.0m/s;-;N/A;;Overcast;
2001/12/5;02:30;-3.0;-3.0;100%;1025hPa;5.0km;South;7.2km/h/2.0m/s;-;N/A;;Overcast;
2001/12/5;03:00;-3.0;-3.0;100%;1025hPa;5.0km;South;7.2km/h/2.0m/s;-;N/A;;Overcast;
2001/12/5;03:30;-3.0;-3.0;100%;1025hPa;5.0km;South;7.2km/h/2.0m/s;-;N/A;;Overcast;
2001/12/5;04:00;-3.0;-3.0;100%;1025hPa;4.5km;South;7.2km/h/2.0m/s;-;N/A;;Overcast;
2001/12/5;04:30;-3.0;-3.0;100%;1025hPa;4.5km;South;7.2km/h/2.0m/s;-;N/A;;Overcast;
2001/12/5;05:00;-3.0;-3.0;100%;1025hPa;4.0km;South;7.2km/h/2.0m/s;-;N/A;;Overcast;
2001/12/5;05:30;-3.0;-3.0;100%;1025hPa;4.5km;South;7.2km/h/2.0m/s;-;N/A;;Overcast;
2001/12/5;06:00;-3.0;-3.0;100%;1025hPa;6.0km;South;3.6km/h/1.0m/s;-;N/A;;Overcast;
2001/12/5;06:30;-3.0;-3.0;100%;1025hPa;6.0km;South;3.6km/h/1.0m/s;-;N/A;;Overcast;
2001/12/5;07:00;-3.0;-3.0;100%;1025hPa;5.0km;SSW;3.6km/h/1.0m/s;-;N/A;;Overcast;
2001/12/5;07:30;-3.0;-3.0;100%;1025hPa;3.0km;South;3.6km/h/1.0m/s;-;N/A;;Overcast;
2001/12/5;08:00;-3.0;-3.0;100%;1025hPa;3.0km;South;3.6km/h/1.0m/s;-;N/A;;Overcast;
2001/12/5;08:30;-3.0;-3.0;100%;1025hPa;3.0km;SSW;3.6km/h/1.0m/s;-;N/A;;Overcast;
2001/12/5;09:00;-2.0;-3.0;93%;1025hPa;6.0km;South;3.6km/h/1.0m/s;-;N/A;;Overcast;
2001/12/5;09:30;-2.0;-3.0;93%;1025hPa;7.0km;SSW;3.6km/h/1.0m/s;-;N/A;;Overcast;
2001/12/5;10:00;-2.0;-3.0;93%;1025hPa;6.0km;SW;7.2km/h/2.0m/s;-;N/A;;Overcast;
2001/12/5;10:30;-2.0;-3.0;93%;1025hPa;7.0km;SW;7.2km/h/2.0m/s;-;N/A;;Overcast;
2001/12/5;11:00;-2.0;-3.0;93%;1025hPa;7.0km;Variable;7.2km/h/2.0m/s;-;N/A;;Overcast;
2001/12/5;11:30;-1.0;-2.0;93%;1025hPa;8.0km;Variable;3.6km/h/1.0m/s;-;N/A;;Overcast;
2001/12/5;12:00;-1.0;-3.0;86%;1025hPa;8.0km;Variable;7.2km/h/2.0m/s;-;N/A;;Overcast;
2001/12/5;12:30;-1.0;-3.0;86%;1025hPa;8.0km;Variable;7.2km/h/2.0m/s;-;N/A;;Overcast;
2001/12/5;13:00;-1.0;-3.0;86%;1025hPa;7.0km;South;3.6km/h/1.0m/s;-;N/A;;Overcast;
2001/12/5;13:30;-1.0;-3.0;86%;1025hPa;7.0km;Variable;3.6km/h/1.0m/s;-;N/A;;Overcast;
2001/12/5;14:00;-1.0;-3.0;86%;1025hPa;8.0km;Calm;Calm;-;N/A;;Overcast;
2001/12/5;14:30;-1.0;-3.0;86%;1025hPa;8.0km;WSW;3.6km/h/1.0m/s;-;N/A;;Overcast;
2001/12/5;15:00;-1.0;-3.0;86%;1025hPa;7.0km;Variable;3.6km/h/1.0m/s;-;N/A;Snow;LightSnowGrains;
2001/12/5;15:30;-1.0;-3.0;86%;1025hPa;3.5km;Calm;Calm;-;N/A;Snow;LightSnowGrains;
2001/12/5;16:00;-1.0;-3.0;86%;1025hPa;3.0km;Calm;Calm;-;N/A;Snow;LightSnowGrains;
2001/12/5;16:30;-1.0;-2.0;93%;1025hPa;3.0km;Calm;Calm;-;N/A;Snow;LightSnowGrains;
2001/12/5;17:00;-2.0;-2.0;100%;1025hPa;3.5km;Calm;Calm;-;N/A;Snow;LightSnowGrains;
2001/12/5;17:30;-2.0;-2.0;100%;1025hPa;4.0km;Calm;Calm;-;N/A;Snow;LightSnowGrains;
2001/12/5;18:00;-2.0;-2.0;100%;1025hPa;5.0km;Calm;Calm;-;N/A;Snow;LightSnowGrains;
2001/12/5;18:30;-2.0;-2.0;100%;1025hPa;5.0km;Calm;Calm;-;N/A;Snow;LightSnowGrains;
2001/12/5;19:00;-2.0;-2.0;100%;1025hPa;4.5km;Calm;Calm;-;N/A;Snow;LightSnowGrains;
2001/12/5;19:30;-2.0;-2.0;100%;1025hPa;5.0km;Calm;Calm;-;N/A;Snow;LightSnowGrains;
2001/12/5;20:00;-2.0;-2.0;100%;1025hPa;5.0km;SE;3.6km/h/1.0m/s;-;N/A;Snow;LightSnowGrains;
2001/12/5;20:30;-2.0;-2.0;100%;1025hPa;4.5km;Calm;Calm;-;N/A;Snow;LightSnowGrains;
2001/12/5;21:00;-2.0;-2.0;100%;1025hPa;4.0km;SSE;3.6km/h/1.0m/s;-;N/A;Snow;LightSnowGrains;
2001/12/5;21:30;-2.0;-2.0;100%;1025hPa;3.5km;Calm;Calm;-;N/A;Snow;LightSnowGrains;
2001/12/5;22:00;-2.0;-2.0;100%;1025hPa;-;South;3.6km/h/1.0m/s;-;N/A;Snow;LightSnowGrains;
2001/12/5;22:30;-2.0;-2.0;100%;1025hPa;-;South;3.6km/h/1.0m/s;-;N/A;Snow;LightSnow;
2001/12/5;23:00;-2.0;-2.0;100%;1025hPa;2.1km;South;3.6km/h/1.0m/s;-;N/A;Snow;LightSnow;
2001/12/5;23:30;-2.0;-2.0;100%;1025hPa;2.3km;South;3.6km/h/1.0m/s;-;N/A;Snow;LightSnow;
