2001/5/25;00:00;10.0;6.0;76%;1018hPa;-;ENE;3.6km/h/1.0m/s;-;N/A;;Clear;
2001/5/25;00:30;11.0;7.0;76%;1018hPa;-;Variable;3.6km/h/1.0m/s;-;N/A;;Clear;
2001/5/25;01:00;11.0;6.0;71%;1018hPa;-;North;3.6km/h/1.0m/s;-;N/A;;Clear;
2001/5/25;01:30;11.0;6.0;71%;1017hPa;-;Variable;3.6km/h/1.0m/s;-;N/A;;Clear;
2001/5/25;02:00;9.0;6.0;82%;1017hPa;-;NW;3.6km/h/1.0m/s;-;N/A;;Clear;
2001/5/25;02:30;10.0;5.0;71%;1017hPa;-;Variable;3.6km/h/1.0m/s;-;N/A;;Clear;
2001/5/25;03:00;9.0;5.0;76%;1017hPa;-;NNW;3.6km/h/1.0m/s;-;N/A;;Clear;
2001/5/25;03:30;10.0;5.0;71%;1016hPa;-;Variable;3.6km/h/1.0m/s;-;N/A;;Clear;
2001/5/25;04:00;10.0;5.0;71%;1016hPa;-;North;3.6km/h/1.0m/s;-;N/A;;Clear;
2001/5/25;04:30;9.0;5.0;76%;1016hPa;-;North;3.6km/h/1.0m/s;-;N/A;;Clear;
2001/5/25;05:30;10.0;5.0;71%;1016hPa;-;North;7.2km/h/2.0m/s;-;N/A;;Clear;
2001/5/25;06:00;11.0;6.0;71%;1015hPa;-;North;7.2km/h/2.0m/s;-;N/A;;Clear;
2001/5/25;06:30;13.0;7.0;67%;1015hPa;-;Variable;3.6km/h/1.0m/s;-;N/A;;Clear;
2001/5/25;07:00;14.0;7.0;63%;1015hPa;-;North;10.8km/h/3.0m/s;-;N/A;;Clear;
2001/5/25;07:30;16.0;7.0;55%;1015hPa;-;Variable;3.6km/h/1.0m/s;-;N/A;;Clear;
2001/5/25;08:00;17.0;7.0;52%;1015hPa;-;Variable;3.6km/h/1.0m/s;-;N/A;;Clear;
2001/5/25;08:30;18.0;9.0;56%;1015hPa;-;Variable;3.6km/h/1.0m/s;-;N/A;;Clear;
2001/5/25;09:00;19.0;9.0;52%;1015hPa;-;Variable;7.2km/h/2.0m/s;-;N/A;;Clear;
2001/5/25;09:30;20.0;9.0;49%;1015hPa;-;Variable;3.6km/h/1.0m/s;-;N/A;;Clear;
2001/5/25;10:00;22.0;8.0;41%;1015hPa;-;Variable;3.6km/h/1.0m/s;-;N/A;;Clear;
2001/5/25;10:30;23.0;8.0;38%;1015hPa;-;Variable;3.6km/h/1.0m/s;-;N/A;;Clear;
2001/5/25;11:00;23.0;10.0;44%;1015hPa;-;Variable;7.2km/h/2.0m/s;-;N/A;;Clear;
2001/5/25;11:30;24.0;8.0;36%;1014hPa;10.0km;Variable;7.2km/h/2.0m/s;-;N/A;;PartlyCloudy;
2001/5/25;12:00;24.0;8.0;36%;1014hPa;10.0km;Variable;7.2km/h/2.0m/s;-;N/A;;ScatteredClouds;
2001/5/25;12:30;24.0;8.0;36%;1014hPa;10.0km;Variable;7.2km/h/2.0m/s;-;N/A;;ScatteredClouds;
2001/5/25;13:00;25.0;9.0;36%;1014hPa;10.0km;ESE;10.8km/h/3.0m/s;-;N/A;;ScatteredClouds;
2001/5/25;13:30;25.0;9.0;36%;1013hPa;10.0km;Variable;10.8km/h/3.0m/s;-;N/A;;ScatteredClouds;
2001/5/25;14:00;26.0;11.0;39%;1013hPa;10.0km;Variable;10.8km/h/3.0m/s;-;N/A;;ScatteredClouds;
2001/5/25;14:30;26.0;9.0;34%;1013hPa;10.0km;Variable;7.2km/h/2.0m/s;-;N/A;;ScatteredClouds;
2001/5/25;15:00;25.0;9.0;36%;1013hPa;10.0km;Variable;3.6km/h/1.0m/s;-;N/A;;ScatteredClouds;
2001/5/25;15:30;25.0;9.0;36%;1012hPa;10.0km;Variable;3.6km/h/1.0m/s;-;N/A;;ScatteredClouds;
2001/5/25;16:00;24.0;12.0;47%;1012hPa;10.0km;Variable;3.6km/h/1.0m/s;-;N/A;;ScatteredClouds;
2001/5/25;16:30;24.0;10.0;41%;1012hPa;10.0km;Variable;7.2km/h/2.0m/s;-;N/A;;ScatteredClouds;
2001/5/25;17:00;23.0;8.0;38%;1012hPa;10.0km;Variable;3.6km/h/1.0m/s;-;N/A;;MostlyCloudy;
2001/5/25;17:30;23.0;8.0;38%;1012hPa;10.0km;Variable;3.6km/h/1.0m/s;-;N/A;;MostlyCloudy;
2001/5/25;18:00;22.0;8.0;41%;1012hPa;-;Variable;7.2km/h/2.0m/s;-;N/A;;Clear;
2001/5/25;18:30;23.0;8.0;38%;1013hPa;-;NE;10.8km/h/3.0m/s;-;N/A;;Clear;
2001/5/25;19:00;22.0;8.0;41%;1013hPa;-;North;25.2km/h/7.0m/s;-;N/A;;Clear;
2001/5/25;19:30;22.0;8.0;41%;1013hPa;-;North;21.6km/h/6.0m/s;-;N/A;;Clear;
2001/5/25;20:00;21.0;8.0;43%;1013hPa;-;North;21.6km/h/6.0m/s;-;N/A;;Clear;
2001/5/25;20:30;21.0;9.0;46%;1014hPa;-;North;18.0km/h/5.0m/s;-;N/A;;Clear;
2001/5/25;21:00;20.0;7.0;43%;1014hPa;-;North;18.0km/h/5.0m/s;-;N/A;;Clear;
2001/5/25;21:30;20.0;5.0;37%;1014hPa;-;North;14.4km/h/4.0m/s;-;N/A;;Clear;
2001/5/25;22:00;19.0;5.0;40%;1015hPa;-;North;18.0km/h/5.0m/s;-;N/A;;Clear;
2001/5/25;22:30;19.0;5.0;40%;1015hPa;-;North;25.2km/h/7.0m/s;-;N/A;;Clear;
2001/5/25;23:00;18.0;5.0;42%;1016hPa;-;North;25.2km/h/7.0m/s;43.2km/h/12.0m/s;N/A;;Clear;
2001/5/25;23:30;18.0;4.0;40%;1016hPa;-;North;25.2km/h/7.0m/s;-;N/A;;Clear;
