2001/10/1;00:00;13.0;13.0;100%;1018hPa;6.0km;North;7.2km/h/2.0m/s;-;N/A;;Overcast;
2001/10/1;00:30;13.0;13.0;100%;1018hPa;7.0km;NNW;3.6km/h/1.0m/s;-;N/A;;Overcast;
2001/10/1;01:00;13.0;13.0;100%;1018hPa;8.0km;Variable;3.6km/h/1.0m/s;-;N/A;Rain;LightRain;
2001/10/1;01:30;13.0;13.0;100%;1018hPa;8.0km;Variable;3.6km/h/1.0m/s;-;N/A;Rain;LightRain;
2001/10/1;02:00;13.0;13.0;100%;1018hPa;6.0km;Variable;7.2km/h/2.0m/s;-;N/A;Rain;LightRain;
2001/10/1;02:30;13.0;13.0;100%;1018hPa;6.0km;Variable;3.6km/h/1.0m/s;-;N/A;Rain;LightRain;
2001/10/1;03:00;13.0;13.0;100%;1018hPa;5.0km;Variable;3.6km/h/1.0m/s;-;N/A;Rain;LightRain;
2001/10/1;03:30;13.0;13.0;100%;1017hPa;5.0km;NNE;3.6km/h/1.0m/s;-;N/A;;Overcast;
2001/10/1;04:00;13.0;13.0;100%;1018hPa;5.0km;West;3.6km/h/1.0m/s;-;N/A;;Overcast;
2001/10/1;04:30;13.0;13.0;100%;1018hPa;5.0km;Calm;Calm;-;N/A;;Overcast;
2001/10/1;05:00;13.0;13.0;100%;1018hPa;5.0km;South;3.6km/h/1.0m/s;-;N/A;;Overcast;
2001/10/1;05:30;13.0;13.0;100%;1017hPa;1.8km;Variable;3.6km/h/1.0m/s;-;N/A;;Overcast;
2001/10/1;06:00;13.0;13.0;100%;1018hPa;0.4km;SSE;7.2km/h/2.0m/s;-;N/A;Fog;Fog;
2001/10/1;06:30;13.0;13.0;100%;1018hPa;0.4km;South;3.6km/h/1.0m/s;-;N/A;Fog;Fog;
2001/10/1;07:00;12.0;12.0;100%;1018hPa;0.2km;South;3.6km/h/1.0m/s;-;N/A;Fog;Fog;
2001/10/1;07:30;13.0;13.0;100%;1018hPa;0.6km;South;3.6km/h/1.0m/s;-;N/A;Fog;Fog;
2001/10/1;08:00;13.0;13.0;100%;1018hPa;0.9km;South;3.6km/h/1.0m/s;-;N/A;Fog;Fog;
2001/10/1;08:30;13.0;13.0;100%;1018hPa;2.2km;South;3.6km/h/1.0m/s;-;N/A;;MostlyCloudy;
2001/10/1;09:00;13.0;13.0;100%;1018hPa;2.5km;SSE;3.6km/h/1.0m/s;-;N/A;;MostlyCloudy;
2001/10/1;09:30;14.0;14.0;100%;1019hPa;2.7km;South;3.6km/h/1.0m/s;-;N/A;;MostlyCloudy;
2001/10/1;10:00;14.0;14.0;100%;1019hPa;2.1km;Variable;3.6km/h/1.0m/s;-;N/A;;MostlyCloudy;
2001/10/1;10:30;14.0;14.0;100%;1019hPa;2.5km;Variable;3.6km/h/1.0m/s;-;N/A;;Overcast;
2001/10/1;11:00;14.0;14.0;100%;1019hPa;3.5km;Variable;3.6km/h/1.0m/s;-;N/A;;Overcast;
2001/10/1;11:30;15.0;14.0;94%;1019hPa;4.5km;Variable;3.6km/h/1.0m/s;-;N/A;;Overcast;
2001/10/1;12:00;16.0;15.0;94%;1019hPa;3.5km;South;10.8km/h/3.0m/s;-;N/A;;MostlyCloudy;
2001/10/1;12:30;16.0;14.0;88%;1019hPa;4.0km;SSW;10.8km/h/3.0m/s;-;N/A;;MostlyCloudy;
2001/10/1;13:00;17.0;14.0;82%;1019hPa;5.0km;Variable;7.2km/h/2.0m/s;-;N/A;;MostlyCloudy;
2001/10/1;13:30;17.0;15.0;88%;1019hPa;7.0km;Variable;7.2km/h/2.0m/s;-;N/A;;MostlyCloudy;
2001/10/1;14:00;18.0;14.0;77%;1019hPa;10.0km;SW;14.4km/h/4.0m/s;-;N/A;;MostlyCloudy;
2001/10/1;14:30;18.0;13.0;73%;1019hPa;10.0km;SW;18.0km/h/5.0m/s;-;N/A;;MostlyCloudy;
2001/10/1;15:00;19.0;13.0;68%;1018hPa;10.0km;SW;18.0km/h/5.0m/s;-;N/A;;MostlyCloudy;
2001/10/1;15:30;18.0;14.0;77%;1018hPa;10.0km;SW;18.0km/h/5.0m/s;-;N/A;;ScatteredClouds;
2001/10/1;16:00;18.0;13.0;73%;1018hPa;10.0km;SW;14.4km/h/4.0m/s;-;N/A;;ScatteredClouds;
2001/10/1;16:30;18.0;13.0;73%;1018hPa;10.0km;SW;18.0km/h/5.0m/s;-;N/A;;MostlyCloudy;
2001/10/1;17:00;18.0;13.0;73%;1018hPa;10.0km;SSW;14.4km/h/4.0m/s;-;N/A;;MostlyCloudy;
2001/10/1;17:30;17.0;13.0;77%;1018hPa;10.0km;SSW;10.8km/h/3.0m/s;-;N/A;;MostlyCloudy;
2001/10/1;18:00;16.0;13.0;82%;1018hPa;10.0km;Variable;7.2km/h/2.0m/s;-;N/A;;Overcast;
2001/10/1;18:30;15.0;14.0;94%;1018hPa;7.0km;South;10.8km/h/3.0m/s;-;N/A;;Overcast;
2001/10/1;19:00;15.0;13.0;88%;1018hPa;8.0km;South;10.8km/h/3.0m/s;-;N/A;;MostlyCloudy;
2001/10/1;19:30;14.0;13.0;94%;1018hPa;-;Variable;3.6km/h/1.0m/s;-;N/A;;Clear;
2001/10/1;20:00;14.0;13.0;94%;1018hPa;10.0km;SSE;3.6km/h/1.0m/s;-;N/A;;MostlyCloudy;
2001/10/1;20:30;15.0;14.0;94%;1018hPa;10.0km;SW;10.8km/h/3.0m/s;-;N/A;;MostlyCloudy;
2001/10/1;21:00;16.0;14.0;88%;1018hPa;10.0km;SW;18.0km/h/5.0m/s;-;N/A;;MostlyCloudy;
2001/10/1;21:30;15.0;13.0;88%;1019hPa;10.0km;WSW;18.0km/h/5.0m/s;-;N/A;;ScatteredClouds;
2001/10/1;22:00;15.0;13.0;88%;1019hPa;10.0km;SW;18.0km/h/5.0m/s;-;N/A;;MostlyCloudy;
2001/10/1;22:30;14.0;13.0;94%;1019hPa;8.0km;SW;14.4km/h/4.0m/s;-;N/A;;MostlyCloudy;
2001/10/1;23:00;14.0;13.0;94%;1019hPa;8.0km;SSW;10.8km/h/3.0m/s;-;N/A;;MostlyCloudy;
2001/10/1;23:30;14.0;14.0;100%;1019hPa;7.0km;South;14.4km/h/4.0m/s;-;N/A;;MostlyCloudy;
