2001/4/19;00:00;4.0;2.0;87%;1007hPa;-;Variable;3.6km/h/1.0m/s;-;N/A;;Clear;
2001/4/19;00:30;3.0;1.0;87%;1007hPa;-;Calm;Calm;-;N/A;;Clear;
2001/4/19;01:00;2.0;1.0;93%;1007hPa;-;WNW;3.6km/h/1.0m/s;-;N/A;;Clear;
2001/4/19;01:30;3.0;1.0;87%;1007hPa;-;Variable;3.6km/h/1.0m/s;-;N/A;;Clear;
2001/4/19;02:00;2.0;1.0;93%;1007hPa;-;Variable;7.2km/h/2.0m/s;-;N/A;;Clear;
2001/4/19;02:30;3.0;1.0;87%;1007hPa;-;Calm;Calm;-;N/A;;Clear;
2001/4/19;03:00;3.0;1.0;87%;1007hPa;-;North;3.6km/h/1.0m/s;-;N/A;;Clear;
2001/4/19;03:30;3.0;1.0;87%;1007hPa;-;NNW;3.6km/h/1.0m/s;-;N/A;;Clear;
2001/4/19;04:00;3.0;1.0;87%;1007hPa;-;Variable;7.2km/h/2.0m/s;-;N/A;;Clear;
2001/4/19;04:30;2.0;0.0;87%;1007hPa;-;Calm;Calm;-;N/A;;Clear;
2001/4/19;05:00;2.0;1.0;93%;1007hPa;-;North;3.6km/h/1.0m/s;-;N/A;;Clear;
2001/4/19;05:30;2.0;0.0;87%;1008hPa;-;NNW;7.2km/h/2.0m/s;-;N/A;;Clear;
2001/4/19;06:00;1.0;0.0;93%;1008hPa;-;North;3.6km/h/1.0m/s;-;N/A;;Clear;
2001/4/19;06:30;1.0;-1.0;87%;1008hPa;10.0km;NNE;3.6km/h/1.0m/s;-;N/A;;ScatteredClouds;
2001/4/19;07:00;2.0;0.0;87%;1008hPa;10.0km;North;7.2km/h/2.0m/s;-;N/A;;ScatteredClouds;
2001/4/19;07:30;4.0;2.0;87%;1008hPa;10.0km;NNW;3.6km/h/1.0m/s;-;N/A;;ScatteredClouds;
2001/4/19;08:00;6.0;3.0;81%;1008hPa;-;Variable;3.6km/h/1.0m/s;-;N/A;;Clear;
2001/4/19;08:30;7.0;4.0;81%;1008hPa;10.0km;Variable;3.6km/h/1.0m/s;-;N/A;;ScatteredClouds;
2001/4/19;09:00;9.0;5.0;76%;1009hPa;6.0km;Variable;3.6km/h/1.0m/s;-;N/A;;ScatteredClouds;
2001/4/19;09:30;10.0;5.0;71%;1008hPa;7.0km;Variable;7.2km/h/2.0m/s;-;N/A;;ScatteredClouds;
2001/4/19;10:00;11.0;4.0;62%;1008hPa;10.0km;SSE;10.8km/h/3.0m/s;-;N/A;;ScatteredClouds;
2001/4/19;10:30;12.0;5.0;62%;1008hPa;10.0km;South;10.8km/h/3.0m/s;-;N/A;;ScatteredClouds;
2001/4/19;11:00;12.0;4.0;58%;1009hPa;10.0km;South;18.0km/h/5.0m/s;-;N/A;;MostlyCloudy;
2001/4/19;11:30;12.0;5.0;62%;1009hPa;10.0km;SSW;21.6km/h/6.0m/s;-;N/A;;MostlyCloudy;
2001/4/19;12:00;11.0;5.0;67%;1009hPa;10.0km;SSW;18.0km/h/5.0m/s;-;N/A;;MostlyCloudy;
2001/4/19;12:30;12.0;5.0;62%;1009hPa;10.0km;South;14.4km/h/4.0m/s;-;N/A;;ScatteredClouds;
2001/4/19;13:00;13.0;4.0;54%;1008hPa;10.0km;South;18.0km/h/5.0m/s;-;N/A;;MostlyCloudy;
2001/4/19;13:30;13.0;3.0;51%;1008hPa;10.0km;South;21.6km/h/6.0m/s;-;N/A;;MostlyCloudy;
2001/4/19;14:00;13.0;5.0;58%;1008hPa;10.0km;South;25.2km/h/7.0m/s;-;N/A;;MostlyCloudy;
2001/4/19;14:30;13.0;5.0;58%;1008hPa;10.0km;South;25.2km/h/7.0m/s;-;N/A;;MostlyCloudy;
2001/4/19;15:00;13.0;4.0;54%;1008hPa;10.0km;South;21.6km/h/6.0m/s;-;N/A;;MostlyCloudy;
2001/4/19;15:30;14.0;5.0;55%;1008hPa;10.0km;South;21.6km/h/6.0m/s;-;N/A;;MostlyCloudy;
2001/4/19;16:00;13.0;3.0;51%;1008hPa;10.0km;South;25.2km/h/7.0m/s;-;N/A;;MostlyCloudy;
2001/4/19;16:30;13.0;4.0;54%;1008hPa;10.0km;South;21.6km/h/6.0m/s;-;N/A;;MostlyCloudy;
2001/4/19;17:00;14.0;4.0;51%;1008hPa;10.0km;South;21.6km/h/6.0m/s;-;N/A;;Overcast;
2001/4/19;17:30;13.0;5.0;58%;1008hPa;10.0km;South;21.6km/h/6.0m/s;-;N/A;;MostlyCloudy;
2001/4/19;18:00;13.0;5.0;58%;1008hPa;10.0km;South;18.0km/h/5.0m/s;-;N/A;;MostlyCloudy;
2001/4/19;18:30;13.0;5.0;58%;1007hPa;-;South;18.0km/h/5.0m/s;-;N/A;;Clear;
2001/4/19;19:00;12.0;7.0;72%;1008hPa;10.0km;South;10.8km/h/3.0m/s;-;N/A;Rain;LightRain;
2001/4/19;19:30;12.0;6.0;67%;1008hPa;10.0km;Variable;7.2km/h/2.0m/s;-;N/A;;MostlyCloudy;
2001/4/19;20:00;10.0;7.0;82%;1008hPa;10.0km;Variable;7.2km/h/2.0m/s;-;N/A;;MostlyCloudy;
2001/4/19;20:30;10.0;6.0;76%;1008hPa;10.0km;South;14.4km/h/4.0m/s;-;N/A;;MostlyCloudy;
2001/4/19;21:00;11.0;5.0;67%;1009hPa;-;Variable;7.2km/h/2.0m/s;-;N/A;;Clear;
2001/4/19;21:30;10.0;6.0;76%;1009hPa;-;Variable;3.6km/h/1.0m/s;-;N/A;;Clear;
2001/4/19;22:00;8.0;6.0;87%;1009hPa;-;NNW;10.8km/h/3.0m/s;-;N/A;;Clear;
2001/4/19;22:30;8.0;6.0;87%;1009hPa;10.0km;North;10.8km/h/3.0m/s;-;N/A;;MostlyCloudy;
2001/4/19;23:00;8.0;6.0;87%;1009hPa;10.0km;NNE;10.8km/h/3.0m/s;-;N/A;;MostlyCloudy;
2001/4/19;23:30;8.0;6.0;87%;1009hPa;-;North;7.2km/h/2.0m/s;-;N/A;;Clear;
