2001/10/11;00:00;15.0;15.0;100%;1026hPa;8.0km;NNE;3.6km/h/1.0m/s;-;N/A;;ScatteredClouds;
2001/10/11;00:30;14.0;14.0;100%;1026hPa;7.0km;ENE;7.2km/h/2.0m/s;-;N/A;;MostlyCloudy;
2001/10/11;01:00;14.0;14.0;100%;1026hPa;3.5km;Variable;3.6km/h/1.0m/s;-;N/A;;PartlyCloudy;
2001/10/11;01:30;14.0;14.0;100%;1026hPa;4.5km;NNE;7.2km/h/2.0m/s;-;N/A;;ScatteredClouds;
2001/10/11;02:00;14.0;13.0;94%;1026hPa;5.0km;NNE;7.2km/h/2.0m/s;-;N/A;;ScatteredClouds;
2001/10/11;02:30;13.0;12.0;94%;1026hPa;5.0km;NNE;7.2km/h/2.0m/s;-;N/A;;ScatteredClouds;
2001/10/11;03:24;12.0;12.0;100%;1026hPa;4.5km;NE;7.2km/h/2.0m/s;-;N/A;;PartlyCloudy;
2001/10/11;03:30;12.0;12.0;100%;1026hPa;0.7km;ESE;7.2km/h/2.0m/s;-;N/A;Fog;Fog;
2001/10/11;04:00;11.0;11.0;100%;1026hPa;0.3km;Calm;Calm;-;N/A;;ScatteredClouds;
2001/10/11;04:30;12.0;12.0;100%;1026hPa;0.9km;Variable;3.6km/h/1.0m/s;-;N/A;;ScatteredClouds;
2001/10/11;04:56;13.0;13.0;100%;1026hPa;4.0km;Variable;3.6km/h/1.0m/s;-;N/A;;MostlyCloudy;
2001/10/11;05:30;13.0;13.0;100%;1026hPa;7.0km;Variable;3.6km/h/1.0m/s;-;N/A;;ScatteredClouds;
2001/10/11;06:00;13.0;13.0;100%;1026hPa;4.0km;Calm;Calm;-;N/A;;MostlyCloudy;
2001/10/11;06:30;12.0;12.0;100%;1026hPa;2.4km;Variable;7.2km/h/2.0m/s;-;N/A;;MostlyCloudy;
2001/10/11;07:00;12.0;12.0;100%;1026hPa;2.0km;ESE;3.6km/h/1.0m/s;-;N/A;;ScatteredClouds;
2001/10/11;07:30;11.0;11.0;100%;1026hPa;2.5km;Variable;3.6km/h/1.0m/s;-;N/A;;ScatteredClouds;
2001/10/11;08:00;12.0;12.0;100%;1026hPa;3.0km;Variable;3.6km/h/1.0m/s;-;N/A;;MostlyCloudy;
2001/10/11;08:30;13.0;13.0;100%;1026hPa;5.0km;Variable;3.6km/h/1.0m/s;-;N/A;;MostlyCloudy;
2001/10/11;09:00;13.0;13.0;100%;1027hPa;6.0km;Variable;3.6km/h/1.0m/s;-;N/A;;Overcast;
2001/10/11;09:30;14.0;13.0;94%;1026hPa;7.0km;Calm;Calm;-;N/A;;MostlyCloudy;
2001/10/11;10:00;15.0;14.0;94%;1027hPa;7.0km;Calm;Calm;-;N/A;;MostlyCloudy;
2001/10/11;10:30;15.0;13.0;88%;1027hPa;10.0km;Variable;3.6km/h/1.0m/s;-;N/A;;MostlyCloudy;
2001/10/11;11:00;15.0;13.0;88%;1027hPa;10.0km;Variable;3.6km/h/1.0m/s;-;N/A;;MostlyCloudy;
2001/10/11;11:30;16.0;14.0;88%;1026hPa;10.0km;Variable;3.6km/h/1.0m/s;-;N/A;;MostlyCloudy;
2001/10/11;12:00;16.0;13.0;82%;1026hPa;10.0km;Variable;3.6km/h/1.0m/s;-;N/A;;MostlyCloudy;
2001/10/11;12:30;17.0;13.0;77%;1026hPa;10.0km;Variable;7.2km/h/2.0m/s;-;N/A;;MostlyCloudy;
2001/10/11;13:00;17.0;14.0;82%;1026hPa;10.0km;WSW;10.8km/h/3.0m/s;-;N/A;;MostlyCloudy;
2001/10/11;13:30;17.0;14.0;82%;1026hPa;10.0km;WSW;10.8km/h/3.0m/s;-;N/A;;Overcast;
2001/10/11;14:00;17.0;14.0;82%;1026hPa;10.0km;Variable;7.2km/h/2.0m/s;-;N/A;;Overcast;
2001/10/11;14:30;17.0;14.0;82%;1025hPa;-;SW;10.8km/h/3.0m/s;-;N/A;;Clear;
2001/10/11;15:00;17.0;14.0;82%;1025hPa;-;West;7.2km/h/2.0m/s;-;N/A;;Clear;
2001/10/11;15:30;18.0;14.0;77%;1025hPa;-;Variable;3.6km/h/1.0m/s;-;N/A;;Clear;
2001/10/11;16:00;18.0;14.0;77%;1025hPa;-;Calm;Calm;-;N/A;;Clear;
2001/10/11;16:30;18.0;12.0;68%;1025hPa;-;Variable;3.6km/h/1.0m/s;-;N/A;;Clear;
2001/10/11;17:00;17.0;13.0;77%;1026hPa;-;North;7.2km/h/2.0m/s;-;N/A;;Clear;
2001/10/11;17:30;16.0;12.0;77%;1026hPa;-;North;3.6km/h/1.0m/s;-;N/A;;Clear;
2001/10/11;18:00;15.0;12.0;82%;1026hPa;-;NW;3.6km/h/1.0m/s;-;N/A;;Clear;
2001/10/11;18:30;15.0;12.0;82%;1026hPa;-;Variable;3.6km/h/1.0m/s;-;N/A;;Clear;
2001/10/11;19:00;14.0;10.0;77%;1027hPa;-;Variable;3.6km/h/1.0m/s;-;N/A;;Clear;
2001/10/11;19:30;13.0;10.0;82%;1027hPa;-;Calm;Calm;-;N/A;;Clear;
2001/10/11;20:00;13.0;9.0;77%;1027hPa;-;Calm;Calm;-;N/A;;Clear;
2001/10/11;20:30;12.0;9.0;82%;1027hPa;-;NNW;3.6km/h/1.0m/s;-;N/A;;Clear;
2001/10/11;21:00;12.0;9.0;82%;1027hPa;-;Variable;3.6km/h/1.0m/s;-;N/A;;Clear;
2001/10/11;21:30;13.0;8.0;72%;1027hPa;-;North;10.8km/h/3.0m/s;-;N/A;;Clear;
2001/10/11;22:00;12.0;9.0;82%;1027hPa;-;North;10.8km/h/3.0m/s;-;N/A;;Clear;
2001/10/11;22:30;12.0;10.0;88%;1027hPa;-;Variable;3.6km/h/1.0m/s;-;N/A;;Clear;
2001/10/11;23:00;12.0;10.0;88%;1028hPa;-;Calm;Calm;-;N/A;;Clear;
2001/10/11;23:30;12.0;10.0;88%;1028hPa;-;ENE;3.6km/h/1.0m/s;-;N/A;;Clear;
