2001/10/4;00:00;14.0;13.0;94%;1015hPa;-;WNW;3.6km/h/1.0m/s;-;N/A;;Clear;
2001/10/4;00:30;14.0;14.0;100%;1015hPa;10.0km;West;3.6km/h/1.0m/s;-;N/A;;PartlyCloudy;
2001/10/4;01:00;14.0;14.0;100%;1015hPa;10.0km;North;7.2km/h/2.0m/s;-;N/A;;ScatteredClouds;
2001/10/4;01:30;14.0;13.0;94%;1015hPa;10.0km;Variable;3.6km/h/1.0m/s;-;N/A;;MostlyCloudy;
2001/10/4;02:00;13.0;13.0;100%;1015hPa;10.0km;Calm;Calm;-;N/A;;MostlyCloudy;
2001/10/4;02:30;14.0;14.0;100%;1014hPa;10.0km;Variable;3.6km/h/1.0m/s;-;N/A;;MostlyCloudy;
2001/10/4;03:00;15.0;14.0;94%;1014hPa;10.0km;North;7.2km/h/2.0m/s;-;N/A;;MostlyCloudy;
2001/10/4;03:30;14.0;14.0;100%;1014hPa;10.0km;Calm;Calm;-;N/A;;MostlyCloudy;
2001/10/4;04:00;15.0;14.0;94%;1014hPa;10.0km;Calm;Calm;-;N/A;;MostlyCloudy;
2001/10/4;04:30;14.0;14.0;100%;1014hPa;10.0km;NNW;3.6km/h/1.0m/s;-;N/A;;ScatteredClouds;
2001/10/4;05:00;14.0;14.0;100%;1014hPa;10.0km;NW;3.6km/h/1.0m/s;-;N/A;;MostlyCloudy;
2001/10/4;05:30;15.0;15.0;100%;1013hPa;10.0km;North;3.6km/h/1.0m/s;-;N/A;;MostlyCloudy;
2001/10/4;06:00;15.0;15.0;100%;1013hPa;10.0km;North;3.6km/h/1.0m/s;-;N/A;;MostlyCloudy;
2001/10/4;06:30;15.0;14.0;94%;1013hPa;10.0km;North;7.2km/h/2.0m/s;-;N/A;;MostlyCloudy;
2001/10/4;07:00;15.0;15.0;100%;1013hPa;10.0km;North;7.2km/h/2.0m/s;-;N/A;;MostlyCloudy;
2001/10/4;07:30;15.0;15.0;100%;1013hPa;10.0km;North;3.6km/h/1.0m/s;-;N/A;;MostlyCloudy;
2001/10/4;08:00;15.0;15.0;100%;1013hPa;8.0km;Variable;3.6km/h/1.0m/s;-;N/A;;MostlyCloudy;
2001/10/4;08:30;16.0;15.0;94%;1014hPa;8.0km;Variable;3.6km/h/1.0m/s;-;N/A;;MostlyCloudy;
2001/10/4;09:00;17.0;15.0;88%;1013hPa;7.0km;Variable;7.2km/h/2.0m/s;-;N/A;;MostlyCloudy;
2001/10/4;09:30;18.0;15.0;83%;1013hPa;7.0km;Variable;7.2km/h/2.0m/s;-;N/A;;ScatteredClouds;
2001/10/4;10:00;18.0;15.0;83%;1013hPa;7.0km;Variable;3.6km/h/1.0m/s;-;N/A;;ScatteredClouds;
2001/10/4;10:30;19.0;16.0;83%;1013hPa;6.0km;Variable;3.6km/h/1.0m/s;-;N/A;;ScatteredClouds;
2001/10/4;11:00;19.0;15.0;78%;1013hPa;8.0km;Variable;3.6km/h/1.0m/s;-;N/A;;MostlyCloudy;
2001/10/4;11:30;18.0;15.0;83%;1013hPa;9.0km;South;10.8km/h/3.0m/s;-;N/A;;MostlyCloudy;
2001/10/4;12:00;18.0;15.0;83%;1013hPa;10.0km;South;10.8km/h/3.0m/s;-;N/A;;MostlyCloudy;
2001/10/4;12:30;18.0;15.0;83%;1013hPa;10.0km;South;14.4km/h/4.0m/s;-;N/A;;MostlyCloudy;
2001/10/4;13:00;19.0;15.0;78%;1013hPa;10.0km;SW;10.8km/h/3.0m/s;-;N/A;;MostlyCloudy;
2001/10/4;13:30;19.0;14.0;73%;1013hPa;10.0km;SSW;14.4km/h/4.0m/s;-;N/A;;MostlyCloudy;
2001/10/4;14:00;19.0;14.0;73%;1013hPa;10.0km;SSW;14.4km/h/4.0m/s;-;N/A;;MostlyCloudy;
2001/10/4;14:30;19.0;14.0;73%;1013hPa;10.0km;SSW;14.4km/h/4.0m/s;-;N/A;;MostlyCloudy;
2001/10/4;15:00;19.0;14.0;73%;1013hPa;10.0km;SSW;10.8km/h/3.0m/s;-;N/A;;ScatteredClouds;
2001/10/4;15:30;19.0;14.0;73%;1013hPa;10.0km;Variable;7.2km/h/2.0m/s;-;N/A;;ScatteredClouds;
2001/10/4;16:00;19.0;14.0;73%;1013hPa;10.0km;Variable;7.2km/h/2.0m/s;-;N/A;;ScatteredClouds;
2001/10/4;16:30;20.0;14.0;68%;1013hPa;10.0km;Variable;7.2km/h/2.0m/s;-;N/A;;ScatteredClouds;
2001/10/4;17:00;19.0;14.0;73%;1013hPa;10.0km;WSW;7.2km/h/2.0m/s;-;N/A;;PartlyCloudy;
2001/10/4;17:30;19.0;14.0;73%;1013hPa;-;SW;3.6km/h/1.0m/s;-;N/A;;Clear;
2001/10/4;18:00;17.0;14.0;82%;1013hPa;-;Variable;3.6km/h/1.0m/s;-;N/A;;Clear;
2001/10/4;18:30;16.0;14.0;88%;1013hPa;-;Variable;3.6km/h/1.0m/s;-;N/A;;Clear;
2001/10/4;19:00;15.0;14.0;94%;1013hPa;-;West;3.6km/h/1.0m/s;-;N/A;;Clear;
2001/10/4;19:30;14.0;12.0;88%;1013hPa;-;WNW;3.6km/h/1.0m/s;-;N/A;;Clear;
2001/10/4;20:00;14.0;13.0;94%;1013hPa;-;NW;3.6km/h/1.0m/s;-;N/A;;Clear;
2001/10/4;20:30;15.0;14.0;94%;1014hPa;-;North;14.4km/h/4.0m/s;-;N/A;;Clear;
2001/10/4;21:00;14.0;13.0;94%;1014hPa;-;North;7.2km/h/2.0m/s;-;N/A;;Clear;
2001/10/4;21:30;15.0;14.0;94%;1014hPa;-;North;7.2km/h/2.0m/s;-;N/A;;Clear;
2001/10/4;22:00;16.0;15.0;94%;1014hPa;10.0km;NNE;14.4km/h/4.0m/s;-;N/A;;MostlyCloudy;
2001/10/4;22:30;16.0;14.0;88%;1014hPa;10.0km;NE;14.4km/h/4.0m/s;-;N/A;;MostlyCloudy;
2001/10/4;23:00;16.0;14.0;88%;1015hPa;10.0km;North;25.2km/h/7.0m/s;-;N/A;;ScatteredClouds;
2001/10/4;23:30;16.0;13.0;82%;1015hPa;10.0km;North;21.6km/h/6.0m/s;-;N/A;;MostlyCloudy;
