2001/3/26;00:00;10.0;9.0;94%;995hPa;10.0km;NNE;14.4km/h/4.0m/s;-;N/A;Rain;LightRain;
2001/3/26;00:30;9.0;9.0;100%;995hPa;10.0km;NNE;14.4km/h/4.0m/s;-;N/A;Rain;LightRain;
2001/3/26;01:00;9.0;8.0;93%;995hPa;10.0km;North;18.0km/h/5.0m/s;-;N/A;Rain;LightRain;
2001/3/26;01:30;9.0;8.0;93%;995hPa;10.0km;NNE;14.4km/h/4.0m/s;-;N/A;Rain;LightRain;
2001/3/26;02:00;8.0;8.0;100%;995hPa;10.0km;North;21.6km/h/6.0m/s;-;N/A;Rain;LightRain;
2001/3/26;02:30;8.0;7.0;93%;995hPa;10.0km;North;21.6km/h/6.0m/s;-;N/A;Rain;LightRain;
2001/3/26;03:00;8.0;6.0;87%;994hPa;10.0km;North;25.2km/h/7.0m/s;-;N/A;Rain;LightRain;
2001/3/26;03:30;8.0;6.0;87%;994hPa;10.0km;NNE;18.0km/h/5.0m/s;-;N/A;Rain;LightRain;
2001/3/26;04:00;7.0;6.0;93%;994hPa;10.0km;NNE;18.0km/h/5.0m/s;-;N/A;Rain;LightRain;
2001/3/26;04:30;7.0;6.0;93%;994hPa;10.0km;NNE;18.0km/h/5.0m/s;-;N/A;Rain;LightRain;
2001/3/26;05:00;6.0;5.0;93%;994hPa;10.0km;North;25.2km/h/7.0m/s;-;N/A;Rain;LightRain;
2001/3/26;05:30;6.0;5.0;93%;994hPa;10.0km;North;25.2km/h/7.0m/s;-;N/A;Rain;LightRain;
2001/3/26;06:00;6.0;5.0;93%;994hPa;10.0km;North;25.2km/h/7.0m/s;-;N/A;Rain;LightRain;
2001/3/26;06:30;5.0;4.0;93%;994hPa;8.0km;North;21.6km/h/6.0m/s;-;N/A;Rain;LightRain;
2001/3/26;07:00;5.0;4.0;93%;995hPa;8.0km;NNE;18.0km/h/5.0m/s;-;N/A;Rain;Rain;
2001/3/26;07:30;4.0;4.0;100%;995hPa;8.0km;North;21.6km/h/6.0m/s;-;N/A;Rain;Rain;
2001/3/26;08:00;4.0;4.0;100%;996hPa;10.0km;North;21.6km/h/6.0m/s;-;N/A;Rain;Rain;
2001/3/26;08:30;4.0;4.0;100%;996hPa;10.0km;NNE;18.0km/h/5.0m/s;-;N/A;Rain;LightRain;
2001/3/26;09:00;4.0;3.0;93%;996hPa;10.0km;NNE;25.2km/h/7.0m/s;-;N/A;Rain;LightRain;
2001/3/26;09:30;4.0;3.0;93%;997hPa;10.0km;NNE;28.8km/h/8.0m/s;-;N/A;Rain;LightRain;
2001/3/26;10:00;4.0;3.0;93%;997hPa;10.0km;NNE;25.2km/h/7.0m/s;-;N/A;Rain;LightRain;
2001/3/26;10:30;4.0;3.0;93%;998hPa;10.0km;NNE;25.2km/h/7.0m/s;-;N/A;Rain;LightRain;
2001/3/26;11:00;4.0;3.0;93%;999hPa;10.0km;North;25.2km/h/7.0m/s;-;N/A;Rain;LightRain;
2001/3/26;11:30;4.0;3.0;93%;999hPa;10.0km;NNE;25.2km/h/7.0m/s;-;N/A;;Overcast;
2001/3/26;12:00;5.0;3.0;87%;1000hPa;10.0km;NNE;25.2km/h/7.0m/s;-;N/A;;Overcast;
2001/3/26;12:30;5.0;3.0;87%;1000hPa;10.0km;NNE;25.2km/h/7.0m/s;-;N/A;;Overcast;
2001/3/26;13:00;4.0;2.0;87%;1000hPa;10.0km;NNE;28.8km/h/8.0m/s;-;N/A;;Overcast;
2001/3/26;13:30;4.0;2.0;87%;1001hPa;10.0km;NNE;32.4km/h/9.0m/s;-;N/A;Rain;LightRain;
2001/3/26;14:00;4.0;2.0;87%;1002hPa;10.0km;NNE;25.2km/h/7.0m/s;-;N/A;;Overcast;
2001/3/26;14:30;3.0;2.0;93%;1002hPa;7.0km;NNE;25.2km/h/7.0m/s;-;N/A;Rain;Rain;
2001/3/26;15:00;3.0;2.0;93%;1002hPa;7.0km;NNE;28.8km/h/8.0m/s;-;N/A;Rain;LightRain;
2001/3/26;15:30;3.0;2.0;93%;1003hPa;7.0km;North;32.4km/h/9.0m/s;-;N/A;Rain;LightRain;
2001/3/26;16:00;3.0;2.0;93%;1003hPa;7.0km;NNE;32.4km/h/9.0m/s;-;N/A;Rain;LightRain;
2001/3/26;16:30;3.0;2.0;93%;1004hPa;8.0km;North;28.8km/h/8.0m/s;-;N/A;Rain;LightRain;
2001/3/26;17:00;3.0;1.0;87%;1005hPa;10.0km;North;28.8km/h/8.0m/s;-;N/A;Rain;LightRain;
2001/3/26;17:30;3.0;0.0;81%;1005hPa;10.0km;North;32.4km/h/9.0m/s;-;N/A;Rain;LightRain;
2001/3/26;18:00;3.0;0.0;81%;1005hPa;10.0km;North;28.8km/h/8.0m/s;-;N/A;;MostlyCloudy;
2001/3/26;18:30;3.0;0.0;81%;1006hPa;10.0km;North;32.4km/h/9.0m/s;-;N/A;;Overcast;
2001/3/26;19:00;2.0;0.0;87%;1007hPa;6.0km;North;36.0km/h/10.0m/s;-;N/A;Rain;LightRain;
2001/3/26;19:30;2.0;0.0;87%;1007hPa;10.0km;North;32.4km/h/9.0m/s;-;N/A;Rain;LightRain;
2001/3/26;20:00;1.0;0.0;93%;1008hPa;10.0km;NNE;32.4km/h/9.0m/s;-;N/A;Rain;LightRain;
2001/3/26;20:30;1.0;0.0;93%;1008hPa;10.0km;North;28.8km/h/8.0m/s;-;N/A;;Overcast;
2001/3/26;21:00;2.0;-1.0;81%;1009hPa;10.0km;North;28.8km/h/8.0m/s;-;N/A;;Overcast;
2001/3/26;21:30;1.0;-1.0;87%;1009hPa;10.0km;North;32.4km/h/9.0m/s;-;N/A;;MostlyCloudy;
2001/3/26;22:00;1.0;-1.0;87%;1010hPa;10.0km;North;28.8km/h/8.0m/s;-;N/A;;Overcast;
2001/3/26;22:30;1.0;-2.0;81%;1010hPa;10.0km;North;32.4km/h/9.0m/s;-;N/A;;Overcast;
2001/3/26;23:00;1.0;-2.0;81%;1010hPa;10.0km;North;32.4km/h/9.0m/s;-;N/A;;Overcast;
2001/3/26;23:30;1.0;-2.0;81%;1010hPa;10.0km;North;36.0km/h/10.0m/s;-;N/A;;Overcast;
