2001/1/8;00:00;6.0;6.0;100%;1014hPa;2.0km;North;7.2km/h/2.0m/s;-;N/A;Rain;LightRain;
2001/1/8;00:30;6.0;6.0;100%;1014hPa;3.0km;NNW;3.6km/h/1.0m/s;-;N/A;Rain;Rain;
2001/1/8;01:00;6.0;6.0;100%;1014hPa;2.0km;Calm;Calm;-;N/A;Rain;LightRain;
2001/1/8;01:30;6.0;6.0;100%;1014hPa;1.5km;West;3.6km/h/1.0m/s;-;N/A;Rain;LightRain;
2001/1/8;02:00;6.0;6.0;100%;1014hPa;1.0km;SSW;3.6km/h/1.0m/s;-;N/A;Rain;Rain;
2001/1/8;02:30;6.0;6.0;100%;1014hPa;0.3km;ESE;3.6km/h/1.0m/s;-;N/A;Fog,Rain;Rain;
2001/1/8;03:00;6.0;6.0;100%;1013hPa;0.2km;Variable;3.6km/h/1.0m/s;-;N/A;Fog;Fog;
2001/1/8;03:30;6.0;6.0;100%;1013hPa;0.1km;Variable;3.6km/h/1.0m/s;-;N/A;Fog;Fog;
2001/1/8;04:00;6.0;6.0;100%;1013hPa;0.9km;WNW;7.2km/h/2.0m/s;-;N/A;Fog;Fog;
2001/1/8;04:30;6.0;6.0;100%;1013hPa;3.5km;West;10.8km/h/3.0m/s;-;N/A;;Overcast;
2001/1/8;05:00;7.0;7.0;100%;1012hPa;3.5km;Variable;3.6km/h/1.0m/s;-;N/A;Rain;LightRain;
2001/1/8;05:30;6.0;6.0;100%;1012hPa;0.3km;Variable;3.6km/h/1.0m/s;-;N/A;Fog,Rain;LightRain;
2001/1/8;06:00;6.0;6.0;100%;1012hPa;0.4km;East;3.6km/h/1.0m/s;-;N/A;Fog,Rain;LightRain;
2001/1/8;06:30;6.0;6.0;100%;1012hPa;0.9km;Calm;Calm;-;N/A;Fog,Rain;LightRain;
2001/1/8;07:00;6.0;6.0;100%;1012hPa;2.4km;NW;3.6km/h/1.0m/s;-;N/A;;Overcast;
2001/1/8;07:30;7.0;7.0;100%;1012hPa;2.0km;Variable;3.6km/h/1.0m/s;-;N/A;;Overcast;
2001/1/8;08:00;7.0;7.0;100%;1012hPa;1.5km;WNW;3.6km/h/1.0m/s;-;N/A;;Overcast;
2001/1/8;08:30;7.0;7.0;100%;1012hPa;2.2km;NW;3.6km/h/1.0m/s;-;N/A;;Overcast;
2001/1/8;09:00;7.0;7.0;100%;1012hPa;1.5km;Variable;7.2km/h/2.0m/s;-;N/A;;Overcast;
2001/1/8;09:30;8.0;8.0;100%;1012hPa;1.5km;Variable;3.6km/h/1.0m/s;-;N/A;;MostlyCloudy;
2001/1/8;10:00;8.0;8.0;100%;1012hPa;2.2km;Variable;3.6km/h/1.0m/s;-;N/A;;Overcast;
2001/1/8;11:00;9.0;9.0;100%;1011hPa;3.0km;Variable;3.6km/h/1.0m/s;-;N/A;;Overcast;
2001/1/8;11:30;8.0;8.0;100%;1011hPa;1.0km;SSE;3.6km/h/1.0m/s;-;N/A;;Overcast;
2001/1/8;12:00;8.0;8.0;100%;1010hPa;0.8km;Variable;3.6km/h/1.0m/s;-;N/A;Fog;Fog;
2001/1/8;12:30;8.0;8.0;100%;1010hPa;1.2km;Variable;3.6km/h/1.0m/s;-;N/A;;Overcast;
2001/1/8;13:00;9.0;9.0;100%;1010hPa;1.5km;WNW;3.6km/h/1.0m/s;-;N/A;;Overcast;
2001/1/8;13:30;9.0;9.0;100%;1010hPa;3.0km;SSW;7.2km/h/2.0m/s;-;N/A;;Overcast;
2001/1/8;14:00;8.0;8.0;100%;1010hPa;1.8km;Variable;3.6km/h/1.0m/s;-;N/A;;Overcast;
2001/1/8;14:30;8.0;8.0;100%;1010hPa;1.5km;East;3.6km/h/1.0m/s;-;N/A;;Overcast;
2001/1/8;15:00;8.0;8.0;100%;1010hPa;1.0km;SE;7.2km/h/2.0m/s;-;N/A;;Overcast;
2001/1/8;15:30;8.0;8.0;100%;1009hPa;0.8km;Variable;3.6km/h/1.0m/s;-;N/A;Fog;Fog;
2001/1/8;16:00;8.0;8.0;100%;1009hPa;0.4km;East;3.6km/h/1.0m/s;-;N/A;Fog;Fog;
2001/1/8;16:30;7.0;7.0;100%;1009hPa;1.5km;Calm;Calm;-;N/A;;Overcast;
2001/1/8;17:00;7.0;7.0;100%;1009hPa;1.5km;Variable;3.6km/h/1.0m/s;-;N/A;;Overcast;
2001/1/8;17:30;7.0;7.0;100%;1009hPa;2.0km;Calm;Calm;-;N/A;Rain;LightRain;
2001/1/8;18:00;7.0;7.0;100%;1008hPa;1.2km;North;3.6km/h/1.0m/s;-;N/A;Rain;LightRain;
2001/1/8;18:30;7.0;7.0;100%;1008hPa;1.2km;Variable;3.6km/h/1.0m/s;-;N/A;Rain;LightRain;
2001/1/8;19:00;7.0;7.0;100%;1008hPa;2.0km;NW;7.2km/h/2.0m/s;-;N/A;;MostlyCloudy;
2001/1/8;19:30;6.0;6.0;100%;1008hPa;0.2km;Variable;3.6km/h/1.0m/s;-;N/A;Fog;Fog;
2001/1/8;20:00;6.0;6.0;100%;1008hPa;0.6km;Variable;3.6km/h/1.0m/s;-;N/A;Fog;Fog;
2001/1/8;20:30;5.0;5.0;100%;1008hPa;0.2km;Calm;Calm;-;N/A;Fog;Fog;
2001/1/8;21:00;6.0;6.0;100%;1007hPa;0.2km;NW;3.6km/h/1.0m/s;-;N/A;Fog;Fog;
2001/1/8;21:30;6.0;6.0;100%;1007hPa;0.4km;NNW;7.2km/h/2.0m/s;-;N/A;Fog;Fog;
2001/1/8;22:00;6.0;6.0;100%;1007hPa;2.0km;North;7.2km/h/2.0m/s;-;N/A;;MostlyCloudy;
2001/1/8;22:30;6.0;6.0;100%;1006hPa;2.0km;North;10.8km/h/3.0m/s;-;N/A;;MostlyCloudy;
2001/1/8;23:00;6.0;6.0;100%;1006hPa;7.0km;NNW;7.2km/h/2.0m/s;-;N/A;;MostlyCloudy;
2001/1/8;23:30;6.0;6.0;100%;1006hPa;8.0km;West;10.8km/h/3.0m/s;-;N/A;;ScatteredClouds;
