2001/3/2;00:00;0.0;0.0;100%;1000hPa;2.5km;SW;10.8km/h/3.0m/s;-;N/A;;Overcast;
2001/3/2;00:30;0.0;0.0;100%;1001hPa;3.0km;Variable;7.2km/h/2.0m/s;-;N/A;;Overcast;
2001/3/2;01:00;0.0;0.0;100%;1001hPa;3.5km;WSW;10.8km/h/3.0m/s;-;N/A;;Overcast;
2001/3/2;01:30;0.0;0.0;100%;1001hPa;4.0km;SW;7.2km/h/2.0m/s;-;N/A;;Overcast;
2001/3/2;02:00;0.0;0.0;100%;1001hPa;6.0km;Variable;7.2km/h/2.0m/s;-;N/A;;Overcast;
2001/3/2;02:30;0.0;0.0;100%;1002hPa;7.0km;SW;10.8km/h/3.0m/s;-;N/A;;Overcast;
2001/3/2;03:00;0.0;0.0;100%;1002hPa;7.0km;SW;10.8km/h/3.0m/s;-;N/A;;Overcast;
2001/3/2;03:30;0.0;0.0;100%;1002hPa;7.0km;SW;10.8km/h/3.0m/s;-;N/A;;Overcast;
2001/3/2;04:00;0.0;0.0;100%;1002hPa;7.0km;Variable;7.2km/h/2.0m/s;-;N/A;;Overcast;
2001/3/2;04:30;0.0;0.0;100%;1002hPa;7.0km;SSW;3.6km/h/1.0m/s;-;N/A;;Overcast;
2001/3/2;05:00;0.0;0.0;100%;1002hPa;7.0km;SSW;3.6km/h/1.0m/s;-;N/A;;Overcast;
2001/3/2;05:30;0.0;0.0;100%;1003hPa;7.0km;Calm;Calm;-;N/A;;Overcast;
2001/3/2;06:00;0.0;0.0;100%;1003hPa;2.5km;South;3.6km/h/1.0m/s;-;N/A;;Overcast;
2001/3/2;06:30;0.0;0.0;100%;1003hPa;3.0km;SW;3.6km/h/1.0m/s;-;N/A;;Overcast;
2001/3/2;07:00;0.0;0.0;100%;1003hPa;5.0km;SW;7.2km/h/2.0m/s;-;N/A;;Overcast;
2001/3/2;07:30;0.0;0.0;100%;1003hPa;8.0km;Variable;3.6km/h/1.0m/s;-;N/A;;Overcast;
2001/3/2;08:00;0.0;-1.0;93%;1004hPa;7.0km;Variable;3.6km/h/1.0m/s;-;N/A;;Overcast;
2001/3/2;08:30;0.0;-1.0;93%;1004hPa;7.0km;SW;3.6km/h/1.0m/s;-;N/A;;Overcast;
2001/3/2;09:00;0.0;-1.0;93%;1004hPa;10.0km;SSW;7.2km/h/2.0m/s;-;N/A;;Overcast;
2001/3/2;09:30;0.0;-1.0;93%;1004hPa;10.0km;SSW;10.8km/h/3.0m/s;-;N/A;;Overcast;
2001/3/2;10:00;0.0;-1.0;93%;1004hPa;7.0km;Variable;7.2km/h/2.0m/s;-;N/A;;Overcast;
2001/3/2;10:30;0.0;-1.0;93%;1004hPa;5.0km;Variable;7.2km/h/2.0m/s;-;N/A;;Overcast;
2001/3/2;11:00;0.0;-1.0;93%;1005hPa;6.0km;Variable;7.2km/h/2.0m/s;-;N/A;;Overcast;
2001/3/2;11:30;1.0;-1.0;87%;1005hPa;5.0km;Variable;3.6km/h/1.0m/s;-;N/A;;Overcast;
2001/3/2;12:00;1.0;-1.0;87%;1005hPa;8.0km;Variable;7.2km/h/2.0m/s;-;N/A;;Overcast;
2001/3/2;12:30;1.0;-1.0;87%;1005hPa;8.0km;Variable;7.2km/h/2.0m/s;-;N/A;;Overcast;
2001/3/2;13:00;1.0;0.0;93%;1005hPa;10.0km;WSW;10.8km/h/3.0m/s;-;N/A;;Overcast;
2001/3/2;13:30;1.0;-1.0;87%;1005hPa;10.0km;Variable;7.2km/h/2.0m/s;-;N/A;;Overcast;
2001/3/2;14:00;2.0;0.0;87%;1005hPa;10.0km;WSW;10.8km/h/3.0m/s;-;N/A;;Overcast;
2001/3/2;14:30;2.0;-1.0;81%;1005hPa;10.0km;WSW;7.2km/h/2.0m/s;-;N/A;;Overcast;
2001/3/2;15:00;2.0;0.0;87%;1005hPa;10.0km;Variable;7.2km/h/2.0m/s;-;N/A;;Overcast;
2001/3/2;15:30;2.0;0.0;87%;1005hPa;7.0km;SSW;10.8km/h/3.0m/s;-;N/A;;Overcast;
2001/3/2;16:00;1.0;0.0;93%;1005hPa;3.5km;SSW;10.8km/h/3.0m/s;-;N/A;;Overcast;
2001/3/2;16:30;1.0;0.0;93%;1005hPa;3.0km;SSW;10.8km/h/3.0m/s;-;N/A;;Overcast;
2001/3/2;17:00;1.0;0.0;93%;1006hPa;2.0km;SW;14.4km/h/4.0m/s;-;N/A;;Overcast;
2001/3/2;17:30;1.0;0.0;93%;1006hPa;2.0km;SSW;10.8km/h/3.0m/s;-;N/A;;Overcast;
2001/3/2;18:00;1.0;0.0;93%;1006hPa;-;South;14.4km/h/4.0m/s;-;N/A;;Overcast;
2001/3/2;18:30;0.0;0.0;100%;1006hPa;4.0km;South;14.4km/h/4.0m/s;-;N/A;;Overcast;
2001/3/2;19:00;0.0;0.0;100%;1006hPa;4.0km;South;14.4km/h/4.0m/s;-;N/A;;Overcast;
2001/3/2;19:30;0.0;0.0;100%;1006hPa;-;South;10.8km/h/3.0m/s;-;N/A;;Overcast;
2001/3/2;20:00;0.0;0.0;100%;1006hPa;4.0km;South;14.4km/h/4.0m/s;-;N/A;;Overcast;
2001/3/2;20:30;0.0;0.0;100%;1006hPa;4.0km;South;10.8km/h/3.0m/s;-;N/A;;Overcast;
2001/3/2;21:00;0.0;0.0;100%;1007hPa;4.0km;South;14.4km/h/4.0m/s;-;N/A;;Overcast;
2001/3/2;21:30;0.0;0.0;100%;1007hPa;4.0km;South;14.4km/h/4.0m/s;-;N/A;;Overcast;
2001/3/2;22:00;0.0;0.0;100%;1007hPa;3.5km;South;10.8km/h/3.0m/s;-;N/A;;LightFreezingDrizzle;
2001/3/2;22:30;0.0;0.0;100%;1006hPa;3.0km;South;10.8km/h/3.0m/s;-;N/A;;LightFreezingDrizzle;
2001/3/2;23:00;0.0;0.0;100%;1006hPa;3.5km;South;7.2km/h/2.0m/s;-;N/A;;Overcast;
2001/3/2;23:30;0.0;0.0;100%;1005hPa;5.0km;WSW;7.2km/h/2.0m/s;-;N/A;;Overcast;
