2001/5/2;00:00;13.0;9.0;77%;1021hPa;-;Calm;Calm;-;N/A;;Clear;
2001/5/2;00:30;11.0;8.0;82%;1021hPa;-;Calm;Calm;-;N/A;;Clear;
2001/5/2;01:00;12.0;8.0;77%;1021hPa;-;Variable;7.2km/h/2.0m/s;-;N/A;;Clear;
2001/5/2;01:30;12.0;8.0;77%;1021hPa;-;North;7.2km/h/2.0m/s;-;N/A;;Clear;
2001/5/2;02:00;11.0;8.0;82%;1021hPa;-;NNW;3.6km/h/1.0m/s;-;N/A;;Clear;
2001/5/2;02:30;11.0;8.0;82%;1021hPa;-;NNW;7.2km/h/2.0m/s;-;N/A;;Clear;
2001/5/2;03:00;10.0;7.0;82%;1021hPa;-;NNE;3.6km/h/1.0m/s;-;N/A;;Clear;
2001/5/2;03:30;10.0;8.0;87%;1021hPa;-;Calm;Calm;-;N/A;;Clear;
2001/5/2;04:00;10.0;8.0;87%;1020hPa;-;West;3.6km/h/1.0m/s;-;N/A;;Clear;
2001/5/2;04:30;10.0;8.0;87%;1020hPa;-;North;3.6km/h/1.0m/s;-;N/A;;Clear;
2001/5/2;05:00;9.0;8.0;93%;1020hPa;-;NNW;3.6km/h/1.0m/s;-;N/A;;Clear;
2001/5/2;06:00;9.0;8.0;93%;1020hPa;-;North;3.6km/h/1.0m/s;-;N/A;;Clear;
2001/5/2;06:30;11.0;9.0;88%;1020hPa;-;North;7.2km/h/2.0m/s;-;N/A;;Clear;
2001/5/2;07:00;13.0;10.0;82%;1021hPa;-;Variable;3.6km/h/1.0m/s;-;N/A;;Clear;
2001/5/2;07:30;14.0;9.0;72%;1020hPa;-;Calm;Calm;-;N/A;;Clear;
2001/5/2;08:00;16.0;10.0;68%;1020hPa;-;Calm;Calm;-;N/A;;Clear;
2001/5/2;08:30;17.0;11.0;68%;1020hPa;-;Variable;3.6km/h/1.0m/s;-;N/A;;Clear;
2001/5/2;09:00;18.0;11.0;64%;1020hPa;-;Variable;7.2km/h/2.0m/s;-;N/A;;Clear;
2001/5/2;09:30;19.0;11.0;60%;1020hPa;-;Variable;3.6km/h/1.0m/s;-;N/A;;Clear;
2001/5/2;10:00;21.0;12.0;56%;1020hPa;-;Variable;3.6km/h/1.0m/s;-;N/A;;Clear;
2001/5/2;11:00;22.0;12.0;53%;1020hPa;-;Variable;3.6km/h/1.0m/s;-;N/A;;Clear;
2001/5/2;11:30;22.0;11.0;50%;1020hPa;-;Variable;3.6km/h/1.0m/s;-;N/A;;Clear;
2001/5/2;12:00;23.0;12.0;50%;1019hPa;-;Variable;3.6km/h/1.0m/s;-;N/A;;Clear;
2001/5/2;12:30;24.0;10.0;41%;1019hPa;10.0km;Variable;7.2km/h/2.0m/s;-;N/A;;PartlyCloudy;
2001/5/2;13:00;24.0;10.0;41%;1019hPa;-;Variable;3.6km/h/1.0m/s;-;N/A;;Clear;
2001/5/2;13:30;25.0;12.0;44%;1018hPa;-;Variable;3.6km/h/1.0m/s;-;N/A;;Clear;
2001/5/2;14:00;25.0;12.0;44%;1018hPa;10.0km;Variable;3.6km/h/1.0m/s;-;N/A;;PartlyCloudy;
2001/5/2;14:30;26.0;12.0;42%;1018hPa;10.0km;Variable;7.2km/h/2.0m/s;-;N/A;;ScatteredClouds;
2001/5/2;15:00;26.0;13.0;44%;1017hPa;10.0km;Variable;3.6km/h/1.0m/s;-;N/A;;ScatteredClouds;
2001/5/2;15:30;26.0;11.0;39%;1017hPa;10.0km;Variable;7.2km/h/2.0m/s;-;N/A;;PartlyCloudy;
2001/5/2;16:00;25.0;11.0;41%;1016hPa;10.0km;Variable;7.2km/h/2.0m/s;-;N/A;;ScatteredClouds;
2001/5/2;16:30;26.0;11.0;39%;1016hPa;10.0km;Variable;7.2km/h/2.0m/s;-;N/A;;ScatteredClouds;
2001/5/2;17:00;25.0;10.0;39%;1016hPa;10.0km;Variable;7.2km/h/2.0m/s;-;N/A;;ScatteredClouds;
2001/5/2;17:30;25.0;12.0;44%;1016hPa;10.0km;Variable;3.6km/h/1.0m/s;-;N/A;;ScatteredClouds;
2001/5/2;18:00;24.0;11.0;44%;1015hPa;10.0km;South;3.6km/h/1.0m/s;-;N/A;;ScatteredClouds;
2001/5/2;18:30;24.0;13.0;50%;1015hPa;10.0km;Variable;3.6km/h/1.0m/s;-;N/A;;MostlyCloudy;
2001/5/2;19:00;22.0;13.0;57%;1015hPa;10.0km;WNW;3.6km/h/1.0m/s;-;N/A;;MostlyCloudy;
2001/5/2;19:30;22.0;11.0;50%;1015hPa;10.0km;Variable;3.6km/h/1.0m/s;-;N/A;;MostlyCloudy;
2001/5/2;20:00;21.0;11.0;53%;1016hPa;10.0km;NW;10.8km/h/3.0m/s;-;N/A;;PartlyCloudy;
2001/5/2;20:30;20.0;11.0;56%;1016hPa;10.0km;NNW;14.4km/h/4.0m/s;-;N/A;;MostlyCloudy;
2001/5/2;21:00;20.0;11.0;56%;1016hPa;-;NNW;10.8km/h/3.0m/s;-;N/A;;Clear;
2001/5/2;21:30;19.0;12.0;64%;1016hPa;-;North;10.8km/h/3.0m/s;-;N/A;;Clear;
2001/5/2;22:00;19.0;12.0;64%;1016hPa;-;North;14.4km/h/4.0m/s;-;N/A;;Clear;
2001/5/2;22:30;19.0;13.0;68%;1016hPa;-;North;14.4km/h/4.0m/s;-;N/A;;Clear;
2001/5/2;23:00;20.0;14.0;68%;1015hPa;-;North;18.0km/h/5.0m/s;-;N/A;;Clear;
2001/5/2;23:30;20.0;13.0;64%;1016hPa;-;North;25.2km/h/7.0m/s;-;N/A;;Clear;
