2001/12/6;00:00;-2.0;-2.0;100%;1025hPa;2.8km;Calm;Calm;-;N/A;Snow;LightSnow;
2001/12/6;00:30;-2.0;-2.0;100%;1024hPa;2.2km;SSE;3.6km/h/1.0m/s;-;N/A;Snow;LightSnow;
2001/12/6;01:00;-2.0;-2.0;100%;1024hPa;2.6km;South;3.6km/h/1.0m/s;-;N/A;Snow;LightSnow;
2001/12/6;01:30;-2.0;-2.0;100%;1024hPa;2.8km;South;3.6km/h/1.0m/s;-;N/A;Snow;LightSnow;
2001/12/6;02:00;-2.0;-2.0;100%;1024hPa;-;South;3.6km/h/1.0m/s;-;N/A;;Overcast;
2001/12/6;02:30;-2.0;-2.0;100%;1023hPa;-;SSE;3.6km/h/1.0m/s;-;N/A;;Overcast;
2001/12/6;03:00;-2.0;-2.0;100%;1023hPa;-;SE;3.6km/h/1.0m/s;-;N/A;;Overcast;
2001/12/6;03:30;-2.0;-2.0;100%;1023hPa;2.0km;SE;3.6km/h/1.0m/s;-;N/A;;Overcast;
2001/12/6;04:00;-2.0;-2.0;100%;1022hPa;1.5km;Calm;Calm;-;N/A;;Overcast;
2001/12/6;04:30;-2.0;-2.0;100%;1022hPa;1.5km;Calm;Calm;-;N/A;;Overcast;
2001/12/6;05:00;-2.0;-2.0;100%;1022hPa;2.8km;SW;3.6km/h/1.0m/s;-;N/A;;Overcast;
2001/12/6;05:30;-2.0;-2.0;100%;1022hPa;3.5km;South;3.6km/h/1.0m/s;-;N/A;;Overcast;
2001/12/6;06:00;-2.0;-2.0;100%;1022hPa;-;South;3.6km/h/1.0m/s;-;N/A;;Overcast;
2001/12/6;06:30;-2.0;-2.0;100%;1022hPa;3.5km;Calm;Calm;-;N/A;;Overcast;
2001/12/6;07:00;-2.0;-2.0;100%;1022hPa;2.5km;South;3.6km/h/1.0m/s;-;N/A;;Overcast;
2001/12/6;07:30;-2.0;-2.0;100%;1022hPa;2.0km;Variable;3.6km/h/1.0m/s;-;N/A;;Overcast;
2001/12/6;08:00;-2.0;-2.0;100%;1022hPa;2.0km;SW;3.6km/h/1.0m/s;-;N/A;;Overcast;
2001/12/6;08:30;-2.0;-2.0;100%;1022hPa;2.2km;South;3.6km/h/1.0m/s;-;N/A;;Overcast;
2001/12/6;09:00;-1.0;-2.0;93%;1022hPa;2.5km;Calm;Calm;-;N/A;;Overcast;
2001/12/6;09:30;-2.0;-2.0;100%;1021hPa;1.8km;ESE;3.6km/h/1.0m/s;-;N/A;Snow;LightSnowGrains;
2001/12/6;10:00;-1.0;-2.0;93%;1021hPa;2.0km;ESE;3.6km/h/1.0m/s;-;N/A;Snow;LightSnowGrains;
2001/12/6;10:30;-1.0;-1.0;100%;1021hPa;2.0km;ESE;3.6km/h/1.0m/s;-;N/A;Snow;LightSnowGrains;
2001/12/6;11:00;-1.0;-1.0;100%;1021hPa;2.5km;NE;3.6km/h/1.0m/s;-;N/A;;Overcast;
2001/12/6;11:30;-1.0;-2.0;93%;1021hPa;2.8km;Calm;Calm;-;N/A;;Overcast;
2001/12/6;12:00;-1.0;-2.0;93%;1021hPa;5.0km;Calm;Calm;-;N/A;;Overcast;
2001/12/6;12:30;-1.0;-2.0;93%;1021hPa;5.0km;Calm;Calm;-;N/A;;Overcast;
2001/12/6;13:00;-1.0;-2.0;93%;1021hPa;5.0km;Calm;Calm;-;N/A;;Overcast;
2001/12/6;13:30;-1.0;-2.0;93%;1021hPa;5.0km;ENE;7.2km/h/2.0m/s;-;N/A;;Overcast;
2001/12/6;14:00;-1.0;-2.0;93%;1021hPa;4.5km;ENE;7.2km/h/2.0m/s;-;N/A;;Overcast;
2001/12/6;14:30;-1.0;-2.0;93%;1021hPa;2.8km;ENE;7.2km/h/2.0m/s;-;N/A;;Overcast;
2001/12/6;15:00;-1.0;-2.0;93%;1021hPa;2.8km;ENE;7.2km/h/2.0m/s;-;N/A;;Overcast;
2001/12/6;15:30;-1.0;-2.0;93%;1021hPa;2.5km;ENE;7.2km/h/2.0m/s;-;N/A;;Overcast;
2001/12/6;16:00;-1.0;-2.0;93%;1022hPa;2.5km;ENE;7.2km/h/2.0m/s;-;N/A;;Overcast;
2001/12/6;16:30;-1.0;-2.0;93%;1022hPa;3.5km;ENE;7.2km/h/2.0m/s;-;N/A;;Overcast;
2001/12/6;17:00;-1.0;-2.0;93%;1022hPa;3.5km;ENE;7.2km/h/2.0m/s;-;N/A;;Overcast;
2001/12/6;17:30;-2.0;-2.0;100%;1022hPa;-;Variable;7.2km/h/2.0m/s;-;N/A;;Overcast;
2001/12/6;18:00;-2.0;-2.0;100%;1022hPa;3.5km;ENE;7.2km/h/2.0m/s;-;N/A;;Overcast;
2001/12/6;18:30;-1.0;-2.0;93%;1022hPa;3.5km;NE;3.6km/h/1.0m/s;-;N/A;;Overcast;
2001/12/6;19:00;-2.0;-2.0;100%;1022hPa;4.0km;NE;7.2km/h/2.0m/s;-;N/A;;Overcast;
2001/12/6;19:30;-2.0;-2.0;100%;1023hPa;4.0km;NE;7.2km/h/2.0m/s;-;N/A;;Overcast;
2001/12/6;20:00;-2.0;-2.0;100%;1023hPa;4.0km;NNE;7.2km/h/2.0m/s;-;N/A;;Overcast;
2001/12/6;20:30;-2.0;-2.0;100%;1023hPa;5.0km;NE;7.2km/h/2.0m/s;-;N/A;;Overcast;
2001/12/6;21:00;-1.0;-2.0;93%;1023hPa;5.0km;Variable;3.6km/h/1.0m/s;-;N/A;;Overcast;
2001/12/6;21:30;-1.0;-2.0;93%;1024hPa;5.0km;Variable;7.2km/h/2.0m/s;-;N/A;;Overcast;
2001/12/6;22:00;-1.0;-2.0;93%;1024hPa;7.0km;NNE;10.8km/h/3.0m/s;-;N/A;;Overcast;
2001/12/6;22:30;-1.0;-2.0;93%;1024hPa;7.0km;NNE;18.0km/h/5.0m/s;-;N/A;;Overcast;
2001/12/6;23:00;-1.0;-2.0;93%;1024hPa;7.0km;North;14.4km/h/4.0m/s;-;N/A;;Overcast;
2001/12/6;23:30;0.0;-2.0;87%;1024hPa;7.0km;North;18.0km/h/5.0m/s;-;N/A;;Overcast;
