2001/10/25;00:00;1.0;-4.0;70%;1028hPa;-;ENE;7.2km/h/2.0m/s;-;N/A;;Clear;
2001/10/25;00:30;1.0;-4.0;70%;1028hPa;-;ENE;7.2km/h/2.0m/s;-;N/A;;Clear;
2001/10/25;01:00;0.0;-4.0;75%;1028hPa;-;East;10.8km/h/3.0m/s;-;N/A;;Clear;
2001/10/25;01:30;-1.0;-3.0;86%;1028hPa;-;Variable;7.2km/h/2.0m/s;-;N/A;;Clear;
2001/10/25;02:00;-1.0;-3.0;86%;1028hPa;-;Variable;3.6km/h/1.0m/s;-;N/A;;Clear;
2001/10/25;02:30;-2.0;-3.0;93%;1028hPa;-;Calm;Calm;-;N/A;;Clear;
2001/10/25;03:00;-2.0;-4.0;86%;1028hPa;-;ESE;3.6km/h/1.0m/s;-;N/A;;Clear;
2001/10/25;03:30;-2.0;-4.0;86%;1028hPa;-;Calm;Calm;-;N/A;;Clear;
2001/10/25;04:00;-1.0;-3.0;86%;1028hPa;-;Calm;Calm;-;N/A;;Clear;
2001/10/25;04:30;-1.0;-3.0;86%;1028hPa;-;Calm;Calm;-;N/A;;Clear;
2001/10/25;05:00;-1.0;-3.0;86%;1028hPa;-;NNE;3.6km/h/1.0m/s;-;N/A;;Clear;
2001/10/25;05:30;-1.0;-3.0;86%;1028hPa;-;North;7.2km/h/2.0m/s;-;N/A;;Clear;
2001/10/25;06:00;-2.0;-4.0;86%;1028hPa;-;ENE;3.6km/h/1.0m/s;-;N/A;;Clear;
2001/10/25;06:30;-2.0;-3.0;93%;1028hPa;-;Variable;3.6km/h/1.0m/s;-;N/A;;Clear;
2001/10/25;07:00;-2.0;-3.0;93%;1028hPa;-;Variable;3.6km/h/1.0m/s;-;N/A;;Clear;
2001/10/25;07:30;-1.0;-3.0;86%;1028hPa;-;Calm;Calm;-;N/A;;Clear;
2001/10/25;08:00;0.0;-3.0;80%;1029hPa;-;North;3.6km/h/1.0m/s;-;N/A;;Clear;
2001/10/25;08:30;0.0;-2.0;87%;1029hPa;10.0km;Calm;Calm;-;N/A;;ScatteredClouds;
2001/10/25;09:00;1.0;-1.0;87%;1029hPa;10.0km;Calm;Calm;-;N/A;;MostlyCloudy;
2001/10/25;09:30;3.0;-1.0;75%;1029hPa;10.0km;Variable;7.2km/h/2.0m/s;-;N/A;;MostlyCloudy;
2001/10/25;10:00;4.0;-1.0;70%;1029hPa;10.0km;Variable;7.2km/h/2.0m/s;-;N/A;;MostlyCloudy;
2001/10/25;10:30;5.0;-2.0;61%;1029hPa;10.0km;NNE;10.8km/h/3.0m/s;-;N/A;;ScatteredClouds;
2001/10/25;11:00;7.0;-2.0;53%;1029hPa;10.0km;Variable;7.2km/h/2.0m/s;-;N/A;;ScatteredClouds;
2001/10/25;11:30;8.0;-1.0;53%;1028hPa;10.0km;Variable;7.2km/h/2.0m/s;-;N/A;;PartlyCloudy;
2001/10/25;12:00;9.0;-1.0;50%;1029hPa;-;Variable;7.2km/h/2.0m/s;-;N/A;;Clear;
2001/10/25;12:30;10.0;0.0;50%;1028hPa;-;Variable;3.6km/h/1.0m/s;-;N/A;;Clear;
2001/10/25;13:00;10.0;0.0;50%;1028hPa;10.0km;Variable;7.2km/h/2.0m/s;-;N/A;;PartlyCloudy;
2001/10/25;13:30;10.0;0.0;50%;1028hPa;10.0km;Variable;3.6km/h/1.0m/s;-;N/A;;PartlyCloudy;
2001/10/25;14:00;12.0;1.0;47%;1028hPa;-;Variable;7.2km/h/2.0m/s;-;N/A;;Clear;
2001/10/25;14:30;12.0;1.0;47%;1028hPa;-;Calm;Calm;-;N/A;;Clear;
2001/10/25;15:00;12.0;1.0;47%;1028hPa;-;Variable;7.2km/h/2.0m/s;-;N/A;;Clear;
2001/10/25;15:30;11.0;1.0;50%;1028hPa;10.0km;Variable;3.6km/h/1.0m/s;-;N/A;;ScatteredClouds;
2001/10/25;16:00;10.0;3.0;62%;1028hPa;10.0km;Variable;7.2km/h/2.0m/s;-;N/A;;ScatteredClouds;
2001/10/25;16:30;9.0;2.0;62%;1028hPa;10.0km;SSE;3.6km/h/1.0m/s;-;N/A;;PartlyCloudy;
2001/10/25;17:00;9.0;2.0;62%;1028hPa;10.0km;SSE;7.2km/h/2.0m/s;-;N/A;;PartlyCloudy;
2001/10/25;17:30;8.0;2.0;66%;1028hPa;-;Variable;3.6km/h/1.0m/s;-;N/A;;Clear;
2001/10/25;18:00;6.0;1.0;70%;1028hPa;10.0km;South;3.6km/h/1.0m/s;-;N/A;;PartlyCloudy;
2001/10/25;18:30;5.0;1.0;76%;1029hPa;-;Calm;Calm;-;N/A;;Clear;
2001/10/25;19:00;5.0;2.0;81%;1029hPa;-;Variable;3.6km/h/1.0m/s;-;N/A;;Clear;
2001/10/25;19:30;5.0;2.0;81%;1029hPa;10.0km;Variable;3.6km/h/1.0m/s;-;N/A;;ScatteredClouds;
2001/10/25;20:00;4.0;2.0;87%;1029hPa;10.0km;NE;3.6km/h/1.0m/s;-;N/A;;MostlyCloudy;
2001/10/25;20:30;4.0;2.0;87%;1029hPa;10.0km;NNW;3.6km/h/1.0m/s;-;N/A;;PartlyCloudy;
2001/10/25;21:00;4.0;2.0;87%;1029hPa;-;North;3.6km/h/1.0m/s;-;N/A;;Clear;
2001/10/25;21:30;3.0;2.0;93%;1029hPa;-;Calm;Calm;-;N/A;;Clear;
2001/10/25;22:00;2.0;1.0;93%;1029hPa;-;NNW;3.6km/h/1.0m/s;-;N/A;;Clear;
2001/10/25;22:30;2.0;1.0;93%;1029hPa;-;Variable;3.6km/h/1.0m/s;-;N/A;;Clear;
2001/10/25;23:00;2.0;1.0;93%;1030hPa;-;Calm;Calm;-;N/A;;Clear;
2001/10/25;23:30;2.0;1.0;93%;1030hPa;-;North;3.6km/h/1.0m/s;-;N/A;;Clear;
