2001/10/10;00:00;15.0;14.0;94%;1021hPa;-;NNE;3.6km/h/1.0m/s;-;N/A;;Clear;
2001/10/10;00:30;15.0;14.0;94%;1021hPa;10.0km;North;10.8km/h/3.0m/s;-;N/A;;PartlyCloudy;
2001/10/10;01:00;15.0;15.0;100%;1021hPa;10.0km;Variable;7.2km/h/2.0m/s;-;N/A;;PartlyCloudy;
2001/10/10;01:30;15.0;14.0;94%;1022hPa;-;NNW;3.6km/h/1.0m/s;-;N/A;;Clear;
2001/10/10;02:00;15.0;14.0;94%;1022hPa;-;North;3.6km/h/1.0m/s;-;N/A;;Clear;
2001/10/10;02:30;14.0;14.0;100%;1022hPa;-;North;3.6km/h/1.0m/s;-;N/A;;Clear;
2001/10/10;03:00;14.0;13.0;94%;1022hPa;-;North;3.6km/h/1.0m/s;-;N/A;;Clear;
2001/10/10;03:30;14.0;13.0;94%;1022hPa;-;Variable;3.6km/h/1.0m/s;-;N/A;;Clear;
2001/10/10;04:00;14.0;14.0;100%;1022hPa;-;NNW;3.6km/h/1.0m/s;-;N/A;;Clear;
2001/10/10;04:30;15.0;14.0;94%;1022hPa;10.0km;Variable;7.2km/h/2.0m/s;-;N/A;Rain;Rain;
2001/10/10;05:00;15.0;15.0;100%;1022hPa;8.0km;NNE;10.8km/h/3.0m/s;-;N/A;;MostlyCloudy;
2001/10/10;05:30;15.0;15.0;100%;1022hPa;7.0km;ENE;3.6km/h/1.0m/s;-;N/A;;ScatteredClouds;
2001/10/10;06:00;14.0;14.0;100%;1022hPa;7.0km;Variable;3.6km/h/1.0m/s;-;N/A;;ScatteredClouds;
2001/10/10;06:30;15.0;14.0;94%;1022hPa;3.5km;WNW;7.2km/h/2.0m/s;-;N/A;;MostlyCloudy;
2001/10/10;07:00;15.0;15.0;100%;1022hPa;3.5km;NW;3.6km/h/1.0m/s;-;N/A;;ScatteredClouds;
2001/10/10;07:30;15.0;15.0;100%;1022hPa;3.5km;Calm;Calm;-;N/A;;MostlyCloudy;
2001/10/10;08:00;15.0;15.0;100%;1022hPa;5.0km;Variable;3.6km/h/1.0m/s;-;N/A;;ScatteredClouds;
2001/10/10;08:30;16.0;16.0;100%;1023hPa;3.5km;Variable;3.6km/h/1.0m/s;-;N/A;;ScatteredClouds;
2001/10/10;09:00;17.0;16.0;94%;1023hPa;5.0km;SE;7.2km/h/2.0m/s;-;N/A;;ScatteredClouds;
2001/10/10;09:30;18.0;16.0;88%;1023hPa;7.0km;Variable;3.6km/h/1.0m/s;-;N/A;;PartlyCloudy;
2001/10/10;10:00;19.0;16.0;83%;1023hPa;7.0km;Calm;Calm;-;N/A;;PartlyCloudy;
2001/10/10;10:30;20.0;16.0;78%;1023hPa;7.0km;Variable;3.6km/h/1.0m/s;-;N/A;;ScatteredClouds;
2001/10/10;11:00;21.0;16.0;73%;1023hPa;7.0km;Variable;3.6km/h/1.0m/s;-;N/A;;ScatteredClouds;
2001/10/10;11:30;22.0;17.0;73%;1023hPa;8.0km;Variable;3.6km/h/1.0m/s;-;N/A;;ScatteredClouds;
2001/10/10;12:00;23.0;16.0;65%;1023hPa;7.0km;Variable;3.6km/h/1.0m/s;-;N/A;;MostlyCloudy;
2001/10/10;12:30;23.0;17.0;69%;1023hPa;7.0km;Variable;7.2km/h/2.0m/s;-;N/A;;MostlyCloudy;
2001/10/10;13:00;22.0;16.0;69%;1023hPa;8.0km;South;10.8km/h/3.0m/s;-;N/A;;MostlyCloudy;
2001/10/10;13:30;22.0;16.0;69%;1023hPa;10.0km;Variable;7.2km/h/2.0m/s;-;N/A;;MostlyCloudy;
2001/10/10;14:00;20.0;17.0;83%;1023hPa;10.0km;West;14.4km/h/4.0m/s;-;N/A;Rain;LightRain;
2001/10/10;14:30;20.0;18.0;88%;1023hPa;-;Variable;7.2km/h/2.0m/s;-;N/A;;Clear;
2001/10/10;15:00;20.0;18.0;88%;1022hPa;10.0km;Calm;Calm;-;N/A;;MostlyCloudy;
2001/10/10;15:30;20.0;18.0;88%;1023hPa;10.0km;Variable;3.6km/h/1.0m/s;-;N/A;;MostlyCloudy;
2001/10/10;16:00;21.0;18.0;83%;1023hPa;10.0km;Variable;7.2km/h/2.0m/s;-;N/A;;MostlyCloudy;
2001/10/10;16:30;21.0;17.0;78%;1023hPa;10.0km;Variable;3.6km/h/1.0m/s;-;N/A;;MostlyCloudy;
2001/10/10;17:00;20.0;17.0;83%;1023hPa;7.0km;NNW;7.2km/h/2.0m/s;-;N/A;;Overcast;
2001/10/10;17:30;19.0;17.0;88%;1023hPa;7.0km;North;14.4km/h/4.0m/s;-;N/A;;Overcast;
2001/10/10;18:00;17.0;16.0;94%;1023hPa;3.0km;North;25.2km/h/7.0m/s;43.2km/h/12.0m/s;N/A;Rain,Thunderstorm;LightThunderstormsandRain;
2001/10/10;18:30;17.0;16.0;94%;1024hPa;10.0km;NE;3.6km/h/1.0m/s;-;N/A;;MostlyCloudy;
2001/10/10;19:00;17.0;16.0;94%;1024hPa;10.0km;NE;7.2km/h/2.0m/s;-;N/A;;MostlyCloudy;
2001/10/10;19:30;17.0;16.0;94%;1024hPa;7.0km;NE;3.6km/h/1.0m/s;-;N/A;;MostlyCloudy;
2001/10/10;20:00;17.0;16.0;94%;1024hPa;8.0km;Variable;3.6km/h/1.0m/s;-;N/A;;MostlyCloudy;
2001/10/10;20:30;17.0;16.0;94%;1024hPa;6.0km;Variable;3.6km/h/1.0m/s;-;N/A;;MostlyCloudy;
2001/10/10;21:00;16.0;16.0;100%;1024hPa;8.0km;Variable;7.2km/h/2.0m/s;-;N/A;;Overcast;
2001/10/10;21:30;16.0;16.0;100%;1025hPa;9.0km;North;7.2km/h/2.0m/s;-;N/A;;MostlyCloudy;
2001/10/10;22:00;16.0;16.0;100%;1025hPa;-;North;10.8km/h/3.0m/s;-;N/A;;Clear;
2001/10/10;22:30;16.0;15.0;94%;1025hPa;-;North;10.8km/h/3.0m/s;-;N/A;;Clear;
2001/10/10;23:00;15.0;15.0;100%;1025hPa;-;NNE;10.8km/h/3.0m/s;-;N/A;;Clear;
2001/10/10;23:30;15.0;15.0;100%;1026hPa;-;North;14.4km/h/4.0m/s;-;N/A;;Clear;
