2001/11/12;00:00;2.0;-2.0;75%;1022hPa;10.0km;South;10.8km/h/3.0m/s;-;N/A;;Overcast;
2001/11/12;00:30;2.0;-2.0;75%;1021hPa;10.0km;South;10.8km/h/3.0m/s;-;N/A;;Overcast;
2001/11/12;01:00;1.0;-2.0;81%;1021hPa;10.0km;South;7.2km/h/2.0m/s;-;N/A;;Overcast;
2001/11/12;01:30;1.0;-2.0;81%;1020hPa;10.0km;Calm;Calm;-;N/A;;Overcast;
2001/11/12;02:00;1.0;-1.0;87%;1020hPa;10.0km;Calm;Calm;-;N/A;;Overcast;
2001/11/12;02:30;1.0;-1.0;87%;1020hPa;10.0km;Calm;Calm;-;N/A;;Overcast;
2001/11/12;03:00;1.0;-2.0;81%;1019hPa;10.0km;Variable;3.6km/h/1.0m/s;-;N/A;;Overcast;
2001/11/12;03:30;1.0;-2.0;81%;1019hPa;10.0km;West;3.6km/h/1.0m/s;-;N/A;;Overcast;
2001/11/12;04:00;1.0;-1.0;87%;1019hPa;10.0km;Calm;Calm;-;N/A;;Overcast;
2001/11/12;04:30;1.0;-1.0;87%;1018hPa;10.0km;Calm;Calm;-;N/A;;Overcast;
2001/11/12;05:00;1.0;-1.0;87%;1017hPa;10.0km;Calm;Calm;-;N/A;;Overcast;
2001/11/12;05:30;1.0;-1.0;87%;1017hPa;10.0km;Calm;Calm;-;N/A;;Overcast;
2001/11/12;06:00;1.0;-1.0;87%;1017hPa;10.0km;NNE;3.6km/h/1.0m/s;-;N/A;;Overcast;
2001/11/12;06:30;2.0;-1.0;81%;1016hPa;10.0km;NW;3.6km/h/1.0m/s;-;N/A;;Overcast;
2001/11/12;07:00;2.0;-1.0;81%;1016hPa;8.0km;Calm;Calm;-;N/A;;Overcast;
2001/11/12;07:30;2.0;-1.0;81%;1016hPa;10.0km;NW;3.6km/h/1.0m/s;-;N/A;;Overcast;
2001/11/12;08:00;2.0;0.0;87%;1016hPa;4.0km;Variable;3.6km/h/1.0m/s;-;N/A;Rain;LightRain;
2001/11/12;08:30;1.0;0.0;93%;1016hPa;-;Variable;7.2km/h/2.0m/s;-;N/A;Rain;LightRain;
2001/11/12;09:00;1.0;0.0;93%;1015hPa;2.5km;North;7.2km/h/2.0m/s;-;N/A;Rain;LightRain;
2001/11/12;09:30;1.0;1.0;100%;1015hPa;2.2km;NNE;3.6km/h/1.0m/s;-;N/A;Rain;LightRain;
2001/11/12;10:00;1.0;1.0;100%;1015hPa;2.2km;Variable;3.6km/h/1.0m/s;-;N/A;Rain;LightRain;
2001/11/12;10:30;1.0;1.0;100%;1015hPa;2.0km;NNE;7.2km/h/2.0m/s;-;N/A;Rain;LightRain;
2001/11/12;11:00;1.0;1.0;100%;1014hPa;2.5km;NNE;10.8km/h/3.0m/s;-;N/A;;LightDrizzle;
2001/11/12;11:30;1.0;1.0;100%;1014hPa;-;NNE;10.8km/h/3.0m/s;-;N/A;Rain;LightRain;
2001/11/12;12:00;2.0;1.0;93%;1013hPa;3.0km;NNE;10.8km/h/3.0m/s;-;N/A;Rain;LightRain;
2001/11/12;12:30;2.0;2.0;100%;1012hPa;2.5km;NNE;14.4km/h/4.0m/s;-;N/A;Rain;LightRain;
2001/11/12;13:00;2.0;2.0;100%;1011hPa;6.0km;NNE;18.0km/h/5.0m/s;-;N/A;;Overcast;
2001/11/12;13:30;2.0;2.0;100%;1011hPa;8.0km;NNE;10.8km/h/3.0m/s;-;N/A;;Overcast;
2001/11/12;14:00;3.0;2.0;93%;1011hPa;10.0km;Variable;7.2km/h/2.0m/s;-;N/A;;Overcast;
2001/11/12;14:30;3.0;2.0;93%;1011hPa;7.0km;Variable;7.2km/h/2.0m/s;-;N/A;Rain;LightRain;
2001/11/12;15:00;3.0;2.0;93%;1010hPa;7.0km;NE;10.8km/h/3.0m/s;-;N/A;Rain;LightRain;
2001/11/12;15:30;2.0;2.0;100%;1009hPa;5.0km;NE;10.8km/h/3.0m/s;-;N/A;Rain;LightRain;
2001/11/12;16:00;2.0;2.0;100%;1009hPa;3.0km;NNE;18.0km/h/5.0m/s;-;N/A;Rain;LightRain;
2001/11/12;16:30;2.0;2.0;100%;1009hPa;5.0km;NNE;10.8km/h/3.0m/s;-;N/A;Rain;LightRain;
2001/11/12;17:00;2.0;2.0;100%;1009hPa;-;NNE;7.2km/h/2.0m/s;-;N/A;Rain;LightRain;
2001/11/12;17:30;2.0;2.0;100%;1009hPa;2.5km;NE;3.6km/h/1.0m/s;-;N/A;Rain;LightRain;
2001/11/12;18:00;3.0;3.0;100%;1009hPa;3.5km;East;3.6km/h/1.0m/s;-;N/A;Rain;LightRain;
2001/11/12;18:30;3.0;3.0;100%;1009hPa;2.0km;East;3.6km/h/1.0m/s;-;N/A;Rain;LightRain;
2001/11/12;19:00;3.0;3.0;100%;1009hPa;1.5km;Calm;Calm;-;N/A;Rain;LightRain;
2001/11/12;19:30;3.0;3.0;100%;1008hPa;2.0km;Variable;3.6km/h/1.0m/s;-;N/A;Rain;LightRain;
2001/11/12;20:00;3.0;3.0;100%;1008hPa;3.0km;Calm;Calm;-;N/A;Rain;LightRain;
2001/11/12;20:30;3.0;3.0;100%;1008hPa;4.0km;Calm;Calm;-;N/A;Rain;LightRain;
2001/11/12;21:00;3.0;3.0;100%;1008hPa;2.2km;Calm;Calm;-;N/A;Rain;LightRain;
2001/11/12;21:30;3.0;3.0;100%;1008hPa;3.0km;WSW;3.6km/h/1.0m/s;-;N/A;Rain;LightRain;
2001/11/12;22:00;3.0;3.0;100%;1008hPa;2.5km;Calm;Calm;-;N/A;Rain;LightRain;
2001/11/12;22:30;3.0;3.0;100%;1008hPa;2.0km;Calm;Calm;-;N/A;Rain;LightRain;
2001/11/12;23:00;3.0;3.0;100%;1008hPa;1.8km;Variable;3.6km/h/1.0m/s;-;N/A;;LightDrizzle;
2001/11/12;23:30;3.0;3.0;100%;1008hPa;2.0km;South;7.2km/h/2.0m/s;-;N/A;;LightDrizzle;
