2001/2/20;01:30;1.0;-4.0;70%;1018hPa;10.0km;Calm;Calm;-;N/A;;ScatteredClouds;
2001/2/20;06:30;0.0;-3.0;80%;1016hPa;10.0km;SW;3.6km/h/1.0m/s;-;N/A;;MostlyCloudy;
2001/2/20;07:00;0.0;-3.0;80%;1016hPa;10.0km;Variable;7.2km/h/2.0m/s;-;N/A;;MostlyCloudy;
2001/2/20;07:30;0.0;-3.0;80%;1016hPa;-;SSE;7.2km/h/2.0m/s;-;N/A;;Clear;
2001/2/20;08:00;0.0;-3.0;80%;1016hPa;-;Variable;3.6km/h/1.0m/s;-;N/A;;Clear;
2001/2/20;08:30;1.0;-2.0;81%;1016hPa;-;Variable;3.6km/h/1.0m/s;-;N/A;;Clear;
2001/2/20;09:00;1.0;-3.0;75%;1015hPa;-;Variable;7.2km/h/2.0m/s;-;N/A;;Clear;
2001/2/20;09:30;2.0;-2.0;75%;1015hPa;-;South;10.8km/h/3.0m/s;-;N/A;;Clear;
2001/2/20;10:00;2.0;-3.0;70%;1015hPa;-;Variable;7.2km/h/2.0m/s;-;N/A;;Clear;
2001/2/20;10:30;2.0;-2.0;75%;1015hPa;10.0km;SSW;10.8km/h/3.0m/s;-;N/A;;MostlyCloudy;
2001/2/20;11:00;3.0;-3.0;65%;1015hPa;10.0km;Variable;7.2km/h/2.0m/s;-;N/A;;Overcast;
2001/2/20;11:30;3.0;-3.0;65%;1015hPa;10.0km;Variable;7.2km/h/2.0m/s;-;N/A;;Overcast;
2001/2/20;12:00;4.0;-3.0;61%;1014hPa;10.0km;WSW;10.8km/h/3.0m/s;-;N/A;;Overcast;
2001/2/20;12:30;4.0;-4.0;56%;1014hPa;10.0km;SW;10.8km/h/3.0m/s;-;N/A;;Overcast;
2001/2/20;13:00;4.0;-3.0;61%;1014hPa;10.0km;SSE;10.8km/h/3.0m/s;-;N/A;;Overcast;
2001/2/20;13:30;4.0;-3.0;61%;1014hPa;10.0km;SE;10.8km/h/3.0m/s;-;N/A;;Overcast;
2001/2/20;14:00;4.0;-3.0;61%;1014hPa;10.0km;East;10.8km/h/3.0m/s;-;N/A;;Overcast;
2001/2/20;14:30;4.0;-2.0;65%;1014hPa;10.0km;Variable;7.2km/h/2.0m/s;-;N/A;;MostlyCloudy;
2001/2/20;15:00;4.0;-2.0;65%;1014hPa;10.0km;Variable;7.2km/h/2.0m/s;-;N/A;;MostlyCloudy;
2001/2/20;15:30;5.0;-2.0;61%;1014hPa;10.0km;East;7.2km/h/2.0m/s;-;N/A;;MostlyCloudy;
2001/2/20;16:00;4.0;-2.0;65%;1014hPa;10.0km;Variable;7.2km/h/2.0m/s;-;N/A;;MostlyCloudy;
2001/2/20;16:30;4.0;-2.0;65%;1014hPa;10.0km;Variable;7.2km/h/2.0m/s;-;N/A;;Overcast;
2001/2/20;17:00;3.0;-1.0;75%;1015hPa;10.0km;Variable;3.6km/h/1.0m/s;-;N/A;;MostlyCloudy;
2001/2/20;17:30;3.0;-1.0;75%;1015hPa;10.0km;North;10.8km/h/3.0m/s;-;N/A;;Overcast;
2001/2/20;18:00;3.0;-1.0;75%;1015hPa;10.0km;NNE;7.2km/h/2.0m/s;-;N/A;;MostlyCloudy;
2001/2/20;18:30;2.0;-1.0;81%;1016hPa;10.0km;North;10.8km/h/3.0m/s;-;N/A;;Overcast;
2001/2/20;19:00;1.0;-2.0;81%;1016hPa;10.0km;NNE;7.2km/h/2.0m/s;-;N/A;;Overcast;
2001/2/20;19:30;1.0;-1.0;87%;1016hPa;-;Variable;3.6km/h/1.0m/s;-;N/A;;Clear;
2001/2/20;20:00;1.0;-1.0;87%;1016hPa;10.0km;Calm;Calm;-;N/A;;MostlyCloudy;
2001/2/20;20:30;1.0;-1.0;87%;1016hPa;-;NE;3.6km/h/1.0m/s;-;N/A;;Clear;
2001/2/20;21:00;1.0;-1.0;87%;1016hPa;-;Variable;3.6km/h/1.0m/s;-;N/A;;Clear;
2001/2/20;21:30;1.0;-1.0;87%;1017hPa;-;Variable;3.6km/h/1.0m/s;-;N/A;;Clear;
2001/2/20;22:00;1.0;-1.0;87%;1017hPa;-;Calm;Calm;-;N/A;;Clear;
2001/2/20;22:30;1.0;-1.0;87%;1017hPa;-;Calm;Calm;-;N/A;;Clear;
2001/2/20;23:00;1.0;-1.0;87%;1017hPa;10.0km;Calm;Calm;-;N/A;;Overcast;
2001/2/20;23:30;1.0;-1.0;87%;1017hPa;10.0km;Variable;3.6km/h/1.0m/s;-;N/A;;Overcast;
