2001/1/22;00:00;-5.0;-6.0;93%;1029hPa;5.0km;North;10.8km/h/3.0m/s;-;N/A;;Clear;
2001/1/22;00:30;-6.0;-7.0;93%;1029hPa;6.0km;Variable;3.6km/h/1.0m/s;-;N/A;;Clear;
2001/1/22;01:00;-7.0;-9.0;86%;1029hPa;6.0km;North;3.6km/h/1.0m/s;-;N/A;;Clear;
2001/1/22;01:30;-6.0;-7.0;93%;1029hPa;6.0km;Variable;7.2km/h/2.0m/s;-;N/A;;Clear;
2001/1/22;02:00;-6.0;-7.0;93%;1029hPa;6.0km;North;3.6km/h/1.0m/s;-;N/A;;Clear;
2001/1/22;02:30;-7.0;-8.0;93%;1029hPa;6.0km;North;3.6km/h/1.0m/s;-;N/A;;Clear;
2001/1/22;03:00;-7.0;-8.0;93%;1029hPa;6.0km;North;3.6km/h/1.0m/s;-;N/A;;Clear;
2001/1/22;03:30;-7.0;-8.0;93%;1029hPa;6.0km;NNW;7.2km/h/2.0m/s;-;N/A;;Clear;
2001/1/22;04:00;-7.0;-8.0;93%;1029hPa;6.0km;North;7.2km/h/2.0m/s;-;N/A;;Clear;
2001/1/22;04:30;-7.0;-8.0;93%;1028hPa;6.0km;North;3.6km/h/1.0m/s;-;N/A;;Clear;
2001/1/22;05:00;-7.0;-8.0;93%;1028hPa;6.0km;Variable;3.6km/h/1.0m/s;-;N/A;;Clear;
2001/1/22;05:30;-7.0;-8.0;93%;1028hPa;6.0km;Calm;Calm;-;N/A;;ScatteredClouds;
2001/1/22;06:00;-6.0;-7.0;93%;1028hPa;6.0km;Variable;3.6km/h/1.0m/s;-;N/A;;MostlyCloudy;
2001/1/22;06:30;-6.0;-7.0;93%;1028hPa;6.0km;NNE;3.6km/h/1.0m/s;-;N/A;;MostlyCloudy;
2001/1/22;07:00;-6.0;-7.0;93%;1028hPa;4.5km;Calm;Calm;-;N/A;;MostlyCloudy;
2001/1/22;07:30;-6.0;-7.0;93%;1028hPa;5.0km;Calm;Calm;-;N/A;;MostlyCloudy;
2001/1/22;08:00;-5.0;-6.0;93%;1028hPa;4.0km;Variable;3.6km/h/1.0m/s;-;N/A;;MostlyCloudy;
2001/1/22;08:30;-5.0;-6.0;93%;1028hPa;5.0km;Calm;Calm;-;N/A;;MostlyCloudy;
2001/1/22;09:30;-3.0;-5.0;86%;1028hPa;4.5km;Variable;3.6km/h/1.0m/s;-;N/A;;MostlyCloudy;
2001/1/22;10:00;-3.0;-5.0;86%;1029hPa;4.5km;Variable;3.6km/h/1.0m/s;-;N/A;;ScatteredClouds;
2001/1/22;10:30;-3.0;-5.0;86%;1028hPa;6.0km;Variable;3.6km/h/1.0m/s;-;N/A;;ScatteredClouds;
2001/1/22;11:00;-1.0;-4.0;80%;1028hPa;7.0km;Calm;Calm;-;N/A;;PartlyCloudy;
2001/1/22;11:30;-1.0;-5.0;75%;1028hPa;8.0km;Variable;3.6km/h/1.0m/s;-;N/A;;PartlyCloudy;
2001/1/22;12:00;-1.0;-5.0;75%;1028hPa;8.0km;Variable;3.6km/h/1.0m/s;-;N/A;;ScatteredClouds;
2001/1/22;12:30;0.0;-5.0;69%;1027hPa;8.0km;Variable;3.6km/h/1.0m/s;-;N/A;;ScatteredClouds;
2001/1/22;13:00;0.0;-5.0;69%;1027hPa;8.0km;Variable;7.2km/h/2.0m/s;-;N/A;;ScatteredClouds;
2001/1/22;13:30;1.0;-5.0;65%;1027hPa;7.0km;Variable;3.6km/h/1.0m/s;-;N/A;;ScatteredClouds;
2001/1/22;14:00;0.0;-5.0;69%;1026hPa;9.0km;Variable;7.2km/h/2.0m/s;-;N/A;;ScatteredClouds;
2001/1/22;14:30;0.0;-5.0;69%;1026hPa;8.0km;Variable;7.2km/h/2.0m/s;-;N/A;;ScatteredClouds;
2001/1/22;15:00;-1.0;-4.0;80%;1026hPa;8.0km;South;10.8km/h/3.0m/s;-;N/A;;ScatteredClouds;
2001/1/22;15:30;-2.0;-5.0;80%;1026hPa;5.0km;South;14.4km/h/4.0m/s;-;N/A;;ScatteredClouds;
2001/1/22;16:00;-3.0;-5.0;86%;1026hPa;3.5km;South;10.8km/h/3.0m/s;-;N/A;;MostlyCloudy;
2001/1/22;16:30;-4.0;-6.0;86%;1026hPa;2.5km;South;10.8km/h/3.0m/s;-;N/A;;MostlyCloudy;
2001/1/22;17:00;-5.0;-6.0;93%;1026hPa;3.0km;SSW;10.8km/h/3.0m/s;-;N/A;;MostlyCloudy;
2001/1/22;17:30;-4.0;-5.0;93%;1026hPa;3.0km;SSW;10.8km/h/3.0m/s;-;N/A;;MostlyCloudy;
2001/1/22;18:00;-4.0;-5.0;93%;1026hPa;3.5km;SW;10.8km/h/3.0m/s;-;N/A;;MostlyCloudy;
2001/1/22;18:30;-4.0;-5.0;93%;1026hPa;2.5km;SW;10.8km/h/3.0m/s;-;N/A;;MostlyCloudy;
2001/1/22;19:00;-4.0;-5.0;93%;1026hPa;2.2km;SW;7.2km/h/2.0m/s;-;N/A;;Overcast;
2001/1/22;19:30;-4.0;-5.0;93%;1026hPa;2.0km;SSW;10.8km/h/3.0m/s;-;N/A;;Overcast;
2001/1/22;20:00;-4.0;-5.0;93%;1026hPa;2.0km;SW;7.2km/h/2.0m/s;-;N/A;;Overcast;
2001/1/22;20:30;-4.0;-5.0;93%;1026hPa;2.0km;Variable;3.6km/h/1.0m/s;-;N/A;;Overcast;
2001/1/22;21:00;-4.0;-5.0;93%;1025hPa;1.8km;SSE;3.6km/h/1.0m/s;-;N/A;;Overcast;
2001/1/22;21:30;-4.0;-5.0;93%;1025hPa;2.0km;SSE;7.2km/h/2.0m/s;-;N/A;;Overcast;
2001/1/22;22:00;-4.0;-5.0;93%;1025hPa;1.8km;Variable;3.6km/h/1.0m/s;-;N/A;;Overcast;
2001/1/22;22:30;-4.0;-5.0;93%;1026hPa;1.8km;South;7.2km/h/2.0m/s;-;N/A;Snow;LightSnowGrains;
2001/1/22;23:00;-4.0;-5.0;93%;1025hPa;2.3km;Variable;3.6km/h/1.0m/s;-;N/A;Snow;LightSnowGrains;
2001/1/22;23:30;-4.0;-5.0;93%;1025hPa;2.5km;Calm;Calm;-;N/A;Snow;LightSnowGrains;
