2001/3/22;00:00;-1.0;-1.0;100%;1006hPa;3.0km;Variable;7.2km/h/2.0m/s;-;N/A;Snow;LightSnow;
2001/3/22;00:30;-1.0;-1.0;100%;1006hPa;5.0km;NNE;7.2km/h/2.0m/s;-;N/A;;MostlyCloudy;
2001/3/22;01:00;-1.0;-2.0;93%;1006hPa;8.0km;NNE;10.8km/h/3.0m/s;-;N/A;;MostlyCloudy;
2001/3/22;01:30;-1.0;-1.0;100%;1006hPa;9.0km;North;14.4km/h/4.0m/s;-;N/A;;MostlyCloudy;
2001/3/22;02:00;-1.0;-1.0;100%;1006hPa;10.0km;North;10.8km/h/3.0m/s;-;N/A;;MostlyCloudy;
2001/3/22;02:30;-1.0;-1.0;100%;1006hPa;10.0km;North;10.8km/h/3.0m/s;-;N/A;;MostlyCloudy;
2001/3/22;03:00;-1.0;-1.0;100%;1005hPa;10.0km;NNE;7.2km/h/2.0m/s;-;N/A;;MostlyCloudy;
2001/3/22;03:30;-1.0;-2.0;93%;1005hPa;10.0km;NNE;10.8km/h/3.0m/s;-;N/A;;MostlyCloudy;
2001/3/22;04:00;-1.0;-2.0;93%;1005hPa;10.0km;North;10.8km/h/3.0m/s;-;N/A;;MostlyCloudy;
2001/3/22;04:30;-2.0;-3.0;93%;1005hPa;10.0km;North;10.8km/h/3.0m/s;-;N/A;;ScatteredClouds;
2001/3/22;05:00;-3.0;-4.0;93%;1005hPa;10.0km;North;10.8km/h/3.0m/s;-;N/A;;ScatteredClouds;
2001/3/22;05:30;-3.0;-4.0;93%;1005hPa;10.0km;Calm;Calm;-;N/A;;ScatteredClouds;
2001/3/22;06:00;-3.0;-5.0;86%;1005hPa;-;Variable;3.6km/h/1.0m/s;-;N/A;;Clear;
2001/3/22;06:30;-2.0;-3.0;93%;1004hPa;10.0km;Calm;Calm;-;N/A;Fog;ShallowFog;
2001/3/22;07:00;0.0;-3.0;80%;1004hPa;10.0km;Calm;Calm;-;N/A;Fog;ShallowFog;
2001/3/22;07:30;-3.0;-5.0;86%;1004hPa;4.0km;Variable;3.6km/h/1.0m/s;-;N/A;;ScatteredClouds;
2001/3/22;08:00;-1.0;-3.0;86%;1004hPa;5.0km;ESE;3.6km/h/1.0m/s;-;N/A;;ScatteredClouds;
2001/3/22;08:30;1.0;-3.0;75%;1004hPa;8.0km;East;7.2km/h/2.0m/s;-;N/A;;ScatteredClouds;
2001/3/22;09:00;2.0;-2.0;75%;1004hPa;-;Variable;3.6km/h/1.0m/s;-;N/A;;Clear;
2001/3/22;09:30;3.0;-1.0;75%;1004hPa;-;Calm;Calm;-;N/A;;Clear;
2001/3/22;10:00;5.0;0.0;70%;1003hPa;-;Variable;3.6km/h/1.0m/s;-;N/A;;Clear;
2001/3/22;10:30;5.0;-5.0;49%;1003hPa;-;Variable;7.2km/h/2.0m/s;-;N/A;;Clear;
2001/3/22;11:00;7.0;-3.0;49%;1003hPa;-;Variable;7.2km/h/2.0m/s;-;N/A;;Clear;
2001/3/22;11:30;6.0;-2.0;57%;1002hPa;-;Variable;7.2km/h/2.0m/s;-;N/A;;Clear;
2001/3/22;12:00;7.0;-4.0;46%;1002hPa;-;Variable;7.2km/h/2.0m/s;-;N/A;;Clear;
2001/3/22;12:30;7.0;-3.0;49%;1001hPa;-;Variable;7.2km/h/2.0m/s;-;N/A;;Clear;
2001/3/22;13:00;6.0;-3.0;53%;1001hPa;-;South;10.8km/h/3.0m/s;-;N/A;;Clear;
2001/3/22;13:30;6.0;-2.0;57%;1001hPa;-;SSW;14.4km/h/4.0m/s;-;N/A;;Clear;
2001/3/22;14:00;5.0;-2.0;61%;1001hPa;-;WSW;14.4km/h/4.0m/s;-;N/A;;Clear;
2001/3/22;14:30;5.0;-2.0;61%;1001hPa;-;WSW;10.8km/h/3.0m/s;-;N/A;;Clear;
2001/3/22;15:00;5.0;-2.0;61%;1000hPa;-;WSW;10.8km/h/3.0m/s;-;N/A;;Clear;
2001/3/22;16:00;5.0;-2.0;61%;1000hPa;-;WSW;10.8km/h/3.0m/s;-;N/A;;Clear;
2001/3/22;16:30;5.0;-1.0;65%;1000hPa;-;SW;7.2km/h/2.0m/s;-;N/A;;Clear;
2001/3/22;17:00;5.0;-1.0;65%;1000hPa;-;SW;10.8km/h/3.0m/s;-;N/A;;Clear;
2001/3/22;17:30;4.0;-1.0;70%;1001hPa;-;WSW;14.4km/h/4.0m/s;-;N/A;;Clear;
2001/3/22;18:00;4.0;1.0;81%;1001hPa;10.0km;SW;14.4km/h/4.0m/s;-;N/A;Rain;LightRain;
2001/3/22;18:30;3.0;0.0;81%;1001hPa;10.0km;SW;10.8km/h/3.0m/s;-;N/A;Rain;LightRain;
2001/3/22;19:00;3.0;1.0;87%;1001hPa;10.0km;WSW;7.2km/h/2.0m/s;-;N/A;Rain;LightRain;
2001/3/22;19:30;3.0;1.0;87%;1001hPa;10.0km;Variable;3.6km/h/1.0m/s;-;N/A;Rain;LightRain;
2001/3/22;20:00;2.0;1.0;93%;1001hPa;10.0km;Variable;3.6km/h/1.0m/s;-;N/A;Rain;LightRain;
2001/3/22;20:30;2.0;1.0;93%;1001hPa;10.0km;Calm;Calm;-;N/A;;MostlyCloudy;
2001/3/22;21:00;2.0;1.0;93%;1001hPa;10.0km;North;3.6km/h/1.0m/s;-;N/A;;Overcast;
2001/3/22;21:30;2.0;1.0;93%;1001hPa;10.0km;Variable;3.6km/h/1.0m/s;-;N/A;;Overcast;
2001/3/22;22:00;2.0;1.0;93%;1002hPa;10.0km;WSW;3.6km/h/1.0m/s;-;N/A;;Overcast;
2001/3/22;22:30;2.0;1.0;93%;1002hPa;10.0km;SW;10.8km/h/3.0m/s;-;N/A;;Overcast;
2001/3/22;23:00;2.0;1.0;93%;1003hPa;10.0km;WSW;10.8km/h/3.0m/s;-;N/A;;Overcast;
2001/3/22;23:30;2.0;1.0;93%;1003hPa;10.0km;Variable;7.2km/h/2.0m/s;-;N/A;;Overcast;
