2001/4/27;00:00;9.0;6.0;82%;1017hPa;10.0km;North;10.8km/h/3.0m/s;-;N/A;Rain;LightRain;
2001/4/27;00:30;9.0;7.0;87%;1017hPa;10.0km;North;10.8km/h/3.0m/s;-;N/A;Rain;LightRain;
2001/4/27;01:00;8.0;7.0;93%;1017hPa;10.0km;Variable;7.2km/h/2.0m/s;-;N/A;Rain;LightRain;
2001/4/27;01:30;8.0;7.0;93%;1017hPa;10.0km;Calm;Calm;-;N/A;Rain;LightRain;
2001/4/27;02:00;8.0;7.0;93%;1017hPa;10.0km;East;7.2km/h/2.0m/s;-;N/A;Rain;LightRain;
2001/4/27;02:30;7.0;7.0;100%;1017hPa;10.0km;Calm;Calm;-;N/A;;MostlyCloudy;
2001/4/27;03:00;7.0;7.0;100%;1017hPa;10.0km;Variable;3.6km/h/1.0m/s;-;N/A;;ScatteredClouds;
2001/4/27;03:30;7.0;6.0;93%;1017hPa;10.0km;Variable;3.6km/h/1.0m/s;-;N/A;;ScatteredClouds;
2001/4/27;04:00;6.0;5.0;93%;1017hPa;10.0km;Variable;3.6km/h/1.0m/s;-;N/A;;ScatteredClouds;
2001/4/27;04:30;5.0;5.0;100%;1017hPa;-;Variable;3.6km/h/1.0m/s;-;N/A;;Clear;
2001/4/27;05:00;6.0;5.0;93%;1018hPa;10.0km;Variable;3.6km/h/1.0m/s;-;N/A;;ScatteredClouds;
2001/4/27;05:30;6.0;5.0;93%;1017hPa;10.0km;Calm;Calm;-;N/A;;ScatteredClouds;
2001/4/27;06:00;6.0;5.0;93%;1018hPa;5.0km;Variable;3.6km/h/1.0m/s;-;N/A;Fog;PatchesofFog;
2001/4/27;06:30;6.0;5.0;93%;1018hPa;9.0km;Variable;7.2km/h/2.0m/s;-;N/A;Fog;PatchesofFog;
2001/4/27;07:00;7.0;6.0;93%;1018hPa;5.0km;Variable;3.6km/h/1.0m/s;-;N/A;Fog;PatchesofFog;
2001/4/27;07:30;8.0;7.0;93%;1018hPa;5.0km;Calm;Calm;-;N/A;Fog;PatchesofFog;
2001/4/27;08:00;10.0;8.0;87%;1018hPa;0.7km;Variable;3.6km/h/1.0m/s;-;N/A;Fog;PatchesofFog;
2001/4/27;08:30;10.0;9.0;94%;1019hPa;0.8km;Variable;3.6km/h/1.0m/s;-;N/A;Fog;PatchesofFog;
2001/4/27;09:00;11.0;9.0;88%;1019hPa;1.5km;Variable;7.2km/h/2.0m/s;-;N/A;Fog;PatchesofFog;
2001/4/27;09:30;12.0;8.0;77%;1019hPa;10.0km;South;10.8km/h/3.0m/s;-;N/A;;ScatteredClouds;
2001/4/27;10:00;12.0;7.0;72%;1019hPa;10.0km;South;14.4km/h/4.0m/s;-;N/A;;ScatteredClouds;
2001/4/27;10:30;14.0;7.0;63%;1018hPa;10.0km;SSW;10.8km/h/3.0m/s;-;N/A;;MostlyCloudy;
2001/4/27;11:00;14.0;6.0;59%;1018hPa;10.0km;South;14.4km/h/4.0m/s;-;N/A;;ScatteredClouds;
2001/4/27;11:30;15.0;5.0;51%;1018hPa;10.0km;South;14.4km/h/4.0m/s;-;N/A;;MostlyCloudy;
2001/4/27;12:00;16.0;7.0;55%;1018hPa;10.0km;South;14.4km/h/4.0m/s;-;N/A;;MostlyCloudy;
2001/4/27;12:30;16.0;6.0;52%;1018hPa;10.0km;SSW;18.0km/h/5.0m/s;-;N/A;;MostlyCloudy;
2001/4/27;13:00;15.0;4.0;48%;1018hPa;10.0km;South;10.8km/h/3.0m/s;-;N/A;;MostlyCloudy;
2001/4/27;13:30;16.0;5.0;48%;1018hPa;10.0km;SSW;10.8km/h/3.0m/s;-;N/A;;MostlyCloudy;
2001/4/27;14:00;16.0;5.0;48%;1018hPa;10.0km;Variable;7.2km/h/2.0m/s;-;N/A;;MostlyCloudy;
2001/4/27;14:30;17.0;5.0;45%;1017hPa;-;South;10.8km/h/3.0m/s;-;N/A;;Clear;
2001/4/27;15:00;18.0;7.0;49%;1017hPa;-;SSW;10.8km/h/3.0m/s;-;N/A;;Clear;
2001/4/27;15:30;18.0;5.0;42%;1017hPa;-;SSE;14.4km/h/4.0m/s;-;N/A;;Clear;
2001/4/27;16:00;16.0;6.0;52%;1017hPa;-;South;18.0km/h/5.0m/s;-;N/A;;Clear;
2001/4/27;16:30;15.0;8.0;63%;1017hPa;10.0km;SSE;10.8km/h/3.0m/s;-;N/A;Rain;LightRainShowers;
2001/4/27;17:00;17.0;8.0;55%;1016hPa;10.0km;South;14.4km/h/4.0m/s;-;N/A;;ScatteredClouds;
2001/4/27;17:30;16.0;6.0;52%;1016hPa;-;South;18.0km/h/5.0m/s;-;N/A;;Clear;
2001/4/27;18:00;15.0;7.0;59%;1016hPa;-;South;10.8km/h/3.0m/s;-;N/A;;Clear;
2001/4/27;18:30;14.0;8.0;67%;1016hPa;-;SSE;10.8km/h/3.0m/s;-;N/A;;Clear;
2001/4/27;19:00;14.0;7.0;63%;1016hPa;-;South;10.8km/h/3.0m/s;-;N/A;;Clear;
2001/4/27;19:30;13.0;7.0;67%;1016hPa;-;South;10.8km/h/3.0m/s;-;N/A;;Clear;
2001/4/27;20:00;13.0;6.0;63%;1016hPa;-;South;7.2km/h/2.0m/s;-;N/A;;Clear;
2001/4/27;20:30;13.0;8.0;72%;1016hPa;-;Variable;7.2km/h/2.0m/s;-;N/A;;Clear;
2001/4/27;21:00;12.0;7.0;72%;1017hPa;-;Variable;3.6km/h/1.0m/s;-;N/A;;Clear;
2001/4/27;21:30;11.0;6.0;71%;1017hPa;-;SW;10.8km/h/3.0m/s;-;N/A;;Clear;
2001/4/27;22:00;11.0;5.0;67%;1017hPa;-;WSW;10.8km/h/3.0m/s;-;N/A;;Clear;
2001/4/27;22:30;9.0;5.0;76%;1017hPa;-;SW;10.8km/h/3.0m/s;-;N/A;;Clear;
2001/4/27;23:00;10.0;5.0;71%;1017hPa;-;NNW;7.2km/h/2.0m/s;-;N/A;;Clear;
2001/4/27;23:30;9.0;5.0;76%;1017hPa;-;Variable;3.6km/h/1.0m/s;-;N/A;;Clear;
