2001/11/22;00:00;0.0;0.0;100%;1022hPa;5.0km;SSE;3.6km/h/1.0m/s;-;N/A;Snow;LightSnow;
2001/11/22;00:30;1.0;0.0;93%;1022hPa;5.0km;Calm;Calm;-;N/A;;Overcast;
2001/11/22;01:00;0.0;0.0;100%;1022hPa;5.0km;SSE;7.2km/h/2.0m/s;-;N/A;;Overcast;
2001/11/22;01:30;1.0;1.0;100%;1021hPa;5.0km;South;3.6km/h/1.0m/s;-;N/A;;Overcast;
2001/11/22;02:00;0.0;0.0;100%;1021hPa;6.0km;South;7.2km/h/2.0m/s;-;N/A;;Overcast;
2001/11/22;02:30;0.0;-1.0;93%;1021hPa;6.0km;South;7.2km/h/2.0m/s;-;N/A;;Overcast;
2001/11/22;03:00;0.0;-1.0;93%;1021hPa;7.0km;South;7.2km/h/2.0m/s;-;N/A;;Overcast;
2001/11/22;03:30;-1.0;-1.0;100%;1020hPa;7.0km;SSW;7.2km/h/2.0m/s;-;N/A;;MostlyCloudy;
2001/11/22;04:00;-1.0;-1.0;100%;1020hPa;7.0km;South;7.2km/h/2.0m/s;-;N/A;;ScatteredClouds;
2001/11/22;04:30;0.0;-1.0;93%;1019hPa;7.0km;South;7.2km/h/2.0m/s;-;N/A;;ScatteredClouds;
2001/11/22;05:00;-1.0;-1.0;100%;1019hPa;8.0km;SSW;7.2km/h/2.0m/s;-;N/A;;PartlyCloudy;
2001/11/22;05:30;-1.0;-1.0;100%;1019hPa;6.0km;South;10.8km/h/3.0m/s;-;N/A;;ScatteredClouds;
2001/11/22;06:00;0.0;0.0;100%;1018hPa;5.0km;SSW;14.4km/h/4.0m/s;-;N/A;;MostlyCloudy;
2001/11/22;06:30;0.0;0.0;100%;1018hPa;1.0km;South;10.8km/h/3.0m/s;-;N/A;;MostlyCloudy;
2001/11/22;07:00;0.0;0.0;100%;1017hPa;2.0km;South;14.4km/h/4.0m/s;-;N/A;;MostlyCloudy;
2001/11/22;07:30;0.0;0.0;100%;1018hPa;3.5km;South;7.2km/h/2.0m/s;-;N/A;;Overcast;
2001/11/22;08:00;1.0;0.0;93%;1017hPa;3.5km;South;14.4km/h/4.0m/s;-;N/A;;Overcast;
2001/11/22;08:30;1.0;0.0;93%;1017hPa;4.0km;South;14.4km/h/4.0m/s;-;N/A;;Overcast;
2001/11/22;09:00;1.0;1.0;100%;1016hPa;3.5km;SSW;21.6km/h/6.0m/s;-;N/A;;Overcast;
2001/11/22;09:30;1.0;0.0;93%;1016hPa;3.5km;SSW;18.0km/h/5.0m/s;-;N/A;;Overcast;
2001/11/22;10:00;2.0;0.0;87%;1016hPa;3.5km;South;18.0km/h/5.0m/s;-;N/A;;Overcast;
2001/11/22;10:30;2.0;1.0;93%;1015hPa;4.0km;South;18.0km/h/5.0m/s;-;N/A;;Overcast;
2001/11/22;11:00;3.0;1.0;87%;1014hPa;5.0km;South;21.6km/h/6.0m/s;-;N/A;;Overcast;
2001/11/22;11:30;4.0;0.0;75%;1014hPa;7.0km;SW;18.0km/h/5.0m/s;-;N/A;;Overcast;
2001/11/22;12:00;4.0;0.0;75%;1013hPa;8.0km;SW;25.2km/h/7.0m/s;-;N/A;;Overcast;
2001/11/22;12:30;4.0;0.0;75%;1013hPa;10.0km;SSW;21.6km/h/6.0m/s;-;N/A;;Overcast;
2001/11/22;13:00;4.0;0.0;75%;1012hPa;10.0km;SW;28.8km/h/8.0m/s;-;N/A;;Overcast;
2001/11/22;13:30;5.0;0.0;70%;1012hPa;10.0km;SW;25.2km/h/7.0m/s;-;N/A;;Overcast;
2001/11/22;14:00;5.0;0.0;70%;1012hPa;10.0km;SW;28.8km/h/8.0m/s;-;N/A;;Overcast;
2001/11/22;14:30;5.0;0.0;70%;1011hPa;10.0km;SW;28.8km/h/8.0m/s;-;N/A;;Overcast;
2001/11/22;15:00;5.0;0.0;70%;1011hPa;10.0km;SW;28.8km/h/8.0m/s;-;N/A;;Overcast;
2001/11/22;15:30;5.0;0.0;70%;1010hPa;10.0km;SW;25.2km/h/7.0m/s;-;N/A;;Overcast;
2001/11/22;16:00;4.0;0.0;75%;1010hPa;10.0km;SW;28.8km/h/8.0m/s;-;N/A;;MostlyCloudy;
2001/11/22;16:30;4.0;0.0;75%;1009hPa;10.0km;SW;28.8km/h/8.0m/s;-;N/A;;Overcast;
2001/11/22;17:00;4.0;0.0;75%;1009hPa;10.0km;SW;21.6km/h/6.0m/s;-;N/A;;Overcast;
2001/11/22;17:30;5.0;0.0;70%;1008hPa;10.0km;SSW;21.6km/h/6.0m/s;-;N/A;;Overcast;
2001/11/22;18:00;4.0;0.0;75%;1008hPa;10.0km;South;25.2km/h/7.0m/s;-;N/A;;Overcast;
2001/11/22;18:30;4.0;1.0;81%;1008hPa;10.0km;South;18.0km/h/5.0m/s;-;N/A;;Overcast;
2001/11/22;19:00;4.0;1.0;81%;1007hPa;10.0km;SSW;21.6km/h/6.0m/s;-;N/A;;Overcast;
2001/11/22;19:30;4.0;1.0;81%;1007hPa;10.0km;SSW;18.0km/h/5.0m/s;-;N/A;Rain;LightRain;
2001/11/22;20:00;4.0;1.0;81%;1006hPa;10.0km;SSW;21.6km/h/6.0m/s;-;N/A;;MostlyCloudy;
2001/11/22;20:30;4.0;1.0;81%;1006hPa;8.0km;SSW;28.8km/h/8.0m/s;-;N/A;;Overcast;
2001/11/22;21:00;4.0;1.0;81%;1005hPa;8.0km;SSW;21.6km/h/6.0m/s;-;N/A;;Overcast;
2001/11/22;21:30;4.0;1.0;81%;1005hPa;8.0km;SSW;18.0km/h/5.0m/s;-;N/A;;Overcast;
2001/11/22;22:00;4.0;1.0;81%;1004hPa;8.0km;SSW;18.0km/h/5.0m/s;-;N/A;;Overcast;
2001/11/22;22:30;3.0;2.0;93%;1004hPa;6.0km;SSW;18.0km/h/5.0m/s;-;N/A;Rain;LightRain;
2001/11/22;23:00;3.0;2.0;93%;1003hPa;5.0km;South;14.4km/h/4.0m/s;-;N/A;Rain;LightRain;
2001/11/22;23:30;3.0;2.0;93%;1003hPa;5.0km;South;18.0km/h/5.0m/s;-;N/A;Rain;LightRain;
