2001/1/20;00:00;-6.0;-7.0;93%;1029hPa;7.0km;NNW;3.6km/h/1.0m/s;-;N/A;;Clear;
2001/1/20;00:30;-6.0;-7.0;93%;1029hPa;8.0km;North;3.6km/h/1.0m/s;-;N/A;;Clear;
2001/1/20;01:00;-6.0;-7.0;93%;1029hPa;8.0km;NNW;3.6km/h/1.0m/s;-;N/A;;Clear;
2001/1/20;01:30;-6.0;-7.0;93%;1029hPa;7.0km;NW;3.6km/h/1.0m/s;-;N/A;;Clear;
2001/1/20;02:00;-6.0;-8.0;86%;1029hPa;7.0km;Calm;Calm;-;N/A;;Clear;
2001/1/20;02:30;-6.0;-7.0;93%;1029hPa;7.0km;Calm;Calm;-;N/A;;PartlyCloudy;
2001/1/20;03:00;-7.0;-8.0;93%;1029hPa;6.0km;Calm;Calm;-;N/A;;PartlyCloudy;
2001/1/20;03:30;-7.0;-8.0;93%;1029hPa;6.0km;North;3.6km/h/1.0m/s;-;N/A;;PartlyCloudy;
2001/1/20;04:00;-7.0;-8.0;93%;1029hPa;6.0km;North;3.6km/h/1.0m/s;-;N/A;;PartlyCloudy;
2001/1/20;04:30;-7.0;-9.0;86%;1029hPa;6.0km;North;3.6km/h/1.0m/s;-;N/A;;PartlyCloudy;
2001/1/20;05:00;-7.0;-8.0;93%;1029hPa;6.0km;North;7.2km/h/2.0m/s;-;N/A;;PartlyCloudy;
2001/1/20;05:30;-7.0;-8.0;93%;1029hPa;7.0km;North;7.2km/h/2.0m/s;-;N/A;;PartlyCloudy;
2001/1/20;06:00;-7.0;-8.0;93%;1029hPa;5.0km;North;7.2km/h/2.0m/s;-;N/A;;PartlyCloudy;
2001/1/20;06:30;-7.0;-8.0;93%;1029hPa;6.0km;North;7.2km/h/2.0m/s;-;N/A;;Clear;
2001/1/20;07:00;-6.0;-8.0;86%;1029hPa;6.0km;NNE;3.6km/h/1.0m/s;-;N/A;;Clear;
2001/1/20;07:30;-7.0;-8.0;93%;1029hPa;4.5km;North;3.6km/h/1.0m/s;-;N/A;;PartlyCloudy;
2001/1/20;08:00;-7.0;-8.0;93%;1029hPa;5.0km;NW;3.6km/h/1.0m/s;-;N/A;;ScatteredClouds;
2001/1/20;08:30;-6.0;-7.0;93%;1029hPa;5.0km;NE;3.6km/h/1.0m/s;-;N/A;;ScatteredClouds;
2001/1/20;09:00;-5.0;-7.0;86%;1029hPa;5.0km;Calm;Calm;-;N/A;;PartlyCloudy;
2001/1/20;09:30;-4.0;-6.0;86%;1030hPa;5.0km;Calm;Calm;-;N/A;;Clear;
2001/1/20;10:00;-3.0;-5.0;86%;1030hPa;5.0km;Variable;3.6km/h/1.0m/s;-;N/A;;Clear;
2001/1/20;10:30;-2.0;-4.0;86%;1030hPa;5.0km;Variable;3.6km/h/1.0m/s;-;N/A;;Clear;
2001/1/20;11:00;-1.0;-4.0;80%;1030hPa;5.0km;Variable;3.6km/h/1.0m/s;-;N/A;;Clear;
2001/1/20;11:30;0.0;-3.0;80%;1030hPa;5.0km;Variable;3.6km/h/1.0m/s;-;N/A;;PartlyCloudy;
2001/1/20;12:00;0.0;-3.0;80%;1029hPa;6.0km;Variable;3.6km/h/1.0m/s;-;N/A;;PartlyCloudy;
2001/1/20;12:30;1.0;-3.0;75%;1029hPa;6.0km;Variable;3.6km/h/1.0m/s;-;N/A;;ScatteredClouds;
2001/1/20;13:00;1.0;-3.0;75%;1029hPa;6.0km;Variable;3.6km/h/1.0m/s;-;N/A;;ScatteredClouds;
2001/1/20;13:30;1.0;-3.0;75%;1029hPa;6.0km;Variable;3.6km/h/1.0m/s;-;N/A;;ScatteredClouds;
2001/1/20;14:00;1.0;-3.0;75%;1029hPa;6.0km;Variable;3.6km/h/1.0m/s;-;N/A;;ScatteredClouds;
2001/1/20;14:30;1.0;-4.0;70%;1029hPa;6.0km;Variable;3.6km/h/1.0m/s;-;N/A;;ScatteredClouds;
2001/1/20;15:00;1.0;-4.0;70%;1028hPa;4.5km;SSE;3.6km/h/1.0m/s;-;N/A;;MostlyCloudy;
2001/1/20;15:30;0.0;-4.0;75%;1028hPa;3.5km;SSE;3.6km/h/1.0m/s;-;N/A;;ScatteredClouds;
2001/1/20;16:00;0.0;-4.0;75%;1028hPa;4.0km;SE;3.6km/h/1.0m/s;-;N/A;;ScatteredClouds;
2001/1/20;16:30;-1.0;-4.0;80%;1028hPa;4.0km;Variable;3.6km/h/1.0m/s;-;N/A;;ScatteredClouds;
2001/1/20;17:00;-1.0;-4.0;80%;1029hPa;5.0km;Calm;Calm;-;N/A;;ScatteredClouds;
2001/1/20;17:30;-2.0;-4.0;86%;1029hPa;5.0km;NE;3.6km/h/1.0m/s;-;N/A;;PartlyCloudy;
2001/1/20;18:00;-2.0;-4.0;86%;1029hPa;5.0km;Calm;Calm;-;N/A;;PartlyCloudy;
2001/1/20;18:30;-3.0;-5.0;86%;1029hPa;5.0km;NNW;3.6km/h/1.0m/s;-;N/A;;PartlyCloudy;
2001/1/20;19:00;-3.0;-5.0;86%;1029hPa;5.0km;NW;3.6km/h/1.0m/s;-;N/A;;PartlyCloudy;
2001/1/20;19:30;-4.0;-6.0;86%;1029hPa;5.0km;NNW;3.6km/h/1.0m/s;-;N/A;;PartlyCloudy;
2001/1/20;20:00;-4.0;-6.0;86%;1029hPa;5.0km;NNW;3.6km/h/1.0m/s;-;N/A;;PartlyCloudy;
2001/1/20;20:30;-4.0;-6.0;86%;1029hPa;5.0km;North;3.6km/h/1.0m/s;-;N/A;;PartlyCloudy;
2001/1/20;21:00;-5.0;-6.0;93%;1029hPa;5.0km;North;3.6km/h/1.0m/s;-;N/A;;Clear;
2001/1/20;21:30;-5.0;-6.0;93%;1029hPa;5.0km;North;3.6km/h/1.0m/s;-;N/A;;Clear;
2001/1/20;22:00;-5.0;-6.0;93%;1029hPa;4.0km;North;7.2km/h/2.0m/s;-;N/A;;Clear;
2001/1/20;22:30;-5.0;-7.0;86%;1029hPa;4.0km;North;7.2km/h/2.0m/s;-;N/A;;Clear;
2001/1/20;23:00;-5.0;-7.0;86%;1030hPa;4.0km;North;7.2km/h/2.0m/s;-;N/A;;Clear;
2001/1/20;23:30;-6.0;-7.0;93%;1029hPa;4.0km;North;3.6km/h/1.0m/s;-;N/A;;Clear;
