2001/12/12;00:00;-5.0;-6.0;93%;1027hPa;2.5km;SE;3.6km/h/1.0m/s;-;N/A;;LightFreezingDrizzle;
2001/12/12;00:30;-5.0;-5.0;100%;1026hPa;2.5km;SSE;3.6km/h/1.0m/s;-;N/A;;LightFreezingDrizzle;
2001/12/12;00:51;-5.0;-5.0;100%;1026hPa;2.5km;SSE;3.6km/h/1.0m/s;-;N/A;;LightFreezingDrizzle;
2001/12/12;01:00;-5.0;-5.0;100%;1026hPa;2.5km;Variable;3.6km/h/1.0m/s;-;N/A;;LightFreezingDrizzle;
2001/12/12;01:30;-5.0;-5.0;100%;1026hPa;2.5km;SSE;3.6km/h/1.0m/s;-;N/A;;LightFreezingDrizzle;
2001/12/12;02:00;-5.0;-6.0;93%;1025hPa;2.5km;SSE;3.6km/h/1.0m/s;-;N/A;;LightFreezingDrizzle;
2001/12/12;02:30;-5.0;-5.0;100%;1025hPa;2.4km;Variable;3.6km/h/1.0m/s;-;N/A;;Overcast;
2001/12/12;03:00;-5.0;-5.0;100%;1024hPa;2.4km;East;3.6km/h/1.0m/s;-;N/A;;Overcast;
2001/12/12;03:30;-5.0;-5.0;100%;1024hPa;1.7km;Variable;3.6km/h/1.0m/s;-;N/A;Snow;LightSnowGrains;
2001/12/12;04:00;-5.0;-6.0;93%;1024hPa;1.7km;Variable;3.6km/h/1.0m/s;-;N/A;;Overcast;
2001/12/12;04:30;-5.0;-5.0;100%;1024hPa;2.0km;Variable;3.6km/h/1.0m/s;-;N/A;;Overcast;
2001/12/12;05:00;-5.0;-5.0;100%;1023hPa;2.0km;NE;3.6km/h/1.0m/s;-;N/A;;Overcast;
2001/12/12;05:30;-5.0;-5.0;100%;1023hPa;1.5km;NNE;3.6km/h/1.0m/s;-;N/A;Snow;LightSnow;
2001/12/12;06:00;-5.0;-5.0;100%;1023hPa;1.5km;Calm;Calm;-;N/A;Snow;LightSnow;
2001/12/12;06:30;-5.0;-5.0;100%;1022hPa;2.0km;Calm;Calm;-;N/A;Snow;LightSnowGrains;
2001/12/12;07:00;-4.0;-5.0;93%;1022hPa;1.5km;Calm;Calm;-;N/A;Snow;LightSnowGrains;
2001/12/12;07:30;-4.0;-5.0;93%;1022hPa;1.1km;Variable;3.6km/h/1.0m/s;-;N/A;Snow;LightSnowGrains;
2001/12/12;08:00;-4.0;-5.0;93%;1022hPa;1.0km;Calm;Calm;-;N/A;Snow;LightSnowGrains;
2001/12/12;08:30;-4.0;-4.0;100%;1022hPa;1.5km;Calm;Calm;-;N/A;Snow;LightSnowGrains;
2001/12/12;09:00;-4.0;-4.0;100%;1022hPa;1.4km;Calm;Calm;-;N/A;Snow;LightSnowGrains;
2001/12/12;09:30;-3.0;-4.0;93%;1021hPa;1.7km;Variable;3.6km/h/1.0m/s;-;N/A;Snow;LightSnowGrains;
2001/12/12;10:00;-2.0;-4.0;86%;1021hPa;3.0km;Calm;Calm;-;N/A;;ScatteredClouds;
2001/12/12;10:30;-1.0;-4.0;80%;1021hPa;3.0km;Variable;7.2km/h/2.0m/s;-;N/A;;PartlyCloudy;
2001/12/12;11:00;-2.0;-4.0;86%;1021hPa;2.5km;SE;7.2km/h/2.0m/s;-;N/A;;ScatteredClouds;
2001/12/12;11:30;-2.0;-3.0;93%;1020hPa;4.0km;Variable;3.6km/h/1.0m/s;-;N/A;;ScatteredClouds;
2001/12/12;12:00;-1.0;-4.0;80%;1020hPa;6.0km;Variable;3.6km/h/1.0m/s;-;N/A;;MostlyCloudy;
2001/12/12;12:30;-1.0;-4.0;80%;1020hPa;6.0km;Variable;7.2km/h/2.0m/s;-;N/A;;MostlyCloudy;
2001/12/12;13:00;-1.0;-4.0;80%;1019hPa;6.0km;South;3.6km/h/1.0m/s;-;N/A;;MostlyCloudy;
2001/12/12;13:30;-1.0;-4.0;80%;1019hPa;6.0km;SW;7.2km/h/2.0m/s;-;N/A;;MostlyCloudy;
2001/12/12;14:00;-1.0;-4.0;80%;1019hPa;6.0km;WSW;7.2km/h/2.0m/s;-;N/A;;Overcast;
2001/12/12;14:30;-1.0;-3.0;86%;1019hPa;3.5km;WSW;7.2km/h/2.0m/s;-;N/A;Snow;LightSnow;
2001/12/12;15:00;-2.0;-3.0;93%;1018hPa;2.5km;WSW;3.6km/h/1.0m/s;-;N/A;Snow;LightSnow;
2001/12/12;15:30;-2.0;-3.0;93%;1018hPa;2.5km;West;3.6km/h/1.0m/s;-;N/A;Snow;LightSnow;
2001/12/12;16:00;-2.0;-3.0;93%;1018hPa;1.5km;Calm;Calm;-;N/A;Snow;LightSnow;
2001/12/12;16:30;-2.0;-3.0;93%;1018hPa;1.5km;WNW;3.6km/h/1.0m/s;-;N/A;Snow;LightSnow;
2001/12/12;17:00;-2.0;-3.0;93%;1018hPa;1.4km;NW;3.6km/h/1.0m/s;-;N/A;Snow;LightSnow;
2001/12/12;17:30;-2.0;-3.0;93%;1018hPa;1.5km;WNW;7.2km/h/2.0m/s;-;N/A;Snow;LightSnow;
2001/12/12;18:00;-2.0;-3.0;93%;1018hPa;3.0km;North;10.8km/h/3.0m/s;-;N/A;Snow;Snow;
2001/12/12;18:30;-2.0;-3.0;93%;1018hPa;2.0km;North;21.6km/h/6.0m/s;-;N/A;Snow;Snow;
2001/12/12;19:00;-2.0;-4.0;86%;1018hPa;10.0km;North;18.0km/h/5.0m/s;-;N/A;;Overcast;
2001/12/12;19:30;-3.0;-5.0;86%;1018hPa;10.0km;North;18.0km/h/5.0m/s;-;N/A;Snow;LightSnow;
2001/12/12;20:00;-3.0;-5.0;86%;1018hPa;2.5km;North;21.6km/h/6.0m/s;-;N/A;Snow;Snow;
2001/12/12;20:30;-3.0;-5.0;86%;1018hPa;10.0km;North;18.0km/h/5.0m/s;-;N/A;Snow;LightSnow;
2001/12/12;21:00;-4.0;-7.0;80%;1018hPa;10.0km;North;28.8km/h/8.0m/s;-;N/A;Snow;LightSnow;
2001/12/12;21:30;-5.0;-8.0;80%;1018hPa;10.0km;North;32.4km/h/9.0m/s;-;N/A;Snow;LightSnow;
2001/12/12;22:00;-6.0;-9.0;80%;1019hPa;10.0km;North;39.6km/h/11.0m/s;-;N/A;;MostlyCloudy;
2001/12/12;22:30;-7.0;-11.0;74%;1019hPa;10.0km;North;43.2km/h/12.0m/s;-;N/A;;MostlyCloudy;
2001/12/12;23:00;-7.0;-12.0;68%;1019hPa;10.0km;North;36.0km/h/10.0m/s;-;N/A;;ScatteredClouds;
2001/12/12;23:30;-8.0;-12.0;73%;1019hPa;10.0km;North;36.0km/h/10.0m/s;-;N/A;;ScatteredClouds;
