2001/4/23;00:00;6.0;3.0;81%;995hPa;-;NNE;18.0km/h/5.0m/s;-;N/A;;Clear;
2001/4/23;00:30;6.0;3.0;81%;995hPa;-;NNE;21.6km/h/6.0m/s;-;N/A;;Clear;
2001/4/23;01:00;6.0;3.0;81%;995hPa;-;NNE;21.6km/h/6.0m/s;-;N/A;;Clear;
2001/4/23;01:30;6.0;3.0;81%;995hPa;-;NNE;25.2km/h/7.0m/s;-;N/A;;Clear;
2001/4/23;02:00;6.0;3.0;81%;995hPa;-;NE;25.2km/h/7.0m/s;-;N/A;;Clear;
2001/4/23;02:30;6.0;3.0;81%;995hPa;-;NNE;25.2km/h/7.0m/s;-;N/A;;Clear;
2001/4/23;03:00;6.0;3.0;81%;995hPa;-;NNE;28.8km/h/8.0m/s;-;N/A;;Clear;
2001/4/23;03:30;6.0;2.0;76%;994hPa;-;NNE;32.4km/h/9.0m/s;-;N/A;;Clear;
2001/4/23;04:00;6.0;2.0;76%;994hPa;-;NNE;32.4km/h/9.0m/s;-;N/A;;Clear;
2001/4/23;04:30;6.0;2.0;76%;994hPa;-;North;36.0km/h/10.0m/s;-;N/A;;Clear;
2001/4/23;05:00;6.0;2.0;76%;994hPa;10.0km;North;36.0km/h/10.0m/s;-;N/A;;ScatteredClouds;
2001/4/23;05:30;6.0;2.0;76%;994hPa;10.0km;North;39.6km/h/11.0m/s;-;N/A;;ScatteredClouds;
2001/4/23;06:00;6.0;2.0;76%;994hPa;10.0km;North;39.6km/h/11.0m/s;-;N/A;;ScatteredClouds;
2001/4/23;06:30;6.0;2.0;76%;994hPa;-;North;32.4km/h/9.0m/s;-;N/A;;Clear;
2001/4/23;07:00;7.0;3.0;76%;994hPa;10.0km;North;36.0km/h/10.0m/s;-;N/A;;MostlyCloudy;
2001/4/23;07:30;7.0;3.0;76%;994hPa;10.0km;North;39.6km/h/11.0m/s;-;N/A;;MostlyCloudy;
2001/4/23;08:00;8.0;3.0;71%;994hPa;10.0km;North;43.2km/h/12.0m/s;-;N/A;;MostlyCloudy;
2001/4/23;08:30;8.0;3.0;71%;994hPa;10.0km;North;43.2km/h/12.0m/s;-;N/A;;MostlyCloudy;
2001/4/23;09:00;8.0;4.0;76%;994hPa;10.0km;North;39.6km/h/11.0m/s;-;N/A;;MostlyCloudy;
2001/4/23;09:30;10.0;4.0;66%;994hPa;10.0km;North;43.2km/h/12.0m/s;-;N/A;;ScatteredClouds;
2001/4/23;10:00;10.0;4.0;66%;994hPa;10.0km;North;43.2km/h/12.0m/s;-;N/A;;ScatteredClouds;
2001/4/23;10:30;9.0;4.0;71%;995hPa;10.0km;North;43.2km/h/12.0m/s;-;N/A;;MostlyCloudy;
2001/4/23;11:00;10.0;4.0;66%;995hPa;10.0km;North;43.2km/h/12.0m/s;68.4km/h/19.0m/s;N/A;;ScatteredClouds;
2001/4/23;11:30;11.0;5.0;67%;995hPa;10.0km;North;43.2km/h/12.0m/s;-;N/A;;ScatteredClouds;
2001/4/23;12:00;11.0;5.0;67%;995hPa;10.0km;North;43.2km/h/12.0m/s;-;N/A;;ScatteredClouds;
2001/4/23;12:30;11.0;5.0;67%;996hPa;10.0km;North;43.2km/h/12.0m/s;-;N/A;;ScatteredClouds;
2001/4/23;13:00;11.0;6.0;71%;996hPa;-;North;43.2km/h/12.0m/s;-;N/A;;Clear;
2001/4/23;13:30;12.0;5.0;62%;996hPa;-;North;36.0km/h/10.0m/s;-;N/A;;Clear;
2001/4/23;14:00;11.0;5.0;67%;996hPa;-;North;32.4km/h/9.0m/s;50.4km/h/14.0m/s;N/A;;Clear;
2001/4/23;14:30;12.0;5.0;62%;996hPa;-;North;36.0km/h/10.0m/s;-;N/A;;Clear;
2001/4/23;15:00;12.0;5.0;62%;996hPa;-;North;39.6km/h/11.0m/s;-;N/A;;Clear;
2001/4/23;15:30;11.0;6.0;71%;996hPa;-;North;39.6km/h/11.0m/s;-;N/A;;Clear;
2001/4/23;16:00;11.0;5.0;67%;996hPa;-;North;32.4km/h/9.0m/s;-;N/A;;Clear;
2001/4/23;16:30;10.0;5.0;71%;997hPa;-;North;39.6km/h/11.0m/s;-;N/A;;Clear;
2001/4/23;17:00;10.0;5.0;71%;997hPa;10.0km;North;36.0km/h/10.0m/s;-;N/A;;MostlyCloudy;
2001/4/23;17:30;10.0;5.0;71%;997hPa;10.0km;North;43.2km/h/12.0m/s;-;N/A;;Overcast;
2001/4/23;18:00;10.0;5.0;71%;997hPa;10.0km;NNE;28.8km/h/8.0m/s;-;N/A;;Overcast;
2001/4/23;18:30;9.0;5.0;76%;997hPa;10.0km;North;28.8km/h/8.0m/s;-;N/A;;Overcast;
2001/4/23;19:00;9.0;5.0;76%;998hPa;10.0km;NNE;32.4km/h/9.0m/s;-;N/A;;Overcast;
2001/4/23;19:30;9.0;5.0;76%;998hPa;10.0km;NNE;32.4km/h/9.0m/s;-;N/A;;Overcast;
2001/4/23;20:00;9.0;5.0;76%;999hPa;10.0km;NNE;32.4km/h/9.0m/s;-;N/A;;Overcast;
2001/4/23;20:30;9.0;4.0;71%;999hPa;10.0km;North;28.8km/h/8.0m/s;-;N/A;;Overcast;
2001/4/23;21:00;9.0;4.0;71%;998hPa;10.0km;North;32.4km/h/9.0m/s;-;N/A;;ScatteredClouds;
2001/4/23;21:30;9.0;4.0;71%;999hPa;10.0km;North;36.0km/h/10.0m/s;-;N/A;;ScatteredClouds;
2001/4/23;22:00;9.0;4.0;71%;999hPa;10.0km;North;36.0km/h/10.0m/s;-;N/A;;ScatteredClouds;
2001/4/23;22:30;9.0;4.0;71%;1000hPa;-;North;32.4km/h/9.0m/s;-;N/A;;Clear;
2001/4/23;23:00;9.0;4.0;71%;1000hPa;-;North;36.0km/h/10.0m/s;-;N/A;;Clear;
2001/4/23;23:30;9.0;4.0;71%;1000hPa;-;North;32.4km/h/9.0m/s;-;N/A;;Clear;
