2001/11/28;00:00;-3.0;-4.0;93%;1017hPa;3.5km;North;7.2km/h/2.0m/s;-;N/A;;LightHail;
2001/11/28;00:30;-3.0;-4.0;93%;1017hPa;-;North;7.2km/h/2.0m/s;-;N/A;;LightHail;
2001/11/28;01:00;-3.0;-3.0;100%;1017hPa;3.5km;North;7.2km/h/2.0m/s;-;N/A;;LightHail;
2001/11/28;01:30;-3.0;-3.0;100%;1017hPa;-;NNW;3.6km/h/1.0m/s;-;N/A;;LightHail;
2001/11/28;02:00;-3.0;-3.0;100%;1017hPa;4.0km;NNW;3.6km/h/1.0m/s;-;N/A;;LightHail;
2001/11/28;02:30;-3.0;-3.0;100%;1017hPa;4.0km;NNW;3.6km/h/1.0m/s;-;N/A;;LightHail;
2001/11/28;03:00;-3.0;-4.0;93%;1017hPa;5.0km;NNW;3.6km/h/1.0m/s;-;N/A;;LightHail;
2001/11/28;03:30;-3.0;-4.0;93%;1017hPa;4.0km;Calm;Calm;-;N/A;;LightHail;
2001/11/28;04:00;-3.0;-4.0;93%;1017hPa;4.5km;ENE;3.6km/h/1.0m/s;-;N/A;;LightHail;
2001/11/28;04:30;-3.0;-4.0;93%;1017hPa;4.5km;Calm;Calm;-;N/A;;LightHail;
2001/11/28;05:00;-3.0;-4.0;93%;1017hPa;4.0km;NNW;3.6km/h/1.0m/s;-;N/A;;LightHail;
2001/11/28;05:30;-4.0;-4.0;100%;1017hPa;4.5km;North;7.2km/h/2.0m/s;-;N/A;;LightHail;
2001/11/28;06:00;-3.0;-4.0;93%;1017hPa;-;North;7.2km/h/2.0m/s;-;N/A;;LightHail;
2001/11/28;06:30;-3.0;-4.0;93%;1017hPa;3.0km;NNW;7.2km/h/2.0m/s;-;N/A;;LightHail;
2001/11/28;07:00;-4.0;-5.0;93%;1017hPa;3.0km;North;3.6km/h/1.0m/s;-;N/A;;MostlyCloudy;
2001/11/28;07:30;-4.0;-5.0;93%;1017hPa;5.0km;North;10.8km/h/3.0m/s;-;N/A;;MostlyCloudy;
2001/11/28;08:00;-4.0;-5.0;93%;1017hPa;5.0km;North;7.2km/h/2.0m/s;-;N/A;;MostlyCloudy;
2001/11/28;08:30;-3.0;-4.0;93%;1017hPa;6.0km;NW;7.2km/h/2.0m/s;-;N/A;;MostlyCloudy;
2001/11/28;09:00;-3.0;-4.0;93%;1018hPa;7.0km;NNW;3.6km/h/1.0m/s;-;N/A;;MostlyCloudy;
2001/11/28;09:30;-2.0;-3.0;93%;1018hPa;5.0km;Calm;Calm;-;N/A;;Overcast;
2001/11/28;10:00;-1.0;-3.0;86%;1018hPa;5.0km;Variable;3.6km/h/1.0m/s;-;N/A;;Overcast;
2001/11/28;10:30;0.0;-3.0;80%;1017hPa;8.0km;Variable;3.6km/h/1.0m/s;-;N/A;;MostlyCloudy;
2001/11/28;11:00;0.0;-3.0;80%;1017hPa;8.0km;Variable;3.6km/h/1.0m/s;-;N/A;;MostlyCloudy;
2001/11/28;11:30;1.0;-2.0;81%;1017hPa;6.0km;Variable;3.6km/h/1.0m/s;-;N/A;;MostlyCloudy;
2001/11/28;12:00;0.0;-2.0;87%;1017hPa;8.0km;Variable;3.6km/h/1.0m/s;-;N/A;;MostlyCloudy;
2001/11/28;12:30;0.0;-3.0;80%;1017hPa;8.0km;Variable;3.6km/h/1.0m/s;-;N/A;;MostlyCloudy;
2001/11/28;13:00;0.0;-3.0;80%;1017hPa;10.0km;Variable;3.6km/h/1.0m/s;-;N/A;;MostlyCloudy;
2001/11/28;13:30;0.0;-3.0;80%;1016hPa;10.0km;Variable;3.6km/h/1.0m/s;-;N/A;;MostlyCloudy;
2001/11/28;14:00;0.0;-2.0;87%;1016hPa;10.0km;Variable;3.6km/h/1.0m/s;-;N/A;;MostlyCloudy;
2001/11/28;14:30;0.0;-2.0;87%;1016hPa;10.0km;Variable;3.6km/h/1.0m/s;-;N/A;;MostlyCloudy;
2001/11/28;15:00;0.0;-2.0;87%;1016hPa;10.0km;Variable;3.6km/h/1.0m/s;-;N/A;;MostlyCloudy;
2001/11/28;15:30;0.0;-2.0;87%;1016hPa;10.0km;Variable;3.6km/h/1.0m/s;-;N/A;;MostlyCloudy;
2001/11/28;16:00;-1.0;-2.0;93%;1017hPa;10.0km;ENE;7.2km/h/2.0m/s;-;N/A;;MostlyCloudy;
2001/11/28;16:30;-1.0;-2.0;93%;1017hPa;10.0km;ENE;10.8km/h/3.0m/s;-;N/A;;MostlyCloudy;
2001/11/28;17:00;-1.0;-2.0;93%;1017hPa;10.0km;NE;10.8km/h/3.0m/s;-;N/A;;Overcast;
2001/11/28;17:30;-1.0;-2.0;93%;1016hPa;10.0km;ENE;7.2km/h/2.0m/s;-;N/A;;MostlyCloudy;
2001/11/28;18:00;-1.0;-2.0;93%;1017hPa;10.0km;NE;3.6km/h/1.0m/s;-;N/A;;Overcast;
2001/11/28;18:30;-1.0;-2.0;93%;1016hPa;10.0km;ENE;3.6km/h/1.0m/s;-;N/A;;MostlyCloudy;
2001/11/28;19:00;-1.0;-2.0;93%;1016hPa;10.0km;NNE;10.8km/h/3.0m/s;-;N/A;;MostlyCloudy;
2001/11/28;19:30;-1.0;-2.0;93%;1016hPa;10.0km;NNE;10.8km/h/3.0m/s;-;N/A;;Overcast;
2001/11/28;20:00;-1.0;-2.0;93%;1016hPa;10.0km;Variable;7.2km/h/2.0m/s;-;N/A;;Overcast;
2001/11/28;20:30;-1.0;-2.0;93%;1016hPa;10.0km;Variable;3.6km/h/1.0m/s;-;N/A;;Overcast;
2001/11/28;21:00;-1.0;-2.0;93%;1017hPa;10.0km;Variable;7.2km/h/2.0m/s;-;N/A;;Overcast;
2001/11/28;21:30;-1.0;-2.0;93%;1017hPa;10.0km;North;10.8km/h/3.0m/s;-;N/A;;Overcast;
2001/11/28;22:00;-1.0;-2.0;93%;1017hPa;10.0km;North;10.8km/h/3.0m/s;-;N/A;;Overcast;
2001/11/28;22:30;-2.0;-3.0;93%;1017hPa;7.0km;North;18.0km/h/5.0m/s;-;N/A;;MostlyCloudy;
2001/11/28;23:00;-3.0;-3.0;100%;1017hPa;7.0km;North;14.4km/h/4.0m/s;-;N/A;;MostlyCloudy;
2001/11/28;23:30;-3.0;-4.0;93%;1017hPa;6.0km;North;18.0km/h/5.0m/s;-;N/A;;MostlyCloudy;
