2001/10/30;00:00;7.0;7.0;100%;1021hPa;0.5km;NNW;7.2km/h/2.0m/s;-;N/A;Fog;Fog;
2001/10/30;00:30;6.0;6.0;100%;1021hPa;0.3km;North;10.8km/h/3.0m/s;-;N/A;Fog;Fog;
2001/10/30;01:00;6.0;6.0;100%;1021hPa;1.1km;NNW;7.2km/h/2.0m/s;-;N/A;;Overcast;
2001/10/30;01:30;6.0;6.0;100%;1021hPa;0.4km;NNW;7.2km/h/2.0m/s;-;N/A;Fog;Fog;
2001/10/30;02:00;6.0;6.0;100%;1020hPa;0.6km;Variable;3.6km/h/1.0m/s;-;N/A;Fog;Fog;
2001/10/30;02:30;6.0;6.0;100%;1020hPa;0.2km;Calm;Calm;-;N/A;Fog;Fog;
2001/10/30;03:00;6.0;6.0;100%;1020hPa;0.1km;Variable;3.6km/h/1.0m/s;-;N/A;Fog;Fog;
2001/10/30;03:30;6.0;6.0;100%;1020hPa;0.4km;Variable;3.6km/h/1.0m/s;-;N/A;Fog;Fog;
2001/10/30;04:00;6.0;6.0;100%;1019hPa;0.4km;West;3.6km/h/1.0m/s;-;N/A;Fog;Fog;
2001/10/30;04:30;6.0;6.0;100%;1019hPa;0.4km;SW;7.2km/h/2.0m/s;-;N/A;Fog;Fog;
2001/10/30;05:00;6.0;6.0;100%;1019hPa;0.2km;SSE;7.2km/h/2.0m/s;-;N/A;Fog;Fog;
2001/10/30;05:30;6.0;6.0;100%;1019hPa;0.4km;Variable;3.6km/h/1.0m/s;-;N/A;Fog;Fog;
2001/10/30;06:00;6.0;6.0;100%;1019hPa;1.1km;SW;7.2km/h/2.0m/s;-;N/A;;Overcast;
2001/10/30;06:30;6.0;6.0;100%;1019hPa;0.7km;South;7.2km/h/2.0m/s;-;N/A;Fog;Fog;
2001/10/30;07:00;6.0;6.0;100%;1019hPa;1.1km;WSW;10.8km/h/3.0m/s;-;N/A;;Overcast;
2001/10/30;07:30;6.0;6.0;100%;1019hPa;1.3km;SW;7.2km/h/2.0m/s;-;N/A;;LightDrizzle;
2001/10/30;08:00;7.0;7.0;100%;1018hPa;1.4km;Variable;7.2km/h/2.0m/s;-;N/A;Rain;LightRain;
2001/10/30;08:30;7.0;7.0;100%;1018hPa;2.2km;Variable;3.6km/h/1.0m/s;-;N/A;Rain;LightRain;
2001/10/30;09:00;7.0;7.0;100%;1018hPa;1.8km;Variable;7.2km/h/2.0m/s;-;N/A;Rain;LightRain;
2001/10/30;09:30;7.0;7.0;100%;1018hPa;1.8km;Variable;7.2km/h/2.0m/s;-;N/A;;Overcast;
2001/10/30;10:00;8.0;8.0;100%;1018hPa;2.5km;Variable;7.2km/h/2.0m/s;-;N/A;;Overcast;
2001/10/30;10:30;8.0;8.0;100%;1018hPa;2.8km;Calm;Calm;-;N/A;;Overcast;
2001/10/30;11:00;9.0;9.0;100%;1017hPa;3.5km;SW;14.4km/h/4.0m/s;-;N/A;;Overcast;
2001/10/30;11:30;10.0;9.0;94%;1018hPa;4.5km;SSW;10.8km/h/3.0m/s;-;N/A;;Overcast;
2001/10/30;12:00;10.0;8.0;87%;1017hPa;5.0km;Variable;7.2km/h/2.0m/s;-;N/A;;Overcast;
2001/10/30;12:30;10.0;9.0;94%;1017hPa;4.5km;Variable;3.6km/h/1.0m/s;-;N/A;;Overcast;
2001/10/30;13:00;10.0;9.0;94%;1018hPa;5.0km;Variable;3.6km/h/1.0m/s;-;N/A;;MostlyCloudy;
2001/10/30;13:30;10.0;9.0;94%;1018hPa;5.0km;Calm;Calm;-;N/A;;MostlyCloudy;
2001/10/30;14:00;10.0;9.0;94%;1017hPa;5.0km;Variable;3.6km/h/1.0m/s;-;N/A;;MostlyCloudy;
2001/10/30;14:30;10.0;9.0;94%;1017hPa;5.0km;North;3.6km/h/1.0m/s;-;N/A;;MostlyCloudy;
2001/10/30;15:00;10.0;9.0;94%;1017hPa;5.0km;North;3.6km/h/1.0m/s;-;N/A;;MostlyCloudy;
2001/10/30;15:30;10.0;9.0;94%;1017hPa;4.5km;Variable;3.6km/h/1.0m/s;-;N/A;;Overcast;
2001/10/30;16:00;10.0;9.0;94%;1018hPa;4.5km;Calm;Calm;-;N/A;;Overcast;
2001/10/30;16:30;10.0;9.0;94%;1018hPa;5.0km;SSW;7.2km/h/2.0m/s;-;N/A;;Overcast;
2001/10/30;17:00;10.0;10.0;100%;1018hPa;8.0km;SW;7.2km/h/2.0m/s;-;N/A;;Overcast;
2001/10/30;17:30;11.0;9.0;88%;1018hPa;-;WSW;10.8km/h/3.0m/s;-;N/A;;Clear;
2001/10/30;18:00;10.0;9.0;94%;1019hPa;-;Variable;3.6km/h/1.0m/s;-;N/A;;Clear;
2001/10/30;18:30;10.0;10.0;100%;1019hPa;6.0km;Variable;7.2km/h/2.0m/s;-;N/A;;Overcast;
2001/10/30;19:00;10.0;10.0;100%;1019hPa;7.0km;ESE;3.6km/h/1.0m/s;-;N/A;;MostlyCloudy;
2001/10/30;19:30;10.0;9.0;94%;1020hPa;7.0km;Variable;3.6km/h/1.0m/s;-;N/A;;MostlyCloudy;
2001/10/30;20:00;10.0;9.0;94%;1020hPa;8.0km;Calm;Calm;-;N/A;;MostlyCloudy;
2001/10/30;20:30;10.0;9.0;94%;1020hPa;8.0km;Calm;Calm;-;N/A;;MostlyCloudy;
2001/10/30;21:00;9.0;9.0;100%;1020hPa;7.0km;Variable;7.2km/h/2.0m/s;-;N/A;;MostlyCloudy;
2001/10/30;21:30;9.0;8.0;93%;1020hPa;7.0km;WNW;3.6km/h/1.0m/s;-;N/A;;MostlyCloudy;
2001/10/30;22:00;8.0;8.0;100%;1021hPa;7.0km;Variable;7.2km/h/2.0m/s;-;N/A;;MostlyCloudy;
2001/10/30;22:30;8.0;8.0;100%;1021hPa;8.0km;WNW;3.6km/h/1.0m/s;-;N/A;;ScatteredClouds;
2001/10/30;23:00;7.0;6.0;93%;1021hPa;8.0km;SW;7.2km/h/2.0m/s;-;N/A;;Clear;
2001/10/30;23:30;7.0;6.0;93%;1021hPa;7.0km;Variable;3.6km/h/1.0m/s;-;N/A;;Clear;
