2001/1/4;00:00;0.0;0.0;100%;1013hPa;1.2km;West;3.6km/h/1.0m/s;-;N/A;Rain;LightRain;
2001/1/4;00:30;0.0;0.0;100%;1013hPa;1.8km;Variable;7.2km/h/2.0m/s;-;N/A;Rain;LightRain;
2001/1/4;01:00;0.0;0.0;100%;1013hPa;1.8km;WSW;3.6km/h/1.0m/s;-;N/A;;Overcast;
2001/1/4;01:30;1.0;1.0;100%;1014hPa;1.8km;Variable;3.6km/h/1.0m/s;-;N/A;;Overcast;
2001/1/4;02:00;0.0;0.0;100%;1014hPa;1.2km;SE;3.6km/h/1.0m/s;-;N/A;;Overcast;
2001/1/4;02:30;0.0;0.0;100%;1014hPa;0.2km;SE;3.6km/h/1.0m/s;-;N/A;Fog;Fog;
2001/1/4;03:00;0.0;0.0;100%;1014hPa;0.2km;Calm;Calm;-;N/A;Fog;Fog;
2001/1/4;03:30;0.0;0.0;100%;1014hPa;0.2km;Variable;3.6km/h/1.0m/s;-;N/A;Fog;Fog;
2001/1/4;04:00;0.0;0.0;100%;1014hPa;0.3km;SSW;3.6km/h/1.0m/s;-;N/A;Fog;Fog;
2001/1/4;04:30;0.0;0.0;100%;1014hPa;0.4km;SSW;3.6km/h/1.0m/s;-;N/A;Fog;Fog;
2001/1/4;05:00;0.0;0.0;100%;1014hPa;0.2km;WSW;3.6km/h/1.0m/s;-;N/A;Fog;Fog;
2001/1/4;06:00;0.0;0.0;100%;1015hPa;0.4km;Variable;3.6km/h/1.0m/s;-;N/A;Fog;Fog;
2001/1/4;06:30;0.0;0.0;100%;1015hPa;0.4km;Calm;Calm;-;N/A;Fog;Fog;
2001/1/4;07:00;0.0;0.0;100%;1015hPa;0.6km;SSW;7.2km/h/2.0m/s;-;N/A;Fog;Fog;
2001/1/4;07:30;0.0;0.0;100%;1015hPa;1.2km;SW;10.8km/h/3.0m/s;-;N/A;;Overcast;
2001/1/4;08:00;0.0;0.0;100%;1016hPa;1.0km;WSW;7.2km/h/2.0m/s;-;N/A;Fog;PatchesofFog;
2001/1/4;08:30;0.0;0.0;100%;1016hPa;0.6km;Variable;3.6km/h/1.0m/s;-;N/A;Fog;Fog;
2001/1/4;09:00;0.0;0.0;100%;1016hPa;0.8km;South;3.6km/h/1.0m/s;-;N/A;Fog;Fog;
2001/1/4;09:30;0.0;0.0;100%;1016hPa;0.7km;South;7.2km/h/2.0m/s;-;N/A;Fog;Fog;
2001/1/4;10:00;0.0;0.0;100%;1016hPa;2.5km;Variable;7.2km/h/2.0m/s;-;N/A;;Overcast;
2001/1/4;10:30;1.0;1.0;100%;1016hPa;2.8km;WSW;3.6km/h/1.0m/s;-;N/A;;Overcast;
2001/1/4;11:00;1.0;1.0;100%;1016hPa;3.0km;Variable;3.6km/h/1.0m/s;-;N/A;;Overcast;
2001/1/4;11:30;1.0;1.0;100%;1016hPa;-;Variable;3.6km/h/1.0m/s;-;N/A;;Overcast;
2001/1/4;12:00;1.0;1.0;100%;1016hPa;2.8km;South;7.2km/h/2.0m/s;-;N/A;;Overcast;
2001/1/4;12:30;1.0;1.0;100%;1015hPa;2.5km;Variable;7.2km/h/2.0m/s;-;N/A;;Overcast;
2001/1/4;13:00;1.0;1.0;100%;1015hPa;2.5km;Variable;3.6km/h/1.0m/s;-;N/A;;Overcast;
2001/1/4;13:30;1.0;1.0;100%;1015hPa;-;WSW;7.2km/h/2.0m/s;-;N/A;;Overcast;
2001/1/4;14:00;1.0;1.0;100%;1015hPa;-;Variable;7.2km/h/2.0m/s;-;N/A;;Overcast;
2001/1/4;14:30;1.0;1.0;100%;1015hPa;2.5km;Variable;3.6km/h/1.0m/s;-;N/A;;Overcast;
2001/1/4;15:00;1.0;1.0;100%;1014hPa;1.5km;Variable;3.6km/h/1.0m/s;-;N/A;;Overcast;
2001/1/4;15:30;1.0;1.0;100%;1015hPa;1.1km;NW;3.6km/h/1.0m/s;-;N/A;;Overcast;
2001/1/4;16:00;1.0;1.0;100%;1015hPa;0.7km;WSW;7.2km/h/2.0m/s;-;N/A;Fog;Fog;
2001/1/4;16:30;1.0;1.0;100%;1015hPa;0.6km;Variable;3.6km/h/1.0m/s;-;N/A;Fog,Snow;LightSnowGrains;
2001/1/4;17:00;1.0;1.0;100%;1015hPa;0.5km;Variable;3.6km/h/1.0m/s;-;N/A;Fog,Snow;LightSnowGrains;
2001/1/4;17:30;1.0;1.0;100%;1015hPa;0.5km;Variable;7.2km/h/2.0m/s;-;N/A;Fog;LightDrizzle;
2001/1/4;18:00;0.0;0.0;100%;1015hPa;2.5km;WSW;7.2km/h/2.0m/s;-;N/A;;LightDrizzle;
2001/1/4;18:30;0.0;0.0;100%;1015hPa;1.0km;Variable;7.2km/h/2.0m/s;-;N/A;;LightDrizzle;
2001/1/4;19:00;0.0;0.0;100%;1015hPa;2.2km;SSW;10.8km/h/3.0m/s;-;N/A;;LightDrizzle;
2001/1/4;19:30;0.0;0.0;100%;1015hPa;2.2km;SW;3.6km/h/1.0m/s;-;N/A;;LightDrizzle;
2001/1/4;20:00;0.0;0.0;100%;1015hPa;0.8km;Variable;3.6km/h/1.0m/s;-;N/A;Fog;Fog;
2001/1/4;20:30;0.0;0.0;100%;1015hPa;0.8km;SW;7.2km/h/2.0m/s;-;N/A;Fog;Fog;
2001/1/4;21:00;0.0;0.0;100%;1015hPa;0.8km;WSW;3.6km/h/1.0m/s;-;N/A;Fog;Fog;
2001/1/4;21:30;0.0;0.0;100%;1015hPa;2.4km;Variable;3.6km/h/1.0m/s;-;N/A;;Overcast;
2001/1/4;22:00;0.0;0.0;100%;1015hPa;0.9km;Variable;3.6km/h/1.0m/s;-;N/A;Fog;Fog;
2001/1/4;22:30;0.0;0.0;100%;1015hPa;3.0km;West;3.6km/h/1.0m/s;-;N/A;;Overcast;
2001/1/4;23:00;0.0;0.0;100%;1015hPa;4.0km;Calm;Calm;-;N/A;;Overcast;
2001/1/4;23:30;0.0;0.0;100%;1015hPa;4.0km;Calm;Calm;-;N/A;;Overcast;
