2001/1/2;00:00;-5.0;-5.0;100%;1019hPa;1.2km;South;14.4km/h/4.0m/s;-;N/A;Snow;LightSnowGrains;
2001/1/2;00:30;-5.0;-5.0;100%;1019hPa;2.5km;South;14.4km/h/4.0m/s;-;N/A;Snow;LightSnowGrains;
2001/1/2;01:00;-4.0;-5.0;93%;1019hPa;3.0km;SSW;14.4km/h/4.0m/s;-;N/A;;Overcast;
2001/1/2;01:30;-4.0;-5.0;93%;1018hPa;3.5km;South;18.0km/h/5.0m/s;-;N/A;;Overcast;
2001/1/2;02:00;-4.0;-5.0;93%;1019hPa;-;South;18.0km/h/5.0m/s;-;N/A;;Overcast;
2001/1/2;02:30;-4.0;-5.0;93%;1018hPa;3.5km;South;14.4km/h/4.0m/s;-;N/A;;Overcast;
2001/1/2;03:00;-4.0;-5.0;93%;1018hPa;-;South;14.4km/h/4.0m/s;-;N/A;;Overcast;
2001/1/2;03:30;-4.0;-5.0;93%;1018hPa;-;South;18.0km/h/5.0m/s;-;N/A;;Overcast;
2001/1/2;04:00;-4.0;-4.0;100%;1018hPa;3.5km;SSW;18.0km/h/5.0m/s;-;N/A;;Overcast;
2001/1/2;04:30;-4.0;-4.0;100%;1018hPa;3.5km;South;14.4km/h/4.0m/s;-;N/A;;Overcast;
2001/1/2;05:00;-4.0;-4.0;100%;1017hPa;3.5km;South;14.4km/h/4.0m/s;-;N/A;;Overcast;
2001/1/2;05:30;-4.0;-5.0;93%;1017hPa;3.5km;South;14.4km/h/4.0m/s;-;N/A;;Overcast;
2001/1/2;06:00;-4.0;-4.0;100%;1017hPa;2.5km;SSW;14.4km/h/4.0m/s;-;N/A;Snow;LightSnowGrains;
2001/1/2;06:30;-4.0;-4.0;100%;1017hPa;2.0km;South;14.4km/h/4.0m/s;-;N/A;Snow;LightSnowGrains;
2001/1/2;07:00;-4.0;-4.0;100%;1017hPa;1.2km;SSW;14.4km/h/4.0m/s;-;N/A;Snow;LightSnowGrains;
2001/1/2;07:30;-4.0;-4.0;100%;1018hPa;1.0km;SW;10.8km/h/3.0m/s;-;N/A;;Overcast;
2001/1/2;08:00;-4.0;-4.0;100%;1017hPa;0.6km;Variable;7.2km/h/2.0m/s;-;N/A;Fog;LightIceCrystals;
2001/1/2;08:30;-4.0;-4.0;100%;1017hPa;1.1km;SSW;7.2km/h/2.0m/s;-;N/A;Snow;LightSnow;
2001/1/2;09:00;-3.0;-4.0;93%;1017hPa;2.5km;South;10.8km/h/3.0m/s;-;N/A;Snow;LightSnow;
2001/1/2;09:30;-3.0;-4.0;93%;1017hPa;2.3km;WSW;10.8km/h/3.0m/s;-;N/A;Snow;LightSnow;
2001/1/2;10:00;-3.0;-4.0;93%;1017hPa;3.0km;Variable;7.2km/h/2.0m/s;-;N/A;;MostlyCloudy;
2001/1/2;10:30;-3.0;-4.0;93%;1017hPa;3.0km;Variable;7.2km/h/2.0m/s;-;N/A;;MostlyCloudy;
2001/1/2;11:00;-3.0;-4.0;93%;1017hPa;3.0km;West;7.2km/h/2.0m/s;-;N/A;;LightIceCrystals;
2001/1/2;11:30;-3.0;-4.0;93%;1016hPa;3.5km;WSW;14.4km/h/4.0m/s;-;N/A;;Overcast;
2001/1/2;12:00;-3.0;-4.0;93%;1016hPa;-;WSW;10.8km/h/3.0m/s;-;N/A;;Overcast;
2001/1/2;12:30;-2.0;-3.0;93%;1016hPa;3.0km;WSW;10.8km/h/3.0m/s;-;N/A;;Overcast;
2001/1/2;13:00;-2.0;-3.0;93%;1016hPa;3.0km;West;7.2km/h/2.0m/s;-;N/A;;Overcast;
2001/1/2;13:30;-2.0;-3.0;93%;1015hPa;3.0km;Variable;3.6km/h/1.0m/s;-;N/A;;Overcast;
2001/1/2;14:00;-2.0;-3.0;93%;1015hPa;3.0km;Variable;3.6km/h/1.0m/s;-;N/A;;Overcast;
2001/1/2;14:30;-2.0;-3.0;93%;1015hPa;3.0km;Variable;3.6km/h/1.0m/s;-;N/A;;Overcast;
2001/1/2;15:00;-2.0;-3.0;93%;1015hPa;3.0km;Variable;3.6km/h/1.0m/s;-;N/A;;Overcast;
2001/1/2;15:30;-2.0;-3.0;93%;1014hPa;2.8km;Variable;3.6km/h/1.0m/s;-;N/A;;Overcast;
2001/1/2;16:00;-2.0;-3.0;93%;1014hPa;3.0km;Calm;Calm;-;N/A;;MostlyCloudy;
2001/1/2;16:30;-2.0;-3.0;93%;1013hPa;3.0km;Calm;Calm;-;N/A;;MostlyCloudy;
2001/1/2;17:00;-2.0;-2.0;100%;1013hPa;3.5km;West;3.6km/h/1.0m/s;-;N/A;;MostlyCloudy;
2001/1/2;17:30;-1.0;-2.0;93%;1013hPa;4.0km;Variable;7.2km/h/2.0m/s;-;N/A;;MostlyCloudy;
2001/1/2;18:00;-1.0;-2.0;93%;1013hPa;3.5km;SW;10.8km/h/3.0m/s;-;N/A;;Overcast;
2001/1/2;18:30;-1.0;-2.0;93%;1013hPa;5.0km;Variable;7.2km/h/2.0m/s;-;N/A;;Overcast;
2001/1/2;19:00;-1.0;-2.0;93%;1013hPa;8.0km;South;3.6km/h/1.0m/s;-;N/A;;Overcast;
2001/1/2;19:30;-1.0;-2.0;93%;1013hPa;10.0km;Variable;3.6km/h/1.0m/s;-;N/A;;Overcast;
2001/1/2;20:00;-1.0;-2.0;93%;1013hPa;10.0km;Variable;7.2km/h/2.0m/s;-;N/A;;Overcast;
2001/1/2;20:30;-1.0;-2.0;93%;1013hPa;10.0km;SW;7.2km/h/2.0m/s;-;N/A;;Overcast;
2001/1/2;21:00;-1.0;-2.0;93%;1013hPa;10.0km;SW;7.2km/h/2.0m/s;-;N/A;;Overcast;
2001/1/2;21:30;-1.0;-2.0;93%;1012hPa;8.0km;West;10.8km/h/3.0m/s;-;N/A;;Overcast;
2001/1/2;22:00;-1.0;-2.0;93%;1012hPa;8.0km;WSW;10.8km/h/3.0m/s;-;N/A;;LightIceCrystals;
2001/1/2;22:30;0.0;-2.0;87%;1012hPa;7.0km;SW;10.8km/h/3.0m/s;-;N/A;;Overcast;
2001/1/2;23:00;-1.0;-2.0;93%;1013hPa;-;WSW;10.8km/h/3.0m/s;-;N/A;Snow;LightSnowGrains;
2001/1/2;23:30;-1.0;-2.0;93%;1013hPa;4.0km;SW;7.2km/h/2.0m/s;-;N/A;Snow;LightSnowGrains;
