2001/3/1;00:00;-2.0;-7.0;69%;1007hPa;-;Calm;Calm;-;N/A;;Clear;
2001/3/1;00:30;-2.0;-8.0;64%;1007hPa;-;Variable;3.6km/h/1.0m/s;-;N/A;;Clear;
2001/3/1;01:00;-2.0;-6.0;74%;1006hPa;-;North;7.2km/h/2.0m/s;-;N/A;;Clear;
2001/3/1;01:30;-2.0;-7.0;69%;1006hPa;-;North;10.8km/h/3.0m/s;-;N/A;;Clear;
2001/3/1;02:00;-1.0;-7.0;64%;1006hPa;-;North;10.8km/h/3.0m/s;-;N/A;;Clear;
2001/3/1;02:30;-1.0;-7.0;64%;1005hPa;-;Variable;3.6km/h/1.0m/s;-;N/A;;Clear;
2001/3/1;03:00;0.0;-7.0;60%;1005hPa;10.0km;Variable;7.2km/h/2.0m/s;-;N/A;;Overcast;
2001/3/1;03:30;-1.0;-6.0;69%;1004hPa;10.0km;Variable;3.6km/h/1.0m/s;-;N/A;;Overcast;
2001/3/1;04:00;0.0;-6.0;64%;1004hPa;10.0km;North;10.8km/h/3.0m/s;-;N/A;;Overcast;
2001/3/1;04:30;0.0;-6.0;64%;1004hPa;10.0km;North;7.2km/h/2.0m/s;-;N/A;;Overcast;
2001/3/1;05:00;-1.0;-5.0;75%;1003hPa;10.0km;North;10.8km/h/3.0m/s;-;N/A;;Overcast;
2001/3/1;05:30;0.0;-6.0;64%;1003hPa;10.0km;Variable;7.2km/h/2.0m/s;-;N/A;;Overcast;
2001/3/1;06:00;0.0;-5.0;69%;1003hPa;10.0km;North;7.2km/h/2.0m/s;-;N/A;;Overcast;
2001/3/1;06:30;0.0;-5.0;69%;1003hPa;10.0km;Variable;7.2km/h/2.0m/s;-;N/A;;Overcast;
2001/3/1;07:00;0.0;-4.0;75%;1003hPa;10.0km;Variable;3.6km/h/1.0m/s;-;N/A;Snow;LightSnow;
2001/3/1;07:30;0.0;-3.0;80%;1003hPa;3.0km;Variable;3.6km/h/1.0m/s;-;N/A;Snow;Snow;
2001/3/1;08:00;0.0;-1.0;93%;1003hPa;1.4km;SSW;7.2km/h/2.0m/s;-;N/A;Snow;Snow;
2001/3/1;08:30;0.0;-1.0;93%;1002hPa;1.7km;Variable;7.2km/h/2.0m/s;-;N/A;Snow;LightSnow;
2001/3/1;09:00;0.0;0.0;100%;1002hPa;1.7km;South;10.8km/h/3.0m/s;-;N/A;Snow;Snow;
2001/3/1;09:30;1.0;0.0;93%;1002hPa;3.5km;South;10.8km/h/3.0m/s;-;N/A;Snow;LightSnow;
2001/3/1;10:00;1.0;0.0;93%;1002hPa;5.0km;South;14.4km/h/4.0m/s;-;N/A;Snow;LightSnow;
2001/3/1;10:30;1.0;1.0;100%;1002hPa;6.0km;South;10.8km/h/3.0m/s;-;N/A;Snow;LightSnow;
2001/3/1;11:00;2.0;1.0;93%;1001hPa;6.0km;South;10.8km/h/3.0m/s;-;N/A;Rain,Snow;LightRain;
2001/3/1;11:30;2.0;1.0;93%;1001hPa;6.0km;South;14.4km/h/4.0m/s;-;N/A;Rain;LightRain;
2001/3/1;12:00;2.0;2.0;100%;1001hPa;7.0km;South;10.8km/h/3.0m/s;-;N/A;;LightDrizzle;
2001/3/1;12:30;2.0;1.0;93%;1000hPa;8.0km;South;10.8km/h/3.0m/s;-;N/A;;LightDrizzle;
2001/3/1;13:00;2.0;1.0;93%;1000hPa;8.0km;South;10.8km/h/3.0m/s;-;N/A;;LightDrizzle;
2001/3/1;13:30;3.0;2.0;93%;1000hPa;6.0km;South;10.8km/h/3.0m/s;-;N/A;Rain;LightRain;
2001/3/1;14:00;3.0;2.0;93%;1000hPa;5.0km;South;10.8km/h/3.0m/s;-;N/A;Rain;LightRain;
2001/3/1;14:30;3.0;2.0;93%;1000hPa;5.0km;South;10.8km/h/3.0m/s;-;N/A;Rain;LightRain;
2001/3/1;15:00;3.0;2.0;93%;999hPa;5.0km;South;10.8km/h/3.0m/s;-;N/A;Rain;LightRain;
2001/3/1;15:30;3.0;2.0;93%;999hPa;5.0km;South;10.8km/h/3.0m/s;-;N/A;Rain;LightRain;
2001/3/1;16:00;2.0;2.0;100%;999hPa;5.0km;South;10.8km/h/3.0m/s;-;N/A;Rain;LightRain;
2001/3/1;16:30;2.0;2.0;100%;999hPa;5.0km;South;10.8km/h/3.0m/s;-;N/A;Rain;LightRain;
2001/3/1;17:00;2.0;1.0;93%;999hPa;5.0km;SSW;14.4km/h/4.0m/s;-;N/A;Rain;LightRain;
2001/3/1;17:30;2.0;1.0;93%;999hPa;5.0km;SSW;14.4km/h/4.0m/s;-;N/A;Rain;LightRain;
2001/3/1;18:00;1.0;1.0;100%;999hPa;4.0km;SW;10.8km/h/3.0m/s;-;N/A;Rain,Snow;LightRain;
2001/3/1;18:30;1.0;0.0;93%;999hPa;4.0km;SW;7.2km/h/2.0m/s;-;N/A;Rain,Snow;LightRain;
2001/3/1;19:00;0.0;0.0;100%;999hPa;2.0km;SSW;7.2km/h/2.0m/s;-;N/A;Rain,Snow;LightRain;
2001/3/1;19:30;0.0;0.0;100%;999hPa;1.8km;SW;3.6km/h/1.0m/s;-;N/A;Rain,Snow;LightRain;
2001/3/1;20:00;0.0;0.0;100%;999hPa;1.5km;SW;7.2km/h/2.0m/s;-;N/A;Snow;LightSnow;
2001/3/1;20:30;0.0;0.0;100%;1000hPa;2.3km;WSW;10.8km/h/3.0m/s;-;N/A;Snow;LightSnow;
2001/3/1;21:00;1.0;1.0;100%;1000hPa;4.0km;SW;7.2km/h/2.0m/s;-;N/A;Snow;LightSnow;
2001/3/1;21:30;1.0;0.0;93%;1000hPa;5.0km;WSW;10.8km/h/3.0m/s;-;N/A;Snow;LightSnow;
2001/3/1;22:00;1.0;0.0;93%;1000hPa;5.0km;SW;14.4km/h/4.0m/s;-;N/A;;Overcast;
2001/3/1;22:30;0.0;0.0;100%;1000hPa;4.0km;SW;10.8km/h/3.0m/s;-;N/A;;Overcast;
2001/3/1;23:00;0.0;0.0;100%;1000hPa;1.5km;SSW;7.2km/h/2.0m/s;-;N/A;;Overcast;
2001/3/1;23:30;0.0;0.0;100%;1000hPa;1.5km;Variable;7.2km/h/2.0m/s;-;N/A;;Overcast;
