2001/3/4;00:00;2.0;2.0;100%;1000hPa;8.0km;NNW;3.6km/h/1.0m/s;-;N/A;;Overcast;
2001/3/4;00:30;2.0;1.0;93%;1000hPa;8.0km;NNW;7.2km/h/2.0m/s;-;N/A;;Overcast;
2001/3/4;01:00;2.0;1.0;93%;1000hPa;5.0km;North;7.2km/h/2.0m/s;-;N/A;;Overcast;
2001/3/4;01:30;2.0;1.0;93%;1001hPa;4.5km;Variable;3.6km/h/1.0m/s;-;N/A;;Overcast;
2001/3/4;02:00;2.0;2.0;100%;1001hPa;4.0km;West;3.6km/h/1.0m/s;-;N/A;;Overcast;
2001/3/4;02:30;2.0;1.0;93%;1001hPa;5.0km;Variable;3.6km/h/1.0m/s;-;N/A;;Overcast;
2001/3/4;03:00;2.0;1.0;93%;1001hPa;5.0km;Variable;3.6km/h/1.0m/s;-;N/A;;Overcast;
2001/3/4;03:30;2.0;1.0;93%;1001hPa;6.0km;North;7.2km/h/2.0m/s;-;N/A;;Overcast;
2001/3/4;04:00;1.0;1.0;100%;1002hPa;6.0km;SE;3.6km/h/1.0m/s;-;N/A;;Overcast;
2001/3/4;04:30;1.0;1.0;100%;1002hPa;2.9km;SE;3.6km/h/1.0m/s;-;N/A;;Overcast;
2001/3/4;05:00;1.0;1.0;100%;1002hPa;2.0km;WSW;3.6km/h/1.0m/s;-;N/A;;Overcast;
2001/3/4;05:30;2.0;1.0;93%;1002hPa;1.8km;WSW;3.6km/h/1.0m/s;-;N/A;;Overcast;
2001/3/4;06:00;2.0;2.0;100%;1002hPa;2.3km;WNW;3.6km/h/1.0m/s;-;N/A;;Overcast;
2001/3/4;06:30;2.0;2.0;100%;1002hPa;3.0km;WNW;7.2km/h/2.0m/s;-;N/A;;Overcast;
2001/3/4;07:00;2.0;2.0;100%;1002hPa;3.0km;North;3.6km/h/1.0m/s;-;N/A;;Overcast;
2001/3/4;07:30;2.0;2.0;100%;1002hPa;1.5km;North;10.8km/h/3.0m/s;-;N/A;Rain;LightRain;
2001/3/4;08:00;2.0;2.0;100%;1002hPa;2.1km;North;7.2km/h/2.0m/s;-;N/A;Rain;LightRain;
2001/3/4;08:30;2.0;2.0;100%;1002hPa;2.1km;Variable;3.6km/h/1.0m/s;-;N/A;Fog;Overcast;
2001/3/4;09:00;3.0;3.0;100%;1001hPa;2.3km;Variable;3.6km/h/1.0m/s;-;N/A;Fog;LightDrizzle;
2001/3/4;09:30;3.0;3.0;100%;1001hPa;0.9km;West;3.6km/h/1.0m/s;-;N/A;Fog;LightDrizzle;
2001/3/4;10:00;3.0;3.0;100%;1001hPa;0.7km;Variable;3.6km/h/1.0m/s;-;N/A;Fog;LightDrizzle;
2001/3/4;10:30;3.0;3.0;100%;1001hPa;0.5km;Variable;3.6km/h/1.0m/s;-;N/A;Fog;LightDrizzle;
2001/3/4;11:00;4.0;4.0;100%;1001hPa;0.3km;Calm;Calm;-;N/A;Fog;LightDrizzle;
2001/3/4;11:30;5.0;5.0;100%;1001hPa;0.2km;Variable;3.6km/h/1.0m/s;-;N/A;Fog;LightDrizzle;
2001/3/4;12:00;5.0;5.0;100%;1001hPa;0.2km;Calm;Calm;-;N/A;Fog;Fog;
2001/3/4;12:30;5.0;5.0;100%;1000hPa;0.1km;Variable;3.6km/h/1.0m/s;-;N/A;Fog,Rain;LightRain;
2001/3/4;13:00;5.0;5.0;100%;1000hPa;0.3km;Variable;7.2km/h/2.0m/s;-;N/A;Fog,Rain;LightRain;
2001/3/4;13:30;6.0;6.0;100%;1000hPa;0.8km;Variable;3.6km/h/1.0m/s;-;N/A;Fog;Fog;
2001/3/4;14:00;6.0;6.0;100%;1000hPa;1.2km;WNW;3.6km/h/1.0m/s;-;N/A;;Overcast;
2001/3/4;14:30;7.0;7.0;100%;999hPa;2.3km;WNW;3.6km/h/1.0m/s;-;N/A;;Overcast;
2001/3/4;15:00;7.0;7.0;100%;999hPa;1.8km;Variable;3.6km/h/1.0m/s;-;N/A;;Overcast;
2001/3/4;15:30;7.0;7.0;100%;999hPa;0.4km;Variable;3.6km/h/1.0m/s;-;N/A;Fog,Rain;RainShowers;
2001/3/4;16:00;6.0;6.0;100%;999hPa;0.8km;Variable;7.2km/h/2.0m/s;-;N/A;Fog,Rain;LightRainShowers;
2001/3/4;16:30;8.0;8.0;100%;999hPa;7.0km;SW;10.8km/h/3.0m/s;-;N/A;;MostlyCloudy;
2001/3/4;17:00;9.0;8.0;93%;999hPa;6.0km;WSW;14.4km/h/4.0m/s;-;N/A;;MostlyCloudy;
2001/3/4;17:30;7.0;7.0;100%;1000hPa;1.8km;Variable;7.2km/h/2.0m/s;-;N/A;Rain;LightRain;
2001/3/4;18:00;7.0;7.0;100%;1000hPa;0.6km;Variable;7.2km/h/2.0m/s;-;N/A;Fog,Rain;LightRain;
2001/3/4;18:30;8.0;8.0;100%;1001hPa;1.0km;SE;14.4km/h/4.0m/s;-;N/A;Fog,Rain;LightRainShowers;
2001/3/4;19:00;6.0;6.0;100%;1001hPa;0.5km;South;7.2km/h/2.0m/s;-;N/A;Fog;Fog;
2001/3/4;19:30;6.0;6.0;100%;1001hPa;0.7km;Variable;3.6km/h/1.0m/s;-;N/A;Fog;Fog;
2001/3/4;20:00;6.0;6.0;100%;1002hPa;1.4km;Variable;7.2km/h/2.0m/s;-;N/A;;MostlyCloudy;
2001/3/4;20:30;6.0;6.0;100%;1002hPa;8.0km;SW;10.8km/h/3.0m/s;-;N/A;;PartlyCloudy;
2001/3/4;21:00;7.0;7.0;100%;1003hPa;8.0km;WSW;10.8km/h/3.0m/s;-;N/A;;MostlyCloudy;
2001/3/4;21:30;7.0;6.0;93%;1003hPa;8.0km;West;10.8km/h/3.0m/s;-;N/A;;MostlyCloudy;
2001/3/4;22:00;6.0;6.0;100%;1003hPa;6.0km;Variable;7.2km/h/2.0m/s;-;N/A;;Overcast;
2001/3/4;22:30;6.0;6.0;100%;1003hPa;-;WSW;10.8km/h/3.0m/s;-;N/A;;Overcast;
2001/3/4;23:00;6.0;6.0;100%;1003hPa;-;Variable;3.6km/h/1.0m/s;-;N/A;;Overcast;
2001/3/4;23:30;6.0;5.0;93%;1004hPa;2.5km;Variable;7.2km/h/2.0m/s;-;N/A;;Overcast;
