2001/11/24;00:00;-3.0;-6.0;80%;1008hPa;10.0km;Variable;3.6km/h/1.0m/s;-;N/A;;ScatteredClouds;
2001/11/24;00:30;-4.0;-6.0;86%;1008hPa;10.0km;Variable;3.6km/h/1.0m/s;-;N/A;;ScatteredClouds;
2001/11/24;01:00;-4.0;-6.0;86%;1008hPa;10.0km;Variable;3.6km/h/1.0m/s;-;N/A;;ScatteredClouds;
2001/11/24;01:30;-3.0;-5.0;86%;1008hPa;10.0km;Calm;Calm;-;N/A;;MostlyCloudy;
2001/11/24;02:00;-3.0;-5.0;86%;1008hPa;10.0km;Variable;3.6km/h/1.0m/s;-;N/A;;Overcast;
2001/11/24;02:30;-3.0;-5.0;86%;1008hPa;10.0km;Calm;Calm;-;N/A;;Overcast;
2001/11/24;03:00;-3.0;-4.0;93%;1008hPa;10.0km;Calm;Calm;-;N/A;Snow;LightSnow;
2001/11/24;03:30;-3.0;-4.0;93%;1008hPa;10.0km;Calm;Calm;-;N/A;Snow;LightSnow;
2001/11/24;04:00;-3.0;-4.0;93%;1008hPa;10.0km;Variable;3.6km/h/1.0m/s;-;N/A;Snow;LightSnow;
2001/11/24;04:30;-3.0;-4.0;93%;1008hPa;10.0km;South;3.6km/h/1.0m/s;-;N/A;Snow;LightSnow;
2001/11/24;05:00;-3.0;-4.0;93%;1008hPa;10.0km;Calm;Calm;-;N/A;;Overcast;
2001/11/24;05:30;-3.0;-4.0;93%;1008hPa;-;NW;3.6km/h/1.0m/s;-;N/A;;Clear;
2001/11/24;06:00;-3.0;-4.0;93%;1008hPa;10.0km;Variable;3.6km/h/1.0m/s;-;N/A;;Overcast;
2001/11/24;06:30;-3.0;-4.0;93%;1009hPa;10.0km;Calm;Calm;-;N/A;;MostlyCloudy;
2001/11/24;07:00;-3.0;-4.0;93%;1009hPa;10.0km;SW;3.6km/h/1.0m/s;-;N/A;;ScatteredClouds;
2001/11/24;07:30;-2.0;-4.0;86%;1009hPa;10.0km;Variable;7.2km/h/2.0m/s;-;N/A;;MostlyCloudy;
2001/11/24;08:00;-2.0;-3.0;93%;1009hPa;10.0km;Variable;3.6km/h/1.0m/s;-;N/A;;MostlyCloudy;
2001/11/24;08:30;-2.0;-3.0;93%;1009hPa;10.0km;Variable;3.6km/h/1.0m/s;-;N/A;;MostlyCloudy;
2001/11/24;09:00;-2.0;-3.0;93%;1009hPa;10.0km;Variable;3.6km/h/1.0m/s;-;N/A;;ScatteredClouds;
2001/11/24;09:30;-1.0;-3.0;86%;1009hPa;10.0km;Variable;3.6km/h/1.0m/s;-;N/A;;MostlyCloudy;
2001/11/24;10:00;1.0;-3.0;75%;1010hPa;10.0km;NNW;18.0km/h/5.0m/s;-;N/A;;MostlyCloudy;
2001/11/24;10:30;2.0;-3.0;70%;1009hPa;10.0km;NNW;14.4km/h/4.0m/s;-;N/A;;MostlyCloudy;
2001/11/24;11:00;3.0;-3.0;65%;1009hPa;10.0km;NNW;10.8km/h/3.0m/s;-;N/A;;ScatteredClouds;
2001/11/24;11:30;3.0;-3.0;65%;1009hPa;10.0km;Variable;7.2km/h/2.0m/s;-;N/A;Snow;LightSnowShowers;
2001/11/24;12:00;4.0;-2.0;65%;1009hPa;10.0km;West;7.2km/h/2.0m/s;-;N/A;;ScatteredClouds;
2001/11/24;12:30;3.0;-2.0;70%;1009hPa;10.0km;Variable;7.2km/h/2.0m/s;-;N/A;;ScatteredClouds;
2001/11/24;13:00;3.0;-2.0;70%;1009hPa;10.0km;Variable;7.2km/h/2.0m/s;-;N/A;;MostlyCloudy;
2001/11/24;13:30;3.0;-3.0;65%;1009hPa;10.0km;West;10.8km/h/3.0m/s;-;N/A;;ScatteredClouds;
2001/11/24;14:00;3.0;-3.0;65%;1009hPa;10.0km;Variable;7.2km/h/2.0m/s;-;N/A;;ScatteredClouds;
2001/11/24;14:30;3.0;-3.0;65%;1009hPa;10.0km;Variable;7.2km/h/2.0m/s;-;N/A;;ScatteredClouds;
2001/11/24;15:00;2.0;-3.0;70%;1009hPa;10.0km;NNW;10.8km/h/3.0m/s;-;N/A;;MostlyCloudy;
2001/11/24;15:30;2.0;-3.0;70%;1009hPa;10.0km;NNW;10.8km/h/3.0m/s;-;N/A;;MostlyCloudy;
2001/11/24;16:00;2.0;-4.0;65%;1009hPa;10.0km;NNW;18.0km/h/5.0m/s;-;N/A;;Overcast;
2001/11/24;16:30;2.0;-4.0;65%;1009hPa;10.0km;North;18.0km/h/5.0m/s;-;N/A;;MostlyCloudy;
2001/11/24;17:00;2.0;-4.0;65%;1010hPa;-;North;18.0km/h/5.0m/s;-;N/A;;Clear;
2001/11/24;17:30;1.0;-4.0;70%;1010hPa;10.0km;Variable;7.2km/h/2.0m/s;-;N/A;;MostlyCloudy;
2001/11/24;18:00;2.0;-4.0;65%;1010hPa;10.0km;NNW;14.4km/h/4.0m/s;-;N/A;;ScatteredClouds;
2001/11/24;18:30;1.0;-3.0;75%;1010hPa;10.0km;NW;10.8km/h/3.0m/s;-;N/A;;ScatteredClouds;
2001/11/24;19:00;1.0;-3.0;75%;1010hPa;10.0km;NW;14.4km/h/4.0m/s;-;N/A;;ScatteredClouds;
2001/11/24;19:30;1.0;-2.0;81%;1010hPa;10.0km;NNW;10.8km/h/3.0m/s;-;N/A;Snow;LightSnow;
2001/11/24;20:00;1.0;-2.0;81%;1010hPa;4.0km;NNW;7.2km/h/2.0m/s;-;N/A;Snow;LightSnow;
2001/11/24;20:30;0.0;-1.0;93%;1010hPa;-;NNW;10.8km/h/3.0m/s;-;N/A;;Clear;
2001/11/24;21:00;0.0;-2.0;87%;1010hPa;10.0km;Variable;7.2km/h/2.0m/s;-;N/A;;ScatteredClouds;
2001/11/24;21:30;0.0;-2.0;87%;1010hPa;10.0km;NNE;10.8km/h/3.0m/s;-;N/A;;ScatteredClouds;
2001/11/24;22:00;-1.0;-3.0;86%;1010hPa;-;NNE;10.8km/h/3.0m/s;-;N/A;;Clear;
2001/11/24;22:30;-1.0;-2.0;93%;1010hPa;-;NNE;7.2km/h/2.0m/s;-;N/A;;Clear;
2001/11/24;23:00;-1.0;-3.0;86%;1010hPa;10.0km;Variable;7.2km/h/2.0m/s;-;N/A;;PartlyCloudy;
2001/11/24;23:30;0.0;-3.0;80%;1010hPa;-;North;10.8km/h/3.0m/s;-;N/A;;Clear;
