2001/2/1;00:00;0.0;-4.0;75%;1011hPa;10.0km;North;43.2km/h/12.0m/s;61.2km/h/17.0m/s;N/A;Snow;LowDriftingSnow;
2001/2/1;00:30;0.0;-4.0;75%;1011hPa;10.0km;North;39.6km/h/11.0m/s;57.6km/h/16.0m/s;N/A;Snow;LowDriftingSnow;
2001/2/1;01:00;0.0;-5.0;69%;1011hPa;10.0km;North;43.2km/h/12.0m/s;-;N/A;Snow;LowDriftingSnow;
2001/2/1;01:30;-1.0;-5.0;75%;1012hPa;10.0km;North;39.6km/h/11.0m/s;-;N/A;Snow;LowDriftingSnow;
2001/2/1;02:00;-1.0;-5.0;75%;1012hPa;10.0km;North;36.0km/h/10.0m/s;-;N/A;Snow;LowDriftingSnow;
2001/2/1;02:30;0.0;-5.0;69%;1011hPa;10.0km;North;43.2km/h/12.0m/s;-;N/A;Snow;LowDriftingSnow;
2001/2/1;03:00;-1.0;-4.0;80%;1012hPa;5.0km;North;32.4km/h/9.0m/s;-;N/A;Snow;LowDriftingSnow;
2001/2/1;03:30;-1.0;-3.0;86%;1012hPa;3.5km;North;28.8km/h/8.0m/s;-;N/A;Snow;LightSnow;
2001/2/1;04:00;-1.0;-4.0;80%;1012hPa;4.5km;North;32.4km/h/9.0m/s;-;N/A;Snow;LightSnow;
2001/2/1;04:30;-1.0;-5.0;75%;1012hPa;6.0km;North;32.4km/h/9.0m/s;-;N/A;Snow;LightSnow;
2001/2/1;05:00;-1.0;-5.0;75%;1012hPa;7.0km;North;32.4km/h/9.0m/s;-;N/A;Snow;LightSnow;
2001/2/1;05:30;-1.0;-5.0;75%;1012hPa;8.0km;North;36.0km/h/10.0m/s;-;N/A;Snow;LowDriftingSnow;
2001/2/1;06:00;-1.0;-5.0;75%;1012hPa;10.0km;North;39.6km/h/11.0m/s;-;N/A;Snow;LightSnow;
2001/2/1;06:30;-1.0;-6.0;69%;1013hPa;10.0km;North;36.0km/h/10.0m/s;-;N/A;Snow;LightSnow;
2001/2/1;07:00;-1.0;-6.0;69%;1013hPa;10.0km;North;28.8km/h/8.0m/s;-;N/A;Snow;LightSnow;
2001/2/1;07:30;-2.0;-6.0;74%;1013hPa;10.0km;North;39.6km/h/11.0m/s;-;N/A;Snow;LightSnow;
2001/2/1;08:00;-2.0;-6.0;74%;1014hPa;10.0km;North;39.6km/h/11.0m/s;-;N/A;Snow;LowDriftingSnow;
2001/2/1;08:30;-2.0;-7.0;69%;1014hPa;10.0km;North;39.6km/h/11.0m/s;-;N/A;Snow;LowDriftingSnow;
2001/2/1;09:00;-2.0;-7.0;69%;1014hPa;10.0km;North;39.6km/h/11.0m/s;-;N/A;Snow;LowDriftingSnow;
2001/2/1;09:30;-1.0;-6.0;69%;1014hPa;10.0km;North;36.0km/h/10.0m/s;-;N/A;Snow;LowDriftingSnow;
2001/2/1;10:00;-1.0;-7.0;64%;1015hPa;10.0km;North;39.6km/h/11.0m/s;57.6km/h/16.0m/s;N/A;Snow;LowDriftingSnow;
2001/2/1;10:30;-1.0;-6.0;69%;1015hPa;10.0km;NNE;43.2km/h/12.0m/s;-;N/A;Snow;LowDriftingSnow;
2001/2/1;11:00;0.0;-6.0;64%;1014hPa;10.0km;North;39.6km/h/11.0m/s;-;N/A;Snow;LowDriftingSnow;
2001/2/1;11:30;0.0;-7.0;60%;1014hPa;10.0km;North;39.6km/h/11.0m/s;57.6km/h/16.0m/s;N/A;Snow;LowDriftingSnow;
2001/2/1;12:00;0.0;-8.0;55%;1014hPa;10.0km;North;43.2km/h/12.0m/s;-;N/A;Snow;LowDriftingSnow;
2001/2/1;12:30;0.0;-7.0;60%;1014hPa;10.0km;North;32.4km/h/9.0m/s;-;N/A;Snow;LowDriftingSnow;
2001/2/1;13:00;0.0;-8.0;55%;1014hPa;10.0km;North;36.0km/h/10.0m/s;-;N/A;Snow;LowDriftingSnow;
2001/2/1;13:30;0.0;-9.0;51%;1014hPa;10.0km;NNE;36.0km/h/10.0m/s;-;N/A;;MostlyCloudy;
2001/2/1;14:00;-1.0;-7.0;64%;1014hPa;10.0km;North;32.4km/h/9.0m/s;-;N/A;;Overcast;
2001/2/1;14:30;-1.0;-6.0;69%;1014hPa;10.0km;North;32.4km/h/9.0m/s;-;N/A;;MostlyCloudy;
2001/2/1;15:00;-1.0;-6.0;69%;1015hPa;10.0km;North;28.8km/h/8.0m/s;-;N/A;Snow;LightSnowShowers;
2001/2/1;15:30;-1.0;-6.0;69%;1015hPa;10.0km;NNE;25.2km/h/7.0m/s;-;N/A;;MostlyCloudy;
2001/2/1;16:00;-1.0;-7.0;64%;1015hPa;10.0km;North;28.8km/h/8.0m/s;-;N/A;;Overcast;
2001/2/1;16:30;-1.0;-7.0;64%;1015hPa;10.0km;North;25.2km/h/7.0m/s;-;N/A;;Overcast;
2001/2/1;17:00;-2.0;-7.0;69%;1015hPa;10.0km;NNE;28.8km/h/8.0m/s;-;N/A;;Overcast;
2001/2/1;17:30;-2.0;-7.0;69%;1015hPa;10.0km;NNE;28.8km/h/8.0m/s;-;N/A;;Overcast;
2001/2/1;18:00;-2.0;-7.0;69%;1016hPa;10.0km;NNE;21.6km/h/6.0m/s;-;N/A;;MostlyCloudy;
2001/2/1;18:30;-2.0;-9.0;59%;1016hPa;10.0km;North;25.2km/h/7.0m/s;43.2km/h/12.0m/s;N/A;;MostlyCloudy;
2001/2/1;19:00;-2.0;-9.0;59%;1016hPa;10.0km;North;28.8km/h/8.0m/s;-;N/A;;ScatteredClouds;
2001/2/1;19:30;-3.0;-9.0;64%;1016hPa;10.0km;North;18.0km/h/5.0m/s;-;N/A;;ScatteredClouds;
2001/2/1;20:00;-3.0;-8.0;69%;1016hPa;10.0km;NNE;14.4km/h/4.0m/s;-;N/A;;ScatteredClouds;
2001/2/1;20:30;-3.0;-8.0;69%;1016hPa;10.0km;NE;10.8km/h/3.0m/s;-;N/A;;ScatteredClouds;
2001/2/1;21:00;-3.0;-8.0;69%;1016hPa;10.0km;NE;10.8km/h/3.0m/s;-;N/A;;ScatteredClouds;
2001/2/1;21:30;-3.0;-8.0;69%;1016hPa;10.0km;NE;10.8km/h/3.0m/s;-;N/A;;MostlyCloudy;
2001/2/1;22:00;-3.0;-8.0;69%;1016hPa;10.0km;NE;14.4km/h/4.0m/s;-;N/A;;MostlyCloudy;
2001/2/1;22:30;-2.0;-8.0;64%;1016hPa;10.0km;NNE;18.0km/h/5.0m/s;-;N/A;;MostlyCloudy;
2001/2/1;23:00;-2.0;-8.0;64%;1016hPa;10.0km;NNE;21.6km/h/6.0m/s;-;N/A;;MostlyCloudy;
2001/2/1;23:30;-3.0;-8.0;69%;1016hPa;10.0km;NNE;18.0km/h/5.0m/s;-;N/A;;MostlyCloudy;
