2000/10/26;00:00;7.0;5.0;87%;1016hPa;5.0km;Calm;Calm;-;N/A;;PartlyCloudy;
2000/10/26;00:30;8.0;5.0;81%;1016hPa;6.0km;Calm;Calm;-;N/A;;PartlyCloudy;
2000/10/26;01:00;8.0;6.0;87%;1016hPa;6.0km;Calm;Calm;-;N/A;;PartlyCloudy;
2000/10/26;01:30;7.0;5.0;87%;1016hPa;6.0km;Calm;Calm;-;N/A;;ScatteredClouds;
2000/10/26;02:00;6.0;4.0;87%;1016hPa;5.0km;South;10.8km/h/3.0m/s;-;N/A;;MostlyCloudy;
2000/10/26;02:30;7.0;6.0;93%;1016hPa;6.0km;SSW;10.8km/h/3.0m/s;-;N/A;;ScatteredClouds;
2000/10/26;03:00;7.0;5.0;87%;1016hPa;6.0km;Variable;3.6km/h/1.0m/s;-;N/A;;ScatteredClouds;
2000/10/26;03:30;7.0;5.0;87%;1016hPa;6.0km;Variable;3.6km/h/1.0m/s;-;N/A;;MostlyCloudy;
2000/10/26;04:00;7.0;5.0;87%;1016hPa;6.0km;South;7.2km/h/2.0m/s;-;N/A;;ScatteredClouds;
2000/10/26;04:30;8.0;6.0;87%;1016hPa;7.0km;Variable;3.6km/h/1.0m/s;-;N/A;;MostlyCloudy;
2000/10/26;05:00;8.0;5.0;81%;1016hPa;7.0km;Variable;3.6km/h/1.0m/s;-;N/A;;PartlyCloudy;
2000/10/26;05:30;7.0;5.0;87%;1016hPa;7.0km;Variable;3.6km/h/1.0m/s;-;N/A;;PartlyCloudy;
2000/10/26;06:00;6.0;5.0;93%;1016hPa;7.0km;South;7.2km/h/2.0m/s;-;N/A;;PartlyCloudy;
2000/10/26;06:30;6.0;5.0;93%;1016hPa;6.0km;SSW;7.2km/h/2.0m/s;-;N/A;;ScatteredClouds;
2000/10/26;07:00;6.0;5.0;93%;1016hPa;4.0km;Variable;7.2km/h/2.0m/s;-;N/A;;MostlyCloudy;
2000/10/26;07:30;7.0;6.0;93%;1016hPa;4.0km;SW;10.8km/h/3.0m/s;-;N/A;;MostlyCloudy;
2000/10/26;08:00;8.0;6.0;87%;1016hPa;-;SSW;18.0km/h/5.0m/s;-;N/A;;MostlyCloudy;
2000/10/26;08:30;8.0;6.0;87%;1016hPa;-;SW;10.8km/h/3.0m/s;-;N/A;;ScatteredClouds;
2000/10/26;09:00;9.0;6.0;82%;1016hPa;3.5km;SSW;10.8km/h/3.0m/s;-;N/A;;MostlyCloudy;
2000/10/26;09:30;10.0;6.0;76%;1016hPa;4.0km;SW;10.8km/h/3.0m/s;-;N/A;;ScatteredClouds;
2000/10/26;10:00;11.0;6.0;71%;1016hPa;5.0km;SW;10.8km/h/3.0m/s;-;N/A;;ScatteredClouds;
2000/10/26;10:30;12.0;7.0;72%;1016hPa;4.0km;SSW;10.8km/h/3.0m/s;-;N/A;;ScatteredClouds;
2000/10/26;11:00;12.0;7.0;72%;1017hPa;6.0km;SSW;10.8km/h/3.0m/s;-;N/A;;ScatteredClouds;
2000/10/26;11:30;14.0;7.0;63%;1016hPa;6.0km;SSW;10.8km/h/3.0m/s;-;N/A;;ScatteredClouds;
2000/10/26;12:00;15.0;8.0;63%;1016hPa;6.0km;South;14.4km/h/4.0m/s;-;N/A;;MostlyCloudy;
2000/10/26;12:30;16.0;7.0;55%;1016hPa;8.0km;SSW;18.0km/h/5.0m/s;-;N/A;;ScatteredClouds;
2000/10/26;13:00;16.0;7.0;55%;1016hPa;8.0km;SSW;21.6km/h/6.0m/s;-;N/A;;ScatteredClouds;
2000/10/26;13:30;16.0;8.0;59%;1015hPa;8.0km;South;21.6km/h/6.0m/s;-;N/A;;ScatteredClouds;
2000/10/26;14:00;15.0;8.0;63%;1015hPa;8.0km;South;21.6km/h/6.0m/s;-;N/A;;ScatteredClouds;
2000/10/26;14:30;15.0;8.0;63%;1015hPa;8.0km;SSW;14.4km/h/4.0m/s;-;N/A;;ScatteredClouds;
2000/10/26;15:00;16.0;9.0;63%;1015hPa;8.0km;SSW;14.4km/h/4.0m/s;-;N/A;;ScatteredClouds;
2000/10/26;15:30;16.0;9.0;63%;1015hPa;8.0km;South;18.0km/h/5.0m/s;-;N/A;;ScatteredClouds;
2000/10/26;16:00;16.0;8.0;59%;1014hPa;8.0km;South;18.0km/h/5.0m/s;-;N/A;;ScatteredClouds;
2000/10/26;16:30;16.0;8.0;59%;1014hPa;8.0km;South;14.4km/h/4.0m/s;-;N/A;;PartlyCloudy;
2000/10/26;17:00;15.0;8.0;63%;1014hPa;8.0km;South;14.4km/h/4.0m/s;-;N/A;;PartlyCloudy;
2000/10/26;17:30;13.0;7.0;67%;1014hPa;8.0km;Variable;3.6km/h/1.0m/s;-;N/A;;PartlyCloudy;
2000/10/26;18:00;11.0;7.0;76%;1014hPa;7.0km;Variable;3.6km/h/1.0m/s;-;N/A;;PartlyCloudy;
2000/10/26;18:30;11.0;7.0;76%;1014hPa;8.0km;Variable;3.6km/h/1.0m/s;-;N/A;;Clear;
2000/10/26;19:30;11.0;7.0;76%;1014hPa;8.0km;Variable;7.2km/h/2.0m/s;-;N/A;;Clear;
2000/10/26;20:00;11.0;7.0;76%;1014hPa;8.0km;Variable;3.6km/h/1.0m/s;-;N/A;;Clear;
2000/10/26;20:30;10.0;7.0;82%;1014hPa;8.0km;Variable;3.6km/h/1.0m/s;-;N/A;;Clear;
2000/10/26;21:00;9.0;7.0;87%;1014hPa;8.0km;North;7.2km/h/2.0m/s;-;N/A;;PartlyCloudy;
2000/10/26;21:30;8.0;7.0;93%;1014hPa;9.0km;Calm;Calm;-;N/A;;ScatteredClouds;
2000/10/26;22:00;8.0;6.0;87%;1014hPa;8.0km;NNE;3.6km/h/1.0m/s;-;N/A;;PartlyCloudy;
2000/10/26;22:30;8.0;6.0;87%;1014hPa;8.0km;Variable;3.6km/h/1.0m/s;-;N/A;;ScatteredClouds;
