2000/12/28;00:00;3.0;3.0;100%;997hPa;8.0km;NNE;10.8km/h/3.0m/s;-;N/A;Snow;LightSnowGrains;
2000/12/28;00:30;3.0;3.0;100%;997hPa;9.0km;NNE;18.0km/h/5.0m/s;-;N/A;Snow;LightSnowGrains;
2000/12/28;01:00;4.0;4.0;100%;997hPa;7.0km;North;18.0km/h/5.0m/s;-;N/A;Snow;LightSnowGrains;
2000/12/28;01:30;4.0;4.0;100%;996hPa;7.0km;North;14.4km/h/4.0m/s;-;N/A;Snow;LightSnowGrains;
2000/12/28;02:00;4.0;4.0;100%;996hPa;10.0km;North;18.0km/h/5.0m/s;-;N/A;Snow;LightSnowGrains;
2000/12/28;02:30;5.0;4.0;93%;996hPa;10.0km;North;18.0km/h/5.0m/s;-;N/A;Snow;LightSnowGrains;
2000/12/28;03:00;5.0;5.0;100%;996hPa;10.0km;North;14.4km/h/4.0m/s;-;N/A;Snow;LightSnowGrains;
2000/12/28;03:30;5.0;4.0;93%;995hPa;10.0km;North;14.4km/h/4.0m/s;-;N/A;;LightDrizzle;
2000/12/28;04:00;5.0;5.0;100%;995hPa;10.0km;North;14.4km/h/4.0m/s;-;N/A;;LightDrizzle;
2000/12/28;04:30;5.0;5.0;100%;995hPa;10.0km;North;14.4km/h/4.0m/s;-;N/A;Rain;LightRain;
2000/12/28;05:00;5.0;5.0;100%;994hPa;10.0km;North;14.4km/h/4.0m/s;-;N/A;Rain;LightRain;
2000/12/28;05:30;5.0;5.0;100%;994hPa;10.0km;North;14.4km/h/4.0m/s;-;N/A;Rain;LightRain;
2000/12/28;06:00;5.0;5.0;100%;994hPa;8.0km;North;10.8km/h/3.0m/s;-;N/A;Rain;LightRain;
2000/12/28;06:30;5.0;5.0;100%;993hPa;4.0km;North;10.8km/h/3.0m/s;-;N/A;Rain;LightRain;
2000/12/28;07:00;5.0;5.0;100%;993hPa;7.0km;North;10.8km/h/3.0m/s;-;N/A;Rain;LightRain;
2000/12/28;07:30;5.0;5.0;100%;993hPa;2.0km;North;10.8km/h/3.0m/s;-;N/A;Rain;LightRain;
2000/12/28;08:00;6.0;6.0;100%;993hPa;7.0km;Variable;3.6km/h/1.0m/s;-;N/A;Rain;LightRain;
2000/12/28;08:30;5.0;5.0;100%;993hPa;10.0km;North;7.2km/h/2.0m/s;-;N/A;;Overcast;
2000/12/28;09:00;6.0;6.0;100%;993hPa;10.0km;Variable;3.6km/h/1.0m/s;-;N/A;Rain;LightRain;
2000/12/28;09:30;6.0;6.0;100%;993hPa;10.0km;SE;10.8km/h/3.0m/s;-;N/A;;Overcast;
2000/12/28;10:00;7.0;7.0;100%;993hPa;8.0km;South;10.8km/h/3.0m/s;-;N/A;Rain;LightRain;
2000/12/28;10:30;8.0;8.0;100%;993hPa;10.0km;SSW;14.4km/h/4.0m/s;-;N/A;;Overcast;
2000/12/28;11:00;8.0;8.0;100%;993hPa;10.0km;SSW;14.4km/h/4.0m/s;-;N/A;;Overcast;
2000/12/28;11:30;9.0;8.0;93%;993hPa;10.0km;SSW;14.4km/h/4.0m/s;-;N/A;;MostlyCloudy;
2000/12/28;12:00;8.0;8.0;100%;992hPa;10.0km;SSW;14.4km/h/4.0m/s;-;N/A;;MostlyCloudy;
2000/12/28;12:30;8.0;8.0;100%;992hPa;8.0km;South;14.4km/h/4.0m/s;-;N/A;;Overcast;
2000/12/28;13:00;8.0;8.0;100%;992hPa;8.0km;SSW;14.4km/h/4.0m/s;-;N/A;;MostlyCloudy;
2000/12/28;13:30;8.0;8.0;100%;992hPa;7.0km;Variable;7.2km/h/2.0m/s;-;N/A;;Overcast;
2000/12/28;14:00;8.0;7.0;93%;992hPa;7.0km;South;7.2km/h/2.0m/s;-;N/A;;MostlyCloudy;
2000/12/28;14:30;8.0;7.0;93%;992hPa;7.0km;South;7.2km/h/2.0m/s;-;N/A;;Overcast;
2000/12/28;15:00;8.0;7.0;93%;992hPa;9.0km;Calm;Calm;-;N/A;Rain;LightRain;
2000/12/28;15:30;7.0;7.0;100%;992hPa;6.0km;South;10.8km/h/3.0m/s;-;N/A;Rain;LightRain;
2000/12/28;16:00;8.0;8.0;100%;992hPa;4.5km;SSW;10.8km/h/3.0m/s;-;N/A;;LightDrizzle;
2000/12/28;16:30;8.0;8.0;100%;992hPa;6.0km;SW;10.8km/h/3.0m/s;-;N/A;;LightDrizzle;
2000/12/28;17:00;8.0;8.0;100%;992hPa;4.0km;WSW;7.2km/h/2.0m/s;-;N/A;Rain;LightRain;
2000/12/28;17:30;7.0;7.0;100%;992hPa;3.5km;SW;7.2km/h/2.0m/s;-;N/A;Rain;Rain;
2000/12/28;18:00;7.0;7.0;100%;992hPa;0.2km;SE;3.6km/h/1.0m/s;-;N/A;Fog,Rain;LightRain;
2000/12/28;18:30;7.0;7.0;100%;992hPa;0.2km;South;3.6km/h/1.0m/s;-;N/A;Fog,Rain;LightRain;
2000/12/28;19:00;7.0;7.0;100%;992hPa;0.2km;SSE;3.6km/h/1.0m/s;-;N/A;Fog;LightDrizzle;
2000/12/28;19:30;7.0;6.0;93%;992hPa;0.2km;Variable;3.6km/h/1.0m/s;-;N/A;Fog;Fog;
2000/12/28;20:00;7.0;7.0;100%;993hPa;2.7km;WSW;10.8km/h/3.0m/s;-;N/A;;Overcast;
2000/12/28;20:30;7.0;7.0;100%;993hPa;0.6km;SW;10.8km/h/3.0m/s;-;N/A;Fog;Fog;
2000/12/28;21:00;7.0;7.0;100%;993hPa;2.5km;WSW;10.8km/h/3.0m/s;-;N/A;;Overcast;
2000/12/28;21:30;7.0;6.0;93%;994hPa;-;SW;10.8km/h/3.0m/s;-;N/A;;MostlyCloudy;
2000/12/28;22:00;6.0;6.0;100%;994hPa;4.0km;WSW;7.2km/h/2.0m/s;-;N/A;;Overcast;
2000/12/28;22:30;5.0;5.0;100%;994hPa;-;SSW;10.8km/h/3.0m/s;-;N/A;;Overcast;
2000/12/28;23:00;4.0;4.0;100%;995hPa;-;SW;10.8km/h/3.0m/s;-;N/A;;Overcast;
2000/12/28;23:30;4.0;3.0;93%;995hPa;-;WSW;10.8km/h/3.0m/s;-;N/A;;Overcast;
