2000/2/22;00:00;-5.0;-9.0;74%;1025hPa;10.0km;Variable;3.6km/h/1.0m/s;-;N/A;;MostlyCloudy;
2000/2/22;00:30;-5.0;-8.0;80%;1025hPa;10.0km;ENE;7.2km/h/2.0m/s;-;N/A;;MostlyCloudy;
2000/2/22;01:00;-5.0;-8.0;80%;1025hPa;10.0km;Variable;3.6km/h/1.0m/s;-;N/A;;MostlyCloudy;
2000/2/22;01:30;-5.0;-8.0;80%;1025hPa;10.0km;Variable;3.6km/h/1.0m/s;-;N/A;;MostlyCloudy;
2000/2/22;02:00;-5.0;-9.0;74%;1025hPa;10.0km;Variable;3.6km/h/1.0m/s;-;N/A;;MostlyCloudy;
2000/2/22;02:30;-6.0;-10.0;74%;1025hPa;10.0km;Calm;Calm;-;N/A;;MostlyCloudy;
2000/2/22;03:00;-7.0;-9.0;86%;1024hPa;10.0km;Variable;7.2km/h/2.0m/s;-;N/A;;ScatteredClouds;
2000/2/22;03:30;-6.0;-9.0;80%;1024hPa;10.0km;Variable;7.2km/h/2.0m/s;-;N/A;;PartlyCloudy;
2000/2/22;04:00;-6.0;-9.0;80%;1024hPa;-;North;7.2km/h/2.0m/s;-;N/A;;Clear;
2000/2/22;04:30;-6.0;-9.0;80%;1024hPa;-;Variable;3.6km/h/1.0m/s;-;N/A;;Clear;
2000/2/22;05:00;-7.0;-9.0;86%;1024hPa;-;Variable;3.6km/h/1.0m/s;-;N/A;;Clear;
2000/2/22;05:30;-9.0;-12.0;79%;1025hPa;10.0km;Variable;3.6km/h/1.0m/s;-;N/A;;PartlyCloudy;
2000/2/22;06:00;-8.0;-9.0;93%;1025hPa;10.0km;Variable;7.2km/h/2.0m/s;-;N/A;;ScatteredClouds;
2000/2/22;06:30;-6.0;-8.0;86%;1025hPa;10.0km;Variable;7.2km/h/2.0m/s;-;N/A;Snow;LightSnowShowers;
2000/2/22;07:00;-5.0;-8.0;80%;1025hPa;10.0km;NNW;3.6km/h/1.0m/s;-;N/A;;ScatteredClouds;
2000/2/22;07:30;-6.0;-8.0;86%;1026hPa;10.0km;NW;7.2km/h/2.0m/s;-;N/A;;ScatteredClouds;
2000/2/22;08:00;-5.0;-8.0;80%;1026hPa;10.0km;Variable;3.6km/h/1.0m/s;-;N/A;;PartlyCloudy;
2000/2/22;08:30;-4.0;-9.0;69%;1026hPa;10.0km;Calm;Calm;-;N/A;;PartlyCloudy;
2000/2/22;09:00;-2.0;-6.0;74%;1026hPa;10.0km;Variable;3.6km/h/1.0m/s;-;N/A;;ScatteredClouds;
2000/2/22;09:30;-1.0;-6.0;69%;1026hPa;10.0km;NE;10.8km/h/3.0m/s;-;N/A;;MostlyCloudy;
2000/2/22;10:00;-1.0;-7.0;64%;1026hPa;10.0km;NNE;21.6km/h/6.0m/s;-;N/A;;ScatteredClouds;
2000/2/22;10:30;-1.0;-7.0;64%;1026hPa;10.0km;NNE;21.6km/h/6.0m/s;-;N/A;;ScatteredClouds;
2000/2/22;12:00;0.0;-7.0;60%;1026hPa;10.0km;North;25.2km/h/7.0m/s;-;N/A;;MostlyCloudy;
2000/2/22;12:30;-1.0;-8.0;60%;1026hPa;10.0km;NNE;18.0km/h/5.0m/s;-;N/A;;MostlyCloudy;
2000/2/22;13:30;-1.0;-7.0;64%;1026hPa;10.0km;NNE;18.0km/h/5.0m/s;-;N/A;;MostlyCloudy;
2000/2/22;14:00;0.0;-7.0;60%;1025hPa;10.0km;NNE;14.4km/h/4.0m/s;-;N/A;;MostlyCloudy;
2000/2/22;14:30;0.0;-7.0;60%;1025hPa;10.0km;NNE;14.4km/h/4.0m/s;-;N/A;;MostlyCloudy;
2000/2/22;15:00;0.0;-8.0;55%;1025hPa;10.0km;NE;14.4km/h/4.0m/s;-;N/A;;MostlyCloudy;
2000/2/22;15:30;-1.0;-9.0;55%;1025hPa;-;NE;18.0km/h/5.0m/s;-;N/A;;Clear;
2000/2/22;16:00;-1.0;-8.0;60%;1025hPa;-;NNE;18.0km/h/5.0m/s;-;N/A;;Clear;
2000/2/22;16:30;-2.0;-9.0;59%;1025hPa;-;NNE;18.0km/h/5.0m/s;-;N/A;;Clear;
2000/2/22;17:00;-3.0;-9.0;64%;1025hPa;-;NNE;18.0km/h/5.0m/s;-;N/A;;Clear;
