2000/1/3;00:00;-9.0;-10.0;93%;1031hPa;-;Variable;3.6km/h/1.0m/s;-;N/A;;Overcast;
2000/1/3;00:30;-9.0;-10.0;93%;1031hPa;-;Variable;3.6km/h/1.0m/s;-;N/A;;Overcast;
2000/1/3;01:00;-9.0;-10.0;93%;1031hPa;-;Variable;7.2km/h/2.0m/s;-;N/A;;Overcast;
2000/1/3;01:30;-9.0;-10.0;93%;1030hPa;1.8km;SSW;10.8km/h/3.0m/s;-;N/A;;Overcast;
2000/1/3;02:00;-9.0;-10.0;93%;1031hPa;-;Variable;3.6km/h/1.0m/s;-;N/A;;Overcast;
2000/1/3;02:30;-9.0;-10.0;93%;1030hPa;-;Variable;3.6km/h/1.0m/s;-;N/A;;Overcast;
2000/1/3;03:00;-9.0;-10.0;93%;1030hPa;1.8km;Variable;7.2km/h/2.0m/s;-;N/A;;Overcast;
2000/1/3;03:30;-9.0;-10.0;93%;1030hPa;2.0km;Variable;7.2km/h/2.0m/s;-;N/A;;Overcast;
2000/1/3;04:00;-9.0;-10.0;93%;1030hPa;1.6km;WSW;3.6km/h/1.0m/s;-;N/A;;Overcast;
2000/1/3;04:30;-9.0;-10.0;93%;1029hPa;1.6km;Variable;3.6km/h/1.0m/s;-;N/A;Snow;LightSnowGrains;
2000/1/3;05:00;-9.0;-10.0;93%;1029hPa;1.3km;SSE;3.6km/h/1.0m/s;-;N/A;Snow;LightSnowGrains;
2000/1/3;05:30;-9.0;-9.0;100%;1029hPa;0.7km;SSE;3.6km/h/1.0m/s;-;N/A;Fog,Snow;LightSnowGrains;
2000/1/3;06:00;-9.0;-9.0;100%;1029hPa;1.1km;Calm;Calm;-;N/A;;Overcast;
2000/1/3;06:30;-9.0;-10.0;93%;1029hPa;1.1km;NNW;3.6km/h/1.0m/s;-;N/A;;Overcast;
2000/1/3;08:00;-8.0;-9.0;93%;1029hPa;1.3km;SSE;3.6km/h/1.0m/s;-;N/A;;Overcast;
2000/1/3;08:30;-8.0;-9.0;93%;1029hPa;0.3km;Variable;3.6km/h/1.0m/s;-;N/A;Fog,Snow;LightSnowGrains;
2000/1/3;09:00;-8.0;-9.0;93%;1029hPa;0.2km;Variable;3.6km/h/1.0m/s;-;N/A;Fog,Snow;LightSnowGrains;
2000/1/3;09:30;-8.0;-9.0;93%;1029hPa;0.5km;East;3.6km/h/1.0m/s;-;N/A;Fog,Snow;LightSnowGrains;
2000/1/3;10:00;-8.0;-8.0;100%;1029hPa;0.8km;Calm;Calm;-;N/A;Fog,Snow;LightSnowGrains;
2000/1/3;11:00;-7.0;-8.0;93%;1028hPa;0.6km;SSE;3.6km/h/1.0m/s;-;N/A;Fog,Snow;LightSnowGrains;
2000/1/3;11:30;-7.0;-8.0;93%;1028hPa;0.7km;Variable;3.6km/h/1.0m/s;-;N/A;Fog,Snow;LightSnowGrains;
2000/1/3;12:00;-7.0;-7.0;100%;1027hPa;0.6km;SSE;7.2km/h/2.0m/s;-;N/A;Fog,Snow;LightSnowGrains;
2000/1/3;12:30;-7.0;-8.0;93%;1027hPa;0.5km;SE;7.2km/h/2.0m/s;-;N/A;Fog,Snow;LightSnowGrains;
2000/1/3;13:00;-7.0;-7.0;100%;1027hPa;1.0km;SSE;3.6km/h/1.0m/s;-;N/A;;Overcast;
2000/1/3;13:30;-6.0;-7.0;93%;1027hPa;1.2km;SSE;3.6km/h/1.0m/s;-;N/A;;Overcast;
2000/1/3;14:00;-6.0;-7.0;93%;1026hPa;1.1km;Variable;3.6km/h/1.0m/s;-;N/A;;Overcast;
2000/1/3;14:30;-6.0;-7.0;93%;1026hPa;0.2km;ESE;3.6km/h/1.0m/s;-;N/A;Fog;LightFreezingFog;
2000/1/3;15:00;-6.0;-6.0;100%;1026hPa;0.2km;Variable;3.6km/h/1.0m/s;-;N/A;Fog;LightFreezingFog;
2000/1/3;15:30;-6.0;-6.0;100%;1026hPa;0.1km;Variable;3.6km/h/1.0m/s;-;N/A;Fog;LightFreezingFog;
2000/1/3;16:00;-6.0;-6.0;100%;1026hPa;0.3km;Variable;3.6km/h/1.0m/s;-;N/A;Fog;LightFreezingFog;
2000/1/3;16:30;-6.0;-6.0;100%;1026hPa;0.5km;Variable;3.6km/h/1.0m/s;-;N/A;Fog;LightFreezingFog;
2000/1/3;17:00;-6.0;-6.0;100%;1026hPa;0.3km;Calm;Calm;-;N/A;Fog,Snow;LightSnowGrains;
2000/1/3;17:30;-5.0;-6.0;93%;1026hPa;0.3km;NNW;3.6km/h/1.0m/s;-;N/A;Fog,Snow;LightSnowGrains;
2000/1/3;18:00;-5.0;-6.0;93%;1026hPa;0.3km;NNE;3.6km/h/1.0m/s;-;N/A;Fog,Snow;LightSnowGrains;
2000/1/3;18:30;-5.0;-6.0;93%;1026hPa;0.4km;Variable;3.6km/h/1.0m/s;-;N/A;Fog,Snow;LightSnowGrains;
2000/1/3;19:00;-5.0;-6.0;93%;1026hPa;0.4km;Variable;3.6km/h/1.0m/s;-;N/A;Fog,Snow;LightSnowGrains;
2000/1/3;19:30;-5.0;-6.0;93%;1026hPa;0.3km;North;3.6km/h/1.0m/s;-;N/A;Fog,Snow;LightSnowGrains;
2000/1/3;20:00;-5.0;-5.0;100%;1026hPa;0.3km;Variable;3.6km/h/1.0m/s;-;N/A;Fog,Snow;LightSnowGrains;
2000/1/3;20:30;-5.0;-5.0;100%;1025hPa;0.2km;Variable;3.6km/h/1.0m/s;-;N/A;Fog,Snow;LightSnowGrains;
2000/1/3;21:00;-5.0;-5.0;100%;1025hPa;0.3km;North;3.6km/h/1.0m/s;-;N/A;Fog,Snow;LightSnowGrains;
2000/1/3;21:30;-5.0;-5.0;100%;1025hPa;0.4km;NNE;3.6km/h/1.0m/s;-;N/A;Fog,Snow;LightSnowGrains;
2000/1/3;22:00;-5.0;-5.0;100%;1025hPa;0.3km;ENE;3.6km/h/1.0m/s;-;N/A;Fog,Snow;LightSnowGrains;
2000/1/3;22:30;-5.0;-5.0;100%;1025hPa;0.3km;Calm;Calm;-;N/A;Fog,Snow;LightSnowGrains;
2000/1/3;23:00;-5.0;-5.0;100%;1025hPa;2.4km;NE;3.6km/h/1.0m/s;-;N/A;Snow;LightSnowGrains;
2000/1/3;23:30;-5.0;-5.0;100%;1025hPa;2.2km;Variable;3.6km/h/1.0m/s;-;N/A;Snow;LightSnowGrains;
