2000/12/29;00:00;4.0;3.0;93%;995hPa;4.0km;WSW;10.8km/h/3.0m/s;-;N/A;;Overcast;
2000/12/29;00:30;4.0;3.0;93%;996hPa;4.0km;Variable;7.2km/h/2.0m/s;-;N/A;;Overcast;
2000/12/29;01:00;3.0;3.0;100%;996hPa;2.9km;Variable;7.2km/h/2.0m/s;-;N/A;;LightDrizzle;
2000/12/29;01:30;3.0;3.0;100%;997hPa;1.6km;Variable;7.2km/h/2.0m/s;-;N/A;;LightDrizzle;
2000/12/29;02:00;3.0;3.0;100%;997hPa;1.6km;South;3.6km/h/1.0m/s;-;N/A;;LightDrizzle;
2000/12/29;02:30;3.0;3.0;100%;998hPa;1.1km;Calm;Calm;-;N/A;;Overcast;
2000/12/29;03:00;3.0;3.0;100%;998hPa;0.3km;Calm;Calm;-;N/A;Fog;Fog;
2000/12/29;03:30;3.0;3.0;100%;998hPa;0.1km;Calm;Calm;-;N/A;Fog;Fog;
2000/12/29;04:00;3.0;3.0;100%;998hPa;0.2km;NNW;3.6km/h/1.0m/s;-;N/A;Fog;Fog;
2000/12/29;04:30;3.0;3.0;100%;999hPa;0.2km;Variable;3.6km/h/1.0m/s;-;N/A;Fog;LightDrizzle;
2000/12/29;05:00;3.0;3.0;100%;999hPa;0.4km;Calm;Calm;-;N/A;Fog;LightDrizzle;
2000/12/29;05:30;3.0;3.0;100%;999hPa;0.3km;Variable;3.6km/h/1.0m/s;-;N/A;Fog;LightDrizzle;
2000/12/29;06:00;3.0;3.0;100%;999hPa;0.8km;NNE;7.2km/h/2.0m/s;-;N/A;Fog,Rain;LightRain;
2000/12/29;06:30;4.0;4.0;100%;999hPa;7.0km;Variable;7.2km/h/2.0m/s;-;N/A;Rain;LightRain;
2000/12/29;07:00;4.0;2.0;87%;999hPa;10.0km;North;18.0km/h/5.0m/s;-;N/A;Rain;LightRain;
2000/12/29;07:30;4.0;2.0;87%;1000hPa;10.0km;NNE;10.8km/h/3.0m/s;-;N/A;;Overcast;
2000/12/29;08:00;4.0;3.0;93%;1000hPa;10.0km;NE;10.8km/h/3.0m/s;-;N/A;;MostlyCloudy;
2000/12/29;08:30;4.0;3.0;93%;1000hPa;10.0km;Variable;7.2km/h/2.0m/s;-;N/A;Rain;LightRain;
2000/12/29;09:00;4.0;3.0;93%;1001hPa;10.0km;NNE;10.8km/h/3.0m/s;-;N/A;Rain;LightRain;
2000/12/29;09:30;4.0;3.0;93%;1001hPa;10.0km;NNE;10.8km/h/3.0m/s;-;N/A;Rain;LightRain;
2000/12/29;10:00;4.0;2.0;87%;1002hPa;10.0km;North;10.8km/h/3.0m/s;-;N/A;Rain;LightRain;
2000/12/29;10:30;4.0;2.0;87%;1001hPa;10.0km;NNE;14.4km/h/4.0m/s;-;N/A;Rain;LightRain;
2000/12/29;11:00;4.0;2.0;87%;1001hPa;10.0km;NNE;18.0km/h/5.0m/s;-;N/A;Rain;LightRain;
2000/12/29;11:30;5.0;2.0;81%;1001hPa;10.0km;North;21.6km/h/6.0m/s;-;N/A;;MostlyCloudy;
2000/12/29;12:00;5.0;2.0;81%;1001hPa;10.0km;NNE;21.6km/h/6.0m/s;-;N/A;;MostlyCloudy;
2000/12/29;12:30;5.0;2.0;81%;1001hPa;10.0km;NNE;18.0km/h/5.0m/s;-;N/A;;MostlyCloudy;
2000/12/29;13:00;5.0;2.0;81%;1001hPa;10.0km;NNE;18.0km/h/5.0m/s;-;N/A;;Overcast;
2000/12/29;13:30;5.0;2.0;81%;1001hPa;10.0km;North;18.0km/h/5.0m/s;-;N/A;;Overcast;
2000/12/29;14:00;5.0;2.0;81%;1001hPa;10.0km;NNE;10.8km/h/3.0m/s;-;N/A;;Overcast;
2000/12/29;14:30;5.0;2.0;81%;1001hPa;10.0km;NNE;10.8km/h/3.0m/s;-;N/A;;Overcast;
2000/12/29;15:00;4.0;2.0;87%;1001hPa;10.0km;NNE;14.4km/h/4.0m/s;-;N/A;;Overcast;
2000/12/29;15:30;4.0;2.0;87%;1001hPa;10.0km;NNE;14.4km/h/4.0m/s;-;N/A;;Overcast;
2000/12/29;16:00;4.0;2.0;87%;1001hPa;10.0km;NNE;10.8km/h/3.0m/s;-;N/A;;Overcast;
2000/12/29;16:30;4.0;2.0;87%;1001hPa;10.0km;NNE;10.8km/h/3.0m/s;-;N/A;;Overcast;
2000/12/29;17:00;4.0;2.0;87%;1001hPa;10.0km;NNE;14.4km/h/4.0m/s;-;N/A;;Overcast;
2000/12/29;17:30;4.0;2.0;87%;1001hPa;10.0km;NE;10.8km/h/3.0m/s;-;N/A;;Overcast;
2000/12/29;18:00;4.0;2.0;87%;1001hPa;10.0km;NNE;14.4km/h/4.0m/s;-;N/A;;Overcast;
2000/12/29;18:30;4.0;2.0;87%;1001hPa;10.0km;NNE;10.8km/h/3.0m/s;-;N/A;;Overcast;
2000/12/29;19:00;4.0;2.0;87%;1001hPa;10.0km;NNE;7.2km/h/2.0m/s;-;N/A;;Overcast;
2000/12/29;19:30;4.0;2.0;87%;1001hPa;10.0km;Variable;7.2km/h/2.0m/s;-;N/A;;Overcast;
2000/12/29;20:00;3.0;2.0;93%;1001hPa;10.0km;East;7.2km/h/2.0m/s;-;N/A;;Overcast;
2000/12/29;20:30;3.0;2.0;93%;1000hPa;10.0km;NE;7.2km/h/2.0m/s;-;N/A;;Overcast;
2000/12/29;21:00;3.0;2.0;93%;1000hPa;10.0km;NE;3.6km/h/1.0m/s;-;N/A;;Overcast;
2000/12/29;21:30;3.0;2.0;93%;1000hPa;10.0km;NNE;7.2km/h/2.0m/s;-;N/A;;Overcast;
2000/12/29;22:00;3.0;2.0;93%;1000hPa;10.0km;North;7.2km/h/2.0m/s;-;N/A;;MostlyCloudy;
2000/12/29;22:30;3.0;2.0;93%;1000hPa;10.0km;Variable;7.2km/h/2.0m/s;-;N/A;;Overcast;
2000/12/29;23:00;4.0;2.0;87%;1000hPa;10.0km;North;10.8km/h/3.0m/s;-;N/A;;Overcast;
2000/12/29;23:30;3.0;2.0;93%;999hPa;10.0km;NE;7.2km/h/2.0m/s;-;N/A;;Overcast;
