2000/9/15;00:00;15.0;13.0;88%;1016hPa;-;NNE;10.8km/h/3.0m/s;-;N/A;;Clear;
2000/9/15;00:30;15.0;12.0;82%;1016hPa;-;Variable;3.6km/h/1.0m/s;-;N/A;;Clear;
2000/9/15;01:00;15.0;12.0;82%;1016hPa;-;Variable;3.6km/h/1.0m/s;-;N/A;;Clear;
2000/9/15;01:30;13.0;12.0;94%;1016hPa;-;Variable;3.6km/h/1.0m/s;-;N/A;;Clear;
2000/9/15;02:00;13.0;12.0;94%;1016hPa;-;Variable;3.6km/h/1.0m/s;-;N/A;;Clear;
2000/9/15;02:30;13.0;11.0;88%;1016hPa;7.0km;Calm;Calm;-;N/A;;Clear;
2000/9/15;03:00;12.0;11.0;94%;1016hPa;7.0km;Variable;3.6km/h/1.0m/s;-;N/A;;PartlyCloudy;
2000/9/15;03:30;12.0;11.0;94%;1016hPa;7.0km;Variable;3.6km/h/1.0m/s;-;N/A;;PartlyCloudy;
2000/9/15;04:00;12.0;10.0;88%;1016hPa;7.0km;North;7.2km/h/2.0m/s;-;N/A;;ScatteredClouds;
2000/9/15;04:30;12.0;10.0;88%;1016hPa;7.0km;Variable;3.6km/h/1.0m/s;-;N/A;;MostlyCloudy;
2000/9/15;05:00;12.0;11.0;94%;1016hPa;7.0km;North;7.2km/h/2.0m/s;-;N/A;;PartlyCloudy;
2000/9/15;05:30;11.0;10.0;94%;1017hPa;5.0km;Calm;Calm;-;N/A;;PartlyCloudy;
2000/9/15;06:00;11.0;10.0;94%;1017hPa;-;Variable;3.6km/h/1.0m/s;-;N/A;;PartlyCloudy;
2000/9/15;06:30;11.0;10.0;94%;1017hPa;-;SW;3.6km/h/1.0m/s;-;N/A;Fog;ShallowFog;
2000/9/15;07:00;11.0;10.0;94%;1017hPa;5.0km;Variable;3.6km/h/1.0m/s;-;N/A;;PartlyCloudy;
2000/9/15;07:30;12.0;11.0;94%;1017hPa;5.0km;NNE;3.6km/h/1.0m/s;-;N/A;;PartlyCloudy;
2000/9/15;08:00;14.0;11.0;82%;1017hPa;5.0km;Variable;3.6km/h/1.0m/s;-;N/A;;PartlyCloudy;
2000/9/15;08:30;16.0;11.0;72%;1017hPa;6.0km;Variable;3.6km/h/1.0m/s;-;N/A;;PartlyCloudy;
2000/9/15;09:00;17.0;11.0;68%;1018hPa;6.0km;Variable;7.2km/h/2.0m/s;-;N/A;;PartlyCloudy;
2000/9/15;09:30;16.0;11.0;72%;1018hPa;7.0km;North;25.2km/h/7.0m/s;-;N/A;;ScatteredClouds;
2000/9/15;10:00;15.0;10.0;72%;1018hPa;8.0km;North;28.8km/h/8.0m/s;-;N/A;;PartlyCloudy;
2000/9/15;10:30;16.0;10.0;68%;1018hPa;10.0km;North;25.2km/h/7.0m/s;-;N/A;;ScatteredClouds;
2000/9/15;11:00;16.0;10.0;68%;1019hPa;10.0km;North;28.8km/h/8.0m/s;-;N/A;;ScatteredClouds;
2000/9/15;11:30;16.0;9.0;63%;1019hPa;10.0km;North;25.2km/h/7.0m/s;-;N/A;;ScatteredClouds;
2000/9/15;12:00;16.0;9.0;63%;1019hPa;10.0km;North;25.2km/h/7.0m/s;-;N/A;;ScatteredClouds;
2000/9/15;12:30;15.0;9.0;67%;1019hPa;10.0km;NNE;28.8km/h/8.0m/s;-;N/A;;ScatteredClouds;
2000/9/15;13:00;16.0;9.0;63%;1019hPa;10.0km;North;36.0km/h/10.0m/s;-;N/A;;ScatteredClouds;
2000/9/15;13:30;16.0;9.0;63%;1019hPa;10.0km;NNE;39.6km/h/11.0m/s;-;N/A;;ScatteredClouds;
2000/9/15;14:00;16.0;9.0;63%;1019hPa;10.0km;North;43.2km/h/12.0m/s;-;N/A;;ScatteredClouds;
2000/9/15;14:30;16.0;9.0;63%;1019hPa;10.0km;North;36.0km/h/10.0m/s;-;N/A;;ScatteredClouds;
2000/9/15;15:00;15.0;9.0;67%;1019hPa;10.0km;NNE;32.4km/h/9.0m/s;-;N/A;;ScatteredClouds;
2000/9/15;15:30;15.0;8.0;63%;1019hPa;10.0km;North;32.4km/h/9.0m/s;-;N/A;;ScatteredClouds;
2000/9/15;16:00;15.0;7.0;59%;1019hPa;10.0km;North;28.8km/h/8.0m/s;-;N/A;;ScatteredClouds;
2000/9/15;17:00;15.0;7.0;59%;1019hPa;10.0km;North;25.2km/h/7.0m/s;-;N/A;;ScatteredClouds;
2000/9/15;17:30;16.0;7.0;55%;1019hPa;10.0km;North;25.2km/h/7.0m/s;-;N/A;;MostlyCloudy;
2000/9/15;18:00;15.0;7.0;59%;1020hPa;10.0km;North;25.2km/h/7.0m/s;-;N/A;;MostlyCloudy;
2000/9/15;18:30;15.0;7.0;59%;1020hPa;10.0km;North;21.6km/h/6.0m/s;-;N/A;;ScatteredClouds;
2000/9/15;19:00;14.0;7.0;63%;1020hPa;10.0km;NNE;18.0km/h/5.0m/s;-;N/A;;ScatteredClouds;
2000/9/15;19:30;14.0;7.0;63%;1020hPa;10.0km;North;18.0km/h/5.0m/s;-;N/A;;ScatteredClouds;
2000/9/15;20:00;13.0;7.0;67%;1020hPa;-;NNE;14.4km/h/4.0m/s;-;N/A;;Clear;
2000/9/15;20:30;13.0;7.0;67%;1021hPa;-;NNE;14.4km/h/4.0m/s;-;N/A;;Clear;
2000/9/15;21:00;12.0;7.0;72%;1021hPa;-;NNE;14.4km/h/4.0m/s;-;N/A;;Clear;
2000/9/15;21:30;11.0;7.0;76%;1021hPa;-;NNE;14.4km/h/4.0m/s;-;N/A;;Clear;
2000/9/15;22:00;12.0;6.0;67%;1021hPa;-;North;18.0km/h/5.0m/s;-;N/A;;Clear;
2000/9/15;22:30;12.0;5.0;62%;1021hPa;-;North;14.4km/h/4.0m/s;-;N/A;;Clear;
2000/9/15;23:00;12.0;6.0;67%;1021hPa;-;North;18.0km/h/5.0m/s;-;N/A;;Clear;
2000/9/15;23:30;11.0;6.0;71%;1021hPa;-;North;14.4km/h/4.0m/s;-;N/A;;Clear;
