2000/11/6;00:00;4.0;4.0;100%;1017hPa;-;ESE;3.6km/h/1.0m/s;-;N/A;;Clear;
2000/11/6;00:30;4.0;4.0;100%;1016hPa;-;SE;7.2km/h/2.0m/s;-;N/A;;Clear;
2000/11/6;01:00;4.0;3.0;93%;1016hPa;10.0km;West;7.2km/h/2.0m/s;-;N/A;;MostlyCloudy;
2000/11/6;01:30;4.0;3.0;93%;1016hPa;10.0km;Variable;3.6km/h/1.0m/s;-;N/A;;ScatteredClouds;
2000/11/6;02:00;3.0;3.0;100%;1016hPa;10.0km;Calm;Calm;-;N/A;;PartlyCloudy;
2000/11/6;02:30;3.0;2.0;93%;1015hPa;10.0km;Variable;3.6km/h/1.0m/s;-;N/A;;ScatteredClouds;
2000/11/6;03:00;3.0;2.0;93%;1015hPa;10.0km;Calm;Calm;-;N/A;;PartlyCloudy;
2000/11/6;03:30;2.0;2.0;100%;1015hPa;10.0km;West;3.6km/h/1.0m/s;-;N/A;;ScatteredClouds;
2000/11/6;04:00;1.0;1.0;100%;1015hPa;5.0km;Variable;3.6km/h/1.0m/s;-;N/A;Fog;ShallowFog;
2000/11/6;04:30;1.0;1.0;100%;1015hPa;0.2km;NNE;3.6km/h/1.0m/s;-;N/A;Fog;Fog;
2000/11/6;05:00;1.0;1.0;100%;1015hPa;0.1km;Calm;Calm;-;N/A;Fog;Fog;
2000/11/6;05:30;1.0;1.0;100%;1015hPa;0.2km;NE;3.6km/h/1.0m/s;-;N/A;Fog;LightDrizzle;
2000/11/6;06:00;1.0;1.0;100%;1014hPa;0.2km;North;3.6km/h/1.0m/s;-;N/A;Fog;Fog;
2000/11/6;06:30;1.0;1.0;100%;1014hPa;0.2km;Variable;7.2km/h/2.0m/s;-;N/A;Fog;Fog;
2000/11/6;07:00;1.0;1.0;100%;1014hPa;0.2km;Calm;Calm;-;N/A;Fog;Fog;
2000/11/6;07:30;2.0;2.0;100%;1014hPa;0.1km;Calm;Calm;-;N/A;Fog;Fog;
2000/11/6;08:00;2.0;2.0;100%;1014hPa;1.7km;NW;3.6km/h/1.0m/s;-;N/A;;ScatteredClouds;
2000/11/6;08:30;5.0;5.0;100%;1013hPa;10.0km;Calm;Calm;-;N/A;;ScatteredClouds;
2000/11/6;09:00;7.0;6.0;93%;1013hPa;10.0km;Variable;3.6km/h/1.0m/s;-;N/A;;ScatteredClouds;
2000/11/6;09:30;9.0;6.0;82%;1013hPa;10.0km;Calm;Calm;-;N/A;;PartlyCloudy;
2000/11/6;10:00;9.0;6.0;82%;1013hPa;10.0km;Calm;Calm;-;N/A;;PartlyCloudy;
2000/11/6;10:30;11.0;6.0;71%;1013hPa;10.0km;Variable;7.2km/h/2.0m/s;-;N/A;;PartlyCloudy;
2000/11/6;11:00;11.0;6.0;71%;1012hPa;10.0km;Variable;7.2km/h/2.0m/s;-;N/A;;PartlyCloudy;
2000/11/6;11:30;12.0;7.0;72%;1012hPa;10.0km;Variable;7.2km/h/2.0m/s;-;N/A;;PartlyCloudy;
2000/11/6;12:00;13.0;7.0;67%;1011hPa;10.0km;SSW;10.8km/h/3.0m/s;-;N/A;;PartlyCloudy;
2000/11/6;12:30;13.0;7.0;67%;1011hPa;10.0km;SSW;10.8km/h/3.0m/s;-;N/A;;PartlyCloudy;
2000/11/6;13:00;13.0;7.0;67%;1011hPa;10.0km;South;10.8km/h/3.0m/s;-;N/A;;PartlyCloudy;
2000/11/6;13:30;14.0;7.0;63%;1010hPa;10.0km;SSW;10.8km/h/3.0m/s;-;N/A;;PartlyCloudy;
2000/11/6;14:00;14.0;6.0;59%;1010hPa;10.0km;South;14.4km/h/4.0m/s;-;N/A;;PartlyCloudy;
2000/11/6;14:30;14.0;6.0;59%;1009hPa;10.0km;South;18.0km/h/5.0m/s;-;N/A;;PartlyCloudy;
2000/11/6;15:00;13.0;7.0;67%;1009hPa;10.0km;SSW;10.8km/h/3.0m/s;-;N/A;;ScatteredClouds;
2000/11/6;15:30;12.0;6.0;67%;1009hPa;-;South;7.2km/h/2.0m/s;-;N/A;;Clear;
2000/11/6;17:00;9.0;6.0;82%;1009hPa;-;West;7.2km/h/2.0m/s;-;N/A;;Clear;
2000/11/6;17:30;7.0;4.0;81%;1008hPa;10.0km;West;7.2km/h/2.0m/s;-;N/A;;ScatteredClouds;
2000/11/6;18:00;7.0;5.0;87%;1008hPa;-;NW;3.6km/h/1.0m/s;-;N/A;;Clear;
2000/11/6;18:30;7.0;5.0;87%;1008hPa;-;North;7.2km/h/2.0m/s;-;N/A;;Clear;
2000/11/6;19:00;6.0;5.0;93%;1008hPa;-;North;7.2km/h/2.0m/s;-;N/A;;Clear;
2000/11/6;19:30;6.0;4.0;87%;1008hPa;-;North;7.2km/h/2.0m/s;-;N/A;;Clear;
2000/11/6;20:00;6.0;5.0;93%;1008hPa;-;NW;3.6km/h/1.0m/s;-;N/A;;Clear;
2000/11/6;20:30;6.0;5.0;93%;1007hPa;10.0km;Calm;Calm;-;N/A;;ScatteredClouds;
2000/11/6;21:00;7.0;5.0;87%;1007hPa;10.0km;North;7.2km/h/2.0m/s;-;N/A;;ScatteredClouds;
2000/11/6;21:30;8.0;5.0;81%;1007hPa;10.0km;Calm;Calm;-;N/A;;ScatteredClouds;
2000/11/6;22:00;8.0;4.0;76%;1007hPa;10.0km;Calm;Calm;-;N/A;;ScatteredClouds;
2000/11/6;22:30;7.0;4.0;81%;1007hPa;10.0km;Variable;3.6km/h/1.0m/s;-;N/A;;PartlyCloudy;
2000/11/6;23:30;7.0;4.0;81%;1006hPa;10.0km;South;3.6km/h/1.0m/s;-;N/A;;PartlyCloudy;
