2000/1/6;00:00;-2.0;-3.0;93%;1023hPa;3.5km;SSW;10.8km/h/3.0m/s;-;N/A;;MostlyCloudy;
2000/1/6;00:30;-2.0;-3.0;93%;1023hPa;3.0km;SW;14.4km/h/4.0m/s;-;N/A;;Overcast;
2000/1/6;01:00;-2.0;-3.0;93%;1023hPa;3.0km;WSW;14.4km/h/4.0m/s;-;N/A;;Overcast;
2000/1/6;01:30;-2.0;-3.0;93%;1023hPa;3.0km;WSW;14.4km/h/4.0m/s;-;N/A;;Overcast;
2000/1/6;02:00;-2.0;-3.0;93%;1024hPa;2.8km;WSW;10.8km/h/3.0m/s;-;N/A;;Overcast;
2000/1/6;02:30;-2.0;-3.0;93%;1024hPa;2.8km;SW;10.8km/h/3.0m/s;-;N/A;;Overcast;
2000/1/6;03:00;-2.0;-3.0;93%;1024hPa;3.0km;WSW;7.2km/h/2.0m/s;-;N/A;;Overcast;
2000/1/6;03:30;-2.0;-3.0;93%;1024hPa;2.5km;WSW;7.2km/h/2.0m/s;-;N/A;;Overcast;
2000/1/6;04:00;-3.0;-3.0;100%;1023hPa;2.8km;WSW;7.2km/h/2.0m/s;-;N/A;;Overcast;
2000/1/6;05:00;-3.0;-3.0;100%;1024hPa;3.0km;West;3.6km/h/1.0m/s;-;N/A;;Overcast;
2000/1/6;05:30;-3.0;-3.0;100%;1024hPa;3.0km;Calm;Calm;-;N/A;;MostlyCloudy;
2000/1/6;06:00;-3.0;-3.0;100%;1024hPa;2.1km;West;3.6km/h/1.0m/s;-;N/A;Snow;LightSnow;
2000/1/6;06:30;-3.0;-3.0;100%;1024hPa;2.6km;Calm;Calm;-;N/A;Snow;LightSnow;
2000/1/6;07:00;-3.0;-3.0;100%;1024hPa;2.0km;Calm;Calm;-;N/A;Snow;LightSnow;
2000/1/6;07:30;-3.0;-3.0;100%;1024hPa;1.8km;East;3.6km/h/1.0m/s;-;N/A;;Overcast;
2000/1/6;08:00;-3.0;-3.0;100%;1025hPa;1.8km;Calm;Calm;-;N/A;;Overcast;
2000/1/6;08:30;-2.0;-3.0;93%;1025hPa;1.8km;Calm;Calm;-;N/A;;Overcast;
2000/1/6;09:00;-2.0;-3.0;93%;1025hPa;1.6km;Calm;Calm;-;N/A;;Overcast;
2000/1/6;09:30;-2.0;-2.0;100%;1025hPa;1.5km;Calm;Calm;-;N/A;;Overcast;
2000/1/6;10:00;-2.0;-2.0;100%;1025hPa;1.7km;Calm;Calm;-;N/A;;Overcast;
2000/1/6;10:30;-1.0;-2.0;93%;1025hPa;1.8km;Calm;Calm;-;N/A;;Overcast;
2000/1/6;11:00;-1.0;-2.0;93%;1025hPa;2.0km;WNW;3.6km/h/1.0m/s;-;N/A;;Overcast;
2000/1/6;11:30;0.0;-2.0;87%;1025hPa;2.3km;Variable;3.6km/h/1.0m/s;-;N/A;;MostlyCloudy;
2000/1/6;12:00;0.0;-2.0;87%;1025hPa;3.0km;Variable;3.6km/h/1.0m/s;-;N/A;;ScatteredClouds;
2000/1/6;12:30;0.0;-2.0;87%;1025hPa;3.0km;Variable;3.6km/h/1.0m/s;-;N/A;;PartlyCloudy;
2000/1/6;13:00;2.0;-1.0;81%;1025hPa;2.8km;Calm;Calm;-;N/A;;PartlyCloudy;
2000/1/6;13:30;1.0;-2.0;81%;1025hPa;2.8km;NW;3.6km/h/1.0m/s;-;N/A;;PartlyCloudy;
2000/1/6;14:00;1.0;-2.0;81%;1025hPa;2.8km;SW;3.6km/h/1.0m/s;-;N/A;;PartlyCloudy;
2000/1/6;14:30;2.0;-2.0;75%;1025hPa;2.5km;Variable;3.6km/h/1.0m/s;-;N/A;;PartlyCloudy;
2000/1/6;15:00;-1.0;-3.0;86%;1025hPa;3.0km;WSW;7.2km/h/2.0m/s;-;N/A;;PartlyCloudy;
2000/1/6;15:30;-2.0;-3.0;93%;1026hPa;3.0km;Variable;7.2km/h/2.0m/s;-;N/A;;ScatteredClouds;
2000/1/6;16:00;-2.0;-2.0;100%;1026hPa;2.5km;WNW;10.8km/h/3.0m/s;-;N/A;;MostlyCloudy;
2000/1/6;16:30;-2.0;-4.0;86%;1026hPa;2.0km;ESE;7.2km/h/2.0m/s;-;N/A;;MostlyCloudy;
2000/1/6;17:00;-3.0;-4.0;93%;1026hPa;2.5km;Variable;3.6km/h/1.0m/s;-;N/A;;MostlyCloudy;
2000/1/6;17:30;-3.0;-4.0;93%;1026hPa;2.2km;Variable;3.6km/h/1.0m/s;-;N/A;;Overcast;
2000/1/6;18:00;-3.0;-3.0;100%;1026hPa;3.5km;Calm;Calm;-;N/A;;MostlyCloudy;
2000/1/6;18:30;-3.0;-4.0;93%;1026hPa;2.5km;Calm;Calm;-;N/A;;ScatteredClouds;
2000/1/6;19:00;-5.0;-6.0;93%;1026hPa;0.1km;ESE;3.6km/h/1.0m/s;-;N/A;Fog;LightFreezingFog;
2000/1/6;19:30;-6.0;-7.0;93%;1026hPa;0.1km;Calm;Calm;-;N/A;Fog;LightFreezingFog;
2000/1/6;20:00;-7.0;-7.0;100%;1026hPa;0.1km;NNW;3.6km/h/1.0m/s;-;N/A;Fog;LightFreezingFog;
2000/1/6;20:30;-6.0;-7.0;93%;1026hPa;0.1km;Variable;3.6km/h/1.0m/s;-;N/A;Fog;LightFreezingFog;
2000/1/6;21:00;-6.0;-6.0;100%;1026hPa;0.1km;Variable;3.6km/h/1.0m/s;-;N/A;Fog;LightFreezingFog;
2000/1/6;22:30;-7.0;-8.0;93%;1026hPa;0.1km;Variable;3.6km/h/1.0m/s;-;N/A;Fog;LightFreezingFog;
2000/1/6;23:30;-8.0;-9.0;93%;1027hPa;0.3km;SE;3.6km/h/1.0m/s;-;N/A;Fog;LightFreezingFog;
