2000/12/2;00:00;-2.0;-2.0;100%;1024hPa;0.2km;North;3.6km/h/1.0m/s;-;N/A;Fog;LightFreezingFog;
2000/12/2;00:30;-2.0;-2.0;100%;1024hPa;0.2km;North;7.2km/h/2.0m/s;-;N/A;Fog;LightFreezingFog;
2000/12/2;01:00;-2.0;-2.0;100%;1023hPa;0.5km;NNW;3.6km/h/1.0m/s;-;N/A;Fog;LightFreezingFog;
2000/12/2;01:30;-2.0;-2.0;100%;1024hPa;1.4km;Calm;Calm;-;N/A;Fog;PatchesofFog;
2000/12/2;02:00;-3.0;-3.0;100%;1023hPa;1.2km;Calm;Calm;-;N/A;Fog;PatchesofFog;
2000/12/2;02:30;-3.0;-3.0;100%;1023hPa;1.5km;North;3.6km/h/1.0m/s;-;N/A;Fog;PatchesofFog;
2000/12/2;03:00;-3.0;-3.0;100%;1023hPa;2.2km;North;3.6km/h/1.0m/s;-;N/A;;PartlyCloudy;
2000/12/2;03:30;-4.0;-4.0;100%;1023hPa;1.8km;Calm;Calm;-;N/A;Fog;PatchesofFog;
2000/12/2;04:00;-3.0;-3.0;100%;1023hPa;2.5km;Calm;Calm;-;N/A;;PartlyCloudy;
2000/12/2;04:30;-4.0;-5.0;93%;1023hPa;0.8km;Calm;Calm;-;N/A;Fog;LightFreezingFog;
2000/12/2;05:00;-4.0;-4.0;100%;1022hPa;0.9km;Calm;Calm;-;N/A;;ScatteredClouds;
2000/12/2;05:30;-4.0;-4.0;100%;1022hPa;3.0km;Calm;Calm;-;N/A;;ScatteredClouds;
2000/12/2;06:00;-4.0;-5.0;93%;1023hPa;2.6km;Calm;Calm;-;N/A;;ScatteredClouds;
2000/12/2;06:30;-4.0;-4.0;100%;1023hPa;1.3km;WSW;3.6km/h/1.0m/s;-;N/A;Fog;PatchesofFog;
2000/12/2;07:00;-4.0;-4.0;100%;1023hPa;1.2km;SW;3.6km/h/1.0m/s;-;N/A;;PartlyCloudy;
2000/12/2;07:30;-5.0;-6.0;93%;1023hPa;0.7km;SSW;3.6km/h/1.0m/s;-;N/A;Fog;LightFreezingFog;
2000/12/2;08:00;-5.0;-5.0;100%;1023hPa;0.3km;Calm;Calm;-;N/A;Fog;LightFreezingFog;
2000/12/2;08:30;-3.0;-3.0;100%;1023hPa;2.0km;Calm;Calm;-;N/A;;PartlyCloudy;
2000/12/2;09:00;-1.0;-1.0;100%;1023hPa;2.7km;Calm;Calm;-;N/A;;PartlyCloudy;
2000/12/2;09:30;1.0;0.0;93%;1023hPa;2.5km;Calm;Calm;-;N/A;;PartlyCloudy;
2000/12/2;10:00;1.0;0.0;93%;1023hPa;2.5km;Calm;Calm;-;N/A;;PartlyCloudy;
2000/12/2;10:30;2.0;1.0;93%;1023hPa;2.7km;Variable;3.6km/h/1.0m/s;-;N/A;;PartlyCloudy;
2000/12/2;11:00;4.0;1.0;81%;1023hPa;2.7km;Calm;Calm;-;N/A;;PartlyCloudy;
2000/12/2;11:30;5.0;2.0;81%;1023hPa;2.5km;Calm;Calm;-;N/A;;PartlyCloudy;
2000/12/2;12:00;6.0;2.0;76%;1023hPa;3.0km;Variable;3.6km/h/1.0m/s;-;N/A;;Clear;
2000/12/2;12:30;5.0;2.0;81%;1023hPa;3.0km;Variable;7.2km/h/2.0m/s;-;N/A;;Clear;
2000/12/2;13:00;6.0;3.0;81%;1022hPa;-;SE;7.2km/h/2.0m/s;-;N/A;;Clear;
2000/12/2;13:30;5.0;2.0;81%;1022hPa;-;Variable;3.6km/h/1.0m/s;-;N/A;;ScatteredClouds;
2000/12/2;14:00;5.0;3.0;87%;1022hPa;5.0km;Variable;3.6km/h/1.0m/s;-;N/A;;ScatteredClouds;
2000/12/2;14:30;5.0;3.0;87%;1022hPa;6.0km;Calm;Calm;-;N/A;;MostlyCloudy;
2000/12/2;15:00;6.0;2.0;76%;1022hPa;7.0km;Calm;Calm;-;N/A;;ScatteredClouds;
2000/12/2;15:30;4.0;2.0;87%;1022hPa;6.0km;Calm;Calm;-;N/A;;MostlyCloudy;
2000/12/2;16:00;4.0;2.0;87%;1022hPa;5.0km;Calm;Calm;-;N/A;;MostlyCloudy;
2000/12/2;16:30;4.0;2.0;87%;1022hPa;6.0km;NNE;3.6km/h/1.0m/s;-;N/A;;Overcast;
2000/12/2;17:00;4.0;3.0;93%;1022hPa;5.0km;Variable;3.6km/h/1.0m/s;-;N/A;;Overcast;
2000/12/2;18:00;4.0;2.0;87%;1023hPa;7.0km;SW;3.6km/h/1.0m/s;-;N/A;;Overcast;
2000/12/2;18:30;4.0;2.0;87%;1023hPa;6.0km;SSW;3.6km/h/1.0m/s;-;N/A;;Overcast;
2000/12/2;19:00;4.0;2.0;87%;1023hPa;8.0km;South;3.6km/h/1.0m/s;-;N/A;;Overcast;
2000/12/2;19:30;4.0;2.0;87%;1023hPa;8.0km;ENE;3.6km/h/1.0m/s;-;N/A;;Overcast;
2000/12/2;20:00;4.0;2.0;87%;1023hPa;8.0km;East;3.6km/h/1.0m/s;-;N/A;;Overcast;
2000/12/2;20:30;4.0;2.0;87%;1023hPa;7.0km;Calm;Calm;-;N/A;;Overcast;
2000/12/2;21:00;3.0;2.0;93%;1023hPa;6.0km;Calm;Calm;-;N/A;;MostlyCloudy;
2000/12/2;21:30;3.0;1.0;87%;1022hPa;5.0km;North;7.2km/h/2.0m/s;-;N/A;;PartlyCloudy;
2000/12/2;22:00;2.0;1.0;93%;1022hPa;5.0km;NNW;3.6km/h/1.0m/s;-;N/A;;PartlyCloudy;
2000/12/2;22:30;2.0;1.0;93%;1022hPa;5.0km;NNW;7.2km/h/2.0m/s;-;N/A;;PartlyCloudy;
2000/12/2;23:00;2.0;2.0;100%;1022hPa;6.0km;North;7.2km/h/2.0m/s;-;N/A;;MostlyCloudy;
2000/12/2;23:30;3.0;2.0;93%;1022hPa;6.0km;North;10.8km/h/3.0m/s;-;N/A;;Overcast;
