2000/12/24;00:00;-6.0;-8.0;86%;1016hPa;8.0km;South;18.0km/h/5.0m/s;-;N/A;;MostlyCloudy;
2000/12/24;00:30;-6.0;-8.0;86%;1016hPa;10.0km;South;18.0km/h/5.0m/s;-;N/A;;MostlyCloudy;
2000/12/24;01:00;-6.0;-8.0;86%;1016hPa;7.0km;South;18.0km/h/5.0m/s;-;N/A;;Overcast;
2000/12/24;01:30;-6.0;-8.0;86%;1016hPa;7.0km;South;18.0km/h/5.0m/s;-;N/A;;Overcast;
2000/12/24;02:00;-6.0;-8.0;86%;1016hPa;7.0km;South;18.0km/h/5.0m/s;-;N/A;;Overcast;
2000/12/24;02:30;-6.0;-8.0;86%;1016hPa;7.0km;South;18.0km/h/5.0m/s;-;N/A;;Overcast;
2000/12/24;03:00;-6.0;-8.0;86%;1015hPa;7.0km;South;18.0km/h/5.0m/s;-;N/A;;Overcast;
2000/12/24;03:30;-5.0;-8.0;80%;1015hPa;7.0km;South;18.0km/h/5.0m/s;-;N/A;;Overcast;
2000/12/24;04:00;-5.0;-8.0;80%;1015hPa;7.0km;South;18.0km/h/5.0m/s;-;N/A;;Overcast;
2000/12/24;04:30;-6.0;-8.0;86%;1015hPa;8.0km;South;14.4km/h/4.0m/s;-;N/A;;Overcast;
2000/12/24;05:00;-6.0;-8.0;86%;1015hPa;7.0km;South;14.4km/h/4.0m/s;-;N/A;;Overcast;
2000/12/24;05:30;-6.0;-8.0;86%;1015hPa;7.0km;South;14.4km/h/4.0m/s;-;N/A;;Overcast;
2000/12/24;07:00;-6.0;-7.0;93%;1015hPa;7.0km;South;14.4km/h/4.0m/s;-;N/A;;Overcast;
2000/12/24;07:30;-6.0;-7.0;93%;1015hPa;4.0km;South;14.4km/h/4.0m/s;-;N/A;;Overcast;
2000/12/24;08:00;-6.0;-7.0;93%;1015hPa;4.0km;South;18.0km/h/5.0m/s;-;N/A;;Overcast;
2000/12/24;08:30;-6.0;-8.0;86%;1015hPa;4.0km;SSW;18.0km/h/5.0m/s;-;N/A;;Overcast;
2000/12/24;09:00;-6.0;-8.0;86%;1015hPa;5.0km;South;21.6km/h/6.0m/s;-;N/A;;Overcast;
2000/12/24;09:30;-5.0;-8.0;80%;1015hPa;8.0km;South;21.6km/h/6.0m/s;-;N/A;;Overcast;
2000/12/24;10:00;-5.0;-8.0;80%;1015hPa;6.0km;South;18.0km/h/5.0m/s;-;N/A;;Overcast;
2000/12/24;10:30;-5.0;-8.0;80%;1015hPa;6.0km;South;21.6km/h/6.0m/s;-;N/A;;Overcast;
2000/12/24;11:00;-5.0;-8.0;80%;1014hPa;8.0km;SSW;21.6km/h/6.0m/s;-;N/A;;Overcast;
2000/12/24;11:30;-5.0;-8.0;80%;1014hPa;8.0km;South;21.6km/h/6.0m/s;-;N/A;;Overcast;
2000/12/24;12:00;-5.0;-8.0;80%;1014hPa;8.0km;SSW;18.0km/h/5.0m/s;-;N/A;;Overcast;
2000/12/24;12:30;-5.0;-8.0;80%;1013hPa;6.0km;South;14.4km/h/4.0m/s;-;N/A;Snow;LightSnowGrains;
2000/12/24;13:00;-5.0;-7.0;86%;1013hPa;6.0km;South;14.4km/h/4.0m/s;-;N/A;Snow;LightSnowGrains;
2000/12/24;13:30;-5.0;-7.0;86%;1013hPa;5.0km;SSW;14.4km/h/4.0m/s;-;N/A;Snow;LightSnowGrains;
2000/12/24;14:00;-4.0;-8.0;74%;1013hPa;5.0km;SSW;14.4km/h/4.0m/s;-;N/A;Snow;LightSnowGrains;
2000/12/24;14:30;-4.0;-8.0;74%;1013hPa;6.0km;SSW;18.0km/h/5.0m/s;-;N/A;;MostlyCloudy;
2000/12/24;15:00;-4.0;-8.0;74%;1013hPa;7.0km;South;14.4km/h/4.0m/s;-;N/A;;MostlyCloudy;
2000/12/24;15:30;-5.0;-8.0;80%;1012hPa;5.0km;SSW;14.4km/h/4.0m/s;-;N/A;;ScatteredClouds;
2000/12/24;16:00;-5.0;-8.0;80%;1012hPa;5.0km;Variable;7.2km/h/2.0m/s;-;N/A;;Overcast;
2000/12/24;16:30;-5.0;-8.0;80%;1013hPa;10.0km;SW;7.2km/h/2.0m/s;-;N/A;;Overcast;
2000/12/24;17:00;-6.0;-8.0;86%;1013hPa;10.0km;SW;3.6km/h/1.0m/s;-;N/A;;Overcast;
2000/12/24;17:30;-6.0;-8.0;86%;1013hPa;10.0km;SW;7.2km/h/2.0m/s;-;N/A;;Overcast;
2000/12/24;18:00;-6.0;-8.0;86%;1013hPa;10.0km;SW;10.8km/h/3.0m/s;-;N/A;;Overcast;
2000/12/24;18:30;-6.0;-8.0;86%;1013hPa;10.0km;WSW;7.2km/h/2.0m/s;-;N/A;;MostlyCloudy;
2000/12/24;19:00;-7.0;-9.0;86%;1012hPa;10.0km;WSW;7.2km/h/2.0m/s;-;N/A;;ScatteredClouds;
2000/12/24;19:30;-7.0;-9.0;86%;1013hPa;-;WSW;3.6km/h/1.0m/s;-;N/A;;Clear;
2000/12/24;20:00;-8.0;-10.0;86%;1013hPa;8.0km;Calm;Calm;-;N/A;;PartlyCloudy;
2000/12/24;20:30;-8.0;-9.0;93%;1012hPa;8.0km;Calm;Calm;-;N/A;;MostlyCloudy;
2000/12/24;21:00;-8.0;-9.0;93%;1013hPa;7.0km;Calm;Calm;-;N/A;;MostlyCloudy;
2000/12/24;21:30;-8.0;-9.0;93%;1012hPa;6.0km;ESE;3.6km/h/1.0m/s;-;N/A;;ScatteredClouds;
2000/12/24;22:00;-9.0;-10.0;93%;1012hPa;6.0km;SSE;3.6km/h/1.0m/s;-;N/A;;PartlyCloudy;
2000/12/24;22:30;-9.0;-10.0;93%;1012hPa;6.0km;Variable;3.6km/h/1.0m/s;-;N/A;;PartlyCloudy;
2000/12/24;23:00;-8.0;-9.0;93%;1012hPa;5.0km;WSW;3.6km/h/1.0m/s;-;N/A;;ScatteredClouds;
2000/12/24;23:30;-8.0;-10.0;86%;1011hPa;5.0km;Calm;Calm;-;N/A;;MostlyCloudy;
