2000/7/12;00:00;16.0;15.0;94%;1004hPa;10.0km;SSW;14.4km/h/4.0m/s;-;N/A;;Overcast;
2000/7/12;00:30;17.0;16.0;94%;1004hPa;7.0km;SW;10.8km/h/3.0m/s;-;N/A;;Overcast;
2000/7/12;01:00;17.0;16.0;94%;1004hPa;7.0km;SW;7.2km/h/2.0m/s;-;N/A;;Overcast;
2000/7/12;01:30;17.0;16.0;94%;1004hPa;5.0km;SSW;7.2km/h/2.0m/s;-;N/A;;MostlyCloudy;
2000/7/12;02:00;17.0;16.0;94%;1004hPa;7.0km;Variable;7.2km/h/2.0m/s;-;N/A;;MostlyCloudy;
2000/7/12;02:30;17.0;16.0;94%;1004hPa;5.0km;Variable;7.2km/h/2.0m/s;-;N/A;;Overcast;
2000/7/12;03:00;17.0;16.0;94%;1004hPa;5.0km;South;10.8km/h/3.0m/s;-;N/A;;Overcast;
2000/7/12;03:30;17.0;16.0;94%;1004hPa;3.5km;South;14.4km/h/4.0m/s;-;N/A;Rain;LightRain;
2000/7/12;04:00;17.0;16.0;94%;1004hPa;3.5km;South;10.8km/h/3.0m/s;-;N/A;;MostlyCloudy;
2000/7/12;04:30;17.0;16.0;94%;1003hPa;2.0km;Variable;3.6km/h/1.0m/s;-;N/A;;Overcast;
2000/7/12;05:00;17.0;16.0;94%;1004hPa;2.0km;Variable;7.2km/h/2.0m/s;-;N/A;;Overcast;
2000/7/12;05:30;17.0;16.0;94%;1004hPa;2.0km;South;10.8km/h/3.0m/s;-;N/A;;Overcast;
2000/7/12;06:00;17.0;16.0;94%;1004hPa;2.0km;South;7.2km/h/2.0m/s;-;N/A;;Overcast;
2000/7/12;06:30;17.0;16.0;94%;1004hPa;2.0km;Variable;7.2km/h/2.0m/s;-;N/A;Rain;LightRain;
2000/7/12;07:00;17.0;16.0;94%;1005hPa;1.8km;SSW;14.4km/h/4.0m/s;-;N/A;Rain;LightRain;
2000/7/12;07:30;17.0;16.0;94%;1005hPa;1.8km;SSW;10.8km/h/3.0m/s;-;N/A;Rain,Thunderstorm;LightThunderstormsandRain;
2000/7/12;08:00;17.0;16.0;94%;1005hPa;2.0km;Variable;3.6km/h/1.0m/s;-;N/A;Rain,Thunderstorm;LightThunderstormsandRain;
2000/7/12;08:30;17.0;16.0;94%;1006hPa;4.0km;Variable;7.2km/h/2.0m/s;-;N/A;Rain;LightRainShowers;
2000/7/12;09:00;18.0;16.0;88%;1006hPa;10.0km;Variable;7.2km/h/2.0m/s;-;N/A;;MostlyCloudy;
2000/7/12;09:30;18.0;15.0;83%;1006hPa;10.0km;SW;14.4km/h/4.0m/s;-;N/A;;ScatteredClouds;
2000/7/12;10:00;20.0;15.0;73%;1006hPa;10.0km;WSW;14.4km/h/4.0m/s;-;N/A;;ScatteredClouds;
2000/7/12;10:30;21.0;15.0;68%;1006hPa;10.0km;SW;18.0km/h/5.0m/s;-;N/A;;MostlyCloudy;
2000/7/12;11:00;21.0;15.0;68%;1007hPa;10.0km;WSW;21.6km/h/6.0m/s;-;N/A;;MostlyCloudy;
2000/7/12;11:30;22.0;12.0;53%;1007hPa;10.0km;SW;25.2km/h/7.0m/s;-;N/A;;PartlyCloudy;
2000/7/12;12:00;22.0;13.0;57%;1007hPa;10.0km;WSW;21.6km/h/6.0m/s;-;N/A;;PartlyCloudy;
2000/7/12;12:30;22.0;12.0;53%;1007hPa;10.0km;SW;25.2km/h/7.0m/s;-;N/A;;PartlyCloudy;
2000/7/12;13:00;23.0;12.0;50%;1007hPa;10.0km;SW;28.8km/h/8.0m/s;-;N/A;;PartlyCloudy;
2000/7/12;13:30;23.0;11.0;47%;1007hPa;10.0km;SW;25.2km/h/7.0m/s;-;N/A;;PartlyCloudy;
2000/7/12;14:00;24.0;11.0;44%;1007hPa;10.0km;SW;25.2km/h/7.0m/s;-;N/A;;ScatteredClouds;
2000/7/12;14:30;24.0;12.0;47%;1007hPa;10.0km;WSW;18.0km/h/5.0m/s;36.0km/h/10.0m/s;N/A;;ScatteredClouds;
2000/7/12;15:00;23.0;9.0;41%;1007hPa;10.0km;SSW;14.4km/h/4.0m/s;-;N/A;;ScatteredClouds;
2000/7/12;15:30;24.0;10.0;41%;1007hPa;10.0km;SW;14.4km/h/4.0m/s;-;N/A;;ScatteredClouds;
2000/7/12;16:00;23.0;11.0;47%;1007hPa;10.0km;SW;21.6km/h/6.0m/s;-;N/A;;ScatteredClouds;
2000/7/12;16:30;23.0;9.0;41%;1007hPa;10.0km;SSW;14.4km/h/4.0m/s;-;N/A;;ScatteredClouds;
2000/7/12;17:00;22.0;10.0;46%;1007hPa;10.0km;WSW;21.6km/h/6.0m/s;-;N/A;;ScatteredClouds;
2000/7/12;17:30;23.0;10.0;44%;1007hPa;10.0km;WSW;18.0km/h/5.0m/s;-;N/A;;ScatteredClouds;
2000/7/12;18:00;22.0;11.0;50%;1008hPa;10.0km;SW;14.4km/h/4.0m/s;-;N/A;;ScatteredClouds;
2000/7/12;18:30;20.0;12.0;60%;1007hPa;10.0km;Variable;7.2km/h/2.0m/s;-;N/A;;ScatteredClouds;
2000/7/12;19:00;19.0;12.0;64%;1008hPa;-;NNE;10.8km/h/3.0m/s;-;N/A;;Clear;
2000/7/12;19:30;19.0;11.0;60%;1008hPa;-;North;21.6km/h/6.0m/s;-;N/A;;Clear;
2000/7/12;20:00;18.0;11.0;64%;1009hPa;-;North;25.2km/h/7.0m/s;-;N/A;;Clear;
2000/7/12;20:30;17.0;12.0;72%;1009hPa;10.0km;North;28.8km/h/8.0m/s;-;N/A;;ScatteredClouds;
2000/7/12;21:00;16.0;11.0;72%;1009hPa;10.0km;North;28.8km/h/8.0m/s;-;N/A;;MostlyCloudy;
2000/7/12;21:30;16.0;11.0;72%;1009hPa;10.0km;North;28.8km/h/8.0m/s;-;N/A;;MostlyCloudy;
2000/7/12;22:00;16.0;11.0;72%;1010hPa;10.0km;NNE;21.6km/h/6.0m/s;-;N/A;;MostlyCloudy;
2000/7/12;22:30;15.0;11.0;77%;1010hPa;-;NNE;18.0km/h/5.0m/s;-;N/A;;Clear;
2000/7/12;23:00;15.0;10.0;72%;1010hPa;-;North;18.0km/h/5.0m/s;-;N/A;;Clear;
2000/7/12;23:30;15.0;9.0;67%;1010hPa;-;North;18.0km/h/5.0m/s;-;N/A;;Clear;
