2000/9/2;00:00;14.0;12.0;88%;1007hPa;-;NNW;7.2km/h/2.0m/s;-;N/A;;Clear;
2000/9/2;00:30;14.0;12.0;88%;1007hPa;-;NNW;7.2km/h/2.0m/s;-;N/A;;Clear;
2000/9/2;01:00;14.0;12.0;88%;1007hPa;-;North;14.4km/h/4.0m/s;-;N/A;;Clear;
2000/9/2;01:30;14.0;11.0;82%;1007hPa;-;North;10.8km/h/3.0m/s;-;N/A;;Clear;
2000/9/2;02:00;14.0;12.0;88%;1007hPa;-;NNW;7.2km/h/2.0m/s;-;N/A;;Clear;
2000/9/2;02:30;14.0;11.0;82%;1007hPa;-;North;7.2km/h/2.0m/s;-;N/A;;Clear;
2000/9/2;03:00;13.0;11.0;88%;1007hPa;-;North;10.8km/h/3.0m/s;-;N/A;;Clear;
2000/9/2;03:30;13.0;11.0;88%;1007hPa;-;Variable;7.2km/h/2.0m/s;-;N/A;;Clear;
2000/9/2;04:00;13.0;11.0;88%;1007hPa;-;NNE;7.2km/h/2.0m/s;-;N/A;;Clear;
2000/9/2;04:30;13.0;11.0;88%;1007hPa;-;Calm;Calm;-;N/A;;Clear;
2000/9/2;05:00;12.0;9.0;82%;1007hPa;-;Variable;3.6km/h/1.0m/s;-;N/A;;Clear;
2000/9/2;05:30;11.0;10.0;94%;1007hPa;6.0km;Variable;3.6km/h/1.0m/s;-;N/A;;PartlyCloudy;
2000/9/2;06:00;11.0;10.0;94%;1007hPa;4.0km;Variable;3.6km/h/1.0m/s;-;N/A;;PartlyCloudy;
2000/9/2;06:30;11.0;10.0;94%;1007hPa;4.0km;Calm;Calm;-;N/A;;PartlyCloudy;
2000/9/2;07:00;12.0;11.0;94%;1008hPa;7.0km;WNW;3.6km/h/1.0m/s;-;N/A;;ScatteredClouds;
2000/9/2;07:30;14.0;12.0;88%;1008hPa;9.0km;Calm;Calm;-;N/A;;ScatteredClouds;
2000/9/2;08:00;15.0;12.0;82%;1008hPa;9.0km;Variable;3.6km/h/1.0m/s;-;N/A;;ScatteredClouds;
2000/9/2;08:30;17.0;13.0;77%;1008hPa;-;Variable;3.6km/h/1.0m/s;-;N/A;;Clear;
2000/9/2;09:00;18.0;13.0;73%;1007hPa;-;Variable;3.6km/h/1.0m/s;-;N/A;;Clear;
2000/9/2;09:30;19.0;14.0;73%;1008hPa;-;Variable;3.6km/h/1.0m/s;-;N/A;;Clear;
2000/9/2;10:00;20.0;14.0;68%;1008hPa;-;Variable;3.6km/h/1.0m/s;-;N/A;;Clear;
2000/9/2;10:30;20.0;14.0;68%;1008hPa;-;Variable;7.2km/h/2.0m/s;-;N/A;;Clear;
2000/9/2;11:00;21.0;14.0;64%;1008hPa;8.0km;SW;10.8km/h/3.0m/s;-;N/A;;ScatteredClouds;
2000/9/2;11:30;22.0;12.0;53%;1008hPa;-;Variable;7.2km/h/2.0m/s;-;N/A;;Clear;
2000/9/2;12:00;23.0;12.0;50%;1008hPa;-;Variable;7.2km/h/2.0m/s;-;N/A;;Clear;
2000/9/2;12:30;23.0;12.0;50%;1008hPa;-;Variable;7.2km/h/2.0m/s;-;N/A;;Clear;
2000/9/2;13:00;24.0;13.0;50%;1007hPa;10.0km;West;10.8km/h/3.0m/s;-;N/A;;MostlyCloudy;
2000/9/2;13:30;24.0;13.0;50%;1007hPa;10.0km;SW;10.8km/h/3.0m/s;-;N/A;;ScatteredClouds;
2000/9/2;14:00;25.0;13.0;47%;1007hPa;10.0km;Variable;7.2km/h/2.0m/s;-;N/A;;ScatteredClouds;
2000/9/2;14:30;25.0;13.0;47%;1007hPa;10.0km;Variable;7.2km/h/2.0m/s;-;N/A;;ScatteredClouds;
2000/9/2;15:00;25.0;12.0;44%;1007hPa;-;Variable;7.2km/h/2.0m/s;-;N/A;;Clear;
2000/9/2;15:30;26.0;10.0;36%;1006hPa;-;Variable;7.2km/h/2.0m/s;-;N/A;;Clear;
2000/9/2;16:00;26.0;12.0;42%;1006hPa;-;SSE;10.8km/h/3.0m/s;-;N/A;;Clear;
2000/9/2;16:30;24.0;12.0;47%;1006hPa;-;South;10.8km/h/3.0m/s;-;N/A;;Clear;
2000/9/2;17:00;18.0;14.0;77%;1007hPa;4.0km;NW;18.0km/h/5.0m/s;39.6km/h/11.0m/s;N/A;Rain,Thunderstorm;ThunderstormsandRain;
2000/9/2;17:30;18.0;15.0;83%;1007hPa;10.0km;NW;10.8km/h/3.0m/s;-;N/A;;ScatteredClouds;
2000/9/2;18:00;18.0;15.0;83%;1007hPa;10.0km;ENE;10.8km/h/3.0m/s;-;N/A;Rain;LightRainShowers;
2000/9/2;18:30;18.0;15.0;83%;1007hPa;10.0km;East;10.8km/h/3.0m/s;-;N/A;Rain;LightRainShowers;
2000/9/2;19:00;17.0;15.0;88%;1007hPa;10.0km;North;14.4km/h/4.0m/s;-;N/A;;ScatteredClouds;
2000/9/2;19:30;17.0;14.0;82%;1007hPa;10.0km;NNE;7.2km/h/2.0m/s;-;N/A;Rain;LightRainShowers;
2000/9/2;20:00;17.0;15.0;88%;1007hPa;10.0km;Variable;7.2km/h/2.0m/s;-;N/A;;MostlyCloudy;
2000/9/2;20:30;16.0;14.0;88%;1007hPa;10.0km;Variable;7.2km/h/2.0m/s;-;N/A;;MostlyCloudy;
2000/9/2;21:00;16.0;14.0;88%;1007hPa;10.0km;NNW;7.2km/h/2.0m/s;-;N/A;;ScatteredClouds;
2000/9/2;21:30;15.0;13.0;88%;1008hPa;10.0km;NNW;7.2km/h/2.0m/s;-;N/A;;MostlyCloudy;
2000/9/2;22:00;15.0;13.0;88%;1007hPa;-;North;10.8km/h/3.0m/s;-;N/A;;Clear;
2000/9/2;22:30;15.0;13.0;88%;1007hPa;10.0km;North;10.8km/h/3.0m/s;-;N/A;;MostlyCloudy;
2000/9/2;23:00;15.0;13.0;88%;1008hPa;10.0km;North;7.2km/h/2.0m/s;-;N/A;;ScatteredClouds;
2000/9/2;23:30;15.0;13.0;88%;1007hPa;10.0km;Variable;7.2km/h/2.0m/s;-;N/A;;MostlyCloudy;
