2000/12/20;00:00;0.0;-6.0;64%;1024hPa;10.0km;North;18.0km/h/5.0m/s;-;N/A;;MostlyCloudy;
2000/12/20;00:30;0.0;-6.0;64%;1024hPa;10.0km;North;18.0km/h/5.0m/s;-;N/A;;MostlyCloudy;
2000/12/20;01:00;-1.0;-7.0;64%;1024hPa;10.0km;North;21.6km/h/6.0m/s;-;N/A;;MostlyCloudy;
2000/12/20;01:30;0.0;-8.0;55%;1025hPa;10.0km;North;18.0km/h/5.0m/s;-;N/A;;MostlyCloudy;
2000/12/20;02:00;0.0;-7.0;60%;1025hPa;10.0km;North;25.2km/h/7.0m/s;-;N/A;;MostlyCloudy;
2000/12/20;02:30;-1.0;-7.0;64%;1025hPa;10.0km;North;25.2km/h/7.0m/s;-;N/A;;MostlyCloudy;
2000/12/20;03:00;-1.0;-8.0;60%;1025hPa;10.0km;North;28.8km/h/8.0m/s;-;N/A;;ScatteredClouds;
2000/12/20;03:30;-1.0;-8.0;60%;1025hPa;10.0km;North;28.8km/h/8.0m/s;-;N/A;;MostlyCloudy;
2000/12/20;04:00;-2.0;-8.0;64%;1025hPa;10.0km;North;32.4km/h/9.0m/s;-;N/A;;ScatteredClouds;
2000/12/20;04:30;-2.0;-8.0;64%;1025hPa;10.0km;NNE;32.4km/h/9.0m/s;-;N/A;;ScatteredClouds;
2000/12/20;05:00;-2.0;-7.0;69%;1026hPa;10.0km;NNE;21.6km/h/6.0m/s;-;N/A;;ScatteredClouds;
2000/12/20;05:30;-2.0;-8.0;64%;1026hPa;10.0km;NNE;21.6km/h/6.0m/s;-;N/A;;ScatteredClouds;
2000/12/20;06:00;-2.0;-8.0;64%;1026hPa;10.0km;NNE;25.2km/h/7.0m/s;-;N/A;;ScatteredClouds;
2000/12/20;06:30;-2.0;-8.0;64%;1026hPa;10.0km;NNE;25.2km/h/7.0m/s;-;N/A;;MostlyCloudy;
2000/12/20;07:00;-2.0;-8.0;64%;1027hPa;10.0km;North;32.4km/h/9.0m/s;54.0km/h/15.0m/s;N/A;;MostlyCloudy;
2000/12/20;07:30;-2.0;-8.0;64%;1027hPa;10.0km;North;36.0km/h/10.0m/s;-;N/A;;MostlyCloudy;
2000/12/20;08:00;-2.0;-8.0;64%;1027hPa;10.0km;NNE;39.6km/h/11.0m/s;-;N/A;;ScatteredClouds;
2000/12/20;08:30;-2.0;-8.0;64%;1027hPa;10.0km;NNE;39.6km/h/11.0m/s;-;N/A;;ScatteredClouds;
2000/12/20;09:00;-2.0;-7.0;69%;1028hPa;10.0km;NNE;28.8km/h/8.0m/s;-;N/A;;ScatteredClouds;
2000/12/20;09:30;-2.0;-7.0;69%;1028hPa;10.0km;NNE;25.2km/h/7.0m/s;-;N/A;;ScatteredClouds;
2000/12/20;10:00;-1.0;-6.0;69%;1028hPa;10.0km;NNE;28.8km/h/8.0m/s;-;N/A;Snow;LightSnow;
2000/12/20;10:30;-2.0;-7.0;69%;1029hPa;10.0km;NNE;36.0km/h/10.0m/s;-;N/A;Snow;LightSnow;
2000/12/20;11:00;-1.0;-7.0;64%;1029hPa;10.0km;NNE;36.0km/h/10.0m/s;-;N/A;Snow;LightSnow;
2000/12/20;11:30;-2.0;-7.0;69%;1029hPa;10.0km;NNE;32.4km/h/9.0m/s;-;N/A;Snow;LightSnow;
2000/12/20;12:00;-2.0;-9.0;59%;1029hPa;10.0km;North;36.0km/h/10.0m/s;-;N/A;Snow;LightSnow;
2000/12/20;12:30;-2.0;-9.0;59%;1029hPa;10.0km;North;36.0km/h/10.0m/s;-;N/A;;MostlyCloudy;
2000/12/20;13:00;-3.0;-10.0;59%;1029hPa;10.0km;North;32.4km/h/9.0m/s;-;N/A;Snow;LightSnowShowers;
2000/12/20;13:30;-3.0;-10.0;59%;1029hPa;10.0km;North;25.2km/h/7.0m/s;-;N/A;Snow;LightSnowShowers;
2000/12/20;14:00;-3.0;-10.0;59%;1029hPa;10.0km;North;32.4km/h/9.0m/s;-;N/A;;ScatteredClouds;
2000/12/20;14:30;-3.0;-10.0;59%;1029hPa;10.0km;NNE;28.8km/h/8.0m/s;-;N/A;;ScatteredClouds;
2000/12/20;15:00;-3.0;-9.0;64%;1029hPa;10.0km;NNE;28.8km/h/8.0m/s;-;N/A;;ScatteredClouds;
2000/12/20;15:30;-3.0;-9.0;64%;1030hPa;10.0km;NNE;28.8km/h/8.0m/s;-;N/A;;MostlyCloudy;
2000/12/20;16:00;-3.0;-9.0;64%;1030hPa;10.0km;NNE;21.6km/h/6.0m/s;-;N/A;;MostlyCloudy;
2000/12/20;16:30;-3.0;-9.0;64%;1030hPa;10.0km;NNE;25.2km/h/7.0m/s;-;N/A;;MostlyCloudy;
2000/12/20;17:00;-3.0;-9.0;64%;1030hPa;10.0km;NNE;21.6km/h/6.0m/s;-;N/A;;MostlyCloudy;
2000/12/20;17:30;-3.0;-9.0;64%;1030hPa;10.0km;NNE;25.2km/h/7.0m/s;-;N/A;;MostlyCloudy;
2000/12/20;18:00;-3.0;-10.0;59%;1030hPa;10.0km;NNE;25.2km/h/7.0m/s;-;N/A;;MostlyCloudy;
2000/12/20;18:30;-3.0;-9.0;64%;1030hPa;10.0km;NNE;25.2km/h/7.0m/s;-;N/A;;ScatteredClouds;
2000/12/20;19:00;-3.0;-9.0;64%;1030hPa;10.0km;NNE;18.0km/h/5.0m/s;-;N/A;;ScatteredClouds;
2000/12/20;19:30;-3.0;-9.0;64%;1030hPa;10.0km;NNE;28.8km/h/8.0m/s;-;N/A;;ScatteredClouds;
2000/12/20;20:00;-3.0;-9.0;64%;1030hPa;10.0km;NNE;28.8km/h/8.0m/s;-;N/A;;ScatteredClouds;
2000/12/20;20:30;-2.0;-9.0;59%;1030hPa;10.0km;North;25.2km/h/7.0m/s;-;N/A;;MostlyCloudy;
2000/12/20;21:00;-2.0;-9.0;59%;1030hPa;10.0km;NNE;25.2km/h/7.0m/s;-;N/A;;MostlyCloudy;
2000/12/20;21:30;-2.0;-9.0;59%;1030hPa;10.0km;NNE;28.8km/h/8.0m/s;-;N/A;;MostlyCloudy;
2000/12/20;22:00;-2.0;-9.0;59%;1031hPa;10.0km;NNE;28.8km/h/8.0m/s;-;N/A;;MostlyCloudy;
2000/12/20;22:30;-2.0;-8.0;64%;1031hPa;10.0km;NNE;25.2km/h/7.0m/s;-;N/A;;MostlyCloudy;
2000/12/20;23:00;-2.0;-9.0;59%;1031hPa;10.0km;NNE;21.6km/h/6.0m/s;-;N/A;;MostlyCloudy;
2000/12/20;23:30;-2.0;-9.0;59%;1031hPa;10.0km;NNE;21.6km/h/6.0m/s;-;N/A;;MostlyCloudy;
