2000/7/26;00:00;19.0;14.0;73%;1010hPa;-;East;7.2km/h/2.0m/s;-;N/A;;Clear;
2000/7/26;00:30;18.0;14.0;77%;1010hPa;-;Variable;3.6km/h/1.0m/s;-;N/A;;Clear;
2000/7/26;01:00;18.0;14.0;77%;1010hPa;-;Variable;3.6km/h/1.0m/s;-;N/A;;Clear;
2000/7/26;01:30;17.0;14.0;82%;1010hPa;-;Variable;3.6km/h/1.0m/s;-;N/A;;Clear;
2000/7/26;02:00;16.0;13.0;82%;1010hPa;-;Variable;3.6km/h/1.0m/s;-;N/A;;Clear;
2000/7/26;02:30;16.0;13.0;82%;1010hPa;-;Variable;3.6km/h/1.0m/s;-;N/A;;Clear;
2000/7/26;03:00;15.0;13.0;88%;1010hPa;-;North;3.6km/h/1.0m/s;-;N/A;;Clear;
2000/7/26;03:30;15.0;12.0;82%;1010hPa;-;North;10.8km/h/3.0m/s;-;N/A;;Clear;
2000/7/26;04:00;15.0;12.0;82%;1010hPa;-;Variable;3.6km/h/1.0m/s;-;N/A;;Clear;
2000/7/26;04:30;14.0;12.0;88%;1010hPa;-;North;7.2km/h/2.0m/s;-;N/A;;Clear;
2000/7/26;05:00;15.0;12.0;82%;1010hPa;-;NNW;7.2km/h/2.0m/s;-;N/A;;Clear;
2000/7/26;05:30;15.0;12.0;82%;1010hPa;-;Variable;3.6km/h/1.0m/s;-;N/A;;Clear;
2000/7/26;06:00;16.0;13.0;82%;1010hPa;-;Variable;3.6km/h/1.0m/s;-;N/A;;Clear;
2000/7/26;06:30;17.0;13.0;77%;1010hPa;-;Variable;3.6km/h/1.0m/s;-;N/A;;Clear;
2000/7/26;07:00;17.0;14.0;82%;1010hPa;-;Variable;3.6km/h/1.0m/s;-;N/A;;Clear;
2000/7/26;07:30;18.0;14.0;77%;1010hPa;-;Variable;3.6km/h/1.0m/s;-;N/A;;Clear;
2000/7/26;08:00;20.0;14.0;68%;1010hPa;-;Variable;7.2km/h/2.0m/s;-;N/A;;Clear;
2000/7/26;08:30;22.0;16.0;69%;1010hPa;-;Variable;3.6km/h/1.0m/s;-;N/A;;Clear;
2000/7/26;09:00;22.0;16.0;69%;1010hPa;-;Variable;3.6km/h/1.0m/s;-;N/A;;Clear;
2000/7/26;09:30;23.0;16.0;65%;1010hPa;-;Variable;3.6km/h/1.0m/s;-;N/A;;Clear;
2000/7/26;10:00;25.0;15.0;54%;1010hPa;-;Variable;3.6km/h/1.0m/s;-;N/A;;Clear;
2000/7/26;10:30;25.0;15.0;54%;1010hPa;-;Variable;3.6km/h/1.0m/s;-;N/A;;Clear;
2000/7/26;11:00;26.0;16.0;54%;1009hPa;-;Variable;7.2km/h/2.0m/s;-;N/A;;Clear;
2000/7/26;11:30;27.0;17.0;54%;1009hPa;-;South;10.8km/h/3.0m/s;-;N/A;;Clear;
2000/7/26;12:00;28.0;18.0;54%;1009hPa;-;SSE;14.4km/h/4.0m/s;-;N/A;;Clear;
2000/7/26;12:30;27.0;16.0;51%;1009hPa;-;SSE;18.0km/h/5.0m/s;-;N/A;;Clear;
2000/7/26;13:00;26.0;17.0;57%;1008hPa;-;SSE;18.0km/h/5.0m/s;-;N/A;;Clear;
2000/7/26;13:30;28.0;16.0;48%;1008hPa;-;South;25.2km/h/7.0m/s;-;N/A;;Clear;
2000/7/26;14:00;28.0;17.0;51%;1008hPa;-;South;21.6km/h/6.0m/s;-;N/A;;Clear;
2000/7/26;14:30;28.0;17.0;51%;1007hPa;-;South;25.2km/h/7.0m/s;-;N/A;;Clear;
2000/7/26;15:00;28.0;17.0;51%;1007hPa;10.0km;South;21.6km/h/6.0m/s;-;N/A;;MostlyCloudy;
2000/7/26;15:30;28.0;15.0;45%;1007hPa;10.0km;SSW;21.6km/h/6.0m/s;-;N/A;;ScatteredClouds;
2000/7/26;16:00;28.0;15.0;45%;1006hPa;10.0km;SW;14.4km/h/4.0m/s;-;N/A;Rain;LightRainShowers;
2000/7/26;16:30;25.0;19.0;69%;1006hPa;10.0km;WNW;14.4km/h/4.0m/s;-;N/A;;ScatteredClouds;
2000/7/26;17:00;26.0;16.0;54%;1007hPa;-;WSW;21.6km/h/6.0m/s;-;N/A;;Clear;
2000/7/26;17:30;27.0;16.0;51%;1006hPa;-;WSW;18.0km/h/5.0m/s;-;N/A;;Clear;
2000/7/26;18:00;25.0;15.0;54%;1007hPa;10.0km;WSW;10.8km/h/3.0m/s;-;N/A;Rain;LightRainShowers;
2000/7/26;18:30;19.0;16.0;83%;1008hPa;2.1km;West;43.2km/h/12.0m/s;72.0km/h/20.0m/s;N/A;Rain,Thunderstorm;ThunderstormsandRain;
2000/7/26;19:00;19.0;17.0;88%;1008hPa;10.0km;South;14.4km/h/4.0m/s;-;N/A;Rain,Thunderstorm;LightThunderstormsandRain;
2000/7/26;19:30;18.0;17.0;94%;1007hPa;10.0km;Variable;7.2km/h/2.0m/s;-;N/A;;MostlyCloudy;
2000/7/26;20:00;18.0;17.0;94%;1007hPa;10.0km;Variable;7.2km/h/2.0m/s;-;N/A;;MostlyCloudy;
2000/7/26;20:30;18.0;17.0;94%;1007hPa;10.0km;Variable;7.2km/h/2.0m/s;-;N/A;;MostlyCloudy;
2000/7/26;21:00;18.0;16.0;88%;1008hPa;10.0km;Variable;3.6km/h/1.0m/s;-;N/A;;ScatteredClouds;
2000/7/26;21:30;17.0;15.0;88%;1008hPa;10.0km;Variable;3.6km/h/1.0m/s;-;N/A;;ScatteredClouds;
2000/7/26;22:00;17.0;16.0;94%;1008hPa;10.0km;Variable;3.6km/h/1.0m/s;-;N/A;;ScatteredClouds;
2000/7/26;22:30;17.0;16.0;94%;1009hPa;10.0km;SW;3.6km/h/1.0m/s;-;N/A;;PartlyCloudy;
2000/7/26;23:00;17.0;16.0;94%;1009hPa;10.0km;Variable;3.6km/h/1.0m/s;-;N/A;;ScatteredClouds;
2000/7/26;23:30;17.0;16.0;94%;1009hPa;10.0km;NW;3.6km/h/1.0m/s;-;N/A;;ScatteredClouds;
