2000/1/7;00:00;-8.0;-9.0;93%;1026hPa;0.1km;Variable;3.6km/h/1.0m/s;-;N/A;Fog;LightFreezingFog;
2000/1/7;00:30;-9.0;-9.0;100%;1026hPa;0.1km;Variable;3.6km/h/1.0m/s;-;N/A;Fog;LightFreezingFog;
2000/1/7;01:00;-8.0;-9.0;93%;1027hPa;0.2km;SSW;3.6km/h/1.0m/s;-;N/A;Fog;LightFreezingFog;
2000/1/7;01:30;-8.0;-8.0;100%;1027hPa;0.5km;Variable;3.6km/h/1.0m/s;-;N/A;Fog,Snow;LightSnowGrains;
2000/1/7;02:00;-7.0;-8.0;93%;1027hPa;0.2km;ESE;7.2km/h/2.0m/s;-;N/A;Fog,Snow;LightSnowGrains;
2000/1/7;02:30;-7.0;-8.0;93%;1027hPa;0.4km;Variable;3.6km/h/1.0m/s;-;N/A;Fog,Snow;LightSnowGrains;
2000/1/7;03:00;-7.0;-8.0;93%;1027hPa;0.3km;East;3.6km/h/1.0m/s;-;N/A;Fog,Snow;LightSnowGrains;
2000/1/7;05:00;-6.0;-6.0;100%;1027hPa;0.3km;Variable;3.6km/h/1.0m/s;-;N/A;Fog,Snow;LightSnowGrains;
2000/1/7;05:30;-6.0;-6.0;100%;1027hPa;1.2km;Variable;3.6km/h/1.0m/s;-;N/A;Snow;LightSnowGrains;
2000/1/7;06:30;-5.0;-5.0;100%;1028hPa;0.2km;WSW;10.8km/h/3.0m/s;-;N/A;Fog,Snow;LightSnowGrains;
2000/1/7;07:00;-5.0;-5.0;100%;1028hPa;0.4km;WSW;7.2km/h/2.0m/s;-;N/A;Fog;LightFreezingFog;
2000/1/7;07:30;-5.0;-5.0;100%;1028hPa;0.2km;SW;10.8km/h/3.0m/s;-;N/A;Fog;LightFreezingFog;
2000/1/7;08:00;-5.0;-5.0;100%;1029hPa;0.5km;WSW;7.2km/h/2.0m/s;-;N/A;Fog,Snow;LightSnowGrains;
2000/1/7;08:30;-5.0;-6.0;93%;1029hPa;0.3km;SW;7.2km/h/2.0m/s;-;N/A;Fog,Snow;LightSnowGrains;
2000/1/7;09:00;-5.0;-5.0;100%;1029hPa;0.8km;WSW;10.8km/h/3.0m/s;-;N/A;Fog,Snow;LightSnowGrains;
2000/1/7;09:30;-5.0;-5.0;100%;1029hPa;0.8km;WSW;7.2km/h/2.0m/s;-;N/A;Fog,Snow;LightSnowGrains;
2000/1/7;10:00;-5.0;-5.0;100%;1029hPa;0.6km;Variable;7.2km/h/2.0m/s;-;N/A;Fog,Snow;LightSnowGrains;
2000/1/7;10:30;-5.0;-5.0;100%;1029hPa;1.3km;Variable;7.2km/h/2.0m/s;-;N/A;Snow;LightSnowGrains;
2000/1/7;11:00;-5.0;-5.0;100%;1029hPa;1.6km;Variable;7.2km/h/2.0m/s;-;N/A;Snow;LightSnowGrains;
2000/1/7;11:30;-5.0;-5.0;100%;1029hPa;0.6km;WSW;10.8km/h/3.0m/s;-;N/A;Fog,Snow;LightSnowGrains;
2000/1/7;12:00;-5.0;-5.0;100%;1029hPa;0.6km;WSW;7.2km/h/2.0m/s;-;N/A;Fog;LightFreezingFog;
2000/1/7;12:30;-5.0;-5.0;100%;1029hPa;0.8km;WSW;7.2km/h/2.0m/s;-;N/A;Fog;LightFreezingFog;
2000/1/7;13:00;-4.0;-5.0;93%;1029hPa;1.0km;WSW;7.2km/h/2.0m/s;-;N/A;;Overcast;
2000/1/7;13:30;-4.0;-5.0;93%;1029hPa;1.3km;SW;7.2km/h/2.0m/s;-;N/A;;Overcast;
2000/1/7;14:00;-4.0;-5.0;93%;1029hPa;0.6km;Variable;3.6km/h/1.0m/s;-;N/A;Fog;LightFreezingFog;
2000/1/7;14:30;-4.0;-5.0;93%;1029hPa;1.6km;West;7.2km/h/2.0m/s;-;N/A;;Overcast;
2000/1/7;15:00;-4.0;-5.0;93%;1029hPa;1.8km;SW;7.2km/h/2.0m/s;-;N/A;;Overcast;
2000/1/7;15:30;-4.0;-5.0;93%;1029hPa;2.0km;West;7.2km/h/2.0m/s;-;N/A;;Overcast;
2000/1/7;16:00;-4.0;-5.0;93%;1029hPa;2.0km;West;7.2km/h/2.0m/s;-;N/A;;Overcast;
2000/1/7;16:30;-4.0;-5.0;93%;1029hPa;3.5km;Calm;Calm;-;N/A;;Overcast;
2000/1/7;17:00;-4.0;-5.0;93%;1029hPa;4.0km;SSE;3.6km/h/1.0m/s;-;N/A;;Overcast;
2000/1/7;17:30;-4.0;-5.0;93%;1030hPa;1.5km;Variable;3.6km/h/1.0m/s;-;N/A;;Overcast;
2000/1/7;18:00;-4.0;-5.0;93%;1029hPa;0.6km;SSE;3.6km/h/1.0m/s;-;N/A;Fog;LightFreezingFog;
2000/1/7;18:30;-4.0;-5.0;93%;1029hPa;0.2km;SSE;3.6km/h/1.0m/s;-;N/A;Fog,Snow;LightSnowGrains;
2000/1/7;19:00;-4.0;-5.0;93%;1029hPa;0.2km;South;3.6km/h/1.0m/s;-;N/A;Fog;LightFreezingFog;
2000/1/7;19:30;-4.0;-5.0;93%;1030hPa;0.2km;Variable;3.6km/h/1.0m/s;-;N/A;Fog;LightFreezingFog;
2000/1/7;20:30;-4.0;-4.0;100%;1030hPa;1.5km;SSW;7.2km/h/2.0m/s;-;N/A;;Overcast;
2000/1/7;21:30;-4.0;-5.0;93%;1030hPa;2.0km;Variable;3.6km/h/1.0m/s;-;N/A;Snow;LightSnowGrains;
2000/1/7;22:00;-4.0;-5.0;93%;1030hPa;2.5km;South;3.6km/h/1.0m/s;-;N/A;Snow;LightSnowGrains;
2000/1/7;22:30;-4.0;-5.0;93%;1030hPa;2.5km;Variable;3.6km/h/1.0m/s;-;N/A;;Overcast;
2000/1/7;23:00;-4.0;-5.0;93%;1030hPa;3.0km;SSW;3.6km/h/1.0m/s;-;N/A;;Overcast;
2000/1/7;23:30;-4.0;-5.0;93%;1030hPa;3.0km;SW;3.6km/h/1.0m/s;-;N/A;;Overcast;
