2000/12/12;00:00;4.0;4.0;100%;1027hPa;1.5km;Variable;3.6km/h/1.0m/s;-;N/A;;ScatteredClouds;
2000/12/12;00:30;3.0;2.0;93%;1026hPa;0.1km;Variable;3.6km/h/1.0m/s;-;N/A;Fog;Fog;
2000/12/12;01:00;3.0;2.0;93%;1026hPa;0.2km;South;3.6km/h/1.0m/s;-;N/A;Fog;Fog;
2000/12/12;01:30;3.0;3.0;100%;1026hPa;0.2km;Variable;3.6km/h/1.0m/s;-;N/A;Fog;Fog;
2000/12/12;02:00;3.0;3.0;100%;1026hPa;0.1km;Variable;3.6km/h/1.0m/s;-;N/A;Fog;Fog;
2000/12/12;02:30;3.0;3.0;100%;1026hPa;0.1km;SE;7.2km/h/2.0m/s;-;N/A;Fog;Fog;
2000/12/12;03:00;3.0;3.0;100%;1026hPa;0.2km;Variable;7.2km/h/2.0m/s;-;N/A;Fog;Fog;
2000/12/12;03:30;3.0;3.0;100%;1026hPa;0.2km;South;7.2km/h/2.0m/s;-;N/A;Fog;Fog;
2000/12/12;04:00;3.0;3.0;100%;1026hPa;0.1km;South;7.2km/h/2.0m/s;-;N/A;Fog;Fog;
2000/12/12;04:30;3.0;3.0;100%;1026hPa;0.1km;South;3.6km/h/1.0m/s;-;N/A;Fog;Fog;
2000/12/12;05:00;3.0;3.0;100%;1026hPa;0.1km;Calm;Calm;-;N/A;Fog;Fog;
2000/12/12;05:30;3.0;3.0;100%;1026hPa;0.1km;ESE;3.6km/h/1.0m/s;-;N/A;Fog;Fog;
2000/12/12;06:00;3.0;3.0;100%;1026hPa;0.1km;ESE;3.6km/h/1.0m/s;-;N/A;Fog;Fog;
2000/12/12;06:30;3.0;3.0;100%;1026hPa;0.1km;SSE;3.6km/h/1.0m/s;-;N/A;Fog;Fog;
2000/12/12;07:00;3.0;3.0;100%;1027hPa;0.1km;Variable;7.2km/h/2.0m/s;-;N/A;Fog;Fog;
2000/12/12;07:30;2.0;2.0;100%;1026hPa;0.2km;Variable;7.2km/h/2.0m/s;-;N/A;Fog;Fog;
2000/12/12;08:00;2.0;2.0;100%;1027hPa;0.5km;South;10.8km/h/3.0m/s;-;N/A;Fog;Fog;
2000/12/12;08:30;2.0;2.0;100%;1026hPa;1.2km;SSW;10.8km/h/3.0m/s;-;N/A;;Overcast;
2000/12/12;09:00;3.0;3.0;100%;1027hPa;1.7km;Variable;3.6km/h/1.0m/s;-;N/A;;Overcast;
2000/12/12;09:30;3.0;3.0;100%;1027hPa;2.0km;South;3.6km/h/1.0m/s;-;N/A;;Overcast;
2000/12/12;10:00;3.0;3.0;100%;1027hPa;1.0km;South;7.2km/h/2.0m/s;-;N/A;;Overcast;
2000/12/12;10:30;3.0;3.0;100%;1026hPa;1.3km;South;7.2km/h/2.0m/s;-;N/A;;Overcast;
2000/12/12;11:00;3.0;3.0;100%;1026hPa;2.9km;South;10.8km/h/3.0m/s;-;N/A;;Overcast;
2000/12/12;11:30;3.0;3.0;100%;1026hPa;2.3km;SSW;10.8km/h/3.0m/s;-;N/A;;Overcast;
2000/12/12;12:00;3.0;3.0;100%;1025hPa;2.0km;Variable;7.2km/h/2.0m/s;-;N/A;;Overcast;
2000/12/12;12:30;3.0;3.0;100%;1025hPa;1.8km;WSW;3.6km/h/1.0m/s;-;N/A;Rain;LightRain;
2000/12/12;13:00;3.0;3.0;100%;1025hPa;2.5km;Variable;3.6km/h/1.0m/s;-;N/A;Rain;LightRain;
2000/12/12;13:30;4.0;4.0;100%;1024hPa;2.3km;Variable;3.6km/h/1.0m/s;-;N/A;Rain;LightRain;
2000/12/12;14:00;4.0;4.0;100%;1024hPa;2.1km;Variable;3.6km/h/1.0m/s;-;N/A;Rain;LightRain;
2000/12/12;14:30;4.0;4.0;100%;1024hPa;2.9km;Variable;7.2km/h/2.0m/s;-;N/A;;Overcast;
2000/12/12;15:00;4.0;4.0;100%;1024hPa;2.2km;SW;7.2km/h/2.0m/s;-;N/A;Rain;LightRain;
2000/12/12;15:30;4.0;4.0;100%;1024hPa;2.3km;SSW;10.8km/h/3.0m/s;-;N/A;Rain;LightRain;
2000/12/12;16:00;4.0;4.0;100%;1024hPa;1.8km;Variable;7.2km/h/2.0m/s;-;N/A;;Overcast;
2000/12/12;16:30;4.0;4.0;100%;1024hPa;2.9km;WSW;7.2km/h/2.0m/s;-;N/A;;Overcast;
2000/12/12;17:00;4.0;4.0;100%;1024hPa;-;Variable;7.2km/h/2.0m/s;-;N/A;;Overcast;
2000/12/12;17:30;4.0;4.0;100%;1024hPa;-;WSW;3.6km/h/1.0m/s;-;N/A;;Overcast;
2000/12/12;18:00;4.0;4.0;100%;1024hPa;-;Calm;Calm;-;N/A;;Overcast;
2000/12/12;18:30;4.0;4.0;100%;1023hPa;2.8km;ENE;3.6km/h/1.0m/s;-;N/A;;LightDrizzle;
2000/12/12;19:00;4.0;4.0;100%;1023hPa;2.0km;NNE;3.6km/h/1.0m/s;-;N/A;;LightDrizzle;
2000/12/12;19:30;4.0;4.0;100%;1023hPa;1.6km;NNE;3.6km/h/1.0m/s;-;N/A;;Overcast;
2000/12/12;20:00;4.0;4.0;100%;1023hPa;1.3km;NNE;3.6km/h/1.0m/s;-;N/A;;Overcast;
2000/12/12;20:30;4.0;4.0;100%;1023hPa;1.2km;NNW;3.6km/h/1.0m/s;-;N/A;;Overcast;
2000/12/12;21:00;4.0;4.0;100%;1023hPa;0.9km;North;3.6km/h/1.0m/s;-;N/A;Fog;PatchesofFog;
2000/12/12;21:30;4.0;4.0;100%;1023hPa;0.6km;North;3.6km/h/1.0m/s;-;N/A;Fog;Fog;
2000/12/12;22:00;4.0;4.0;100%;1023hPa;1.5km;North;3.6km/h/1.0m/s;-;N/A;;Overcast;
2000/12/12;22:30;4.0;4.0;100%;1023hPa;1.4km;North;3.6km/h/1.0m/s;-;N/A;;Overcast;
2000/12/12;23:00;4.0;4.0;100%;1023hPa;1.5km;North;3.6km/h/1.0m/s;-;N/A;;Overcast;
2000/12/12;23:30;4.0;4.0;100%;1023hPa;0.7km;Variable;3.6km/h/1.0m/s;-;N/A;Fog;Fog;
