2000/11/2;00:00;10.0;10.0;100%;1010hPa;5.0km;WSW;14.4km/h/4.0m/s;-;N/A;;MostlyCloudy;
2000/11/2;00:30;10.0;9.0;94%;1011hPa;6.0km;Variable;7.2km/h/2.0m/s;-;N/A;;MostlyCloudy;
2000/11/2;01:00;10.0;9.0;94%;1011hPa;10.0km;South;10.8km/h/3.0m/s;-;N/A;;MostlyCloudy;
2000/11/2;01:30;9.0;9.0;100%;1011hPa;10.0km;South;10.8km/h/3.0m/s;-;N/A;;MostlyCloudy;
2000/11/2;02:00;9.0;9.0;100%;1012hPa;10.0km;SSW;7.2km/h/2.0m/s;-;N/A;;MostlyCloudy;
2000/11/2;02:30;9.0;9.0;100%;1012hPa;10.0km;Variable;7.2km/h/2.0m/s;-;N/A;;MostlyCloudy;
2000/11/2;03:00;9.0;9.0;100%;1012hPa;8.0km;SW;3.6km/h/1.0m/s;-;N/A;;Overcast;
2000/11/2;03:30;9.0;9.0;100%;1012hPa;5.0km;Variable;3.6km/h/1.0m/s;-;N/A;;Overcast;
2000/11/2;04:00;9.0;9.0;100%;1013hPa;5.0km;South;3.6km/h/1.0m/s;-;N/A;;Overcast;
2000/11/2;04:30;9.0;9.0;100%;1013hPa;5.0km;South;7.2km/h/2.0m/s;-;N/A;;MostlyCloudy;
2000/11/2;05:00;9.0;9.0;100%;1013hPa;4.0km;SSW;7.2km/h/2.0m/s;-;N/A;;Overcast;
2000/11/2;05:30;9.0;9.0;100%;1013hPa;3.5km;Calm;Calm;-;N/A;;Overcast;
2000/11/2;06:00;9.0;9.0;100%;1013hPa;3.5km;Variable;7.2km/h/2.0m/s;-;N/A;;Overcast;
2000/11/2;06:30;9.0;9.0;100%;1014hPa;2.0km;Variable;3.6km/h/1.0m/s;-;N/A;;Overcast;
2000/11/2;07:00;9.0;8.0;93%;1014hPa;1.9km;SSW;3.6km/h/1.0m/s;-;N/A;;Overcast;
2000/11/2;07:30;9.0;8.0;93%;1014hPa;1.8km;SSW;7.2km/h/2.0m/s;-;N/A;;Overcast;
2000/11/2;08:00;9.0;8.0;93%;1015hPa;2.2km;South;7.2km/h/2.0m/s;-;N/A;;Overcast;
2000/11/2;08:30;9.0;8.0;93%;1015hPa;2.0km;Variable;3.6km/h/1.0m/s;-;N/A;;Overcast;
2000/11/2;09:00;9.0;9.0;100%;1015hPa;2.4km;Variable;7.2km/h/2.0m/s;-;N/A;;Overcast;
2000/11/2;09:30;9.0;8.0;93%;1015hPa;3.0km;South;7.2km/h/2.0m/s;-;N/A;;Overcast;
2000/11/2;10:00;9.0;8.0;93%;1015hPa;3.0km;Variable;3.6km/h/1.0m/s;-;N/A;;Overcast;
2000/11/2;10:30;9.0;8.0;93%;1015hPa;3.5km;WSW;7.2km/h/2.0m/s;-;N/A;;Overcast;
2000/11/2;11:00;10.0;9.0;94%;1015hPa;3.5km;Variable;3.6km/h/1.0m/s;-;N/A;;ScatteredClouds;
2000/11/2;11:30;10.0;8.0;87%;1015hPa;6.0km;Variable;3.6km/h/1.0m/s;-;N/A;;MostlyCloudy;
2000/11/2;12:00;11.0;9.0;88%;1015hPa;8.0km;Variable;7.2km/h/2.0m/s;-;N/A;;MostlyCloudy;
2000/11/2;12:30;11.0;8.0;82%;1015hPa;10.0km;Variable;3.6km/h/1.0m/s;-;N/A;;MostlyCloudy;
2000/11/2;13:00;11.0;7.0;76%;1015hPa;10.0km;SSE;10.8km/h/3.0m/s;-;N/A;;MostlyCloudy;
2000/11/2;13:30;11.0;7.0;76%;1015hPa;10.0km;South;10.8km/h/3.0m/s;-;N/A;;ScatteredClouds;
2000/11/2;14:00;11.0;7.0;76%;1015hPa;10.0km;South;10.8km/h/3.0m/s;-;N/A;;ScatteredClouds;
2000/11/2;14:30;11.0;6.0;71%;1015hPa;10.0km;South;10.8km/h/3.0m/s;-;N/A;;ScatteredClouds;
2000/11/2;15:00;12.0;7.0;72%;1015hPa;10.0km;South;14.4km/h/4.0m/s;-;N/A;;ScatteredClouds;
2000/11/2;15:30;11.0;7.0;76%;1015hPa;10.0km;SSE;10.8km/h/3.0m/s;-;N/A;;PartlyCloudy;
2000/11/2;16:00;9.0;7.0;87%;1015hPa;10.0km;South;10.8km/h/3.0m/s;-;N/A;;PartlyCloudy;
2000/11/2;16:30;7.0;6.0;93%;1015hPa;5.0km;South;10.8km/h/3.0m/s;-;N/A;;ScatteredClouds;
2000/11/2;17:00;7.0;6.0;93%;1015hPa;6.0km;SSW;7.2km/h/2.0m/s;-;N/A;;ScatteredClouds;
2000/11/2;17:30;7.0;7.0;100%;1016hPa;5.0km;WSW;7.2km/h/2.0m/s;-;N/A;;ScatteredClouds;
2000/11/2;18:00;7.0;6.0;93%;1015hPa;4.5km;SW;10.8km/h/3.0m/s;-;N/A;;Overcast;
2000/11/2;18:30;7.0;6.0;93%;1015hPa;4.5km;WSW;3.6km/h/1.0m/s;-;N/A;;Overcast;
2000/11/2;19:00;7.0;6.0;93%;1015hPa;-;West;3.6km/h/1.0m/s;-;N/A;;Overcast;
2000/11/2;19:30;7.0;6.0;93%;1015hPa;4.5km;WNW;3.6km/h/1.0m/s;-;N/A;;Overcast;
2000/11/2;20:00;7.0;6.0;93%;1016hPa;4.5km;Variable;3.6km/h/1.0m/s;-;N/A;;Overcast;
2000/11/2;20:30;7.0;6.0;93%;1016hPa;-;Variable;3.6km/h/1.0m/s;-;N/A;;Overcast;
2000/11/2;21:00;7.0;6.0;93%;1015hPa;4.5km;SSE;7.2km/h/2.0m/s;-;N/A;;Overcast;
2000/11/2;21:30;7.0;6.0;93%;1016hPa;-;South;7.2km/h/2.0m/s;-;N/A;;Overcast;
2000/11/2;22:00;6.0;6.0;100%;1016hPa;4.5km;South;7.2km/h/2.0m/s;-;N/A;;Overcast;
2000/11/2;22:30;6.0;6.0;100%;1015hPa;-;SSW;7.2km/h/2.0m/s;-;N/A;;Overcast;
2000/11/2;23:00;6.0;6.0;100%;1015hPa;4.5km;Variable;3.6km/h/1.0m/s;-;N/A;;Overcast;
2000/11/2;23:30;6.0;6.0;100%;1015hPa;4.5km;Variable;7.2km/h/2.0m/s;-;N/A;;Overcast;
