2000/12/3;00:00;4.0;2.0;87%;1022hPa;6.0km;Variable;3.6km/h/1.0m/s;-;N/A;;Overcast;
2000/12/3;00:30;3.0;1.0;87%;1022hPa;4.5km;SSE;7.2km/h/2.0m/s;-;N/A;;Overcast;
2000/12/3;01:00;2.0;1.0;93%;1022hPa;3.0km;SSE;7.2km/h/2.0m/s;-;N/A;;Overcast;
2000/12/3;01:30;1.0;1.0;100%;1022hPa;2.5km;Variable;3.6km/h/1.0m/s;-;N/A;;Overcast;
2000/12/3;02:00;1.0;0.0;93%;1022hPa;2.2km;South;7.2km/h/2.0m/s;-;N/A;;Overcast;
2000/12/3;02:30;1.0;1.0;100%;1022hPa;2.5km;South;7.2km/h/2.0m/s;-;N/A;;Overcast;
2000/12/3;03:00;1.0;1.0;100%;1022hPa;2.6km;South;7.2km/h/2.0m/s;-;N/A;;Overcast;
2000/12/3;03:30;1.0;1.0;100%;1022hPa;3.0km;South;10.8km/h/3.0m/s;-;N/A;;Overcast;
2000/12/3;04:00;1.0;1.0;100%;1023hPa;3.0km;South;10.8km/h/3.0m/s;-;N/A;;Overcast;
2000/12/3;04:30;1.0;1.0;100%;1023hPa;3.0km;South;10.8km/h/3.0m/s;-;N/A;;Overcast;
2000/12/3;05:00;1.0;1.0;100%;1023hPa;2.3km;SSE;7.2km/h/2.0m/s;-;N/A;;Overcast;
2000/12/3;05:30;1.0;0.0;93%;1023hPa;1.0km;South;7.2km/h/2.0m/s;-;N/A;;Overcast;
2000/12/3;06:00;1.0;0.0;93%;1023hPa;1.3km;SSE;7.2km/h/2.0m/s;-;N/A;;Overcast;
2000/12/3;06:30;1.0;1.0;100%;1023hPa;1.7km;South;7.2km/h/2.0m/s;-;N/A;;Overcast;
2000/12/3;07:00;1.0;1.0;100%;1023hPa;1.3km;SSW;7.2km/h/2.0m/s;-;N/A;;LightDrizzle;
2000/12/3;07:30;1.0;1.0;100%;1023hPa;1.2km;WSW;7.2km/h/2.0m/s;-;N/A;;LightDrizzle;
2000/12/3;08:00;1.0;1.0;100%;1024hPa;1.3km;SW;3.6km/h/1.0m/s;-;N/A;;LightDrizzle;
2000/12/3;08:30;1.0;1.0;100%;1024hPa;2.0km;SW;3.6km/h/1.0m/s;-;N/A;;Overcast;
2000/12/3;09:00;1.0;1.0;100%;1024hPa;2.8km;WSW;7.2km/h/2.0m/s;-;N/A;;Overcast;
2000/12/3;09:30;2.0;1.0;93%;1024hPa;3.0km;Variable;3.6km/h/1.0m/s;-;N/A;;Overcast;
2000/12/3;10:00;2.0;1.0;93%;1025hPa;3.0km;Calm;Calm;-;N/A;;Overcast;
2000/12/3;10:30;2.0;1.0;93%;1025hPa;3.0km;Calm;Calm;-;N/A;;Overcast;
2000/12/3;11:00;2.0;1.0;93%;1024hPa;2.8km;Calm;Calm;-;N/A;;Overcast;
2000/12/3;11:30;2.0;1.0;93%;1024hPa;3.0km;Variable;3.6km/h/1.0m/s;-;N/A;;Overcast;
2000/12/3;12:00;2.0;1.0;93%;1024hPa;-;Variable;3.6km/h/1.0m/s;-;N/A;;Overcast;
2000/12/3;12:30;3.0;2.0;93%;1024hPa;-;Calm;Calm;-;N/A;;Overcast;
2000/12/3;13:00;3.0;2.0;93%;1024hPa;-;Calm;Calm;-;N/A;;Overcast;
2000/12/3;13:30;3.0;2.0;93%;1023hPa;-;Calm;Calm;-;N/A;;Overcast;
2000/12/3;14:00;3.0;2.0;93%;1023hPa;3.5km;Variable;3.6km/h/1.0m/s;-;N/A;;Overcast;
2000/12/3;14:30;3.0;2.0;93%;1023hPa;3.0km;SSE;3.6km/h/1.0m/s;-;N/A;;Overcast;
2000/12/3;15:00;4.0;2.0;87%;1023hPa;3.0km;Variable;7.2km/h/2.0m/s;-;N/A;;Overcast;
2000/12/3;15:30;4.0;2.0;87%;1023hPa;2.8km;Variable;3.6km/h/1.0m/s;-;N/A;;Overcast;
2000/12/3;16:00;4.0;2.0;87%;1023hPa;2.5km;SSE;7.2km/h/2.0m/s;-;N/A;;Overcast;
2000/12/3;16:30;4.0;3.0;93%;1023hPa;2.8km;South;7.2km/h/2.0m/s;-;N/A;;Overcast;
2000/12/3;17:00;4.0;3.0;93%;1023hPa;2.8km;SSW;7.2km/h/2.0m/s;-;N/A;;Overcast;
2000/12/3;17:30;4.0;3.0;93%;1023hPa;2.4km;Variable;3.6km/h/1.0m/s;-;N/A;;Overcast;
2000/12/3;18:00;3.0;3.0;100%;1023hPa;2.8km;Variable;3.6km/h/1.0m/s;-;N/A;;Overcast;
2000/12/3;18:30;3.0;3.0;100%;1023hPa;2.8km;SW;3.6km/h/1.0m/s;-;N/A;;Overcast;
2000/12/3;19:00;3.0;3.0;100%;1023hPa;2.6km;SE;3.6km/h/1.0m/s;-;N/A;;Overcast;
2000/12/3;19:30;3.0;3.0;100%;1023hPa;2.5km;SSE;3.6km/h/1.0m/s;-;N/A;;Overcast;
2000/12/3;20:00;3.0;3.0;100%;1023hPa;2.6km;SE;3.6km/h/1.0m/s;-;N/A;;Overcast;
2000/12/3;20:30;3.0;3.0;100%;1023hPa;2.5km;Variable;3.6km/h/1.0m/s;-;N/A;;Overcast;
2000/12/3;21:00;4.0;3.0;93%;1023hPa;2.6km;SSW;3.6km/h/1.0m/s;-;N/A;;Overcast;
2000/12/3;21:30;4.0;3.0;93%;1023hPa;2.8km;SW;3.6km/h/1.0m/s;-;N/A;;Overcast;
2000/12/3;22:00;4.0;3.0;93%;1023hPa;2.8km;SSE;7.2km/h/2.0m/s;-;N/A;;Overcast;
2000/12/3;22:30;4.0;3.0;93%;1023hPa;2.9km;South;7.2km/h/2.0m/s;-;N/A;;Overcast;
2000/12/3;23:00;4.0;3.0;93%;1023hPa;2.9km;South;10.8km/h/3.0m/s;-;N/A;;Overcast;
2000/12/3;23:30;5.0;4.0;93%;1022hPa;2.9km;SW;7.2km/h/2.0m/s;-;N/A;;Overcast;
