2000/12/30;00:00;3.0;2.0;93%;999hPa;10.0km;NE;7.2km/h/2.0m/s;-;N/A;;MostlyCloudy;
2000/12/30;00:30;2.0;1.0;93%;999hPa;-;NE;3.6km/h/1.0m/s;-;N/A;;Clear;
2000/12/30;01:00;3.0;2.0;93%;999hPa;10.0km;NNE;7.2km/h/2.0m/s;-;N/A;;MostlyCloudy;
2000/12/30;01:30;2.0;1.0;93%;998hPa;-;North;10.8km/h/3.0m/s;-;N/A;;Clear;
2000/12/30;02:00;2.0;1.0;93%;998hPa;-;North;14.4km/h/4.0m/s;-;N/A;;Clear;
2000/12/30;02:30;2.0;1.0;93%;998hPa;-;NE;7.2km/h/2.0m/s;-;N/A;;Clear;
2000/12/30;03:00;2.0;1.0;93%;998hPa;10.0km;North;3.6km/h/1.0m/s;-;N/A;;ScatteredClouds;
2000/12/30;04:00;3.0;2.0;93%;997hPa;10.0km;ENE;7.2km/h/2.0m/s;-;N/A;;ScatteredClouds;
2000/12/30;04:30;3.0;1.0;87%;997hPa;10.0km;NNE;7.2km/h/2.0m/s;-;N/A;;ScatteredClouds;
2000/12/30;05:00;3.0;2.0;93%;996hPa;10.0km;NE;14.4km/h/4.0m/s;-;N/A;;MostlyCloudy;
2000/12/30;05:30;3.0;2.0;93%;996hPa;10.0km;NNE;10.8km/h/3.0m/s;-;N/A;;MostlyCloudy;
2000/12/30;06:00;3.0;2.0;93%;996hPa;10.0km;NNE;10.8km/h/3.0m/s;-;N/A;;Overcast;
2000/12/30;06:30;3.0;2.0;93%;996hPa;10.0km;NNE;10.8km/h/3.0m/s;-;N/A;;Overcast;
2000/12/30;07:00;4.0;2.0;87%;995hPa;10.0km;NNE;18.0km/h/5.0m/s;-;N/A;;Overcast;
2000/12/30;07:30;4.0;2.0;87%;995hPa;10.0km;North;21.6km/h/6.0m/s;-;N/A;;Overcast;
2000/12/30;08:00;4.0;2.0;87%;995hPa;10.0km;North;18.0km/h/5.0m/s;-;N/A;;MostlyCloudy;
2000/12/30;08:30;4.0;2.0;87%;995hPa;10.0km;NNE;14.4km/h/4.0m/s;-;N/A;;ScatteredClouds;
2000/12/30;09:00;4.0;2.0;87%;995hPa;10.0km;NNE;18.0km/h/5.0m/s;-;N/A;;Overcast;
2000/12/30;09:30;4.0;2.0;87%;994hPa;10.0km;NNE;21.6km/h/6.0m/s;-;N/A;;Overcast;
2000/12/30;10:00;5.0;2.0;81%;994hPa;10.0km;North;18.0km/h/5.0m/s;-;N/A;;Overcast;
2000/12/30;10:30;5.0;3.0;87%;994hPa;10.0km;NNE;18.0km/h/5.0m/s;-;N/A;;MostlyCloudy;
2000/12/30;11:00;5.0;3.0;87%;993hPa;10.0km;NNE;18.0km/h/5.0m/s;-;N/A;;Overcast;
2000/12/30;11:30;6.0;3.0;81%;993hPa;10.0km;North;14.4km/h/4.0m/s;-;N/A;;MostlyCloudy;
2000/12/30;12:00;6.0;4.0;87%;993hPa;8.0km;North;10.8km/h/3.0m/s;-;N/A;Rain;LightRain;
2000/12/30;12:30;5.0;4.0;93%;992hPa;10.0km;North;18.0km/h/5.0m/s;-;N/A;Rain;LightRain;
2000/12/30;13:00;6.0;4.0;87%;993hPa;8.0km;Variable;7.2km/h/2.0m/s;-;N/A;Rain;LightRain;
2000/12/30;13:30;6.0;5.0;93%;992hPa;9.0km;North;10.8km/h/3.0m/s;-;N/A;Rain;LightRain;
2000/12/30;14:00;5.0;5.0;100%;992hPa;9.0km;North;7.2km/h/2.0m/s;-;N/A;Rain;LightRain;
2000/12/30;14:30;5.0;5.0;100%;992hPa;7.0km;NNE;7.2km/h/2.0m/s;-;N/A;Rain;LightRain;
2000/12/30;15:00;5.0;5.0;100%;992hPa;5.0km;North;7.2km/h/2.0m/s;-;N/A;Rain;LightRain;
2000/12/30;15:30;5.0;5.0;100%;992hPa;5.0km;North;7.2km/h/2.0m/s;-;N/A;Rain;LightRain;
2000/12/30;16:00;5.0;5.0;100%;992hPa;2.5km;North;7.2km/h/2.0m/s;-;N/A;Rain;LightRain;
2000/12/30;16:30;5.0;5.0;100%;993hPa;7.0km;NNE;7.2km/h/2.0m/s;-;N/A;Rain;LightRain;
2000/12/30;17:00;5.0;5.0;100%;993hPa;8.0km;Variable;3.6km/h/1.0m/s;-;N/A;Rain;LightRain;
2000/12/30;17:30;5.0;5.0;100%;993hPa;4.0km;Calm;Calm;-;N/A;Rain;LightRain;
2000/12/30;18:00;5.0;5.0;100%;993hPa;4.0km;WSW;3.6km/h/1.0m/s;-;N/A;Rain;LightRain;
2000/12/30;18:30;5.0;5.0;100%;994hPa;-;Variable;3.6km/h/1.0m/s;-;N/A;;LightDrizzle;
2000/12/30;19:00;5.0;5.0;100%;994hPa;3.5km;WSW;10.8km/h/3.0m/s;-;N/A;;LightDrizzle;
2000/12/30;19:30;5.0;5.0;100%;994hPa;3.5km;SW;10.8km/h/3.0m/s;-;N/A;;Overcast;
2000/12/30;20:00;5.0;5.0;100%;995hPa;4.0km;Variable;7.2km/h/2.0m/s;-;N/A;;LightDrizzle;
2000/12/30;20:30;5.0;4.0;93%;996hPa;8.0km;SW;10.8km/h/3.0m/s;-;N/A;;LightDrizzle;
2000/12/30;21:00;3.0;3.0;100%;996hPa;6.0km;ENE;10.8km/h/3.0m/s;-;N/A;;LightDrizzle;
2000/12/30;21:30;3.0;2.0;93%;997hPa;8.0km;NE;14.4km/h/4.0m/s;-;N/A;;LightDrizzle;
2000/12/30;22:00;3.0;2.0;93%;998hPa;10.0km;NE;18.0km/h/5.0m/s;-;N/A;;MostlyCloudy;
2000/12/30;22:30;3.0;1.0;87%;998hPa;10.0km;NNE;18.0km/h/5.0m/s;-;N/A;;Overcast;
2000/12/30;23:00;3.0;0.0;81%;999hPa;10.0km;North;18.0km/h/5.0m/s;-;N/A;;Overcast;
2000/12/30;23:30;3.0;-1.0;75%;1000hPa;10.0km;North;18.0km/h/5.0m/s;-;N/A;;Overcast;
