2000/12/26;00:00;0.0;0.0;100%;1000hPa;3.0km;ESE;3.6km/h/1.0m/s;-;N/A;;Overcast;
2000/12/26;00:30;0.0;-1.0;93%;1000hPa;1.0km;East;3.6km/h/1.0m/s;-;N/A;;Overcast;
2000/12/26;01:00;0.0;-1.0;93%;1000hPa;1.0km;Calm;Calm;-;N/A;;Overcast;
2000/12/26;01:30;0.0;-1.0;93%;1000hPa;1.0km;Calm;Calm;-;N/A;Rain;LightFreezingRain;
2000/12/26;02:00;0.0;-1.0;93%;1000hPa;1.1km;Calm;Calm;-;N/A;;Overcast;
2000/12/26;02:30;0.0;0.0;100%;1000hPa;1.4km;Calm;Calm;-;N/A;;Overcast;
2000/12/26;03:00;0.0;0.0;100%;1000hPa;1.1km;WNW;3.6km/h/1.0m/s;-;N/A;;Overcast;
2000/12/26;03:30;0.0;0.0;100%;1000hPa;1.7km;North;3.6km/h/1.0m/s;-;N/A;;Overcast;
2000/12/26;04:00;0.0;0.0;100%;1000hPa;1.2km;Calm;Calm;-;N/A;;Overcast;
2000/12/26;04:30;0.0;0.0;100%;1000hPa;1.5km;Calm;Calm;-;N/A;;Overcast;
2000/12/26;05:00;0.0;0.0;100%;999hPa;1.5km;Variable;3.6km/h/1.0m/s;-;N/A;;Overcast;
2000/12/26;06:00;0.0;0.0;100%;999hPa;4.5km;WNW;3.6km/h/1.0m/s;-;N/A;;Overcast;
2000/12/26;06:30;0.0;0.0;100%;999hPa;2.2km;WNW;7.2km/h/2.0m/s;-;N/A;;LightDrizzle;
2000/12/26;07:00;1.0;0.0;93%;999hPa;2.2km;NW;3.6km/h/1.0m/s;-;N/A;;LightDrizzle;
2000/12/26;07:30;1.0;0.0;93%;999hPa;1.2km;WNW;3.6km/h/1.0m/s;-;N/A;;LightDrizzle;
2000/12/26;08:00;0.0;0.0;100%;999hPa;0.6km;East;3.6km/h/1.0m/s;-;N/A;Fog;LightDrizzle;
2000/12/26;08:30;0.0;0.0;100%;999hPa;0.8km;Calm;Calm;-;N/A;Fog,Rain;LightRain;
2000/12/26;09:00;1.0;0.0;93%;999hPa;0.8km;NNE;3.6km/h/1.0m/s;-;N/A;Fog,Rain;LightRain;
2000/12/26;09:30;1.0;0.0;93%;999hPa;0.9km;North;3.6km/h/1.0m/s;-;N/A;Fog,Rain;LightRain;
2000/12/26;10:00;1.0;1.0;100%;999hPa;1.5km;NNW;7.2km/h/2.0m/s;-;N/A;Rain;LightRain;
2000/12/26;10:30;1.0;1.0;100%;999hPa;1.2km;Variable;3.6km/h/1.0m/s;-;N/A;Rain;LightRain;
2000/12/26;11:00;1.0;1.0;100%;998hPa;2.2km;NNW;7.2km/h/2.0m/s;-;N/A;Rain;LightRain;
2000/12/26;11:30;1.0;1.0;100%;998hPa;2.3km;North;10.8km/h/3.0m/s;-;N/A;Rain;LightRain;
2000/12/26;12:00;1.0;1.0;100%;997hPa;4.0km;Variable;10.8km/h/3.0m/s;-;N/A;Rain;LightRain;
2000/12/26;12:30;1.0;1.0;100%;997hPa;8.0km;North;14.4km/h/4.0m/s;-;N/A;Rain;LightRain;
2000/12/26;13:00;1.0;1.0;100%;996hPa;5.0km;North;14.4km/h/4.0m/s;-;N/A;Rain;LightRain;
2000/12/26;13:30;2.0;1.0;93%;996hPa;8.0km;North;14.4km/h/4.0m/s;-;N/A;Rain;LightRain;
2000/12/26;14:00;2.0;2.0;100%;996hPa;7.0km;North;10.8km/h/3.0m/s;-;N/A;Rain;LightRain;
2000/12/26;14:30;2.0;2.0;100%;996hPa;7.0km;North;10.8km/h/3.0m/s;-;N/A;Rain;LightRain;
2000/12/26;15:00;2.0;2.0;100%;995hPa;3.5km;North;10.8km/h/3.0m/s;-;N/A;Rain;LightRain;
2000/12/26;15:30;2.0;2.0;100%;995hPa;1.8km;North;10.8km/h/3.0m/s;-;N/A;Rain;LightRain;
2000/12/26;16:00;2.0;2.0;100%;995hPa;2.2km;North;10.8km/h/3.0m/s;-;N/A;Rain;LightRain;
2000/12/26;16:30;2.0;2.0;100%;994hPa;3.0km;North;10.8km/h/3.0m/s;-;N/A;Rain;LightRain;
2000/12/26;17:00;2.0;2.0;100%;994hPa;9.0km;North;10.8km/h/3.0m/s;-;N/A;Snow;LightSnowGrains;
2000/12/26;17:30;2.0;2.0;100%;994hPa;8.0km;North;10.8km/h/3.0m/s;-;N/A;Rain;LightRain;
2000/12/26;18:00;3.0;3.0;100%;994hPa;5.0km;WNW;7.2km/h/2.0m/s;-;N/A;Rain;LightRain;
2000/12/26;18:30;3.0;3.0;100%;994hPa;3.5km;Calm;Calm;-;N/A;Rain;LightRain;
2000/12/26;19:00;3.0;3.0;100%;994hPa;1.5km;Variable;3.6km/h/1.0m/s;-;N/A;Rain;LightRain;
2000/12/26;19:30;3.0;3.0;100%;994hPa;3.5km;WSW;10.8km/h/3.0m/s;-;N/A;;LightDrizzle;
2000/12/26;20:00;4.0;4.0;100%;994hPa;1.5km;WSW;7.2km/h/2.0m/s;-;N/A;;LightDrizzle;
2000/12/26;20:30;4.0;4.0;100%;994hPa;1.6km;SW;10.8km/h/3.0m/s;-;N/A;;Drizzle;
2000/12/26;21:00;4.0;4.0;100%;994hPa;1.5km;WSW;10.8km/h/3.0m/s;-;N/A;;Drizzle;
2000/12/26;21:30;3.0;3.0;100%;995hPa;0.8km;SW;10.8km/h/3.0m/s;-;N/A;Fog;Drizzle;
2000/12/26;22:00;3.0;3.0;100%;995hPa;0.3km;SSW;14.4km/h/4.0m/s;-;N/A;Fog;Fog;
2000/12/26;22:30;3.0;3.0;100%;995hPa;0.2km;South;7.2km/h/2.0m/s;-;N/A;Fog;Fog;
2000/12/26;23:00;3.0;3.0;100%;996hPa;0.8km;South;10.8km/h/3.0m/s;-;N/A;Fog;Fog;
2000/12/26;23:30;3.0;3.0;100%;996hPa;1.0km;South;10.8km/h/3.0m/s;-;N/A;;Overcast;
