2000/1/10;00:00;-4.0;-5.0;93%;1029hPa;2.5km;NE;3.6km/h/1.0m/s;-;N/A;;Overcast;
2000/1/10;00:30;-4.0;-5.0;93%;1029hPa;3.0km;ENE;3.6km/h/1.0m/s;-;N/A;;Overcast;
2000/1/10;01:30;-4.0;-5.0;93%;1029hPa;3.0km;Calm;Calm;-;N/A;;Overcast;
2000/1/10;02:00;-4.0;-5.0;93%;1029hPa;3.0km;Calm;Calm;-;N/A;;Overcast;
2000/1/10;02:30;-4.0;-4.0;100%;1029hPa;3.0km;Variable;3.6km/h/1.0m/s;-;N/A;;Overcast;
2000/1/10;03:00;-4.0;-4.0;100%;1029hPa;3.0km;Variable;3.6km/h/1.0m/s;-;N/A;;Overcast;
2000/1/10;03:30;-4.0;-4.0;100%;1029hPa;3.0km;North;3.6km/h/1.0m/s;-;N/A;;Overcast;
2000/1/10;04:00;-4.0;-5.0;93%;1029hPa;3.0km;NNW;3.6km/h/1.0m/s;-;N/A;;Overcast;
2000/1/10;05:00;-4.0;-5.0;93%;1029hPa;3.0km;NNW;3.6km/h/1.0m/s;-;N/A;;Overcast;
2000/1/10;05:30;-4.0;-5.0;93%;1030hPa;3.0km;North;7.2km/h/2.0m/s;-;N/A;;Overcast;
2000/1/10;06:00;-4.0;-5.0;93%;1030hPa;1.8km;North;7.2km/h/2.0m/s;-;N/A;;Overcast;
2000/1/10;06:30;-4.0;-5.0;93%;1030hPa;1.8km;North;7.2km/h/2.0m/s;-;N/A;;Overcast;
2000/1/10;07:00;-4.0;-5.0;93%;1030hPa;1.2km;NNW;3.6km/h/1.0m/s;-;N/A;;Overcast;
2000/1/10;07:30;-4.0;-5.0;93%;1030hPa;1.2km;NNW;3.6km/h/1.0m/s;-;N/A;;Overcast;
2000/1/10;08:00;-4.0;-5.0;93%;1031hPa;1.3km;North;3.6km/h/1.0m/s;-;N/A;;Overcast;
2000/1/10;08:30;-4.0;-5.0;93%;1031hPa;1.3km;North;3.6km/h/1.0m/s;-;N/A;;Overcast;
2000/1/10;09:00;-4.0;-5.0;93%;1031hPa;1.3km;NNW;3.6km/h/1.0m/s;-;N/A;;Overcast;
2000/1/10;09:48;-4.0;-4.0;100%;1031hPa;1.2km;Calm;Calm;-;N/A;;Overcast;
2000/1/10;10:00;-3.0;-4.0;93%;1032hPa;1.1km;Calm;Calm;-;N/A;Snow;LightSnowGrains;
2000/1/10;10:30;-3.0;-4.0;93%;1031hPa;1.1km;Calm;Calm;-;N/A;Snow;LightSnowGrains;
2000/1/10;11:00;-3.0;-4.0;93%;1031hPa;1.2km;South;3.6km/h/1.0m/s;-;N/A;Snow;LightSnowGrains;
2000/1/10;11:30;-3.0;-4.0;93%;1032hPa;1.3km;Calm;Calm;-;N/A;;Overcast;
2000/1/10;12:00;-3.0;-4.0;93%;1032hPa;1.3km;Calm;Calm;-;N/A;;Overcast;
2000/1/10;12:30;-3.0;-4.0;93%;1032hPa;1.5km;Variable;3.6km/h/1.0m/s;-;N/A;;Overcast;
2000/1/10;13:00;-2.0;-4.0;86%;1032hPa;1.5km;Calm;Calm;-;N/A;;Overcast;
2000/1/10;13:30;-2.0;-3.0;93%;1032hPa;1.7km;Calm;Calm;-;N/A;;Overcast;
2000/1/10;14:00;-2.0;-4.0;86%;1032hPa;1.8km;Variable;3.6km/h/1.0m/s;-;N/A;;Overcast;
2000/1/10;14:30;-2.0;-4.0;86%;1032hPa;2.0km;Calm;Calm;-;N/A;;Overcast;
2000/1/10;15:00;-2.0;-3.0;93%;1032hPa;2.3km;Calm;Calm;-;N/A;;Overcast;
2000/1/10;15:30;-2.0;-3.0;93%;1032hPa;2.8km;SSE;3.6km/h/1.0m/s;-;N/A;;Overcast;
2000/1/10;16:00;-2.0;-3.0;93%;1033hPa;2.8km;South;3.6km/h/1.0m/s;-;N/A;;Overcast;
2000/1/10;16:30;-3.0;-4.0;93%;1033hPa;3.0km;South;3.6km/h/1.0m/s;-;N/A;;Overcast;
2000/1/10;17:00;-3.0;-4.0;93%;1033hPa;2.4km;Calm;Calm;-;N/A;;Overcast;
2000/1/10;17:30;-3.0;-4.0;93%;1033hPa;2.0km;Calm;Calm;-;N/A;;Overcast;
2000/1/10;18:00;-3.0;-4.0;93%;1033hPa;3.5km;Calm;Calm;-;N/A;;MostlyCloudy;
2000/1/10;18:30;-4.0;-5.0;93%;1033hPa;1.1km;Calm;Calm;-;N/A;;MostlyCloudy;
2000/1/10;19:00;-5.0;-5.0;100%;1033hPa;1.2km;Variable;3.6km/h/1.0m/s;-;N/A;;MostlyCloudy;
2000/1/10;19:30;-4.0;-5.0;93%;1033hPa;2.0km;Calm;Calm;-;N/A;;MostlyCloudy;
2000/1/10;20:00;-4.0;-4.0;100%;1034hPa;3.0km;WNW;3.6km/h/1.0m/s;-;N/A;;MostlyCloudy;
2000/1/10;20:30;-3.0;-4.0;93%;1034hPa;2.8km;WNW;7.2km/h/2.0m/s;-;N/A;;MostlyCloudy;
2000/1/10;21:00;-3.0;-4.0;93%;1034hPa;3.0km;WNW;3.6km/h/1.0m/s;-;N/A;;MostlyCloudy;
2000/1/10;21:30;-3.0;-4.0;93%;1034hPa;2.8km;Variable;3.6km/h/1.0m/s;-;N/A;;MostlyCloudy;
2000/1/10;22:00;-3.0;-3.0;100%;1035hPa;3.5km;South;3.6km/h/1.0m/s;-;N/A;;MostlyCloudy;
2000/1/10;22:30;-3.0;-4.0;93%;1035hPa;3.0km;Variable;3.6km/h/1.0m/s;-;N/A;;MostlyCloudy;
2000/1/10;23:00;-4.0;-5.0;93%;1035hPa;2.5km;Variable;3.6km/h/1.0m/s;-;N/A;;MostlyCloudy;
2000/1/10;23:30;-4.0;-5.0;93%;1035hPa;2.2km;Calm;Calm;-;N/A;;ScatteredClouds;
