2000/11/22;00:00;4.0;3.0;93%;1016hPa;8.0km;NW;7.2km/h/2.0m/s;-;N/A;;PartlyCloudy;
2000/11/22;00:30;4.0;4.0;100%;1016hPa;9.0km;North;7.2km/h/2.0m/s;-;N/A;;PartlyCloudy;
2000/11/22;01:00;4.0;3.0;93%;1016hPa;8.0km;NE;3.6km/h/1.0m/s;-;N/A;;PartlyCloudy;
2000/11/22;01:30;3.0;2.0;93%;1016hPa;7.0km;Calm;Calm;-;N/A;;PartlyCloudy;
2000/11/22;02:00;3.0;2.0;93%;1016hPa;5.0km;Calm;Calm;-;N/A;Fog;ShallowFog;
2000/11/22;02:30;3.0;3.0;100%;1016hPa;6.0km;NW;3.6km/h/1.0m/s;-;N/A;;PartlyCloudy;
2000/11/22;03:00;3.0;3.0;100%;1016hPa;8.0km;NNW;7.2km/h/2.0m/s;-;N/A;;PartlyCloudy;
2000/11/22;03:30;3.0;3.0;100%;1016hPa;8.0km;North;3.6km/h/1.0m/s;-;N/A;;PartlyCloudy;
2000/11/22;04:00;2.0;2.0;100%;1016hPa;8.0km;Calm;Calm;-;N/A;;PartlyCloudy;
2000/11/22;04:30;2.0;2.0;100%;1016hPa;5.0km;Calm;Calm;-;N/A;Fog;PatchesofFog;
2000/11/22;05:00;3.0;3.0;100%;1016hPa;6.0km;Variable;3.6km/h/1.0m/s;-;N/A;Fog;PatchesofFog;
2000/11/22;05:30;3.0;3.0;100%;1017hPa;8.0km;NNW;7.2km/h/2.0m/s;-;N/A;;PartlyCloudy;
2000/11/22;06:00;4.0;3.0;93%;1017hPa;10.0km;North;7.2km/h/2.0m/s;-;N/A;;ScatteredClouds;
2000/11/22;06:30;3.0;2.0;93%;1017hPa;10.0km;Variable;7.2km/h/2.0m/s;-;N/A;;PartlyCloudy;
2000/11/22;07:00;3.0;2.0;93%;1017hPa;8.0km;Variable;3.6km/h/1.0m/s;-;N/A;;ScatteredClouds;
2000/11/22;07:30;3.0;2.0;93%;1018hPa;8.0km;WNW;3.6km/h/1.0m/s;-;N/A;Fog;ShallowFog;
2000/11/22;08:00;4.0;3.0;93%;1018hPa;5.0km;North;3.6km/h/1.0m/s;-;N/A;Fog;ShallowFog;
2000/11/22;08:30;5.0;4.0;93%;1018hPa;5.0km;Variable;3.6km/h/1.0m/s;-;N/A;;PartlyCloudy;
2000/11/22;10:00;8.0;6.0;87%;1018hPa;6.0km;Calm;Calm;-;N/A;;PartlyCloudy;
2000/11/22;10:30;10.0;6.0;76%;1019hPa;7.0km;Calm;Calm;-;N/A;;PartlyCloudy;
2000/11/22;11:00;10.0;6.0;76%;1019hPa;7.0km;Variable;3.6km/h/1.0m/s;-;N/A;;PartlyCloudy;
2000/11/22;11:30;11.0;6.0;71%;1019hPa;7.0km;Calm;Calm;-;N/A;;PartlyCloudy;
2000/11/22;12:00;12.0;6.0;67%;1019hPa;7.0km;Variable;3.6km/h/1.0m/s;-;N/A;;PartlyCloudy;
2000/11/22;12:30;13.0;6.0;63%;1019hPa;7.0km;Variable;3.6km/h/1.0m/s;-;N/A;;PartlyCloudy;
2000/11/22;13:00;13.0;6.0;63%;1019hPa;8.0km;Variable;3.6km/h/1.0m/s;-;N/A;;PartlyCloudy;
2000/11/22;13:30;13.0;7.0;67%;1019hPa;8.0km;East;3.6km/h/1.0m/s;-;N/A;;PartlyCloudy;
2000/11/22;14:00;12.0;7.0;72%;1018hPa;8.0km;ESE;3.6km/h/1.0m/s;-;N/A;;ScatteredClouds;
2000/11/22;14:30;13.0;7.0;67%;1018hPa;9.0km;Variable;3.6km/h/1.0m/s;-;N/A;;ScatteredClouds;
2000/11/22;15:00;11.0;6.0;71%;1019hPa;-;SE;3.6km/h/1.0m/s;-;N/A;;Clear;
2000/11/22;15:30;10.0;6.0;76%;1019hPa;8.0km;SE;3.6km/h/1.0m/s;-;N/A;;ScatteredClouds;
2000/11/22;16:00;9.0;6.0;82%;1019hPa;6.0km;Calm;Calm;-;N/A;;ScatteredClouds;
2000/11/22;16:30;8.0;6.0;87%;1019hPa;8.0km;Calm;Calm;-;N/A;;PartlyCloudy;
2000/11/22;17:00;7.0;5.0;87%;1019hPa;-;West;7.2km/h/2.0m/s;-;N/A;;Clear;
2000/11/22;17:30;7.0;5.0;87%;1019hPa;-;Calm;Calm;-;N/A;;Clear;
2000/11/22;18:00;6.0;4.0;87%;1020hPa;-;WNW;3.6km/h/1.0m/s;-;N/A;;Clear;
2000/11/22;18:30;5.0;4.0;93%;1020hPa;-;WNW;3.6km/h/1.0m/s;-;N/A;;Clear;
2000/11/22;19:00;5.0;4.0;93%;1020hPa;-;Variable;3.6km/h/1.0m/s;-;N/A;;Clear;
2000/11/22;19:30;6.0;4.0;87%;1020hPa;-;North;7.2km/h/2.0m/s;-;N/A;;Clear;
2000/11/22;20:00;5.0;4.0;93%;1020hPa;-;Variable;7.2km/h/2.0m/s;-;N/A;;Clear;
2000/11/22;20:30;4.0;3.0;93%;1020hPa;-;NNW;3.6km/h/1.0m/s;-;N/A;;Clear;
2000/11/22;21:00;4.0;3.0;93%;1020hPa;-;NNW;3.6km/h/1.0m/s;-;N/A;;Clear;
2000/11/22;21:30;4.0;3.0;93%;1020hPa;-;NNW;3.6km/h/1.0m/s;-;N/A;;Clear;
2000/11/22;22:00;4.0;3.0;93%;1020hPa;-;North;7.2km/h/2.0m/s;-;N/A;;Clear;
2000/11/22;22:30;4.0;3.0;93%;1020hPa;-;North;7.2km/h/2.0m/s;-;N/A;;Clear;
2000/11/22;23:00;4.0;3.0;93%;1020hPa;-;Variable;3.6km/h/1.0m/s;-;N/A;;Clear;
2000/11/22;23:30;4.0;3.0;93%;1020hPa;-;WNW;3.6km/h/1.0m/s;-;N/A;;Clear;
