2000/9/23;00:00;11.0;8.0;82%;1023hPa;10.0km;North;28.8km/h/8.0m/s;-;N/A;Rain;LightRain;
2000/9/23;00:30;11.0;8.0;82%;1023hPa;10.0km;North;28.8km/h/8.0m/s;-;N/A;Rain;LightRain;
2000/9/23;01:00;11.0;8.0;82%;1023hPa;10.0km;North;32.4km/h/9.0m/s;-;N/A;Rain;LightRain;
2000/9/23;01:30;11.0;8.0;82%;1023hPa;10.0km;North;28.8km/h/8.0m/s;-;N/A;Rain;LightRain;
2000/9/23;02:00;11.0;8.0;82%;1023hPa;10.0km;North;28.8km/h/8.0m/s;-;N/A;Rain;LightRain;
2000/9/23;02:30;11.0;8.0;82%;1023hPa;10.0km;North;28.8km/h/8.0m/s;-;N/A;Rain;LightRain;
2000/9/23;03:00;11.0;8.0;82%;1023hPa;10.0km;North;25.2km/h/7.0m/s;-;N/A;Rain;LightRain;
2000/9/23;03:30;11.0;8.0;82%;1023hPa;10.0km;North;25.2km/h/7.0m/s;-;N/A;Rain;LightRain;
2000/9/23;04:00;11.0;8.0;82%;1023hPa;10.0km;North;25.2km/h/7.0m/s;-;N/A;Rain;LightRain;
2000/9/23;04:30;11.0;8.0;82%;1023hPa;10.0km;North;32.4km/h/9.0m/s;-;N/A;Rain;LightRain;
2000/9/23;05:00;11.0;8.0;82%;1023hPa;10.0km;North;28.8km/h/8.0m/s;-;N/A;Rain;LightRain;
2000/9/23;05:30;10.0;8.0;87%;1023hPa;10.0km;North;28.8km/h/8.0m/s;-;N/A;Rain;LightRain;
2000/9/23;06:00;11.0;8.0;82%;1023hPa;10.0km;North;28.8km/h/8.0m/s;-;N/A;Rain;LightRain;
2000/9/23;06:30;10.0;8.0;87%;1024hPa;10.0km;North;28.8km/h/8.0m/s;-;N/A;Rain;LightRain;
2000/9/23;07:00;10.0;8.0;87%;1024hPa;10.0km;North;28.8km/h/8.0m/s;-;N/A;Rain;LightRain;
2000/9/23;07:30;10.0;8.0;87%;1024hPa;10.0km;North;28.8km/h/8.0m/s;-;N/A;Rain;LightRain;
2000/9/23;08:00;10.0;8.0;87%;1024hPa;10.0km;North;28.8km/h/8.0m/s;-;N/A;Rain;LightRain;
2000/9/23;08:30;10.0;7.0;82%;1024hPa;10.0km;North;25.2km/h/7.0m/s;-;N/A;Rain;LightRain;
2000/9/23;09:00;10.0;8.0;87%;1025hPa;10.0km;North;25.2km/h/7.0m/s;-;N/A;Rain;LightRain;
2000/9/23;09:30;11.0;7.0;76%;1025hPa;10.0km;North;32.4km/h/9.0m/s;-;N/A;;MostlyCloudy;
2000/9/23;10:00;11.0;7.0;76%;1025hPa;10.0km;North;28.8km/h/8.0m/s;-;N/A;;MostlyCloudy;
2000/9/23;10:30;11.0;7.0;76%;1025hPa;10.0km;North;28.8km/h/8.0m/s;-;N/A;;MostlyCloudy;
2000/9/23;11:00;12.0;7.0;72%;1025hPa;10.0km;North;28.8km/h/8.0m/s;-;N/A;;MostlyCloudy;
2000/9/23;11:30;13.0;7.0;67%;1025hPa;10.0km;North;28.8km/h/8.0m/s;-;N/A;;MostlyCloudy;
2000/9/23;12:00;13.0;7.0;67%;1025hPa;10.0km;North;32.4km/h/9.0m/s;-;N/A;;MostlyCloudy;
2000/9/23;12:30;13.0;7.0;67%;1025hPa;10.0km;North;32.4km/h/9.0m/s;-;N/A;;MostlyCloudy;
2000/9/23;13:00;13.0;7.0;67%;1025hPa;10.0km;North;32.4km/h/9.0m/s;-;N/A;;MostlyCloudy;
2000/9/23;13:30;14.0;7.0;63%;1025hPa;10.0km;North;28.8km/h/8.0m/s;-;N/A;;MostlyCloudy;
2000/9/23;14:00;14.0;7.0;63%;1025hPa;10.0km;North;32.4km/h/9.0m/s;-;N/A;;MostlyCloudy;
2000/9/23;14:30;14.0;7.0;63%;1025hPa;10.0km;North;39.6km/h/11.0m/s;-;N/A;;MostlyCloudy;
2000/9/23;15:00;13.0;7.0;67%;1025hPa;10.0km;North;36.0km/h/10.0m/s;-;N/A;;MostlyCloudy;
2000/9/23;15:30;13.0;6.0;63%;1025hPa;-;North;36.0km/h/10.0m/s;-;N/A;;Clear;
2000/9/23;16:00;13.0;6.0;63%;1025hPa;10.0km;North;32.4km/h/9.0m/s;-;N/A;;MostlyCloudy;
2000/9/23;16:30;12.0;6.0;67%;1025hPa;10.0km;North;32.4km/h/9.0m/s;-;N/A;;MostlyCloudy;
2000/9/23;17:00;12.0;6.0;67%;1025hPa;10.0km;North;28.8km/h/8.0m/s;-;N/A;;MostlyCloudy;
2000/9/23;17:30;12.0;6.0;67%;1025hPa;10.0km;North;28.8km/h/8.0m/s;-;N/A;;MostlyCloudy;
2000/9/23;18:00;12.0;5.0;62%;1025hPa;10.0km;North;28.8km/h/8.0m/s;-;N/A;;MostlyCloudy;
2000/9/23;18:30;12.0;5.0;62%;1025hPa;10.0km;North;25.2km/h/7.0m/s;-;N/A;;MostlyCloudy;
2000/9/23;19:00;12.0;5.0;62%;1026hPa;10.0km;North;21.6km/h/6.0m/s;-;N/A;;MostlyCloudy;
2000/9/23;19:30;12.0;5.0;62%;1026hPa;10.0km;North;25.2km/h/7.0m/s;-;N/A;;MostlyCloudy;
2000/9/23;20:00;12.0;5.0;62%;1026hPa;10.0km;North;21.6km/h/6.0m/s;-;N/A;;MostlyCloudy;
2000/9/23;20:30;11.0;4.0;62%;1026hPa;10.0km;North;25.2km/h/7.0m/s;-;N/A;;ScatteredClouds;
2000/9/23;21:00;11.0;4.0;62%;1026hPa;10.0km;North;25.2km/h/7.0m/s;-;N/A;;ScatteredClouds;
2000/9/23;21:30;11.0;4.0;62%;1026hPa;10.0km;North;21.6km/h/6.0m/s;-;N/A;;ScatteredClouds;
2000/9/23;22:00;10.0;3.0;62%;1027hPa;10.0km;North;21.6km/h/6.0m/s;-;N/A;;ScatteredClouds;
2000/9/23;22:30;10.0;3.0;62%;1027hPa;10.0km;North;18.0km/h/5.0m/s;-;N/A;;ScatteredClouds;
2000/9/23;23:00;10.0;3.0;62%;1027hPa;10.0km;North;18.0km/h/5.0m/s;-;N/A;;MostlyCloudy;
2000/9/23;23:30;10.0;4.0;66%;1027hPa;10.0km;North;18.0km/h/5.0m/s;-;N/A;;MostlyCloudy;
