2000/1/29;00:00;-7.0;-7.0;100%;1018hPa;2.0km;West;7.2km/h/2.0m/s;-;N/A;;MostlyCloudy;
2000/1/29;00:30;-7.0;-7.0;100%;1018hPa;2.0km;Calm;Calm;-;N/A;;MostlyCloudy;
2000/1/29;01:00;-7.0;-8.0;93%;1018hPa;3.0km;Variable;3.6km/h/1.0m/s;-;N/A;;MostlyCloudy;
2000/1/29;01:30;-8.0;-9.0;93%;1018hPa;2.0km;Variable;3.6km/h/1.0m/s;-;N/A;;MostlyCloudy;
2000/1/29;02:00;-8.0;-9.0;93%;1018hPa;0.1km;Variable;3.6km/h/1.0m/s;-;N/A;Fog;LightFreezingFog;
2000/1/29;02:30;-8.0;-8.0;100%;1018hPa;0.5km;Variable;3.6km/h/1.0m/s;-;N/A;Fog;LightFreezingFog;
2000/1/29;03:00;-8.0;-9.0;93%;1018hPa;0.8km;Calm;Calm;-;N/A;Fog;LightFreezingFog;
2000/1/29;03:30;-11.0;-12.0;92%;1018hPa;0.1km;Variable;3.6km/h/1.0m/s;-;N/A;Fog;LightFreezingFog;
2000/1/29;04:00;-11.0;-12.0;92%;1017hPa;0.2km;South;10.8km/h/3.0m/s;-;N/A;Fog;LightFreezingFog;
2000/1/29;04:30;-11.0;-12.0;92%;1017hPa;0.1km;Calm;Calm;-;N/A;Fog;LightFreezingFog;
2000/1/29;05:00;-11.0;-12.0;92%;1017hPa;0.1km;SE;7.2km/h/2.0m/s;-;N/A;Fog;LightFreezingFog;
2000/1/29;05:30;-11.0;-12.0;92%;1017hPa;0.1km;Variable;7.2km/h/2.0m/s;-;N/A;Fog;LightFreezingFog;
2000/1/29;06:00;-11.0;-12.0;92%;1017hPa;0.1km;Variable;3.6km/h/1.0m/s;-;N/A;Fog;LightFreezingFog;
2000/1/29;06:30;-11.0;-12.0;92%;1017hPa;0.1km;Variable;3.6km/h/1.0m/s;-;N/A;Fog;LightFreezingFog;
2000/1/29;07:00;-11.0;-12.0;92%;1017hPa;0.3km;Calm;Calm;-;N/A;Fog;LightFreezingFog;
2000/1/29;07:30;-11.0;-12.0;92%;1017hPa;1.0km;South;7.2km/h/2.0m/s;-;N/A;;Overcast;
2000/1/29;08:00;-10.0;-10.0;100%;1017hPa;0.8km;SSW;7.2km/h/2.0m/s;-;N/A;Fog;LightFreezingFog;
2000/1/29;08:30;-9.0;-10.0;93%;1016hPa;1.1km;SSW;10.8km/h/3.0m/s;-;N/A;;MostlyCloudy;
2000/1/29;09:00;-8.0;-9.0;93%;1016hPa;1.0km;Calm;Calm;-;N/A;;MostlyCloudy;
2000/1/29;09:30;-9.0;-9.0;100%;1016hPa;0.5km;ESE;10.8km/h/3.0m/s;-;N/A;Fog;LightFreezingFog;
2000/1/29;10:00;-8.0;-9.0;93%;1016hPa;1.3km;SE;14.4km/h/4.0m/s;-;N/A;;MostlyCloudy;
2000/1/29;10:30;-6.0;-7.0;93%;1016hPa;1.3km;South;14.4km/h/4.0m/s;-;N/A;;MostlyCloudy;
2000/1/29;11:00;-6.0;-7.0;93%;1015hPa;1.3km;SW;18.0km/h/5.0m/s;-;N/A;;MostlyCloudy;
2000/1/29;11:30;-5.0;-6.0;93%;1015hPa;1.7km;SW;14.4km/h/4.0m/s;-;N/A;;MostlyCloudy;
2000/1/29;12:00;-5.0;-6.0;93%;1014hPa;1.5km;SSW;14.4km/h/4.0m/s;-;N/A;;MostlyCloudy;
2000/1/29;12:30;-5.0;-6.0;93%;1014hPa;2.0km;South;18.0km/h/5.0m/s;-;N/A;Snow;LightSnow;
2000/1/29;13:00;-5.0;-6.0;93%;1013hPa;1.7km;SSW;18.0km/h/5.0m/s;-;N/A;Snow;LightSnow;
2000/1/29;13:30;-4.0;-5.0;93%;1013hPa;1.2km;SSW;18.0km/h/5.0m/s;-;N/A;Snow;LightSnow;
2000/1/29;14:00;-4.0;-5.0;93%;1012hPa;1.6km;SW;14.4km/h/4.0m/s;-;N/A;;MostlyCloudy;
2000/1/29;14:30;-4.0;-5.0;93%;1012hPa;1.9km;SW;10.8km/h/3.0m/s;-;N/A;;MostlyCloudy;
2000/1/29;15:00;-4.0;-5.0;93%;1012hPa;1.9km;WSW;10.8km/h/3.0m/s;-;N/A;;MostlyCloudy;
2000/1/29;15:30;-3.0;-5.0;86%;1011hPa;1.8km;SW;10.8km/h/3.0m/s;-;N/A;;MostlyCloudy;
2000/1/29;16:00;-3.0;-4.0;93%;1011hPa;1.6km;SSW;18.0km/h/5.0m/s;-;N/A;;MostlyCloudy;
2000/1/29;16:30;-2.0;-3.0;93%;1011hPa;1.8km;SSW;18.0km/h/5.0m/s;-;N/A;;MostlyCloudy;
2000/1/29;17:00;-2.0;-3.0;93%;1010hPa;1.5km;SW;18.0km/h/5.0m/s;-;N/A;;Overcast;
2000/1/29;17:30;-2.0;-3.0;93%;1009hPa;2.2km;SW;14.4km/h/4.0m/s;-;N/A;;Overcast;
2000/1/29;18:00;-2.0;-3.0;93%;1009hPa;3.5km;WSW;10.8km/h/3.0m/s;-;N/A;;Overcast;
2000/1/29;18:30;-2.0;-3.0;93%;1009hPa;3.5km;West;14.4km/h/4.0m/s;-;N/A;;Overcast;
2000/1/29;19:00;-2.0;-3.0;93%;1009hPa;3.0km;West;10.8km/h/3.0m/s;-;N/A;;Overcast;
2000/1/29;19:30;-1.0;-3.0;86%;1008hPa;3.0km;SW;14.4km/h/4.0m/s;-;N/A;;Overcast;
2000/1/29;20:00;-1.0;-3.0;86%;1007hPa;3.0km;SSW;14.4km/h/4.0m/s;-;N/A;Snow;LightSnow;
2000/1/29;20:30;-1.0;-2.0;93%;1007hPa;3.0km;SW;18.0km/h/5.0m/s;-;N/A;;Overcast;
2000/1/29;21:00;-1.0;-2.0;93%;1007hPa;3.0km;WSW;10.8km/h/3.0m/s;-;N/A;;Overcast;
2000/1/29;21:30;-1.0;-2.0;93%;1006hPa;3.0km;SSW;14.4km/h/4.0m/s;-;N/A;;Overcast;
2000/1/29;22:00;-1.0;-2.0;93%;1005hPa;3.0km;SSW;14.4km/h/4.0m/s;-;N/A;Snow;LightSnow;
2000/1/29;23:00;-1.0;-2.0;93%;1005hPa;3.0km;WSW;10.8km/h/3.0m/s;-;N/A;Snow;LightSnow;
2000/1/29;23:30;-1.0;-2.0;93%;1004hPa;2.5km;SW;14.4km/h/4.0m/s;-;N/A;Snow;LightSnow;
