2000/1/12;00:00;-2.0;-6.0;74%;1038hPa;-;North;3.6km/h/1.0m/s;-;N/A;;Clear;
2000/1/12;00:30;-2.0;-6.0;74%;1038hPa;-;North;10.8km/h/3.0m/s;-;N/A;;Clear;
2000/1/12;01:00;-1.0;-6.0;69%;1038hPa;-;North;10.8km/h/3.0m/s;-;N/A;;Clear;
2000/1/12;02:00;-1.0;-6.0;69%;1038hPa;-;North;3.6km/h/1.0m/s;-;N/A;;Clear;
2000/1/12;02:30;-1.0;-6.0;69%;1037hPa;-;North;10.8km/h/3.0m/s;-;N/A;;Clear;
2000/1/12;03:00;-1.0;-6.0;69%;1037hPa;-;North;7.2km/h/2.0m/s;-;N/A;;Clear;
2000/1/12;03:30;-1.0;-6.0;69%;1037hPa;-;Calm;Calm;-;N/A;;Clear;
2000/1/12;04:00;-1.0;-6.0;69%;1037hPa;-;SE;3.6km/h/1.0m/s;-;N/A;;Clear;
2000/1/12;04:30;-2.0;-6.0;74%;1037hPa;-;Variable;3.6km/h/1.0m/s;-;N/A;;Clear;
2000/1/12;05:30;-2.0;-6.0;74%;1037hPa;-;Calm;Calm;-;N/A;;Clear;
2000/1/12;06:00;-2.0;-6.0;74%;1037hPa;-;North;7.2km/h/2.0m/s;-;N/A;;Clear;
2000/1/12;06:30;-2.0;-6.0;74%;1037hPa;-;North;10.8km/h/3.0m/s;-;N/A;;Clear;
2000/1/12;07:00;-1.0;-6.0;69%;1037hPa;-;Variable;3.6km/h/1.0m/s;-;N/A;;Clear;
2000/1/12;07:30;-2.0;-6.0;74%;1037hPa;-;NNE;7.2km/h/2.0m/s;-;N/A;;Clear;
2000/1/12;08:00;-2.0;-6.0;74%;1037hPa;-;Variable;3.6km/h/1.0m/s;-;N/A;;Clear;
2000/1/12;08:30;-2.0;-5.0;80%;1037hPa;-;North;7.2km/h/2.0m/s;-;N/A;;Clear;
2000/1/12;09:00;-2.0;-5.0;80%;1038hPa;-;Calm;Calm;-;N/A;;Clear;
2000/1/12;09:30;-1.0;-5.0;75%;1037hPa;-;SSE;3.6km/h/1.0m/s;-;N/A;;Clear;
2000/1/12;10:00;-2.0;-4.0;86%;1037hPa;-;Variable;7.2km/h/2.0m/s;-;N/A;;Clear;
2000/1/12;10:30;-1.0;-5.0;75%;1037hPa;-;East;7.2km/h/2.0m/s;-;N/A;;Clear;
2000/1/12;11:00;0.0;-5.0;69%;1037hPa;-;ENE;3.6km/h/1.0m/s;-;N/A;;Clear;
2000/1/12;11:30;0.0;-5.0;69%;1037hPa;-;Variable;3.6km/h/1.0m/s;-;N/A;;Clear;
2000/1/12;12:00;0.0;-4.0;75%;1037hPa;-;Variable;3.6km/h/1.0m/s;-;N/A;;Clear;
2000/1/12;12:30;0.0;-4.0;75%;1036hPa;10.0km;SSE;7.2km/h/2.0m/s;-;N/A;;MostlyCloudy;
2000/1/12;13:00;0.0;-4.0;75%;1036hPa;-;Variable;3.6km/h/1.0m/s;-;N/A;;Clear;
2000/1/12;13:30;1.0;-4.0;70%;1036hPa;-;SSE;7.2km/h/2.0m/s;-;N/A;;Clear;
2000/1/12;14:00;0.0;-3.0;80%;1036hPa;-;South;7.2km/h/2.0m/s;-;N/A;;Clear;
2000/1/12;14:30;0.0;-3.0;80%;1036hPa;5.0km;South;7.2km/h/2.0m/s;-;N/A;;MostlyCloudy;
2000/1/12;15:00;-1.0;-3.0;86%;1036hPa;-;South;3.6km/h/1.0m/s;-;N/A;;MostlyCloudy;
2000/1/12;15:30;-1.0;-3.0;86%;1036hPa;-;Variable;3.6km/h/1.0m/s;-;N/A;;MostlyCloudy;
2000/1/12;16:00;-1.0;-3.0;86%;1036hPa;-;East;3.6km/h/1.0m/s;-;N/A;;MostlyCloudy;
2000/1/12;17:00;-2.0;-3.0;93%;1035hPa;2.9km;Variable;3.6km/h/1.0m/s;-;N/A;;Overcast;
2000/1/12;17:30;-2.0;-3.0;93%;1035hPa;2.7km;South;3.6km/h/1.0m/s;-;N/A;;Overcast;
2000/1/12;18:00;-2.0;-4.0;86%;1035hPa;3.0km;South;7.2km/h/2.0m/s;-;N/A;;MostlyCloudy;
2000/1/12;18:30;-3.0;-5.0;86%;1035hPa;2.5km;SSW;7.2km/h/2.0m/s;-;N/A;;MostlyCloudy;
2000/1/12;19:00;-5.0;-7.0;86%;1035hPa;2.5km;SSW;10.8km/h/3.0m/s;-;N/A;;MostlyCloudy;
2000/1/12;19:30;-7.0;-8.0;93%;1035hPa;1.2km;SSW;10.8km/h/3.0m/s;-;N/A;;MostlyCloudy;
2000/1/12;20:00;-7.0;-7.0;100%;1035hPa;0.8km;SSW;10.8km/h/3.0m/s;-;N/A;Fog;LightFreezingFog;
2000/1/12;20:30;-6.0;-6.0;100%;1035hPa;0.3km;South;7.2km/h/2.0m/s;-;N/A;Fog;LightFreezingFog;
2000/1/12;21:00;-5.0;-5.0;100%;1035hPa;0.3km;South;3.6km/h/1.0m/s;-;N/A;Fog;LightFreezingFog;
2000/1/12;21:30;-5.0;-5.0;100%;1035hPa;0.3km;South;3.6km/h/1.0m/s;-;N/A;Fog;LightFreezingFog;
2000/1/12;22:00;-5.0;-5.0;100%;1035hPa;0.1km;SSE;3.6km/h/1.0m/s;-;N/A;Fog;LightFreezingFog;
2000/1/12;22:30;-5.0;-5.0;100%;1035hPa;0.1km;SSE;3.6km/h/1.0m/s;-;N/A;Fog;LightFreezingFog;
2000/1/12;23:00;-5.0;-5.0;100%;1035hPa;0.1km;SSE;3.6km/h/1.0m/s;-;N/A;Fog;LightFreezingFog;
2000/1/12;23:30;-5.0;-5.0;100%;1035hPa;0.1km;South;7.2km/h/2.0m/s;-;N/A;Fog;LightFreezingFog;
