2000/11/8;00:00;10.0;9.0;94%;1002hPa;10.0km;South;28.8km/h/8.0m/s;-;N/A;;MostlyCloudy;
2000/11/8;00:30;10.0;9.0;94%;1002hPa;10.0km;SSW;25.2km/h/7.0m/s;-;N/A;;MostlyCloudy;
2000/11/8;01:00;10.0;9.0;94%;1002hPa;10.0km;SSW;18.0km/h/5.0m/s;-;N/A;;MostlyCloudy;
2000/11/8;01:30;10.0;9.0;94%;1003hPa;10.0km;SSW;18.0km/h/5.0m/s;-;N/A;;MostlyCloudy;
2000/11/8;02:00;10.0;9.0;94%;1003hPa;10.0km;SSW;18.0km/h/5.0m/s;-;N/A;;MostlyCloudy;
2000/11/8;02:30;10.0;9.0;94%;1003hPa;10.0km;SSW;18.0km/h/5.0m/s;-;N/A;;MostlyCloudy;
2000/11/8;03:00;9.0;9.0;100%;1003hPa;10.0km;South;18.0km/h/5.0m/s;-;N/A;;MostlyCloudy;
2000/11/8;03:30;9.0;9.0;100%;1003hPa;10.0km;South;18.0km/h/5.0m/s;-;N/A;;Overcast;
2000/11/8;04:00;9.0;8.0;93%;1003hPa;10.0km;South;14.4km/h/4.0m/s;-;N/A;;Overcast;
2000/11/8;04:30;9.0;8.0;93%;1004hPa;10.0km;South;14.4km/h/4.0m/s;-;N/A;;MostlyCloudy;
2000/11/8;05:00;8.0;8.0;100%;1004hPa;9.0km;South;10.8km/h/3.0m/s;-;N/A;;MostlyCloudy;
2000/11/8;05:30;8.0;7.0;93%;1004hPa;8.0km;South;10.8km/h/3.0m/s;-;N/A;;MostlyCloudy;
2000/11/8;06:00;8.0;8.0;100%;1004hPa;9.0km;South;3.6km/h/1.0m/s;-;N/A;;MostlyCloudy;
2000/11/8;06:30;8.0;8.0;100%;1004hPa;8.0km;Calm;Calm;-;N/A;;MostlyCloudy;
2000/11/8;07:00;9.0;8.0;93%;1004hPa;8.0km;Calm;Calm;-;N/A;;MostlyCloudy;
2000/11/8;07:30;9.0;8.0;93%;1004hPa;9.0km;Variable;3.6km/h/1.0m/s;-;N/A;;ScatteredClouds;
2000/11/8;09:00;9.0;8.0;93%;1005hPa;5.0km;Variable;3.6km/h/1.0m/s;-;N/A;Rain;LightRain;
2000/11/8;09:30;9.0;9.0;100%;1005hPa;3.5km;Variable;3.6km/h/1.0m/s;-;N/A;Rain;Rain;
2000/11/8;10:00;10.0;9.0;94%;1005hPa;2.5km;South;7.2km/h/2.0m/s;-;N/A;Rain;Rain;
2000/11/8;10:30;10.0;10.0;100%;1005hPa;3.0km;South;10.8km/h/3.0m/s;-;N/A;Rain;Rain;
2000/11/8;11:00;10.0;10.0;100%;1004hPa;3.0km;SSE;7.2km/h/2.0m/s;-;N/A;Rain;LightRain;
2000/11/8;11:30;10.0;10.0;100%;1005hPa;3.5km;SSE;10.8km/h/3.0m/s;-;N/A;Rain;LightRain;
2000/11/8;12:00;10.0;9.0;94%;1005hPa;5.0km;South;21.6km/h/6.0m/s;-;N/A;Rain;Rain;
2000/11/8;12:30;10.0;10.0;100%;1005hPa;8.0km;South;18.0km/h/5.0m/s;-;N/A;;MostlyCloudy;
2000/11/8;13:00;10.0;9.0;94%;1005hPa;9.0km;South;18.0km/h/5.0m/s;-;N/A;;MostlyCloudy;
2000/11/8;13:30;11.0;9.0;88%;1005hPa;10.0km;South;14.4km/h/4.0m/s;-;N/A;;MostlyCloudy;
2000/11/8;14:00;11.0;9.0;88%;1006hPa;10.0km;South;21.6km/h/6.0m/s;-;N/A;;MostlyCloudy;
2000/11/8;14:30;11.0;9.0;88%;1006hPa;10.0km;South;21.6km/h/6.0m/s;-;N/A;;ScatteredClouds;
2000/11/8;15:00;11.0;9.0;88%;1006hPa;10.0km;South;21.6km/h/6.0m/s;-;N/A;;ScatteredClouds;
2000/11/8;15:30;11.0;9.0;88%;1007hPa;10.0km;South;21.6km/h/6.0m/s;-;N/A;;ScatteredClouds;
2000/11/8;16:00;11.0;9.0;88%;1007hPa;10.0km;South;18.0km/h/5.0m/s;-;N/A;;ScatteredClouds;
2000/11/8;16:30;11.0;9.0;88%;1008hPa;10.0km;South;18.0km/h/5.0m/s;-;N/A;;MostlyCloudy;
2000/11/8;17:00;10.0;8.0;87%;1008hPa;10.0km;South;14.4km/h/4.0m/s;-;N/A;;ScatteredClouds;
2000/11/8;17:30;10.0;8.0;87%;1008hPa;10.0km;South;18.0km/h/5.0m/s;-;N/A;;ScatteredClouds;
2000/11/8;18:00;10.0;8.0;87%;1009hPa;10.0km;South;14.4km/h/4.0m/s;-;N/A;;MostlyCloudy;
2000/11/8;18:30;10.0;8.0;87%;1009hPa;10.0km;South;18.0km/h/5.0m/s;-;N/A;;MostlyCloudy;
2000/11/8;19:00;10.0;7.0;82%;1009hPa;10.0km;South;18.0km/h/5.0m/s;-;N/A;;MostlyCloudy;
2000/11/8;19:30;10.0;7.0;82%;1009hPa;10.0km;SSW;18.0km/h/5.0m/s;-;N/A;;ScatteredClouds;
2000/11/8;20:00;9.0;7.0;87%;1010hPa;10.0km;SW;10.8km/h/3.0m/s;-;N/A;;PartlyCloudy;
2000/11/8;20:30;9.0;7.0;87%;1010hPa;10.0km;Variable;7.2km/h/2.0m/s;-;N/A;;PartlyCloudy;
2000/11/8;21:00;8.0;7.0;93%;1011hPa;10.0km;Variable;7.2km/h/2.0m/s;-;N/A;;ScatteredClouds;
2000/11/8;21:30;8.0;7.0;93%;1011hPa;-;Calm;Calm;-;N/A;;Clear;
2000/11/8;22:00;8.0;7.0;93%;1011hPa;-;Calm;Calm;-;N/A;;Clear;
2000/11/8;22:30;8.0;7.0;93%;1011hPa;-;Variable;3.6km/h/1.0m/s;-;N/A;;Clear;
2000/11/8;23:00;8.0;7.0;93%;1011hPa;-;Variable;3.6km/h/1.0m/s;-;N/A;;Clear;
2000/11/8;23:30;8.0;7.0;93%;1012hPa;-;Calm;Calm;-;N/A;;Clear;
