2000/7/9;00:00;16.0;12.0;77%;1004hPa;-;Variable;3.6km/h/1.0m/s;-;N/A;;Clear;
2000/7/9;00:30;16.0;12.0;77%;1004hPa;-;ENE;7.2km/h/2.0m/s;-;N/A;;Clear;
2000/7/9;01:00;16.0;12.0;77%;1004hPa;-;Variable;7.2km/h/2.0m/s;-;N/A;;Clear;
2000/7/9;01:30;16.0;12.0;77%;1004hPa;-;Variable;3.6km/h/1.0m/s;-;N/A;;Clear;
2000/7/9;02:00;16.0;13.0;82%;1004hPa;-;Variable;7.2km/h/2.0m/s;-;N/A;;Clear;
2000/7/9;02:30;16.0;13.0;82%;1004hPa;-;NE;14.4km/h/4.0m/s;-;N/A;;Clear;
2000/7/9;03:00;16.0;12.0;77%;1004hPa;-;NNE;18.0km/h/5.0m/s;-;N/A;;Clear;
2000/7/9;03:30;17.0;11.0;68%;1004hPa;-;North;28.8km/h/8.0m/s;-;N/A;;Clear;
2000/7/9;04:00;17.0;9.0;59%;1004hPa;-;North;28.8km/h/8.0m/s;-;N/A;;Clear;
2000/7/9;04:30;17.0;9.0;59%;1004hPa;10.0km;North;25.2km/h/7.0m/s;43.2km/h/12.0m/s;N/A;;MostlyCloudy;
2000/7/9;05:00;17.0;9.0;59%;1004hPa;10.0km;North;25.2km/h/7.0m/s;-;N/A;;ScatteredClouds;
2000/7/9;05:30;17.0;8.0;55%;1004hPa;10.0km;North;25.2km/h/7.0m/s;-;N/A;;MostlyCloudy;
2000/7/9;06:00;17.0;8.0;55%;1004hPa;10.0km;North;28.8km/h/8.0m/s;-;N/A;;MostlyCloudy;
2000/7/9;06:30;16.0;8.0;59%;1004hPa;10.0km;North;36.0km/h/10.0m/s;-;N/A;;MostlyCloudy;
2000/7/9;07:00;16.0;8.0;59%;1004hPa;10.0km;North;28.8km/h/8.0m/s;-;N/A;Rain;LightRainShowers;
2000/7/9;07:30;15.0;9.0;67%;1004hPa;10.0km;North;28.8km/h/8.0m/s;-;N/A;Rain;LightRainShowers;
2000/7/9;08:00;15.0;9.0;67%;1005hPa;10.0km;North;28.8km/h/8.0m/s;-;N/A;Rain;LightRainShowers;
2000/7/9;08:30;15.0;10.0;72%;1005hPa;10.0km;North;25.2km/h/7.0m/s;-;N/A;Rain;LightRain;
2000/7/9;09:00;14.0;10.0;77%;1005hPa;10.0km;North;28.8km/h/8.0m/s;-;N/A;Rain;LightRain;
2000/7/9;09:30;13.0;10.0;82%;1005hPa;10.0km;North;25.2km/h/7.0m/s;-;N/A;Rain;LightRain;
2000/7/9;10:00;13.0;10.0;82%;1005hPa;10.0km;North;21.6km/h/6.0m/s;-;N/A;Rain;LightRain;
2000/7/9;10:30;13.0;10.0;82%;1005hPa;10.0km;North;25.2km/h/7.0m/s;-;N/A;Rain;LightRain;
2000/7/9;11:00;13.0;10.0;82%;1005hPa;10.0km;North;28.8km/h/8.0m/s;-;N/A;Rain;LightRain;
2000/7/9;11:30;13.0;10.0;82%;1005hPa;10.0km;North;25.2km/h/7.0m/s;-;N/A;Rain;LightRain;
2000/7/9;12:00;13.0;10.0;82%;1005hPa;10.0km;North;25.2km/h/7.0m/s;-;N/A;Rain;LightRain;
2000/7/9;12:30;13.0;10.0;82%;1006hPa;7.0km;North;18.0km/h/5.0m/s;-;N/A;Rain;LightRain;
2000/7/9;13:00;13.0;10.0;82%;1006hPa;7.0km;North;18.0km/h/5.0m/s;-;N/A;Rain;LightRain;
2000/7/9;13:30;12.0;11.0;94%;1005hPa;7.0km;NNE;18.0km/h/5.0m/s;-;N/A;Rain;LightRain;
2000/7/9;14:00;13.0;10.0;82%;1005hPa;10.0km;NNE;21.6km/h/6.0m/s;-;N/A;Rain;LightRain;
2000/7/9;14:30;12.0;10.0;88%;1005hPa;10.0km;NNE;28.8km/h/8.0m/s;-;N/A;Rain;LightRain;
2000/7/9;15:00;12.0;10.0;88%;1005hPa;10.0km;North;25.2km/h/7.0m/s;-;N/A;Rain;LightRain;
2000/7/9;15:30;12.0;9.0;82%;1006hPa;10.0km;North;28.8km/h/8.0m/s;-;N/A;Rain;LightRain;
2000/7/9;16:00;12.0;8.0;77%;1006hPa;10.0km;North;21.6km/h/6.0m/s;-;N/A;Rain;LightRain;
2000/7/9;16:30;12.0;8.0;77%;1006hPa;10.0km;North;21.6km/h/6.0m/s;-;N/A;Rain;LightRain;
2000/7/9;17:00;12.0;8.0;77%;1006hPa;10.0km;North;18.0km/h/5.0m/s;-;N/A;Rain;LightRain;
2000/7/9;17:30;12.0;8.0;77%;1006hPa;10.0km;North;14.4km/h/4.0m/s;-;N/A;Rain;LightRain;
2000/7/9;18:00;12.0;8.0;77%;1006hPa;10.0km;North;14.4km/h/4.0m/s;-;N/A;Rain;LightRain;
2000/7/9;18:30;12.0;9.0;82%;1006hPa;10.0km;Variable;3.6km/h/1.0m/s;-;N/A;Rain;LightRain;
2000/7/9;19:00;13.0;9.0;77%;1007hPa;10.0km;Variable;3.6km/h/1.0m/s;-;N/A;Rain;LightRain;
2000/7/9;19:30;12.0;9.0;82%;1007hPa;10.0km;WNW;10.8km/h/3.0m/s;-;N/A;Rain;LightRain;
2000/7/9;20:00;12.0;9.0;82%;1007hPa;10.0km;NW;7.2km/h/2.0m/s;-;N/A;;Overcast;
2000/7/9;20:30;12.0;9.0;82%;1007hPa;10.0km;Variable;3.6km/h/1.0m/s;-;N/A;;MostlyCloudy;
2000/7/9;21:00;12.0;9.0;82%;1007hPa;10.0km;Variable;3.6km/h/1.0m/s;-;N/A;;MostlyCloudy;
2000/7/9;21:30;12.0;9.0;82%;1008hPa;10.0km;WSW;7.2km/h/2.0m/s;-;N/A;;MostlyCloudy;
2000/7/9;22:00;12.0;10.0;88%;1008hPa;10.0km;Variable;7.2km/h/2.0m/s;-;N/A;;MostlyCloudy;
2000/7/9;22:30;12.0;9.0;82%;1008hPa;-;WNW;3.6km/h/1.0m/s;-;N/A;;Clear;
2000/7/9;23:00;11.0;9.0;88%;1008hPa;-;West;7.2km/h/2.0m/s;-;N/A;;Clear;
2000/7/9;23:30;10.0;8.0;87%;1008hPa;-;Calm;Calm;-;N/A;;Clear;
