2000/8/27;10:00;17.0;9.0;59%;1021hPa;-;North;32.4km/h/9.0m/s;-;N/A;;Clear;
2000/8/27;10:30;17.0;9.0;59%;1021hPa;10.0km;North;28.8km/h/8.0m/s;-;N/A;;ScatteredClouds;
2000/8/27;11:00;18.0;8.0;52%;1021hPa;-;North;28.8km/h/8.0m/s;-;N/A;;Clear;
2000/8/27;11:30;18.0;8.0;52%;1021hPa;10.0km;North;28.8km/h/8.0m/s;-;N/A;;ScatteredClouds;
2000/8/27;12:00;19.0;9.0;52%;1021hPa;10.0km;North;25.2km/h/7.0m/s;-;N/A;;ScatteredClouds;
2000/8/27;12:30;19.0;9.0;52%;1021hPa;10.0km;NNE;28.8km/h/8.0m/s;-;N/A;;ScatteredClouds;
2000/8/27;13:00;19.0;9.0;52%;1021hPa;10.0km;NNE;28.8km/h/8.0m/s;-;N/A;;ScatteredClouds;
2000/8/27;13:30;19.0;8.0;49%;1021hPa;10.0km;North;28.8km/h/8.0m/s;-;N/A;;ScatteredClouds;
2000/8/27;14:00;20.0;8.0;46%;1021hPa;-;North;28.8km/h/8.0m/s;-;N/A;;Clear;
2000/8/27;14:30;20.0;7.0;43%;1021hPa;-;North;25.2km/h/7.0m/s;-;N/A;;Clear;
2000/8/27;15:00;20.0;8.0;46%;1021hPa;-;North;21.6km/h/6.0m/s;-;N/A;;Clear;
2000/8/27;15:30;20.0;8.0;46%;1021hPa;-;North;21.6km/h/6.0m/s;-;N/A;;Clear;
