2000/1/5;00:00;-3.0;-3.0;100%;1023hPa;5.0km;SW;10.8km/h/3.0m/s;-;N/A;Snow;LightSnowGrains;
2000/1/5;00:30;-3.0;-3.0;100%;1022hPa;5.0km;SW;10.8km/h/3.0m/s;-;N/A;;Overcast;
2000/1/5;01:00;-3.0;-3.0;100%;1022hPa;4.0km;SW;10.8km/h/3.0m/s;-;N/A;;Overcast;
2000/1/5;01:30;-3.0;-3.0;100%;1022hPa;4.0km;WSW;10.8km/h/3.0m/s;-;N/A;;Overcast;
2000/1/5;02:00;-3.0;-3.0;100%;1022hPa;4.0km;South;10.8km/h/3.0m/s;-;N/A;;Overcast;
2000/1/5;02:30;-3.0;-3.0;100%;1022hPa;4.0km;SSW;7.2km/h/2.0m/s;-;N/A;;Overcast;
2000/1/5;03:00;-3.0;-3.0;100%;1022hPa;4.0km;SW;10.8km/h/3.0m/s;-;N/A;;Overcast;
2000/1/5;03:30;-3.0;-3.0;100%;1021hPa;4.0km;SSW;10.8km/h/3.0m/s;-;N/A;;Overcast;
2000/1/5;04:00;-3.0;-3.0;100%;1021hPa;4.5km;South;14.4km/h/4.0m/s;-;N/A;;Overcast;
2000/1/5;04:30;-3.0;-3.0;100%;1021hPa;4.5km;South;14.4km/h/4.0m/s;-;N/A;;Overcast;
2000/1/5;05:00;-3.0;-3.0;100%;1021hPa;4.5km;South;14.4km/h/4.0m/s;-;N/A;Snow;LightSnowGrains;
2000/1/5;05:30;-3.0;-3.0;100%;1020hPa;4.5km;South;10.8km/h/3.0m/s;-;N/A;Snow;LightSnowGrains;
2000/1/5;06:00;-3.0;-3.0;100%;1020hPa;3.0km;South;14.4km/h/4.0m/s;-;N/A;;Overcast;
2000/1/5;06:30;-3.0;-3.0;100%;1020hPa;1.8km;South;18.0km/h/5.0m/s;-;N/A;Snow;LightSnow;
2000/1/5;07:00;-3.0;-3.0;100%;1020hPa;1.2km;South;14.4km/h/4.0m/s;-;N/A;Snow;LightSnow;
2000/1/5;07:30;-3.0;-3.0;100%;1020hPa;2.5km;South;18.0km/h/5.0m/s;-;N/A;Snow;LightSnow;
2000/1/5;08:00;-3.0;-3.0;100%;1020hPa;2.0km;South;14.4km/h/4.0m/s;-;N/A;;Overcast;
2000/1/5;08:30;-3.0;-3.0;100%;1020hPa;2.0km;South;18.0km/h/5.0m/s;-;N/A;;Overcast;
2000/1/5;09:00;-3.0;-3.0;100%;1021hPa;2.2km;SSW;18.0km/h/5.0m/s;-;N/A;;Overcast;
2000/1/5;09:30;-3.0;-3.0;100%;1021hPa;2.2km;South;14.4km/h/4.0m/s;-;N/A;;Overcast;
2000/1/5;10:00;-3.0;-3.0;100%;1021hPa;1.8km;SSW;14.4km/h/4.0m/s;-;N/A;;Overcast;
2000/1/5;10:30;-2.0;-3.0;93%;1021hPa;1.5km;South;14.4km/h/4.0m/s;-;N/A;;Overcast;
2000/1/5;11:00;-2.0;-3.0;93%;1021hPa;1.1km;South;14.4km/h/4.0m/s;-;N/A;;Overcast;
2000/1/5;11:30;-2.0;-2.0;100%;1021hPa;1.5km;SSW;10.8km/h/3.0m/s;-;N/A;;Overcast;
2000/1/5;12:00;-2.0;-2.0;100%;1020hPa;2.0km;Variable;7.2km/h/2.0m/s;-;N/A;;Overcast;
2000/1/5;12:30;-2.0;-2.0;100%;1021hPa;1.8km;Variable;3.6km/h/1.0m/s;-;N/A;;Overcast;
2000/1/5;13:00;-2.0;-2.0;100%;1020hPa;2.0km;Variable;3.6km/h/1.0m/s;-;N/A;;Overcast;
2000/1/5;13:30;-1.0;-2.0;93%;1020hPa;1.2km;South;7.2km/h/2.0m/s;-;N/A;;Overcast;
2000/1/5;14:00;-1.0;-2.0;93%;1021hPa;1.4km;Variable;7.2km/h/2.0m/s;-;N/A;;Overcast;
2000/1/5;14:30;-1.0;-2.0;93%;1021hPa;1.4km;Variable;7.2km/h/2.0m/s;-;N/A;;Overcast;
2000/1/5;15:00;-1.0;-2.0;93%;1021hPa;0.6km;South;10.8km/h/3.0m/s;-;N/A;Fog;LightFreezingFog;
2000/1/5;15:30;-1.0;-2.0;93%;1021hPa;0.6km;South;7.2km/h/2.0m/s;-;N/A;Fog;LightFreezingFog;
2000/1/5;16:00;-1.0;-2.0;93%;1021hPa;0.5km;Variable;7.2km/h/2.0m/s;-;N/A;Fog;LightFreezingFog;
2000/1/5;16:30;-1.0;-2.0;93%;1021hPa;0.9km;Variable;3.6km/h/1.0m/s;-;N/A;Fog;LightFreezingFog;
2000/1/5;17:00;-1.0;-2.0;93%;1021hPa;1.8km;South;3.6km/h/1.0m/s;-;N/A;Snow;LightSnowGrains;
2000/1/5;17:30;-2.0;-2.0;100%;1022hPa;2.2km;Calm;Calm;-;N/A;Snow;LightSnow;
2000/1/5;17:42;-2.0;-2.0;100%;1022hPa;2.2km;Calm;Calm;-;N/A;Snow;LightSnowGrains;
2000/1/5;18:00;-2.0;-2.0;100%;1022hPa;2.0km;Calm;Calm;-;N/A;Snow;LightSnowGrains;
2000/1/5;18:30;-1.0;-2.0;93%;1022hPa;1.2km;East;3.6km/h/1.0m/s;-;N/A;Snow;LightSnowGrains;
2000/1/5;19:00;-1.0;-2.0;93%;1022hPa;1.2km;Calm;Calm;-;N/A;;Overcast;
2000/1/5;20:00;-2.0;-2.0;100%;1023hPa;2.5km;Variable;3.6km/h/1.0m/s;-;N/A;;Overcast;
2000/1/5;20:30;-2.0;-2.0;100%;1023hPa;2.2km;SSW;3.6km/h/1.0m/s;-;N/A;;Overcast;
2000/1/5;21:00;-2.0;-2.0;100%;1023hPa;0.2km;Variable;3.6km/h/1.0m/s;-;N/A;Fog;LightFreezingFog;
2000/1/5;21:30;-2.0;-2.0;100%;1023hPa;3.5km;West;7.2km/h/2.0m/s;-;N/A;;Overcast;
2000/1/5;22:00;-2.0;-2.0;100%;1023hPa;4.5km;West;3.6km/h/1.0m/s;-;N/A;;Overcast;
2000/1/5;22:30;-2.0;-3.0;93%;1023hPa;-;Variable;7.2km/h/2.0m/s;-;N/A;;Overcast;
2000/1/5;23:00;-2.0;-3.0;93%;1023hPa;-;Variable;7.2km/h/2.0m/s;-;N/A;;Overcast;
2000/1/5;23:30;-2.0;-3.0;93%;1023hPa;3.0km;SW;10.8km/h/3.0m/s;-;N/A;;MostlyCloudy;
