2000/10/2;00:00;14.0;8.0;67%;1016hPa;-;Variable;3.6km/h/1.0m/s;-;N/A;;Clear;
2000/10/2;00:30;13.0;9.0;77%;1016hPa;-;North;7.2km/h/2.0m/s;-;N/A;;Clear;
2000/10/2;01:00;13.0;9.0;77%;1015hPa;-;Variable;3.6km/h/1.0m/s;-;N/A;;Clear;
2000/10/2;01:30;13.0;9.0;77%;1015hPa;-;North;7.2km/h/2.0m/s;-;N/A;;Clear;
2000/10/2;02:00;13.0;9.0;77%;1015hPa;-;North;7.2km/h/2.0m/s;-;N/A;;Clear;
2000/10/2;02:30;14.0;9.0;72%;1015hPa;-;North;10.8km/h/3.0m/s;-;N/A;;Clear;
2000/10/2;03:00;14.0;9.0;72%;1015hPa;-;North;10.8km/h/3.0m/s;-;N/A;;Clear;
2000/10/2;03:30;14.0;9.0;72%;1014hPa;-;North;7.2km/h/2.0m/s;-;N/A;;Clear;
2000/10/2;04:00;15.0;8.0;63%;1014hPa;-;Variable;3.6km/h/1.0m/s;-;N/A;;Clear;
2000/10/2;04:30;14.0;9.0;72%;1014hPa;-;Variable;3.6km/h/1.0m/s;-;N/A;;Clear;
2000/10/2;05:00;15.0;9.0;67%;1014hPa;10.0km;Calm;Calm;-;N/A;Rain;LightRain;
2000/10/2;05:30;14.0;10.0;77%;1014hPa;10.0km;North;7.2km/h/2.0m/s;-;N/A;;Overcast;
2000/10/2;06:00;14.0;10.0;77%;1013hPa;10.0km;North;10.8km/h/3.0m/s;-;N/A;;Overcast;
2000/10/2;06:30;14.0;10.0;77%;1014hPa;8.0km;Variable;3.6km/h/1.0m/s;-;N/A;Rain;LightRain;
2000/10/2;07:00;14.0;11.0;82%;1014hPa;10.0km;Variable;3.6km/h/1.0m/s;-;N/A;Rain;LightRain;
2000/10/2;07:30;14.0;11.0;82%;1014hPa;10.0km;Variable;3.6km/h/1.0m/s;-;N/A;;Overcast;
2000/10/2;08:00;14.0;11.0;82%;1014hPa;8.0km;NNE;7.2km/h/2.0m/s;-;N/A;Rain;LightRain;
2000/10/2;08:30;14.0;12.0;88%;1014hPa;9.0km;Calm;Calm;-;N/A;Rain;LightRain;
2000/10/2;09:00;14.0;12.0;88%;1014hPa;10.0km;Calm;Calm;-;N/A;;Overcast;
2000/10/2;09:30;15.0;11.0;77%;1014hPa;10.0km;Variable;3.6km/h/1.0m/s;-;N/A;;Overcast;
2000/10/2;10:00;16.0;11.0;72%;1014hPa;10.0km;Variable;3.6km/h/1.0m/s;-;N/A;;Overcast;
2000/10/2;10:30;16.0;11.0;72%;1014hPa;10.0km;Variable;7.2km/h/2.0m/s;-;N/A;;Overcast;
2000/10/2;11:00;16.0;12.0;77%;1014hPa;10.0km;South;10.8km/h/3.0m/s;-;N/A;;Overcast;
2000/10/2;11:30;17.0;12.0;72%;1014hPa;10.0km;South;14.4km/h/4.0m/s;-;N/A;;Overcast;
2000/10/2;12:00;17.0;12.0;72%;1014hPa;10.0km;South;10.8km/h/3.0m/s;-;N/A;;Overcast;
2000/10/2;12:30;18.0;12.0;68%;1014hPa;10.0km;South;14.4km/h/4.0m/s;-;N/A;;Overcast;
2000/10/2;13:00;18.0;12.0;68%;1014hPa;10.0km;SSW;25.2km/h/7.0m/s;-;N/A;;Overcast;
2000/10/2;13:30;18.0;12.0;68%;1015hPa;10.0km;South;14.4km/h/4.0m/s;-;N/A;;Overcast;
2000/10/2;14:00;18.0;12.0;68%;1015hPa;10.0km;South;14.4km/h/4.0m/s;-;N/A;;Overcast;
2000/10/2;14:30;18.0;12.0;68%;1015hPa;10.0km;South;10.8km/h/3.0m/s;-;N/A;;Overcast;
2000/10/2;15:00;18.0;12.0;68%;1015hPa;10.0km;Variable;7.2km/h/2.0m/s;-;N/A;;Overcast;
2000/10/2;15:30;18.0;13.0;73%;1015hPa;10.0km;ENE;7.2km/h/2.0m/s;-;N/A;;Overcast;
2000/10/2;16:00;18.0;12.0;68%;1015hPa;10.0km;Variable;7.2km/h/2.0m/s;-;N/A;;Overcast;
2000/10/2;16:30;17.0;12.0;72%;1015hPa;10.0km;Variable;7.2km/h/2.0m/s;-;N/A;;Overcast;
2000/10/2;17:00;17.0;12.0;72%;1015hPa;10.0km;North;10.8km/h/3.0m/s;-;N/A;;Overcast;
2000/10/2;17:30;17.0;12.0;72%;1015hPa;10.0km;NE;10.8km/h/3.0m/s;-;N/A;;Overcast;
2000/10/2;18:00;17.0;12.0;72%;1015hPa;10.0km;NE;7.2km/h/2.0m/s;-;N/A;;Overcast;
2000/10/2;18:30;17.0;13.0;77%;1016hPa;10.0km;NNE;10.8km/h/3.0m/s;-;N/A;;Overcast;
2000/10/2;19:00;16.0;13.0;82%;1016hPa;10.0km;NE;7.2km/h/2.0m/s;-;N/A;Rain;LightRain;
2000/10/2;19:30;16.0;13.0;82%;1016hPa;10.0km;Variable;7.2km/h/2.0m/s;-;N/A;;Overcast;
2000/10/2;20:00;16.0;13.0;82%;1016hPa;10.0km;Variable;3.6km/h/1.0m/s;-;N/A;Rain;LightRain;
2000/10/2;20:30;15.0;13.0;88%;1017hPa;6.0km;NNW;7.2km/h/2.0m/s;-;N/A;Rain;LightRain;
2000/10/2;21:00;15.0;13.0;88%;1017hPa;10.0km;North;10.8km/h/3.0m/s;-;N/A;Rain;LightRain;
2000/10/2;21:30;15.0;14.0;94%;1017hPa;10.0km;North;10.8km/h/3.0m/s;-;N/A;Rain;LightRain;
2000/10/2;22:00;15.0;14.0;94%;1017hPa;10.0km;North;10.8km/h/3.0m/s;-;N/A;Rain;LightRain;
2000/10/2;22:30;15.0;14.0;94%;1017hPa;10.0km;North;14.4km/h/4.0m/s;-;N/A;;Overcast;
2000/10/2;23:00;15.0;13.0;88%;1017hPa;10.0km;NNW;10.8km/h/3.0m/s;-;N/A;Rain;LightRain;
2000/10/2;23:30;15.0;13.0;88%;1017hPa;10.0km;North;10.8km/h/3.0m/s;-;N/A;Rain;LightRain;
