2000/10/28;00:00;2.0;1.0;93%;1022hPa;7.0km;North;7.2km/h/2.0m/s;-;N/A;;ScatteredClouds;
2000/10/28;00:30;0.0;-2.0;87%;1022hPa;1.5km;NNE;3.6km/h/1.0m/s;-;N/A;Fog;PatchesofFog;
2000/10/28;01:00;2.0;2.0;100%;1022hPa;0.1km;Variable;3.6km/h/1.0m/s;-;N/A;Fog;Fog;
2000/10/28;01:30;1.0;1.0;100%;1022hPa;0.0km;North;7.2km/h/2.0m/s;-;N/A;Fog;Fog;
2000/10/28;02:00;0.0;0.0;100%;1023hPa;3.5km;North;3.6km/h/1.0m/s;-;N/A;;MostlyCloudy;
2000/10/28;02:30;1.0;1.0;100%;1023hPa;9.0km;Calm;Calm;-;N/A;;ScatteredClouds;
2000/10/28;03:00;1.0;1.0;100%;1022hPa;9.0km;North;3.6km/h/1.0m/s;-;N/A;;ScatteredClouds;
2000/10/28;03:30;2.0;1.0;93%;1022hPa;10.0km;Calm;Calm;-;N/A;;MostlyCloudy;
2000/10/28;04:00;1.0;0.0;93%;1022hPa;10.0km;Calm;Calm;-;N/A;;MostlyCloudy;
2000/10/28;04:30;2.0;1.0;93%;1023hPa;10.0km;SW;3.6km/h/1.0m/s;-;N/A;;MostlyCloudy;
2000/10/28;05:00;2.0;1.0;93%;1023hPa;10.0km;Calm;Calm;-;N/A;;MostlyCloudy;
2000/10/28;05:30;1.0;0.0;93%;1023hPa;10.0km;Variable;3.6km/h/1.0m/s;-;N/A;;ScatteredClouds;
2000/10/28;06:00;1.0;0.0;93%;1023hPa;5.0km;NNE;3.6km/h/1.0m/s;-;N/A;Fog;PartlyCloudy;
2000/10/28;06:30;0.0;0.0;100%;1023hPa;2.5km;Variable;3.6km/h/1.0m/s;-;N/A;Fog;PartlyCloudy;
2000/10/28;07:00;-1.0;-2.0;93%;1023hPa;0.4km;East;3.6km/h/1.0m/s;-;N/A;Fog;LightFreezingFog;
2000/10/28;07:30;-1.0;-1.0;100%;1024hPa;1.0km;Variable;3.6km/h/1.0m/s;-;N/A;Fog;MostlyCloudy;
2000/10/28;08:00;0.0;0.0;100%;1024hPa;7.0km;Variable;3.6km/h/1.0m/s;-;N/A;;MostlyCloudy;
2000/10/28;08:30;1.0;1.0;100%;1024hPa;7.0km;Calm;Calm;-;N/A;;MostlyCloudy;
2000/10/28;09:00;3.0;2.0;93%;1024hPa;7.0km;Calm;Calm;-;N/A;;MostlyCloudy;
2000/10/28;09:30;4.0;3.0;93%;1024hPa;8.0km;Calm;Calm;-;N/A;;MostlyCloudy;
2000/10/28;10:00;5.0;3.0;87%;1024hPa;-;Variable;3.6km/h/1.0m/s;-;N/A;;Clear;
2000/10/28;10:30;6.0;3.0;81%;1025hPa;10.0km;Variable;3.6km/h/1.0m/s;-;N/A;;ScatteredClouds;
2000/10/28;11:00;8.0;5.0;81%;1025hPa;10.0km;Variable;7.2km/h/2.0m/s;-;N/A;;PartlyCloudy;
2000/10/28;11:30;9.0;5.0;76%;1025hPa;-;Variable;7.2km/h/2.0m/s;-;N/A;;Clear;
2000/10/28;12:00;9.0;4.0;71%;1025hPa;7.0km;Variable;7.2km/h/2.0m/s;-;N/A;;ScatteredClouds;
2000/10/28;12:30;10.0;5.0;71%;1024hPa;7.0km;South;10.8km/h/3.0m/s;-;N/A;;PartlyCloudy;
2000/10/28;13:00;11.0;4.0;62%;1024hPa;7.0km;South;10.8km/h/3.0m/s;-;N/A;;PartlyCloudy;
2000/10/28;13:30;10.0;5.0;71%;1024hPa;8.0km;South;14.4km/h/4.0m/s;-;N/A;;MostlyCloudy;
2000/10/28;14:00;10.0;5.0;71%;1024hPa;-;SSW;14.4km/h/4.0m/s;-;N/A;;Clear;
2000/10/28;14:30;10.0;5.0;71%;1024hPa;-;SSW;10.8km/h/3.0m/s;-;N/A;;Clear;
2000/10/28;15:00;10.0;5.0;71%;1024hPa;-;SSW;10.8km/h/3.0m/s;-;N/A;;Clear;
2000/10/28;15:30;10.0;5.0;71%;1024hPa;-;SSW;10.8km/h/3.0m/s;-;N/A;;Clear;
2000/10/28;16:00;10.0;5.0;71%;1024hPa;-;South;14.4km/h/4.0m/s;-;N/A;;Clear;
2000/10/28;16:30;9.0;4.0;71%;1024hPa;-;South;10.8km/h/3.0m/s;-;N/A;;Clear;
2000/10/28;17:00;8.0;4.0;76%;1024hPa;-;SSW;14.4km/h/4.0m/s;-;N/A;;Clear;
2000/10/28;17:30;8.0;4.0;76%;1024hPa;10.0km;South;10.8km/h/3.0m/s;-;N/A;;MostlyCloudy;
2000/10/28;18:00;7.0;4.0;81%;1024hPa;7.0km;SSW;18.0km/h/5.0m/s;-;N/A;;MostlyCloudy;
2000/10/28;18:30;7.0;5.0;87%;1024hPa;5.0km;SSW;10.8km/h/3.0m/s;-;N/A;;MostlyCloudy;
2000/10/28;19:00;7.0;5.0;87%;1024hPa;5.0km;South;7.2km/h/2.0m/s;-;N/A;;Overcast;
2000/10/28;19:30;7.0;5.0;87%;1024hPa;5.0km;South;3.6km/h/1.0m/s;-;N/A;;Overcast;
2000/10/28;20:00;7.0;5.0;87%;1024hPa;4.5km;SSE;3.6km/h/1.0m/s;-;N/A;;Overcast;
2000/10/28;20:30;7.0;5.0;87%;1024hPa;4.0km;South;3.6km/h/1.0m/s;-;N/A;;Overcast;
2000/10/28;21:00;7.0;5.0;87%;1024hPa;4.0km;Variable;3.6km/h/1.0m/s;-;N/A;;Overcast;
2000/10/28;21:30;7.0;6.0;93%;1025hPa;4.0km;South;3.6km/h/1.0m/s;-;N/A;;Overcast;
2000/10/28;22:00;7.0;6.0;93%;1025hPa;4.0km;Calm;Calm;-;N/A;;Overcast;
2000/10/28;22:30;7.0;6.0;93%;1024hPa;4.0km;Calm;Calm;-;N/A;;Overcast;
2000/10/28;23:00;7.0;6.0;93%;1024hPa;5.0km;South;3.6km/h/1.0m/s;-;N/A;;Overcast;
2000/10/28;23:30;7.0;6.0;93%;1024hPa;4.5km;Calm;Calm;-;N/A;;Overcast;
