2000/10/25;00:00;7.0;3.0;76%;1022hPa;-;North;7.2km/h/2.0m/s;-;N/A;;Clear;
2000/10/25;00:30;6.0;3.0;81%;1022hPa;-;North;10.8km/h/3.0m/s;-;N/A;;Clear;
2000/10/25;01:00;6.0;3.0;81%;1022hPa;-;North;7.2km/h/2.0m/s;-;N/A;;Clear;
2000/10/25;01:30;6.0;3.0;81%;1022hPa;-;North;10.8km/h/3.0m/s;-;N/A;;Clear;
2000/10/25;02:00;6.0;3.0;81%;1022hPa;-;Variable;3.6km/h/1.0m/s;-;N/A;;Clear;
2000/10/25;02:30;6.0;2.0;76%;1021hPa;-;North;3.6km/h/1.0m/s;-;N/A;;Clear;
2000/10/25;03:00;6.0;2.0;76%;1021hPa;-;NNW;7.2km/h/2.0m/s;-;N/A;;Clear;
2000/10/25;03:30;6.0;2.0;76%;1021hPa;-;Variable;3.6km/h/1.0m/s;-;N/A;;Clear;
2000/10/25;04:00;6.0;1.0;70%;1021hPa;-;Variable;3.6km/h/1.0m/s;-;N/A;;Clear;
2000/10/25;04:30;6.0;1.0;70%;1021hPa;-;North;7.2km/h/2.0m/s;-;N/A;;Clear;
2000/10/25;05:00;5.0;1.0;76%;1021hPa;-;Variable;3.6km/h/1.0m/s;-;N/A;;Clear;
2000/10/25;05:30;4.0;0.0;75%;1021hPa;-;Variable;3.6km/h/1.0m/s;-;N/A;;Clear;
2000/10/25;06:00;4.0;0.0;75%;1020hPa;10.0km;Calm;Calm;-;N/A;;PartlyCloudy;
2000/10/25;06:30;4.0;1.0;81%;1020hPa;10.0km;Variable;7.2km/h/2.0m/s;-;N/A;;ScatteredClouds;
2000/10/25;07:00;4.0;1.0;81%;1021hPa;7.0km;Variable;3.6km/h/1.0m/s;-;N/A;;ScatteredClouds;
2000/10/25;07:30;3.0;0.0;81%;1020hPa;7.0km;ESE;3.6km/h/1.0m/s;-;N/A;;MostlyCloudy;
2000/10/25;08:00;4.0;1.0;81%;1020hPa;7.0km;Variable;3.6km/h/1.0m/s;-;N/A;;MostlyCloudy;
2000/10/25;08:30;5.0;1.0;76%;1021hPa;6.0km;WNW;3.6km/h/1.0m/s;-;N/A;;MostlyCloudy;
2000/10/25;09:00;6.0;2.0;76%;1021hPa;6.0km;Calm;Calm;-;N/A;;Overcast;
2000/10/25;09:30;6.0;3.0;81%;1021hPa;5.0km;SSE;3.6km/h/1.0m/s;-;N/A;;MostlyCloudy;
2000/10/25;10:00;7.0;3.0;76%;1021hPa;5.0km;Variable;3.6km/h/1.0m/s;-;N/A;;MostlyCloudy;
2000/10/25;10:30;8.0;3.0;71%;1021hPa;5.0km;Calm;Calm;-;N/A;;MostlyCloudy;
2000/10/25;11:00;9.0;3.0;66%;1021hPa;5.0km;Variable;3.6km/h/1.0m/s;-;N/A;;MostlyCloudy;
2000/10/25;11:30;10.0;4.0;66%;1020hPa;5.0km;South;10.8km/h/3.0m/s;-;N/A;;MostlyCloudy;
2000/10/25;12:00;10.0;3.0;62%;1020hPa;5.0km;SSW;10.8km/h/3.0m/s;-;N/A;;MostlyCloudy;
2000/10/25;12:30;10.0;3.0;62%;1020hPa;5.0km;South;10.8km/h/3.0m/s;-;N/A;;MostlyCloudy;
2000/10/25;13:00;11.0;4.0;62%;1020hPa;5.0km;South;10.8km/h/3.0m/s;-;N/A;;MostlyCloudy;
2000/10/25;13:30;12.0;4.0;58%;1019hPa;5.0km;South;10.8km/h/3.0m/s;-;N/A;;MostlyCloudy;
2000/10/25;14:00;12.0;5.0;62%;1019hPa;4.5km;SSW;18.0km/h/5.0m/s;-;N/A;;Haze;
2000/10/25;14:30;12.0;5.0;62%;1019hPa;5.0km;SSW;14.4km/h/4.0m/s;-;N/A;;Haze;
2000/10/25;15:00;13.0;5.0;58%;1018hPa;5.0km;SSW;14.4km/h/4.0m/s;-;N/A;;Haze;
2000/10/25;15:30;13.0;6.0;63%;1018hPa;6.0km;SSW;18.0km/h/5.0m/s;-;N/A;;ScatteredClouds;
2000/10/25;16:00;13.0;5.0;58%;1018hPa;6.0km;SSW;14.4km/h/4.0m/s;-;N/A;;ScatteredClouds;
2000/10/25;16:30;13.0;5.0;58%;1018hPa;5.0km;South;14.4km/h/4.0m/s;-;N/A;;Haze;
2000/10/25;17:00;12.0;5.0;62%;1018hPa;5.0km;SSW;14.4km/h/4.0m/s;-;N/A;;Haze;
2000/10/25;17:30;11.0;5.0;67%;1018hPa;5.0km;SSW;10.8km/h/3.0m/s;-;N/A;;Haze;
2000/10/25;18:00;11.0;5.0;67%;1018hPa;5.0km;SSW;3.6km/h/1.0m/s;-;N/A;;Haze;
2000/10/25;18:30;11.0;5.0;67%;1018hPa;5.0km;Variable;3.6km/h/1.0m/s;-;N/A;;Haze;
2000/10/25;19:00;11.0;5.0;67%;1018hPa;5.0km;NNW;3.6km/h/1.0m/s;-;N/A;;Haze;
2000/10/25;19:30;10.0;5.0;71%;1018hPa;5.0km;Variable;3.6km/h/1.0m/s;-;N/A;;Overcast;
2000/10/25;20:00;10.0;5.0;71%;1018hPa;5.0km;ENE;3.6km/h/1.0m/s;-;N/A;;Overcast;
2000/10/25;20:30;9.0;5.0;76%;1017hPa;6.0km;Variable;7.2km/h/2.0m/s;-;N/A;;Overcast;
2000/10/25;21:00;9.0;5.0;76%;1017hPa;6.0km;Variable;3.6km/h/1.0m/s;-;N/A;;Overcast;
2000/10/25;21:30;9.0;5.0;76%;1017hPa;5.0km;West;7.2km/h/2.0m/s;-;N/A;;Overcast;
2000/10/25;22:00;10.0;5.0;71%;1017hPa;6.0km;SW;7.2km/h/2.0m/s;-;N/A;;MostlyCloudy;
2000/10/25;22:30;9.0;5.0;76%;1017hPa;5.0km;SW;7.2km/h/2.0m/s;-;N/A;;ScatteredClouds;
2000/10/25;23:00;8.0;5.0;81%;1017hPa;5.0km;Variable;3.6km/h/1.0m/s;-;N/A;;PartlyCloudy;
2000/10/25;23:30;7.0;5.0;87%;1016hPa;5.0km;SSW;7.2km/h/2.0m/s;-;N/A;;ScatteredClouds;
