2000/2/20;00:00;-3.0;-4.0;93%;1010hPa;7.0km;Calm;Calm;-;N/A;;Overcast;
2000/2/20;01:00;-2.0;-3.0;93%;1010hPa;6.0km;NNW;3.6km/h/1.0m/s;-;N/A;;Overcast;
2000/2/20;01:30;-2.0;-3.0;93%;1010hPa;7.0km;NW;3.6km/h/1.0m/s;-;N/A;;MostlyCloudy;
2000/2/20;02:00;-2.0;-3.0;93%;1010hPa;7.0km;North;7.2km/h/2.0m/s;-;N/A;Snow;LightSnow;
2000/2/20;02:30;-1.0;-3.0;86%;1009hPa;7.0km;NNW;7.2km/h/2.0m/s;-;N/A;Snow;LightSnow;
2000/2/20;03:00;-1.0;-3.0;86%;1010hPa;8.0km;North;7.2km/h/2.0m/s;-;N/A;;Overcast;
2000/2/20;03:30;-1.0;-3.0;86%;1009hPa;8.0km;North;7.2km/h/2.0m/s;-;N/A;;Overcast;
2000/2/20;04:00;-1.0;-3.0;86%;1009hPa;8.0km;NNE;7.2km/h/2.0m/s;-;N/A;;Overcast;
2000/2/20;04:30;-2.0;-3.0;93%;1010hPa;8.0km;North;3.6km/h/1.0m/s;-;N/A;;Overcast;
2000/2/20;05:00;-2.0;-4.0;86%;1010hPa;8.0km;North;3.6km/h/1.0m/s;-;N/A;;Overcast;
2000/2/20;05:30;-2.0;-4.0;86%;1010hPa;9.0km;North;10.8km/h/3.0m/s;-;N/A;;Overcast;
2000/2/20;06:00;-2.0;-3.0;93%;1010hPa;7.0km;North;10.8km/h/3.0m/s;-;N/A;;MostlyCloudy;
2000/2/20;06:30;-2.0;-4.0;86%;1010hPa;4.0km;Variable;3.6km/h/1.0m/s;-;N/A;;MostlyCloudy;
2000/2/20;07:00;-3.0;-5.0;86%;1011hPa;4.0km;North;10.8km/h/3.0m/s;-;N/A;;MostlyCloudy;
2000/2/20;07:30;-2.0;-4.0;86%;1011hPa;4.0km;NNE;7.2km/h/2.0m/s;-;N/A;;MostlyCloudy;
2000/2/20;08:00;-1.0;-3.0;86%;1011hPa;4.5km;NE;7.2km/h/2.0m/s;-;N/A;;MostlyCloudy;
2000/2/20;08:30;-1.0;-3.0;86%;1011hPa;4.5km;NNE;7.2km/h/2.0m/s;-;N/A;;MostlyCloudy;
2000/2/20;09:00;0.0;-3.0;80%;1011hPa;5.0km;North;7.2km/h/2.0m/s;-;N/A;;MostlyCloudy;
2000/2/20;09:30;1.0;-3.0;75%;1012hPa;5.0km;North;7.2km/h/2.0m/s;-;N/A;;ScatteredClouds;
2000/2/20;10:00;2.0;-2.0;75%;1012hPa;8.0km;Variable;3.6km/h/1.0m/s;-;N/A;;MostlyCloudy;
2000/2/20;10:30;3.0;-2.0;70%;1012hPa;8.0km;Variable;7.2km/h/2.0m/s;-;N/A;;MostlyCloudy;
2000/2/20;11:00;3.0;-2.0;70%;1012hPa;8.0km;Variable;3.6km/h/1.0m/s;-;N/A;;MostlyCloudy;
2000/2/20;11:30;2.0;-2.0;75%;1013hPa;8.0km;Calm;Calm;-;N/A;;MostlyCloudy;
2000/2/20;12:00;4.0;-2.0;65%;1013hPa;7.0km;Variable;3.6km/h/1.0m/s;-;N/A;;MostlyCloudy;
2000/2/20;12:30;5.0;-1.0;65%;1013hPa;8.0km;Calm;Calm;-;N/A;;MostlyCloudy;
2000/2/20;13:30;3.0;-1.0;75%;1013hPa;8.0km;NE;3.6km/h/1.0m/s;-;N/A;;MostlyCloudy;
2000/2/20;14:30;2.0;-1.0;81%;1013hPa;5.0km;NNE;18.0km/h/5.0m/s;-;N/A;;MostlyCloudy;
2000/2/20;15:30;2.0;-1.0;81%;1013hPa;8.0km;North;21.6km/h/6.0m/s;-;N/A;;MostlyCloudy;
2000/2/20;16:00;2.0;-1.0;81%;1013hPa;8.0km;North;18.0km/h/5.0m/s;-;N/A;;MostlyCloudy;
2000/2/20;16:30;2.0;-1.0;81%;1014hPa;5.0km;North;28.8km/h/8.0m/s;-;N/A;;MostlyCloudy;
2000/2/20;17:00;1.0;-1.0;87%;1014hPa;4.5km;North;25.2km/h/7.0m/s;-;N/A;Snow;LightSnowShowers;
2000/2/20;17:30;1.0;-2.0;81%;1015hPa;4.5km;North;32.4km/h/9.0m/s;-;N/A;;MostlyCloudy;
2000/2/20;18:00;0.0;-2.0;87%;1016hPa;10.0km;NNE;25.2km/h/7.0m/s;-;N/A;;MostlyCloudy;
2000/2/20;18:30;0.0;-4.0;75%;1016hPa;10.0km;NNE;25.2km/h/7.0m/s;-;N/A;;Overcast;
2000/2/20;19:00;0.0;-4.0;75%;1016hPa;10.0km;NNE;25.2km/h/7.0m/s;-;N/A;;Overcast;
2000/2/20;19:30;0.0;-5.0;69%;1017hPa;-;NNE;25.2km/h/7.0m/s;-;N/A;;Clear;
2000/2/20;20:00;0.0;-5.0;69%;1017hPa;-;NNE;21.6km/h/6.0m/s;-;N/A;;Clear;
2000/2/20;20:30;0.0;-6.0;64%;1017hPa;-;NNE;14.4km/h/4.0m/s;-;N/A;;Clear;
2000/2/20;21:00;-2.0;-6.0;74%;1017hPa;-;NE;14.4km/h/4.0m/s;-;N/A;;Clear;
2000/2/20;21:30;0.0;-6.0;64%;1017hPa;-;Variable;3.6km/h/1.0m/s;-;N/A;;Clear;
2000/2/20;22:00;0.0;-6.0;64%;1017hPa;-;North;18.0km/h/5.0m/s;-;N/A;;Clear;
2000/2/20;22:30;0.0;-5.0;69%;1017hPa;-;North;18.0km/h/5.0m/s;-;N/A;;Clear;
2000/2/20;23:00;-1.0;-5.0;75%;1017hPa;-;North;21.6km/h/6.0m/s;-;N/A;;Clear;
2000/2/20;23:30;0.0;-5.0;69%;1018hPa;-;North;25.2km/h/7.0m/s;-;N/A;;Clear;
