2000/9/4;00:00;11.0;10.0;94%;1009hPa;-;Variable;7.2km/h/2.0m/s;-;N/A;;Clear;
2000/9/4;00:30;11.0;9.0;88%;1009hPa;-;Calm;Calm;-;N/A;;Clear;
2000/9/4;01:00;11.0;9.0;88%;1009hPa;-;Calm;Calm;-;N/A;;Clear;
2000/9/4;01:30;10.0;9.0;94%;1009hPa;-;Calm;Calm;-;N/A;;Clear;
2000/9/4;02:00;10.0;9.0;94%;1009hPa;-;Variable;3.6km/h/1.0m/s;-;N/A;;Clear;
2000/9/4;02:30;10.0;9.0;94%;1009hPa;-;Variable;3.6km/h/1.0m/s;-;N/A;;Clear;
2000/9/4;03:00;10.0;9.0;94%;1009hPa;-;Calm;Calm;-;N/A;;Clear;
2000/9/4;03:30;10.0;9.0;94%;1009hPa;-;Calm;Calm;-;N/A;;Clear;
2000/9/4;04:00;10.0;9.0;94%;1009hPa;-;Calm;Calm;-;N/A;;Clear;
2000/9/4;04:30;10.0;9.0;94%;1009hPa;-;Variable;3.6km/h/1.0m/s;-;N/A;;Clear;
2000/9/4;05:00;10.0;9.0;94%;1009hPa;-;Variable;3.6km/h/1.0m/s;-;N/A;;Clear;
2000/9/4;05:30;9.0;8.0;93%;1010hPa;-;Variable;3.6km/h/1.0m/s;-;N/A;;Clear;
2000/9/4;06:00;9.0;8.0;93%;1010hPa;10.0km;Calm;Calm;-;N/A;Fog;ShallowFog;
2000/9/4;06:30;9.0;8.0;93%;1010hPa;10.0km;NNW;3.6km/h/1.0m/s;-;N/A;;PartlyCloudy;
2000/9/4;07:00;11.0;10.0;94%;1010hPa;-;Calm;Calm;-;N/A;;Clear;
2000/9/4;07:30;11.0;10.0;94%;1010hPa;-;Variable;3.6km/h/1.0m/s;-;N/A;;Clear;
2000/9/4;08:00;13.0;10.0;82%;1010hPa;-;Variable;3.6km/h/1.0m/s;-;N/A;;Clear;
2000/9/4;08:30;14.0;11.0;82%;1010hPa;10.0km;Calm;Calm;-;N/A;;MostlyCloudy;
2000/9/4;09:00;14.0;10.0;77%;1011hPa;10.0km;Variable;3.6km/h/1.0m/s;-;N/A;;MostlyCloudy;
2000/9/4;09:30;14.0;10.0;77%;1011hPa;10.0km;Variable;3.6km/h/1.0m/s;-;N/A;;MostlyCloudy;
2000/9/4;10:00;16.0;11.0;72%;1011hPa;-;Variable;3.6km/h/1.0m/s;-;N/A;;Clear;
2000/9/4;10:30;16.0;11.0;72%;1011hPa;4.0km;Variable;7.2km/h/2.0m/s;-;N/A;;PartlyCloudy;
2000/9/4;11:00;17.0;11.0;68%;1011hPa;4.5km;Variable;7.2km/h/2.0m/s;-;N/A;;Smoke;
2000/9/4;11:30;18.0;10.0;59%;1012hPa;9.0km;Variable;7.2km/h/2.0m/s;-;N/A;;PartlyCloudy;
2000/9/4;12:00;19.0;11.0;60%;1012hPa;-;Variable;7.2km/h/2.0m/s;-;N/A;;Clear;
2000/9/4;12:30;19.0;11.0;60%;1012hPa;-;Variable;7.2km/h/2.0m/s;-;N/A;;Clear;
2000/9/4;13:00;20.0;9.0;49%;1011hPa;-;Variable;3.6km/h/1.0m/s;-;N/A;;Clear;
2000/9/4;13:30;19.0;9.0;52%;1012hPa;10.0km;Variable;7.2km/h/2.0m/s;-;N/A;;ScatteredClouds;
2000/9/4;14:00;18.0;12.0;68%;1012hPa;10.0km;Variable;3.6km/h/1.0m/s;-;N/A;Rain;LightRainShowers;
2000/9/4;14:30;18.0;12.0;68%;1012hPa;10.0km;Variable;3.6km/h/1.0m/s;-;N/A;;ScatteredClouds;
2000/9/4;15:00;17.0;12.0;72%;1012hPa;10.0km;Variable;7.2km/h/2.0m/s;-;N/A;;ScatteredClouds;
2000/9/4;15:30;18.0;12.0;68%;1012hPa;10.0km;North;10.8km/h/3.0m/s;-;N/A;;ScatteredClouds;
2000/9/4;16:00;18.0;12.0;68%;1012hPa;10.0km;NNE;10.8km/h/3.0m/s;-;N/A;;ScatteredClouds;
2000/9/4;16:30;17.0;13.0;77%;1012hPa;10.0km;North;10.8km/h/3.0m/s;-;N/A;Rain;LightRainShowers;
2000/9/4;17:00;17.0;13.0;77%;1013hPa;10.0km;Variable;3.6km/h/1.0m/s;-;N/A;;ScatteredClouds;
2000/9/4;17:30;16.0;12.0;77%;1013hPa;10.0km;North;14.4km/h/4.0m/s;-;N/A;Rain;LightRainShowers;
2000/9/4;18:00;17.0;13.0;77%;1013hPa;10.0km;Variable;3.6km/h/1.0m/s;-;N/A;Rain;LightRainShowers;
2000/9/4;18:30;15.0;12.0;82%;1013hPa;10.0km;NE;14.4km/h/4.0m/s;-;N/A;;ScatteredClouds;
2000/9/4;19:00;15.0;12.0;82%;1013hPa;10.0km;NNE;10.8km/h/3.0m/s;-;N/A;;ScatteredClouds;
2000/9/4;19:30;14.0;12.0;88%;1013hPa;10.0km;NE;10.8km/h/3.0m/s;-;N/A;Rain;LightRainShowers;
2000/9/4;20:00;14.0;12.0;88%;1014hPa;10.0km;Variable;3.6km/h/1.0m/s;-;N/A;;ScatteredClouds;
2000/9/4;20:30;14.0;12.0;88%;1014hPa;10.0km;Variable;3.6km/h/1.0m/s;-;N/A;;MostlyCloudy;
2000/9/4;21:00;14.0;12.0;88%;1014hPa;10.0km;North;10.8km/h/3.0m/s;-;N/A;;MostlyCloudy;
2000/9/4;21:30;14.0;12.0;88%;1014hPa;10.0km;NNW;7.2km/h/2.0m/s;-;N/A;;MostlyCloudy;
2000/9/4;22:00;14.0;11.0;82%;1015hPa;10.0km;NNE;7.2km/h/2.0m/s;-;N/A;;ScatteredClouds;
2000/9/4;22:30;13.0;11.0;88%;1015hPa;10.0km;NNE;7.2km/h/2.0m/s;-;N/A;;ScatteredClouds;
2000/9/4;23:00;13.0;11.0;88%;1015hPa;-;NNE;10.8km/h/3.0m/s;-;N/A;;Clear;
2000/9/4;23:30;13.0;10.0;82%;1015hPa;-;NNE;14.4km/h/4.0m/s;-;N/A;;Clear;
