2000/1/19;00:00;0.0;-4.0;75%;1000hPa;10.0km;NW;10.8km/h/3.0m/s;-;N/A;Snow;LightSnowShowers;
2000/1/19;00:30;0.0;-4.0;75%;1000hPa;10.0km;West;10.8km/h/3.0m/s;-;N/A;;ScatteredClouds;
2000/1/19;01:30;0.0;-3.0;80%;1000hPa;10.0km;WNW;14.4km/h/4.0m/s;-;N/A;Snow;LightSnow;
2000/1/19;02:00;-1.0;-2.0;93%;1001hPa;2.5km;Variable;7.2km/h/2.0m/s;25.2km/h/7.0m/s;N/A;Snow;LightSnow;
2000/1/19;02:30;0.0;-5.0;69%;1001hPa;10.0km;Variable;7.2km/h/2.0m/s;-;N/A;;MostlyCloudy;
2000/1/19;03:00;-1.0;-5.0;75%;1001hPa;10.0km;NNW;21.6km/h/6.0m/s;43.2km/h/12.0m/s;N/A;Snow;LowDriftingSnow;
2000/1/19;03:30;-1.0;-6.0;69%;1001hPa;10.0km;NNW;28.8km/h/8.0m/s;-;N/A;Snow;LowDriftingSnow;
2000/1/19;04:00;-1.0;-6.0;69%;1001hPa;10.0km;NNW;28.8km/h/8.0m/s;-;N/A;Snow;BlowingSnow;
2000/1/19;04:30;-1.0;-4.0;80%;1001hPa;6.0km;NNW;28.8km/h/8.0m/s;46.8km/h/13.0m/s;N/A;Snow;BlowingSnow;
2000/1/19;05:00;-1.0;-5.0;75%;1002hPa;6.0km;NNW;36.0km/h/10.0m/s;54.0km/h/15.0m/s;N/A;Snow;BlowingSnow;
2000/1/19;05:30;-1.0;-7.0;64%;1002hPa;10.0km;NNW;21.6km/h/6.0m/s;-;N/A;Snow;LowDriftingSnow;
2000/1/19;06:00;-1.0;-6.0;69%;1002hPa;10.0km;NNW;25.2km/h/7.0m/s;-;N/A;Snow;LowDriftingSnow;
2000/1/19;06:30;-1.0;-6.0;69%;1003hPa;10.0km;NNW;28.8km/h/8.0m/s;-;N/A;Snow;LowDriftingSnow;
2000/1/19;07:00;-1.0;-6.0;69%;1003hPa;10.0km;NNW;28.8km/h/8.0m/s;-;N/A;Snow;LowDriftingSnow;
2000/1/19;07:30;-1.0;-6.0;69%;1004hPa;10.0km;NNW;25.2km/h/7.0m/s;46.8km/h/13.0m/s;N/A;Snow;LowDriftingSnow;
2000/1/19;08:00;-1.0;-7.0;64%;1005hPa;10.0km;NNW;25.2km/h/7.0m/s;50.4km/h/14.0m/s;N/A;Snow;LowDriftingSnow;
2000/1/19;08:30;-1.0;-7.0;64%;1006hPa;10.0km;NW;28.8km/h/8.0m/s;46.8km/h/13.0m/s;N/A;Snow;LowDriftingSnow;
2000/1/19;09:00;-1.0;-7.0;64%;1006hPa;10.0km;NNW;25.2km/h/7.0m/s;-;N/A;Snow;LowDriftingSnow;
2000/1/19;09:30;0.0;-7.0;60%;1007hPa;10.0km;NNW;25.2km/h/7.0m/s;43.2km/h/12.0m/s;N/A;Snow;LowDriftingSnow;
2000/1/19;10:00;0.0;-8.0;55%;1007hPa;10.0km;NNW;28.8km/h/8.0m/s;50.4km/h/14.0m/s;N/A;;ScatteredClouds;
2000/1/19;10:30;0.0;-7.0;60%;1008hPa;10.0km;North;25.2km/h/7.0m/s;-;N/A;;MostlyCloudy;
2000/1/19;11:00;0.0;-8.0;55%;1008hPa;10.0km;NNW;21.6km/h/6.0m/s;39.6km/h/11.0m/s;N/A;;MostlyCloudy;
2000/1/19;11:30;0.0;-8.0;55%;1008hPa;10.0km;NNW;18.0km/h/5.0m/s;-;N/A;;MostlyCloudy;
2000/1/19;12:00;-1.0;-6.0;69%;1009hPa;2.3km;NNW;25.2km/h/7.0m/s;-;N/A;Snow;LightSnowShowers;
2000/1/19;12:30;-2.0;-4.0;86%;1009hPa;1.2km;NNW;14.4km/h/4.0m/s;-;N/A;Snow;LightSnowShowers;
2000/1/19;13:00;-1.0;-6.0;69%;1009hPa;10.0km;NNW;18.0km/h/5.0m/s;-;N/A;;MostlyCloudy;
2000/1/19;13:30;0.0;-9.0;51%;1009hPa;4.0km;NNW;25.2km/h/7.0m/s;43.2km/h/12.0m/s;N/A;Snow;BlowingSnow;
2000/1/19;14:30;-2.0;-7.0;69%;1010hPa;10.0km;NW;18.0km/h/5.0m/s;-;N/A;Snow;LightSnowShowers;
2000/1/19;15:00;-2.0;-7.0;69%;1011hPa;10.0km;Variable;7.2km/h/2.0m/s;-;N/A;;ScatteredClouds;
2000/1/19;15:30;-2.0;-8.0;64%;1011hPa;10.0km;NNW;21.6km/h/6.0m/s;-;N/A;;ScatteredClouds;
2000/1/19;16:00;-2.0;-9.0;59%;1011hPa;10.0km;Variable;7.2km/h/2.0m/s;-;N/A;;ScatteredClouds;
2000/1/19;16:21;-2.0;-9.0;59%;1011hPa;10.0km;NNW;14.4km/h/4.0m/s;-;N/A;;ScatteredClouds;
2000/1/19;16:30;-3.0;-10.0;59%;1011hPa;10.0km;NNW;14.4km/h/4.0m/s;-;N/A;;ScatteredClouds;
2000/1/19;17:00;-2.0;-9.0;59%;1012hPa;10.0km;NNW;21.6km/h/6.0m/s;-;N/A;;MostlyCloudy;
2000/1/19;17:30;-2.0;-9.0;59%;1012hPa;10.0km;NNW;25.2km/h/7.0m/s;-;N/A;;ScatteredClouds;
2000/1/19;18:00;-3.0;-9.0;64%;1012hPa;10.0km;NNW;25.2km/h/7.0m/s;-;N/A;;PartlyCloudy;
2000/1/19;18:30;-3.0;-9.0;64%;1013hPa;10.0km;NW;18.0km/h/5.0m/s;-;N/A;;PartlyCloudy;
2000/1/19;19:00;-2.0;-8.0;64%;1013hPa;-;NW;18.0km/h/5.0m/s;-;N/A;;Clear;
2000/1/19;19:30;-3.0;-8.0;69%;1013hPa;-;NNW;18.0km/h/5.0m/s;-;N/A;;Clear;
2000/1/19;20:00;-3.0;-8.0;69%;1014hPa;10.0km;NNW;18.0km/h/5.0m/s;-;N/A;;ScatteredClouds;
2000/1/19;20:30;-3.0;-7.0;74%;1013hPa;10.0km;NW;28.8km/h/8.0m/s;-;N/A;;ScatteredClouds;
2000/1/19;21:00;-3.0;-7.0;74%;1014hPa;10.0km;NNW;18.0km/h/5.0m/s;-;N/A;;ScatteredClouds;
2000/1/19;21:30;-3.0;-8.0;69%;1015hPa;-;NNW;18.0km/h/5.0m/s;-;N/A;;Clear;
2000/1/19;22:00;-3.0;-8.0;69%;1015hPa;-;NNW;14.4km/h/4.0m/s;-;N/A;;Clear;
2000/1/19;22:30;-3.0;-8.0;69%;1015hPa;10.0km;NNW;14.4km/h/4.0m/s;-;N/A;;PartlyCloudy;
2000/1/19;23:00;-3.0;-8.0;69%;1015hPa;10.0km;NW;10.8km/h/3.0m/s;-;N/A;;PartlyCloudy;
2000/1/19;23:30;-4.0;-8.0;74%;1015hPa;10.0km;WNW;10.8km/h/3.0m/s;-;N/A;;PartlyCloudy;
