2000/12/19;00:00;0.0;-2.0;87%;1021hPa;-;Variable;3.6km/h/1.0m/s;-;N/A;;Clear;
2000/12/19;00:30;0.0;-2.0;87%;1021hPa;-;Variable;3.6km/h/1.0m/s;-;N/A;;Clear;
2000/12/19;01:00;0.0;-2.0;87%;1021hPa;-;Calm;Calm;-;N/A;;Clear;
2000/12/19;01:30;0.0;-1.0;93%;1021hPa;-;NNW;7.2km/h/2.0m/s;-;N/A;;Clear;
2000/12/19;02:00;0.0;-2.0;87%;1021hPa;-;North;10.8km/h/3.0m/s;-;N/A;;Clear;
2000/12/19;02:30;-1.0;-3.0;86%;1021hPa;-;ENE;3.6km/h/1.0m/s;-;N/A;;Clear;
2000/12/19;03:30;-1.0;-2.0;93%;1021hPa;-;NNW;3.6km/h/1.0m/s;-;N/A;;Clear;
2000/12/19;05:30;-2.0;-3.0;93%;1020hPa;-;North;3.6km/h/1.0m/s;-;N/A;;Clear;
2000/12/19;06:00;-2.0;-3.0;93%;1020hPa;-;NNW;7.2km/h/2.0m/s;-;N/A;;Clear;
2000/12/19;06:30;-2.0;-4.0;86%;1021hPa;-;North;7.2km/h/2.0m/s;-;N/A;;Clear;
2000/12/19;07:30;-2.0;-3.0;93%;1021hPa;-;North;7.2km/h/2.0m/s;-;N/A;;Clear;
2000/12/19;08:00;-1.0;-3.0;86%;1021hPa;-;NNE;7.2km/h/2.0m/s;-;N/A;;Clear;
2000/12/19;08:30;-1.0;-3.0;86%;1021hPa;-;NNE;7.2km/h/2.0m/s;-;N/A;;Clear;
2000/12/19;09:00;0.0;-2.0;87%;1021hPa;10.0km;Variable;3.6km/h/1.0m/s;-;N/A;;ScatteredClouds;
2000/12/19;09:30;0.0;-1.0;93%;1022hPa;10.0km;NE;7.2km/h/2.0m/s;-;N/A;;ScatteredClouds;
2000/12/19;10:00;0.0;-1.0;93%;1022hPa;10.0km;Variable;3.6km/h/1.0m/s;-;N/A;;ScatteredClouds;
2000/12/19;10:30;1.0;-1.0;87%;1021hPa;-;Variable;3.6km/h/1.0m/s;-;N/A;;Clear;
2000/12/19;11:00;2.0;-1.0;81%;1021hPa;-;Variable;3.6km/h/1.0m/s;-;N/A;;Clear;
2000/12/19;11:30;3.0;-1.0;75%;1021hPa;-;Variable;3.6km/h/1.0m/s;-;N/A;;Clear;
2000/12/19;12:00;3.0;-1.0;75%;1021hPa;-;Variable;3.6km/h/1.0m/s;-;N/A;;Clear;
2000/12/19;12:30;4.0;0.0;75%;1021hPa;-;Variable;3.6km/h/1.0m/s;-;N/A;;Clear;
2000/12/19;13:00;4.0;-1.0;70%;1021hPa;10.0km;Variable;3.6km/h/1.0m/s;-;N/A;;ScatteredClouds;
2000/12/19;13:30;3.0;0.0;81%;1021hPa;10.0km;Variable;3.6km/h/1.0m/s;-;N/A;;ScatteredClouds;
2000/12/19;14:00;4.0;-1.0;70%;1021hPa;10.0km;Calm;Calm;-;N/A;;ScatteredClouds;
2000/12/19;14:30;3.0;0.0;81%;1021hPa;10.0km;Calm;Calm;-;N/A;;ScatteredClouds;
2000/12/19;15:00;3.0;0.0;81%;1021hPa;10.0km;Calm;Calm;-;N/A;;MostlyCloudy;
2000/12/19;15:30;2.0;0.0;87%;1021hPa;10.0km;Calm;Calm;-;N/A;;MostlyCloudy;
2000/12/19;16:00;2.0;0.0;87%;1021hPa;8.0km;East;3.6km/h/1.0m/s;-;N/A;Rain;LightRain;
2000/12/19;16:30;1.0;0.0;93%;1022hPa;8.0km;Variable;7.2km/h/2.0m/s;-;N/A;;Overcast;
2000/12/19;17:00;1.0;0.0;93%;1022hPa;9.0km;NNW;3.6km/h/1.0m/s;-;N/A;;Overcast;
2000/12/19;17:30;1.0;-1.0;87%;1022hPa;-;NW;3.6km/h/1.0m/s;-;N/A;;Clear;
2000/12/19;18:00;1.0;-1.0;87%;1022hPa;-;NNW;3.6km/h/1.0m/s;-;N/A;;Clear;
2000/12/19;18:30;-1.0;-1.0;100%;1022hPa;6.0km;Variable;3.6km/h/1.0m/s;-;N/A;;ScatteredClouds;
2000/12/19;19:00;-1.0;-2.0;93%;1022hPa;2.5km;Calm;Calm;-;N/A;;ScatteredClouds;
2000/12/19;19:30;-1.0;-2.0;93%;1022hPa;2.5km;East;3.6km/h/1.0m/s;-;N/A;;MostlyCloudy;
2000/12/19;20:00;-1.0;-1.0;100%;1022hPa;8.0km;Variable;3.6km/h/1.0m/s;-;N/A;;MostlyCloudy;
2000/12/19;20:30;1.0;-2.0;81%;1023hPa;10.0km;NNE;10.8km/h/3.0m/s;-;N/A;;MostlyCloudy;
2000/12/19;21:00;0.0;-3.0;80%;1023hPa;10.0km;North;21.6km/h/6.0m/s;-;N/A;;MostlyCloudy;
2000/12/19;21:30;0.0;-4.0;75%;1023hPa;10.0km;NNE;21.6km/h/6.0m/s;-;N/A;;ScatteredClouds;
2000/12/19;22:00;0.0;-4.0;75%;1023hPa;10.0km;NNE;18.0km/h/5.0m/s;-;N/A;;ScatteredClouds;
2000/12/19;22:30;0.0;-4.0;75%;1024hPa;10.0km;NNE;21.6km/h/6.0m/s;-;N/A;;ScatteredClouds;
2000/12/19;23:00;0.0;-6.0;64%;1024hPa;10.0km;NNE;25.2km/h/7.0m/s;-;N/A;;MostlyCloudy;
2000/12/19;23:30;0.0;-6.0;64%;1024hPa;10.0km;North;18.0km/h/5.0m/s;-;N/A;;MostlyCloudy;
