2000/11/13;00:00;1.0;1.0;100%;1020hPa;0.1km;Variable;3.6km/h/1.0m/s;-;N/A;Fog;Fog;
2000/11/13;00:30;1.0;1.0;100%;1020hPa;-;Variable;3.6km/h/1.0m/s;-;N/A;Fog;Fog;
2000/11/13;01:00;1.0;1.0;100%;1020hPa;0.0km;Variable;3.6km/h/1.0m/s;-;N/A;Fog;Fog;
2000/11/13;01:30;1.0;1.0;100%;1019hPa;0.0km;Variable;3.6km/h/1.0m/s;-;N/A;Fog;Fog;
2000/11/13;02:00;1.0;1.0;100%;1019hPa;0.0km;Variable;3.6km/h/1.0m/s;-;N/A;Fog;Fog;
2000/11/13;02:30;0.0;0.0;100%;1018hPa;0.0km;Calm;Calm;-;N/A;Fog;Fog;
2000/11/13;03:00;0.0;0.0;100%;1018hPa;0.0km;Calm;Calm;-;N/A;Fog;Fog;
2000/11/13;03:30;0.0;0.0;100%;1018hPa;0.1km;Variable;3.6km/h/1.0m/s;-;N/A;Fog;Fog;
2000/11/13;04:00;1.0;1.0;100%;1018hPa;0.6km;Calm;Calm;-;N/A;Fog;Fog;
2000/11/13;04:30;1.0;1.0;100%;1018hPa;7.0km;Variable;3.6km/h/1.0m/s;-;N/A;;MostlyCloudy;
2000/11/13;05:00;2.0;2.0;100%;1017hPa;7.0km;Variable;7.2km/h/2.0m/s;-;N/A;;Overcast;
2000/11/13;05:30;3.0;2.0;93%;1017hPa;6.0km;Variable;3.6km/h/1.0m/s;-;N/A;;MostlyCloudy;
2000/11/13;06:00;3.0;2.0;93%;1017hPa;10.0km;Variable;3.6km/h/1.0m/s;-;N/A;;ScatteredClouds;
2000/11/13;06:30;3.0;2.0;93%;1017hPa;10.0km;Variable;3.6km/h/1.0m/s;-;N/A;;MostlyCloudy;
2000/11/13;07:00;4.0;2.0;87%;1017hPa;10.0km;Variable;7.2km/h/2.0m/s;-;N/A;;MostlyCloudy;
2000/11/13;07:30;4.0;2.0;87%;1017hPa;8.0km;SW;10.8km/h/3.0m/s;-;N/A;;Overcast;
2000/11/13;08:00;4.0;2.0;87%;1017hPa;6.0km;SW;18.0km/h/5.0m/s;-;N/A;Rain;LightRain;
2000/11/13;08:30;4.0;2.0;87%;1017hPa;9.0km;SW;10.8km/h/3.0m/s;-;N/A;;Overcast;
2000/11/13;09:00;5.0;2.0;81%;1016hPa;8.0km;SSW;10.8km/h/3.0m/s;-;N/A;;Overcast;
2000/11/13;09:30;5.0;3.0;87%;1017hPa;8.0km;SW;10.8km/h/3.0m/s;-;N/A;;Overcast;
2000/11/13;10:00;5.0;2.0;81%;1016hPa;9.0km;Variable;7.2km/h/2.0m/s;-;N/A;;MostlyCloudy;
2000/11/13;10:30;5.0;2.0;81%;1016hPa;9.0km;SSW;10.8km/h/3.0m/s;-;N/A;;Overcast;
2000/11/13;11:00;5.0;3.0;87%;1016hPa;9.0km;SSW;10.8km/h/3.0m/s;-;N/A;;Overcast;
2000/11/13;11:30;5.0;3.0;87%;1016hPa;9.0km;Variable;7.2km/h/2.0m/s;-;N/A;;MostlyCloudy;
2000/11/13;12:00;5.0;2.0;81%;1016hPa;8.0km;Variable;3.6km/h/1.0m/s;-;N/A;;Overcast;
2000/11/13;12:30;5.0;3.0;87%;1016hPa;8.0km;Variable;3.6km/h/1.0m/s;-;N/A;;Overcast;
2000/11/13;13:00;6.0;3.0;81%;1015hPa;7.0km;Variable;7.2km/h/2.0m/s;-;N/A;;Overcast;
2000/11/13;13:30;6.0;4.0;87%;1015hPa;9.0km;SSE;7.2km/h/2.0m/s;-;N/A;;Overcast;
2000/11/13;14:00;6.0;3.0;81%;1015hPa;9.0km;SE;7.2km/h/2.0m/s;-;N/A;;Overcast;
2000/11/13;14:30;6.0;4.0;87%;1015hPa;9.0km;SE;3.6km/h/1.0m/s;-;N/A;;Overcast;
2000/11/13;15:00;6.0;4.0;87%;1015hPa;10.0km;Calm;Calm;-;N/A;;Overcast;
2000/11/13;15:30;6.0;4.0;87%;1015hPa;10.0km;WNW;3.6km/h/1.0m/s;-;N/A;;Overcast;
2000/11/13;16:00;6.0;4.0;87%;1015hPa;7.0km;Calm;Calm;-;N/A;;Overcast;
2000/11/13;16:30;6.0;4.0;87%;1015hPa;7.0km;NNW;3.6km/h/1.0m/s;-;N/A;;Overcast;
2000/11/13;17:00;6.0;4.0;87%;1015hPa;9.0km;NW;3.6km/h/1.0m/s;-;N/A;;Overcast;
2000/11/13;17:30;6.0;4.0;87%;1015hPa;10.0km;NNE;3.6km/h/1.0m/s;-;N/A;;Overcast;
2000/11/13;18:00;6.0;4.0;87%;1015hPa;10.0km;NNE;7.2km/h/2.0m/s;-;N/A;;Overcast;
2000/11/13;18:30;6.0;4.0;87%;1015hPa;10.0km;North;7.2km/h/2.0m/s;-;N/A;;Overcast;
2000/11/13;19:00;6.0;4.0;87%;1014hPa;10.0km;NNW;7.2km/h/2.0m/s;-;N/A;;Overcast;
2000/11/13;19:30;6.0;4.0;87%;1014hPa;10.0km;North;7.2km/h/2.0m/s;-;N/A;;MostlyCloudy;
2000/11/13;20:00;6.0;4.0;87%;1014hPa;10.0km;North;7.2km/h/2.0m/s;-;N/A;;MostlyCloudy;
2000/11/13;20:30;6.0;4.0;87%;1014hPa;-;Variable;3.6km/h/1.0m/s;-;N/A;;Clear;
2000/11/13;21:00;6.0;4.0;87%;1014hPa;-;West;7.2km/h/2.0m/s;-;N/A;;Clear;
2000/11/13;21:30;5.0;4.0;93%;1014hPa;10.0km;Variable;3.6km/h/1.0m/s;-;N/A;;ScatteredClouds;
2000/11/13;22:00;5.0;4.0;93%;1014hPa;10.0km;Variable;3.6km/h/1.0m/s;-;N/A;;MostlyCloudy;
2000/11/13;22:30;5.0;4.0;93%;1014hPa;10.0km;Calm;Calm;-;N/A;;MostlyCloudy;
2000/11/13;23:00;6.0;4.0;87%;1014hPa;10.0km;Calm;Calm;-;N/A;;MostlyCloudy;
2000/11/13;23:30;6.0;5.0;93%;1014hPa;10.0km;Calm;Calm;-;N/A;;MostlyCloudy;
