2000/11/15;00:00;6.0;6.0;100%;1014hPa;-;Variable;3.6km/h/1.0m/s;-;N/A;;Clear;
2000/11/15;00:30;6.0;5.0;93%;1014hPa;-;Variable;7.2km/h/2.0m/s;-;N/A;;Clear;
2000/11/15;01:00;6.0;5.0;93%;1014hPa;-;North;7.2km/h/2.0m/s;-;N/A;;Clear;
2000/11/15;01:30;6.0;5.0;93%;1014hPa;-;Variable;3.6km/h/1.0m/s;-;N/A;;Clear;
2000/11/15;02:00;7.0;6.0;93%;1015hPa;-;Variable;3.6km/h/1.0m/s;-;N/A;;Clear;
2000/11/15;02:30;5.0;3.0;87%;1015hPa;6.0km;Variable;3.6km/h/1.0m/s;-;N/A;;PartlyCloudy;
2000/11/15;03:00;6.0;6.0;100%;1015hPa;-;NNE;7.2km/h/2.0m/s;-;N/A;;Clear;
2000/11/15;03:30;6.0;5.0;93%;1015hPa;-;North;7.2km/h/2.0m/s;-;N/A;;Clear;
2000/11/15;04:00;6.0;6.0;100%;1015hPa;-;North;3.6km/h/1.0m/s;-;N/A;;Clear;
2000/11/15;04:30;8.0;6.0;87%;1015hPa;-;West;7.2km/h/2.0m/s;-;N/A;;Clear;
2000/11/15;05:00;6.0;5.0;93%;1016hPa;-;Variable;3.6km/h/1.0m/s;-;N/A;;Clear;
2000/11/15;05:30;6.0;5.0;93%;1016hPa;-;Calm;Calm;-;N/A;;Clear;
2000/11/15;06:00;6.0;5.0;93%;1016hPa;-;Calm;Calm;-;N/A;;Clear;
2000/11/15;06:30;6.0;6.0;100%;1016hPa;6.0km;Calm;Calm;-;N/A;;MostlyCloudy;
2000/11/15;07:00;7.0;6.0;93%;1017hPa;7.0km;Variable;3.6km/h/1.0m/s;-;N/A;;ScatteredClouds;
2000/11/15;07:30;6.0;5.0;93%;1017hPa;9.0km;Variable;3.6km/h/1.0m/s;-;N/A;;ScatteredClouds;
2000/11/15;08:00;6.0;5.0;93%;1018hPa;9.0km;SSW;7.2km/h/2.0m/s;-;N/A;;MostlyCloudy;
2000/11/15;08:30;7.0;6.0;93%;1018hPa;9.0km;SSW;3.6km/h/1.0m/s;-;N/A;;MostlyCloudy;
2000/11/15;09:00;8.0;7.0;93%;1018hPa;9.0km;Variable;3.6km/h/1.0m/s;-;N/A;;ScatteredClouds;
2000/11/15;09:30;9.0;8.0;93%;1018hPa;9.0km;South;3.6km/h/1.0m/s;-;N/A;;ScatteredClouds;
2000/11/15;10:00;11.0;8.0;82%;1018hPa;9.0km;Variable;3.6km/h/1.0m/s;-;N/A;;ScatteredClouds;
2000/11/15;10:30;12.0;7.0;72%;1019hPa;-;Variable;7.2km/h/2.0m/s;-;N/A;;Clear;
2000/11/15;11:00;12.0;7.0;72%;1019hPa;-;Variable;3.6km/h/1.0m/s;-;N/A;;Clear;
2000/11/15;11:30;12.0;7.0;72%;1019hPa;-;Variable;3.6km/h/1.0m/s;-;N/A;;Clear;
2000/11/15;12:00;11.0;8.0;82%;1019hPa;-;Variable;3.6km/h/1.0m/s;-;N/A;;Clear;
2000/11/15;12:30;11.0;8.0;82%;1019hPa;-;SE;7.2km/h/2.0m/s;-;N/A;;Clear;
2000/11/15;13:00;11.0;8.0;82%;1019hPa;10.0km;Variable;7.2km/h/2.0m/s;-;N/A;Rain;LightRain;
2000/11/15;13:30;11.0;8.0;82%;1019hPa;9.0km;South;3.6km/h/1.0m/s;-;N/A;;MostlyCloudy;
2000/11/15;14:00;11.0;8.0;82%;1019hPa;9.0km;South;3.6km/h/1.0m/s;-;N/A;;MostlyCloudy;
2000/11/15;14:30;11.0;9.0;88%;1019hPa;9.0km;South;3.6km/h/1.0m/s;-;N/A;;Overcast;
2000/11/15;15:00;11.0;8.0;82%;1019hPa;9.0km;SSW;3.6km/h/1.0m/s;-;N/A;;Overcast;
2000/11/15;15:30;10.0;8.0;87%;1019hPa;9.0km;South;3.6km/h/1.0m/s;-;N/A;;Overcast;
2000/11/15;16:00;10.0;8.0;87%;1019hPa;6.0km;SE;3.6km/h/1.0m/s;-;N/A;;Overcast;
2000/11/15;16:30;10.0;8.0;87%;1019hPa;9.0km;Variable;3.6km/h/1.0m/s;-;N/A;;Overcast;
2000/11/15;17:00;9.0;8.0;93%;1019hPa;9.0km;Calm;Calm;-;N/A;;Overcast;
2000/11/15;17:30;9.0;8.0;93%;1019hPa;10.0km;Calm;Calm;-;N/A;;Overcast;
2000/11/15;18:00;10.0;8.0;87%;1019hPa;10.0km;Calm;Calm;-;N/A;;Overcast;
2000/11/15;18:30;10.0;8.0;87%;1019hPa;10.0km;Calm;Calm;-;N/A;;Overcast;
2000/11/15;19:00;10.0;8.0;87%;1019hPa;10.0km;Calm;Calm;-;N/A;;Overcast;
2000/11/15;19:30;9.0;8.0;93%;1019hPa;10.0km;SE;3.6km/h/1.0m/s;-;N/A;;Overcast;
2000/11/15;20:00;9.0;8.0;93%;1019hPa;10.0km;SSE;3.6km/h/1.0m/s;-;N/A;;ScatteredClouds;
2000/11/15;20:30;9.0;8.0;93%;1019hPa;10.0km;Calm;Calm;-;N/A;;ScatteredClouds;
2000/11/15;21:00;9.0;8.0;93%;1019hPa;10.0km;Calm;Calm;-;N/A;;MostlyCloudy;
2000/11/15;21:30;9.0;8.0;93%;1019hPa;10.0km;NNW;3.6km/h/1.0m/s;-;N/A;;MostlyCloudy;
2000/11/15;22:00;9.0;7.0;87%;1019hPa;10.0km;North;3.6km/h/1.0m/s;-;N/A;;Overcast;
2000/11/15;22:30;9.0;7.0;87%;1019hPa;10.0km;NW;3.6km/h/1.0m/s;-;N/A;;Overcast;
2000/11/15;23:00;8.0;7.0;93%;1019hPa;-;Calm;Calm;-;N/A;;Clear;
2000/11/15;23:30;9.0;7.0;87%;1019hPa;-;West;7.2km/h/2.0m/s;-;N/A;;Clear;
