2000/5/30;00:00;12.0;9.0;82%;1014hPa;-;NNE;10.8km/h/3.0m/s;-;N/A;;Clear;
2000/5/30;00:30;12.0;9.0;82%;1013hPa;-;NNE;10.8km/h/3.0m/s;-;N/A;;Clear;
2000/5/30;01:00;11.0;9.0;88%;1014hPa;-;North;10.8km/h/3.0m/s;-;N/A;;Clear;
2000/5/30;01:30;11.0;8.0;82%;1014hPa;-;North;10.8km/h/3.0m/s;-;N/A;;Clear;
2000/5/30;02:00;11.0;8.0;82%;1014hPa;-;NNW;7.2km/h/2.0m/s;-;N/A;;Clear;
2000/5/30;02:30;11.0;8.0;82%;1015hPa;-;West;7.2km/h/2.0m/s;-;N/A;;Clear;
2000/5/30;03:00;11.0;8.0;82%;1015hPa;-;Variable;7.2km/h/2.0m/s;-;N/A;;Clear;
2000/5/30;03:30;11.0;8.0;82%;1015hPa;-;Variable;3.6km/h/1.0m/s;-;N/A;;Clear;
2000/5/30;04:00;11.0;8.0;82%;1014hPa;-;Variable;7.2km/h/2.0m/s;-;N/A;;Clear;
2000/5/30;04:30;12.0;7.0;72%;1015hPa;-;North;10.8km/h/3.0m/s;-;N/A;;Clear;
2000/5/30;05:00;12.0;7.0;72%;1015hPa;-;North;14.4km/h/4.0m/s;-;N/A;;Clear;
2000/5/30;05:30;12.0;6.0;67%;1015hPa;-;North;10.8km/h/3.0m/s;-;N/A;;Clear;
2000/5/30;06:00;12.0;7.0;72%;1016hPa;10.0km;Variable;3.6km/h/1.0m/s;-;N/A;;MostlyCloudy;
2000/5/30;06:30;12.0;7.0;72%;1016hPa;10.0km;Variable;7.2km/h/2.0m/s;-;N/A;;MostlyCloudy;
2000/5/30;07:00;11.0;6.0;71%;1016hPa;10.0km;Variable;7.2km/h/2.0m/s;-;N/A;;MostlyCloudy;
2000/5/30;07:30;12.0;5.0;62%;1017hPa;-;North;14.4km/h/4.0m/s;-;N/A;;Clear;
2000/5/30;08:00;12.0;5.0;62%;1017hPa;-;North;10.8km/h/3.0m/s;-;N/A;;Clear;
2000/5/30;08:30;13.0;5.0;58%;1017hPa;-;North;14.4km/h/4.0m/s;-;N/A;;Clear;
2000/5/30;09:00;14.0;6.0;59%;1017hPa;-;NNE;14.4km/h/4.0m/s;-;N/A;;Clear;
2000/5/30;09:30;15.0;6.0;55%;1017hPa;10.0km;NNE;18.0km/h/5.0m/s;-;N/A;;MostlyCloudy;
2000/5/30;10:00;15.0;6.0;55%;1017hPa;10.0km;NNE;18.0km/h/5.0m/s;-;N/A;;MostlyCloudy;
2000/5/30;10:30;16.0;5.0;48%;1017hPa;10.0km;NNE;14.4km/h/4.0m/s;-;N/A;;MostlyCloudy;
2000/5/30;11:00;16.0;5.0;48%;1017hPa;10.0km;NNE;18.0km/h/5.0m/s;-;N/A;;ScatteredClouds;
2000/5/30;11:30;17.0;6.0;48%;1017hPa;10.0km;NE;14.4km/h/4.0m/s;-;N/A;;ScatteredClouds;
2000/5/30;12:00;17.0;5.0;45%;1017hPa;10.0km;NE;14.4km/h/4.0m/s;-;N/A;;ScatteredClouds;
2000/5/30;12:30;18.0;7.0;49%;1017hPa;10.0km;ENE;10.8km/h/3.0m/s;-;N/A;;ScatteredClouds;
2000/5/30;13:00;17.0;6.0;48%;1017hPa;10.0km;Variable;7.2km/h/2.0m/s;-;N/A;;MostlyCloudy;
2000/5/30;13:30;17.0;6.0;48%;1017hPa;10.0km;Variable;7.2km/h/2.0m/s;-;N/A;;ScatteredClouds;
2000/5/30;14:00;17.0;5.0;45%;1017hPa;-;Variable;7.2km/h/2.0m/s;-;N/A;;Clear;
2000/5/30;14:30;17.0;5.0;45%;1017hPa;-;Variable;7.2km/h/2.0m/s;-;N/A;;Clear;
2000/5/30;15:00;17.0;4.0;42%;1017hPa;10.0km;Variable;3.6km/h/1.0m/s;-;N/A;;ScatteredClouds;
2000/5/30;15:30;17.0;6.0;48%;1016hPa;10.0km;Variable;3.6km/h/1.0m/s;-;N/A;;ScatteredClouds;
2000/5/30;16:00;17.0;6.0;48%;1016hPa;-;Variable;7.2km/h/2.0m/s;-;N/A;;Clear;
2000/5/30;16:30;16.0;7.0;55%;1016hPa;-;NNE;10.8km/h/3.0m/s;-;N/A;;Clear;
2000/5/30;17:00;16.0;7.0;55%;1016hPa;-;North;10.8km/h/3.0m/s;-;N/A;;Clear;
2000/5/30;17:30;16.0;6.0;52%;1016hPa;-;North;10.8km/h/3.0m/s;-;N/A;;Clear;
2000/5/30;18:00;16.0;6.0;52%;1016hPa;10.0km;NE;10.8km/h/3.0m/s;-;N/A;;MostlyCloudy;
2000/5/30;18:30;15.0;6.0;55%;1016hPa;10.0km;NE;7.2km/h/2.0m/s;-;N/A;;MostlyCloudy;
2000/5/30;19:00;15.0;8.0;63%;1016hPa;10.0km;Variable;7.2km/h/2.0m/s;-;N/A;;MostlyCloudy;
2000/5/30;19:30;15.0;8.0;63%;1016hPa;10.0km;North;3.6km/h/1.0m/s;-;N/A;;MostlyCloudy;
2000/5/30;20:00;14.0;8.0;67%;1016hPa;10.0km;North;10.8km/h/3.0m/s;-;N/A;;MostlyCloudy;
2000/5/30;20:30;13.0;8.0;72%;1016hPa;10.0km;North;7.2km/h/2.0m/s;-;N/A;;ScatteredClouds;
2000/5/30;21:00;12.0;8.0;77%;1016hPa;-;North;7.2km/h/2.0m/s;-;N/A;;Clear;
2000/5/30;21:30;12.0;8.0;77%;1016hPa;-;North;10.8km/h/3.0m/s;-;N/A;;Clear;
2000/5/30;22:00;11.0;7.0;76%;1016hPa;-;North;14.4km/h/4.0m/s;-;N/A;;Clear;
2000/5/30;22:30;10.0;7.0;82%;1016hPa;-;North;10.8km/h/3.0m/s;-;N/A;;Clear;
2000/5/30;23:00;10.0;6.0;76%;1016hPa;-;North;7.2km/h/2.0m/s;-;N/A;;Clear;
2000/5/30;23:30;9.0;6.0;82%;1016hPa;-;North;10.8km/h/3.0m/s;-;N/A;;Clear;
