2000/8/7;00:00;21.0;17.0;78%;1014hPa;-;North;14.4km/h/4.0m/s;-;N/A;;Clear;
2000/8/7;00:30;21.0;17.0;78%;1013hPa;-;North;14.4km/h/4.0m/s;-;N/A;;Clear;
2000/8/7;01:00;21.0;17.0;78%;1013hPa;-;North;10.8km/h/3.0m/s;-;N/A;;Clear;
2000/8/7;01:30;21.0;17.0;78%;1014hPa;-;North;7.2km/h/2.0m/s;-;N/A;;Clear;
2000/8/7;02:00;22.0;17.0;73%;1015hPa;10.0km;WSW;21.6km/h/6.0m/s;39.6km/h/11.0m/s;N/A;;MostlyCloudy;
2000/8/7;02:30;22.0;17.0;73%;1014hPa;10.0km;West;10.8km/h/3.0m/s;-;N/A;;MostlyCloudy;
2000/8/7;03:00;21.0;16.0;73%;1014hPa;-;ENE;10.8km/h/3.0m/s;-;N/A;;Clear;
2000/8/7;03:30;20.0;17.0;83%;1014hPa;-;Calm;Calm;-;N/A;;Clear;
2000/8/7;04:00;21.0;16.0;73%;1015hPa;10.0km;WSW;10.8km/h/3.0m/s;-;N/A;Rain;LightRain;
2000/8/7;04:30;20.0;15.0;73%;1015hPa;10.0km;West;14.4km/h/4.0m/s;-;N/A;Rain;LightRain;
2000/8/7;05:30;19.0;15.0;78%;1015hPa;10.0km;Variable;3.6km/h/1.0m/s;-;N/A;;Overcast;
2000/8/7;06:12;19.0;15.0;78%;1016hPa;10.0km;West;18.0km/h/5.0m/s;-;N/A;;MostlyCloudy;
2000/8/7;06:30;19.0;14.0;73%;1015hPa;10.0km;Variable;7.2km/h/2.0m/s;-;N/A;;MostlyCloudy;
2000/8/7;07:00;19.0;15.0;78%;1014hPa;10.0km;NNW;10.8km/h/3.0m/s;-;N/A;Rain;LightRain;
2000/8/7;07:30;19.0;15.0;78%;1014hPa;10.0km;Variable;7.2km/h/2.0m/s;-;N/A;;MostlyCloudy;
2000/8/7;08:00;19.0;15.0;78%;1015hPa;10.0km;Variable;7.2km/h/2.0m/s;-;N/A;;MostlyCloudy;
2000/8/7;08:30;19.0;15.0;78%;1016hPa;10.0km;SW;10.8km/h/3.0m/s;-;N/A;Rain;Rain;
2000/8/7;09:00;17.0;15.0;88%;1016hPa;9.0km;Variable;7.2km/h/2.0m/s;-;N/A;Rain,Thunderstorm;ThunderstormsandRain;
2000/8/7;09:30;18.0;15.0;83%;1015hPa;10.0km;NE;10.8km/h/3.0m/s;-;N/A;;MostlyCloudy;
2000/8/7;10:00;17.0;15.0;88%;1015hPa;10.0km;NE;14.4km/h/4.0m/s;-;N/A;;MostlyCloudy;
2000/8/7;10:30;19.0;16.0;83%;1015hPa;10.0km;NNE;14.4km/h/4.0m/s;-;N/A;;ScatteredClouds;
2000/8/7;11:00;19.0;15.0;78%;1015hPa;10.0km;Variable;7.2km/h/2.0m/s;-;N/A;;MostlyCloudy;
2000/8/7;11:30;20.0;17.0;83%;1015hPa;10.0km;Variable;7.2km/h/2.0m/s;-;N/A;;ScatteredClouds;
2000/8/7;12:00;22.0;16.0;69%;1015hPa;10.0km;Variable;3.6km/h/1.0m/s;-;N/A;;ScatteredClouds;
2000/8/7;12:30;21.0;15.0;68%;1015hPa;10.0km;Variable;3.6km/h/1.0m/s;-;N/A;;MostlyCloudy;
2000/8/7;13:00;21.0;16.0;73%;1015hPa;10.0km;Variable;10.8km/h/3.0m/s;-;N/A;Rain;LightRainShowers;
2000/8/7;13:30;23.0;16.0;65%;1015hPa;10.0km;SSW;21.6km/h/6.0m/s;-;N/A;;ScatteredClouds;
2000/8/7;14:00;22.0;16.0;69%;1015hPa;10.0km;SSW;14.4km/h/4.0m/s;-;N/A;;ScatteredClouds;
2000/8/7;14:30;22.0;16.0;69%;1015hPa;10.0km;SSW;18.0km/h/5.0m/s;-;N/A;;MostlyCloudy;
2000/8/7;15:00;23.0;17.0;69%;1015hPa;10.0km;SSW;18.0km/h/5.0m/s;-;N/A;;ScatteredClouds;
2000/8/7;15:30;23.0;17.0;69%;1014hPa;10.0km;SSW;21.6km/h/6.0m/s;-;N/A;;MostlyCloudy;
2000/8/7;16:00;23.0;17.0;69%;1015hPa;10.0km;SSW;14.4km/h/4.0m/s;-;N/A;;MostlyCloudy;
2000/8/7;16:30;24.0;17.0;65%;1014hPa;10.0km;WSW;14.4km/h/4.0m/s;-;N/A;;ScatteredClouds;
2000/8/7;17:00;23.0;17.0;69%;1015hPa;10.0km;SW;10.8km/h/3.0m/s;-;N/A;;ScatteredClouds;
2000/8/7;17:30;20.0;14.0;68%;1015hPa;5.0km;NW;28.8km/h/8.0m/s;-;N/A;Rain,Thunderstorm;HeavyThunderstormsandRain;
2000/8/7;18:00;18.0;14.0;77%;1016hPa;10.0km;ENE;10.8km/h/3.0m/s;-;N/A;Rain,Thunderstorm;LightThunderstormsandRain;
2000/8/7;18:30;18.0;15.0;83%;1016hPa;10.0km;ENE;10.8km/h/3.0m/s;-;N/A;Thunderstorm;Thunderstorm;
2000/8/7;19:00;17.0;15.0;88%;1015hPa;10.0km;Variable;7.2km/h/2.0m/s;-;N/A;;ScatteredClouds;
2000/8/7;19:30;17.0;15.0;88%;1015hPa;10.0km;Variable;7.2km/h/2.0m/s;-;N/A;;ScatteredClouds;
2000/8/7;20:00;17.0;15.0;88%;1016hPa;10.0km;NE;3.6km/h/1.0m/s;-;N/A;;ScatteredClouds;
2000/8/7;20:30;17.0;15.0;88%;1016hPa;10.0km;Variable;3.6km/h/1.0m/s;-;N/A;;ScatteredClouds;
2000/8/7;21:00;16.0;15.0;94%;1016hPa;10.0km;NNE;7.2km/h/2.0m/s;-;N/A;;PartlyCloudy;
2000/8/7;21:30;16.0;14.0;88%;1016hPa;-;Variable;7.2km/h/2.0m/s;-;N/A;;Clear;
2000/8/7;22:00;15.0;14.0;94%;1016hPa;-;ENE;7.2km/h/2.0m/s;-;N/A;;Clear;
2000/8/7;22:30;15.0;14.0;94%;1016hPa;-;NE;3.6km/h/1.0m/s;-;N/A;;Clear;
2000/8/7;23:00;15.0;14.0;94%;1016hPa;-;NNE;7.2km/h/2.0m/s;-;N/A;;Clear;
2000/8/7;23:30;15.0;13.0;88%;1017hPa;-;Calm;Calm;-;N/A;;Clear;
