2000/11/12;00:00;3.0;3.0;100%;1029hPa;3.0km;Variable;3.6km/h/1.0m/s;-;N/A;;Overcast;
2000/11/12;00:30;3.0;3.0;100%;1029hPa;-;WSW;7.2km/h/2.0m/s;-;N/A;;Overcast;
2000/11/12;01:00;3.0;3.0;100%;1029hPa;3.5km;Variable;3.6km/h/1.0m/s;-;N/A;;ScatteredClouds;
2000/11/12;01:30;3.0;3.0;100%;1029hPa;3.5km;West;3.6km/h/1.0m/s;-;N/A;;Overcast;
2000/11/12;02:00;3.0;2.0;93%;1029hPa;3.0km;Variable;3.6km/h/1.0m/s;-;N/A;;Overcast;
2000/11/12;02:30;3.0;3.0;100%;1029hPa;2.5km;West;3.6km/h/1.0m/s;-;N/A;;Overcast;
2000/11/12;03:00;3.0;3.0;100%;1028hPa;2.2km;Variable;7.2km/h/2.0m/s;-;N/A;;LightDrizzle;
2000/11/12;03:30;3.0;3.0;100%;1028hPa;2.3km;Variable;3.6km/h/1.0m/s;-;N/A;;LightDrizzle;
2000/11/12;04:00;3.0;3.0;100%;1028hPa;2.5km;Variable;7.2km/h/2.0m/s;-;N/A;;Overcast;
2000/11/12;04:30;3.0;3.0;100%;1028hPa;2.2km;South;7.2km/h/2.0m/s;-;N/A;;Overcast;
2000/11/12;05:00;3.0;3.0;100%;1028hPa;2.1km;Variable;7.2km/h/2.0m/s;-;N/A;;Overcast;
2000/11/12;05:30;3.0;3.0;100%;1028hPa;3.0km;Variable;7.2km/h/2.0m/s;-;N/A;;Overcast;
2000/11/12;06:00;3.0;3.0;100%;1028hPa;0.5km;SE;7.2km/h/2.0m/s;-;N/A;Fog;Fog;
2000/11/12;06:30;2.0;2.0;100%;1028hPa;0.4km;Variable;7.2km/h/2.0m/s;-;N/A;Fog;Fog;
2000/11/12;07:00;2.0;2.0;100%;1028hPa;0.5km;Variable;3.6km/h/1.0m/s;-;N/A;Fog;Fog;
2000/11/12;07:30;2.0;2.0;100%;1028hPa;1.5km;Variable;7.2km/h/2.0m/s;-;N/A;;Overcast;
2000/11/12;08:00;2.0;2.0;100%;1028hPa;2.0km;South;10.8km/h/3.0m/s;-;N/A;;Overcast;
2000/11/12;08:30;2.0;2.0;100%;1027hPa;1.5km;South;10.8km/h/3.0m/s;-;N/A;;Overcast;
2000/11/12;09:00;3.0;3.0;100%;1028hPa;3.0km;SSW;10.8km/h/3.0m/s;-;N/A;;Overcast;
2000/11/12;09:30;3.0;2.0;93%;1028hPa;2.2km;South;7.2km/h/2.0m/s;-;N/A;;Overcast;
2000/11/12;10:00;3.0;3.0;100%;1028hPa;0.8km;South;10.8km/h/3.0m/s;-;N/A;Fog;LightDrizzle;
2000/11/12;10:30;3.0;3.0;100%;1027hPa;0.5km;South;10.8km/h/3.0m/s;-;N/A;Fog;LightDrizzle;
2000/11/12;11:00;3.0;3.0;100%;1027hPa;0.3km;SSW;10.8km/h/3.0m/s;-;N/A;Fog;LightDrizzle;
2000/11/12;11:30;3.0;3.0;100%;1027hPa;0.4km;SSW;14.4km/h/4.0m/s;-;N/A;Fog;LightDrizzle;
2000/11/12;12:00;4.0;4.0;100%;1027hPa;0.4km;SSW;14.4km/h/4.0m/s;-;N/A;Fog;LightDrizzle;
2000/11/12;12:30;4.0;4.0;100%;1026hPa;1.2km;SSW;14.4km/h/4.0m/s;-;N/A;;LightDrizzle;
2000/11/12;13:00;4.0;4.0;100%;1026hPa;0.6km;South;14.4km/h/4.0m/s;-;N/A;Fog;LightDrizzle;
2000/11/12;13:30;4.0;4.0;100%;1026hPa;0.3km;South;10.8km/h/3.0m/s;-;N/A;Fog;LightDrizzle;
2000/11/12;14:00;4.0;4.0;100%;1025hPa;0.6km;South;10.8km/h/3.0m/s;-;N/A;Fog;LightDrizzle;
2000/11/12;14:30;4.0;4.0;100%;1025hPa;1.2km;SW;10.8km/h/3.0m/s;-;N/A;;LightDrizzle;
2000/11/12;15:00;4.0;4.0;100%;1025hPa;1.1km;Variable;7.2km/h/2.0m/s;-;N/A;;Overcast;
2000/11/12;15:30;4.0;4.0;100%;1024hPa;1.1km;SW;10.8km/h/3.0m/s;-;N/A;;Overcast;
2000/11/12;16:00;4.0;4.0;100%;1024hPa;2.0km;SSW;7.2km/h/2.0m/s;-;N/A;;Overcast;
2000/11/12;16:30;4.0;4.0;100%;1024hPa;3.5km;Variable;3.6km/h/1.0m/s;-;N/A;;Overcast;
2000/11/12;17:00;4.0;3.0;93%;1023hPa;4.5km;SW;3.6km/h/1.0m/s;-;N/A;;Overcast;
2000/11/12;17:30;4.0;3.0;93%;1023hPa;3.5km;SW;3.6km/h/1.0m/s;-;N/A;;Overcast;
2000/11/12;18:00;4.0;3.0;93%;1023hPa;3.5km;Variable;3.6km/h/1.0m/s;-;N/A;;Overcast;
2000/11/12;18:30;4.0;3.0;93%;1023hPa;3.5km;WSW;3.6km/h/1.0m/s;-;N/A;;MostlyCloudy;
2000/11/12;19:00;3.0;3.0;100%;1023hPa;3.5km;Calm;Calm;-;N/A;;ScatteredClouds;
2000/11/12;20:00;2.0;2.0;100%;1023hPa;1.5km;Variable;3.6km/h/1.0m/s;-;N/A;Fog;PatchesofFog;
2000/11/12;20:30;1.0;1.0;100%;1023hPa;0.2km;Variable;3.6km/h/1.0m/s;-;N/A;Fog;Fog;
2000/11/12;21:00;1.0;1.0;100%;1022hPa;0.1km;North;3.6km/h/1.0m/s;-;N/A;Fog;Fog;
2000/11/12;21:30;0.0;0.0;100%;1022hPa;0.1km;West;3.6km/h/1.0m/s;-;N/A;Fog;Fog;
2000/11/12;22:00;1.0;1.0;100%;1022hPa;0.9km;West;3.6km/h/1.0m/s;-;N/A;Fog;Fog;
2000/11/12;22:30;2.0;2.0;100%;1021hPa;0.1km;Variable;3.6km/h/1.0m/s;-;N/A;Fog;Fog;
2000/11/12;23:00;2.0;2.0;100%;1021hPa;0.1km;Variable;3.6km/h/1.0m/s;-;N/A;Fog;Fog;
2000/11/12;23:30;2.0;2.0;100%;1020hPa;0.1km;Variable;3.6km/h/1.0m/s;-;N/A;Fog;Fog;
