2000/10/27;00:00;9.0;8.0;93%;1014hPa;6.0km;Variable;3.6km/h/1.0m/s;-;N/A;;MostlyCloudy;
2000/10/27;00:30;9.0;7.0;87%;1013hPa;6.0km;Calm;Calm;-;N/A;;ScatteredClouds;
2000/10/27;01:00;9.0;7.0;87%;1013hPa;6.0km;Calm;Calm;-;N/A;;PartlyCloudy;
2000/10/27;01:30;8.0;6.0;87%;1013hPa;6.0km;Variable;3.6km/h/1.0m/s;-;N/A;;MostlyCloudy;
2000/10/27;02:00;8.0;7.0;93%;1013hPa;6.0km;Calm;Calm;-;N/A;;MostlyCloudy;
2000/10/27;02:30;8.0;7.0;93%;1013hPa;5.0km;Calm;Calm;-;N/A;;Overcast;
2000/10/27;03:00;8.0;7.0;93%;1013hPa;4.5km;Calm;Calm;-;N/A;Rain;LightRain;
2000/10/27;03:30;8.0;7.0;93%;1013hPa;4.5km;Calm;Calm;-;N/A;Rain;LightRain;
2000/10/27;04:00;8.0;8.0;100%;1013hPa;4.5km;NNE;7.2km/h/2.0m/s;-;N/A;Rain;LightRain;
2000/10/27;04:30;8.0;8.0;100%;1013hPa;4.0km;NE;7.2km/h/2.0m/s;-;N/A;Rain;LightRain;
2000/10/27;05:00;8.0;8.0;100%;1012hPa;3.5km;Variable;7.2km/h/2.0m/s;-;N/A;Rain;LightRain;
2000/10/27;05:30;9.0;8.0;93%;1013hPa;3.5km;NW;7.2km/h/2.0m/s;-;N/A;;Overcast;
2000/10/27;06:00;9.0;8.0;93%;1013hPa;3.5km;Variable;3.6km/h/1.0m/s;-;N/A;;Overcast;
2000/10/27;06:30;9.0;8.0;93%;1012hPa;3.0km;Variable;3.6km/h/1.0m/s;-;N/A;;Overcast;
2000/10/27;07:00;9.0;9.0;100%;1013hPa;1.8km;NE;7.2km/h/2.0m/s;-;N/A;;Overcast;
2000/10/27;07:30;10.0;8.0;87%;1013hPa;4.0km;North;18.0km/h/5.0m/s;-;N/A;;Overcast;
2000/10/27;08:00;10.0;8.0;87%;1013hPa;7.0km;NNE;14.4km/h/4.0m/s;-;N/A;;Overcast;
2000/10/27;08:30;10.0;7.0;82%;1013hPa;10.0km;NNE;18.0km/h/5.0m/s;-;N/A;;Overcast;
2000/10/27;09:00;10.0;7.0;82%;1014hPa;10.0km;North;21.6km/h/6.0m/s;-;N/A;;Overcast;
2000/10/27;09:30;10.0;7.0;82%;1014hPa;10.0km;North;21.6km/h/6.0m/s;-;N/A;;Overcast;
2000/10/27;10:00;10.0;6.0;76%;1015hPa;10.0km;NNE;14.4km/h/4.0m/s;-;N/A;;Overcast;
2000/10/27;10:30;10.0;6.0;76%;1015hPa;10.0km;NNE;21.6km/h/6.0m/s;-;N/A;;Overcast;
2000/10/27;11:00;10.0;6.0;76%;1015hPa;10.0km;NNE;18.0km/h/5.0m/s;-;N/A;;Overcast;
2000/10/27;11:30;10.0;5.0;71%;1015hPa;10.0km;NNE;18.0km/h/5.0m/s;-;N/A;;Overcast;
2000/10/27;12:00;10.0;5.0;71%;1015hPa;10.0km;NNE;14.4km/h/4.0m/s;-;N/A;Rain;LightRain;
2000/10/27;12:30;10.0;6.0;76%;1016hPa;10.0km;NNE;14.4km/h/4.0m/s;-;N/A;Rain;LightRain;
2000/10/27;13:00;10.0;6.0;76%;1016hPa;10.0km;NNE;14.4km/h/4.0m/s;-;N/A;;Overcast;
2000/10/27;13:30;11.0;6.0;71%;1015hPa;10.0km;NNE;14.4km/h/4.0m/s;-;N/A;;Overcast;
2000/10/27;14:00;11.0;5.0;67%;1016hPa;-;North;14.4km/h/4.0m/s;-;N/A;;Clear;
2000/10/27;14:30;11.0;4.0;62%;1016hPa;-;NE;14.4km/h/4.0m/s;-;N/A;;Clear;
2000/10/27;15:00;11.0;3.0;58%;1016hPa;10.0km;North;25.2km/h/7.0m/s;-;N/A;;MostlyCloudy;
2000/10/27;15:30;11.0;3.0;58%;1016hPa;10.0km;North;18.0km/h/5.0m/s;-;N/A;;ScatteredClouds;
2000/10/27;16:00;11.0;3.0;58%;1017hPa;-;North;14.4km/h/4.0m/s;-;N/A;;Clear;
2000/10/27;16:30;10.0;4.0;66%;1017hPa;-;Variable;3.6km/h/1.0m/s;-;N/A;;Clear;
2000/10/27;17:00;10.0;5.0;71%;1018hPa;-;Variable;7.2km/h/2.0m/s;-;N/A;;Clear;
2000/10/27;17:30;9.0;4.0;71%;1018hPa;-;WSW;7.2km/h/2.0m/s;-;N/A;;Clear;
2000/10/27;18:00;8.0;4.0;76%;1018hPa;-;Variable;3.6km/h/1.0m/s;-;N/A;;Clear;
2000/10/27;18:30;6.0;3.0;81%;1019hPa;10.0km;Variable;3.6km/h/1.0m/s;-;N/A;;ScatteredClouds;
2000/10/27;19:00;6.0;3.0;81%;1019hPa;-;Variable;3.6km/h/1.0m/s;-;N/A;;Clear;
2000/10/27;19:30;5.0;2.0;81%;1020hPa;10.0km;Variable;3.6km/h/1.0m/s;-;N/A;;PartlyCloudy;
2000/10/27;20:00;5.0;3.0;87%;1020hPa;-;Variable;3.6km/h/1.0m/s;-;N/A;;Clear;
2000/10/27;20:30;4.0;2.0;87%;1020hPa;-;Variable;7.2km/h/2.0m/s;-;N/A;;Clear;
2000/10/27;21:00;4.0;2.0;87%;1020hPa;-;Variable;3.6km/h/1.0m/s;-;N/A;;Clear;
2000/10/27;21:30;3.0;1.0;87%;1021hPa;-;Calm;Calm;-;N/A;;Clear;
2000/10/27;22:00;2.0;-1.0;81%;1021hPa;-;Variable;3.6km/h/1.0m/s;-;N/A;;Clear;
2000/10/27;22:30;3.0;2.0;93%;1022hPa;10.0km;NNE;3.6km/h/1.0m/s;-;N/A;Fog;PatchesofFog;
2000/10/27;23:00;2.0;0.0;87%;1022hPa;10.0km;Variable;3.6km/h/1.0m/s;-;N/A;Fog;PatchesofFog;
2000/10/27;23:30;2.0;0.0;87%;1022hPa;10.0km;Variable;3.6km/h/1.0m/s;-;N/A;;PartlyCloudy;
