2000/12/8;00:00;-1.0;-1.0;100%;1024hPa;0.9km;South;10.8km/h/3.0m/s;-;N/A;Fog;LightDrizzle;
2000/12/8;00:30;-1.0;-1.0;100%;1024hPa;0.3km;South;10.8km/h/3.0m/s;-;N/A;Fog;LightDrizzle;
2000/12/8;01:30;-1.0;-1.0;100%;1024hPa;0.6km;SSW;10.8km/h/3.0m/s;-;N/A;Fog;LightDrizzle;
2000/12/8;02:00;-1.0;-1.0;100%;1024hPa;0.8km;South;10.8km/h/3.0m/s;-;N/A;Fog;LightDrizzle;
2000/12/8;02:30;-1.0;-1.0;100%;1024hPa;0.5km;South;7.2km/h/2.0m/s;-;N/A;Fog;LightDrizzle;
2000/12/8;03:00;-1.0;-1.0;100%;1023hPa;0.5km;South;7.2km/h/2.0m/s;-;N/A;Fog;LightDrizzle;
2000/12/8;03:30;-1.0;-1.0;100%;1023hPa;1.5km;Variable;7.2km/h/2.0m/s;-;N/A;;Overcast;
2000/12/8;04:00;-1.0;-1.0;100%;1023hPa;1.5km;Variable;3.6km/h/1.0m/s;-;N/A;;Overcast;
2000/12/8;04:30;-1.0;-1.0;100%;1023hPa;2.5km;South;3.6km/h/1.0m/s;-;N/A;;Overcast;
2000/12/8;05:00;0.0;0.0;100%;1023hPa;2.0km;South;3.6km/h/1.0m/s;-;N/A;;Overcast;
2000/12/8;05:30;0.0;0.0;100%;1022hPa;3.5km;SSE;7.2km/h/2.0m/s;-;N/A;;Overcast;
2000/12/8;06:00;0.0;0.0;100%;1022hPa;3.5km;SSE;3.6km/h/1.0m/s;-;N/A;;Overcast;
2000/12/8;06:30;0.0;0.0;100%;1023hPa;-;Variable;3.6km/h/1.0m/s;-;N/A;;Overcast;
2000/12/8;07:00;0.0;0.0;100%;1023hPa;3.0km;Variable;3.6km/h/1.0m/s;-;N/A;;Overcast;
2000/12/8;07:30;0.0;0.0;100%;1023hPa;3.0km;Variable;3.6km/h/1.0m/s;-;N/A;;Overcast;
2000/12/8;08:00;0.0;0.0;100%;1023hPa;3.0km;Variable;7.2km/h/2.0m/s;-;N/A;;Overcast;
2000/12/8;08:30;0.0;0.0;100%;1023hPa;3.0km;SE;3.6km/h/1.0m/s;-;N/A;;MostlyCloudy;
2000/12/8;09:00;0.0;0.0;100%;1023hPa;3.0km;Variable;3.6km/h/1.0m/s;-;N/A;;Overcast;
2000/12/8;09:30;1.0;0.0;93%;1023hPa;3.0km;Variable;3.6km/h/1.0m/s;-;N/A;;Overcast;
2000/12/8;10:00;1.0;0.0;93%;1023hPa;-;Variable;3.6km/h/1.0m/s;-;N/A;;Overcast;
2000/12/8;10:30;1.0;1.0;100%;1023hPa;-;Variable;3.6km/h/1.0m/s;-;N/A;;Overcast;
2000/12/8;11:00;1.0;1.0;100%;1023hPa;3.5km;SSE;7.2km/h/2.0m/s;-;N/A;;Overcast;
2000/12/8;11:30;1.0;1.0;100%;1022hPa;5.0km;Variable;3.6km/h/1.0m/s;-;N/A;;Overcast;
2000/12/8;12:00;2.0;1.0;93%;1022hPa;4.0km;Variable;7.2km/h/2.0m/s;-;N/A;;LightDrizzle;
2000/12/8;12:30;2.0;1.0;93%;1022hPa;4.5km;Variable;3.6km/h/1.0m/s;-;N/A;;LightDrizzle;
2000/12/8;13:00;2.0;1.0;93%;1022hPa;5.0km;Variable;3.6km/h/1.0m/s;-;N/A;;LightDrizzle;
2000/12/8;13:30;2.0;1.0;93%;1021hPa;5.0km;Variable;3.6km/h/1.0m/s;-;N/A;;LightDrizzle;
2000/12/8;14:00;2.0;1.0;93%;1021hPa;5.0km;Variable;3.6km/h/1.0m/s;-;N/A;;LightDrizzle;
2000/12/8;14:30;2.0;1.0;93%;1021hPa;5.0km;Variable;3.6km/h/1.0m/s;-;N/A;;LightDrizzle;
2000/12/8;15:00;2.0;1.0;93%;1021hPa;6.0km;Variable;3.6km/h/1.0m/s;-;N/A;;LightDrizzle;
2000/12/8;15:30;2.0;1.0;93%;1022hPa;5.0km;WNW;7.2km/h/2.0m/s;-;N/A;;LightDrizzle;
2000/12/8;16:00;2.0;1.0;93%;1022hPa;6.0km;Variable;3.6km/h/1.0m/s;-;N/A;;LightDrizzle;
2000/12/8;16:30;2.0;1.0;93%;1022hPa;8.0km;Calm;Calm;-;N/A;;LightDrizzle;
2000/12/8;17:00;2.0;1.0;93%;1021hPa;8.0km;Variable;3.6km/h/1.0m/s;-;N/A;;LightDrizzle;
2000/12/8;17:30;2.0;1.0;93%;1021hPa;7.0km;Variable;3.6km/h/1.0m/s;-;N/A;;LightDrizzle;
2000/12/8;18:00;2.0;1.0;93%;1021hPa;5.0km;Variable;3.6km/h/1.0m/s;-;N/A;;LightDrizzle;
2000/12/8;18:30;2.0;1.0;93%;1021hPa;6.0km;Variable;3.6km/h/1.0m/s;-;N/A;;Overcast;
2000/12/8;19:30;2.0;1.0;93%;1021hPa;5.0km;SE;3.6km/h/1.0m/s;-;N/A;;Overcast;
2000/12/8;20:00;2.0;1.0;93%;1021hPa;5.0km;Calm;Calm;-;N/A;;LightDrizzle;
2000/12/8;20:30;2.0;1.0;93%;1021hPa;6.0km;Variable;3.6km/h/1.0m/s;-;N/A;;LightDrizzle;
2000/12/8;21:00;2.0;1.0;93%;1021hPa;6.0km;Calm;Calm;-;N/A;;LightDrizzle;
2000/12/8;21:30;2.0;2.0;100%;1021hPa;5.0km;Calm;Calm;-;N/A;;Overcast;
2000/12/8;22:00;2.0;2.0;100%;1021hPa;7.0km;ESE;3.6km/h/1.0m/s;-;N/A;;Overcast;
2000/12/8;22:30;2.0;2.0;100%;1021hPa;5.0km;SE;3.6km/h/1.0m/s;-;N/A;;Overcast;
2000/12/8;23:00;2.0;2.0;100%;1021hPa;4.0km;SE;7.2km/h/2.0m/s;-;N/A;;Overcast;
2000/12/8;23:30;2.0;2.0;100%;1021hPa;3.5km;SE;7.2km/h/2.0m/s;-;N/A;;Overcast;
