2000/12/9;00:00;2.0;2.0;100%;1021hPa;3.5km;South;3.6km/h/1.0m/s;-;N/A;;Overcast;
2000/12/9;00:30;2.0;2.0;100%;1021hPa;3.5km;SSE;7.2km/h/2.0m/s;-;N/A;;Overcast;
2000/12/9;01:00;2.0;2.0;100%;1021hPa;3.0km;SSE;3.6km/h/1.0m/s;-;N/A;;Overcast;
2000/12/9;01:30;2.0;2.0;100%;1021hPa;2.3km;Variable;3.6km/h/1.0m/s;-;N/A;;Overcast;
2000/12/9;02:00;2.0;2.0;100%;1021hPa;2.5km;SE;3.6km/h/1.0m/s;-;N/A;;Overcast;
2000/12/9;02:30;2.0;2.0;100%;1021hPa;2.4km;Calm;Calm;-;N/A;;Overcast;
2000/12/9;03:00;2.0;2.0;100%;1021hPa;2.5km;Calm;Calm;-;N/A;;Overcast;
2000/12/9;03:30;2.0;2.0;100%;1021hPa;2.0km;ESE;3.6km/h/1.0m/s;-;N/A;;Overcast;
2000/12/9;04:00;2.0;2.0;100%;1021hPa;4.5km;Variable;3.6km/h/1.0m/s;-;N/A;;Overcast;
2000/12/9;04:30;2.0;2.0;100%;1021hPa;5.0km;Variable;3.6km/h/1.0m/s;-;N/A;;Overcast;
2000/12/9;05:00;3.0;2.0;93%;1021hPa;6.0km;Variable;3.6km/h/1.0m/s;-;N/A;;Overcast;
2000/12/9;05:30;2.0;2.0;100%;1021hPa;5.0km;Variable;3.6km/h/1.0m/s;-;N/A;;Overcast;
2000/12/9;06:00;3.0;2.0;93%;1021hPa;7.0km;SSE;7.2km/h/2.0m/s;-;N/A;;Overcast;
2000/12/9;06:30;3.0;2.0;93%;1021hPa;7.0km;Variable;3.6km/h/1.0m/s;-;N/A;;Overcast;
2000/12/9;07:00;3.0;2.0;93%;1021hPa;8.0km;Variable;3.6km/h/1.0m/s;-;N/A;;Overcast;
2000/12/9;07:30;3.0;2.0;93%;1021hPa;4.0km;Variable;3.6km/h/1.0m/s;-;N/A;;Overcast;
2000/12/9;08:00;3.0;2.0;93%;1021hPa;5.0km;SE;3.6km/h/1.0m/s;-;N/A;;Overcast;
2000/12/9;08:30;3.0;2.0;93%;1021hPa;5.0km;SSE;3.6km/h/1.0m/s;-;N/A;;Overcast;
2000/12/9;09:00;4.0;2.0;87%;1021hPa;5.0km;Variable;3.6km/h/1.0m/s;-;N/A;;Overcast;
2000/12/9;09:30;4.0;2.0;87%;1021hPa;9.0km;SSE;3.6km/h/1.0m/s;-;N/A;;Overcast;
2000/12/9;10:00;4.0;1.0;81%;1021hPa;10.0km;Variable;3.6km/h/1.0m/s;-;N/A;;Overcast;
2000/12/9;10:30;5.0;2.0;81%;1021hPa;10.0km;Calm;Calm;-;N/A;;Overcast;
2000/12/9;11:00;5.0;2.0;81%;1021hPa;10.0km;SSE;3.6km/h/1.0m/s;-;N/A;;Overcast;
2000/12/9;11:30;5.0;2.0;81%;1021hPa;10.0km;Variable;3.6km/h/1.0m/s;-;N/A;;MostlyCloudy;
2000/12/9;12:00;5.0;1.0;76%;1021hPa;10.0km;Variable;7.2km/h/2.0m/s;-;N/A;;MostlyCloudy;
2000/12/9;12:30;5.0;1.0;76%;1020hPa;10.0km;Variable;3.6km/h/1.0m/s;-;N/A;;Overcast;
2000/12/9;13:00;6.0;2.0;76%;1020hPa;10.0km;SW;7.2km/h/2.0m/s;-;N/A;;Overcast;
2000/12/9;13:30;5.0;2.0;81%;1020hPa;10.0km;Variable;7.2km/h/2.0m/s;-;N/A;;Overcast;
2000/12/9;14:00;5.0;1.0;76%;1020hPa;10.0km;WSW;7.2km/h/2.0m/s;-;N/A;;Overcast;
2000/12/9;14:30;5.0;2.0;81%;1021hPa;10.0km;SW;7.2km/h/2.0m/s;-;N/A;;Overcast;
2000/12/9;15:00;5.0;2.0;81%;1021hPa;10.0km;Variable;3.6km/h/1.0m/s;-;N/A;;Overcast;
2000/12/9;15:30;5.0;2.0;81%;1021hPa;10.0km;Variable;3.6km/h/1.0m/s;-;N/A;;Overcast;
2000/12/9;16:00;5.0;2.0;81%;1021hPa;10.0km;South;7.2km/h/2.0m/s;-;N/A;;Overcast;
2000/12/9;16:30;5.0;2.0;81%;1021hPa;10.0km;Variable;3.6km/h/1.0m/s;-;N/A;;Overcast;
2000/12/9;17:00;5.0;3.0;87%;1021hPa;10.0km;WSW;7.2km/h/2.0m/s;-;N/A;;Overcast;
2000/12/9;17:30;5.0;2.0;81%;1021hPa;10.0km;WSW;7.2km/h/2.0m/s;-;N/A;;Overcast;
2000/12/9;18:00;5.0;2.0;81%;1021hPa;10.0km;WSW;7.2km/h/2.0m/s;-;N/A;;Overcast;
2000/12/9;18:30;5.0;2.0;81%;1021hPa;10.0km;West;3.6km/h/1.0m/s;-;N/A;;Overcast;
2000/12/9;19:00;4.0;2.0;87%;1021hPa;10.0km;Calm;Calm;-;N/A;;Overcast;
2000/12/9;19:30;4.0;3.0;93%;1021hPa;10.0km;ESE;3.6km/h/1.0m/s;-;N/A;;Overcast;
2000/12/9;20:00;4.0;3.0;93%;1021hPa;9.0km;Variable;3.6km/h/1.0m/s;-;N/A;;Overcast;
2000/12/9;20:30;4.0;3.0;93%;1022hPa;9.0km;Calm;Calm;-;N/A;;Overcast;
2000/12/9;21:00;4.0;3.0;93%;1021hPa;9.0km;East;3.6km/h/1.0m/s;-;N/A;;Overcast;
2000/12/9;21:30;4.0;2.0;87%;1021hPa;9.0km;SE;3.6km/h/1.0m/s;-;N/A;;ScatteredClouds;
2000/12/9;22:00;3.0;2.0;93%;1021hPa;9.0km;Variable;3.6km/h/1.0m/s;-;N/A;;PartlyCloudy;
2000/12/9;22:30;3.0;2.0;93%;1021hPa;8.0km;Variable;3.6km/h/1.0m/s;-;N/A;;ScatteredClouds;
2000/12/9;23:00;3.0;2.0;93%;1021hPa;8.0km;NW;3.6km/h/1.0m/s;-;N/A;;MostlyCloudy;
2000/12/9;23:30;3.0;2.0;93%;1021hPa;7.0km;Variable;3.6km/h/1.0m/s;-;N/A;Rain;LightRain;
