2000/12/16;00:00;5.0;5.0;100%;1000hPa;4.5km;SSW;7.2km/h/2.0m/s;-;N/A;;Overcast;
2000/12/16;00:30;5.0;5.0;100%;1000hPa;-;Variable;3.6km/h/1.0m/s;-;N/A;;Overcast;
2000/12/16;01:00;5.0;5.0;100%;1001hPa;4.5km;West;7.2km/h/2.0m/s;-;N/A;;Overcast;
2000/12/16;01:30;5.0;5.0;100%;1000hPa;4.0km;SE;3.6km/h/1.0m/s;-;N/A;;Overcast;
2000/12/16;02:00;5.0;4.0;93%;1000hPa;4.5km;SSE;3.6km/h/1.0m/s;-;N/A;;MostlyCloudy;
2000/12/16;02:30;3.0;3.0;100%;1001hPa;3.0km;South;7.2km/h/2.0m/s;-;N/A;;MostlyCloudy;
2000/12/16;03:00;3.0;3.0;100%;1000hPa;1.2km;WSW;7.2km/h/2.0m/s;-;N/A;Fog;PatchesofFog;
2000/12/16;03:30;4.0;4.0;100%;1000hPa;0.5km;WNW;7.2km/h/2.0m/s;-;N/A;Fog;Fog;
2000/12/16;04:00;3.0;3.0;100%;1001hPa;1.2km;Calm;Calm;-;N/A;;MostlyCloudy;
2000/12/16;04:30;3.0;3.0;100%;1000hPa;3.5km;North;10.8km/h/3.0m/s;-;N/A;;MostlyCloudy;
2000/12/16;05:00;3.0;2.0;93%;1001hPa;4.0km;North;7.2km/h/2.0m/s;-;N/A;;MostlyCloudy;
2000/12/16;05:30;3.0;3.0;100%;1001hPa;4.5km;Variable;7.2km/h/2.0m/s;-;N/A;;MostlyCloudy;
2000/12/16;06:00;3.0;3.0;100%;1001hPa;4.5km;Variable;3.6km/h/1.0m/s;-;N/A;;MostlyCloudy;
2000/12/16;06:30;3.0;3.0;100%;1001hPa;3.5km;West;3.6km/h/1.0m/s;-;N/A;;MostlyCloudy;
2000/12/16;07:00;2.0;2.0;100%;1002hPa;4.0km;Variable;7.2km/h/2.0m/s;-;N/A;;MostlyCloudy;
2000/12/16;07:30;2.0;1.0;93%;1002hPa;4.5km;North;3.6km/h/1.0m/s;-;N/A;;MostlyCloudy;
2000/12/16;08:00;3.0;2.0;93%;1002hPa;3.5km;Calm;Calm;-;N/A;;MostlyCloudy;
2000/12/16;08:30;2.0;2.0;100%;1003hPa;3.0km;South;7.2km/h/2.0m/s;-;N/A;;MostlyCloudy;
2000/12/16;09:00;3.0;3.0;100%;1003hPa;0.6km;Variable;3.6km/h/1.0m/s;-;N/A;Fog;Fog;
2000/12/16;09:30;3.0;3.0;100%;1003hPa;1.5km;SW;7.2km/h/2.0m/s;-;N/A;;Overcast;
2000/12/16;10:00;4.0;3.0;93%;1003hPa;2.5km;Calm;Calm;-;N/A;;Overcast;
2000/12/16;10:30;4.0;3.0;93%;1003hPa;3.0km;SE;3.6km/h/1.0m/s;-;N/A;;MostlyCloudy;
2000/12/16;11:00;4.0;3.0;93%;1003hPa;2.0km;Variable;3.6km/h/1.0m/s;-;N/A;;Overcast;
2000/12/16;11:30;4.0;3.0;93%;1002hPa;1.5km;Variable;7.2km/h/2.0m/s;-;N/A;;ScatteredClouds;
2000/12/16;12:00;5.0;4.0;93%;1003hPa;2.0km;South;10.8km/h/3.0m/s;-;N/A;;MostlyCloudy;
2000/12/16;12:30;5.0;3.0;87%;1002hPa;3.5km;Variable;7.2km/h/2.0m/s;-;N/A;;MostlyCloudy;
2000/12/16;13:00;5.0;3.0;87%;1002hPa;2.0km;Variable;7.2km/h/2.0m/s;-;N/A;;ScatteredClouds;
2000/12/16;13:30;6.0;3.0;81%;1002hPa;4.5km;Variable;7.2km/h/2.0m/s;-;N/A;;ScatteredClouds;
2000/12/16;14:00;6.0;3.0;81%;1002hPa;4.5km;SE;10.8km/h/3.0m/s;-;N/A;;MostlyCloudy;
2000/12/16;14:30;5.0;3.0;87%;1002hPa;9.0km;Variable;7.2km/h/2.0m/s;-;N/A;;MostlyCloudy;
2000/12/16;15:00;5.0;3.0;87%;1002hPa;10.0km;Variable;3.6km/h/1.0m/s;-;N/A;;MostlyCloudy;
2000/12/16;15:30;5.0;3.0;87%;1002hPa;10.0km;WSW;14.4km/h/4.0m/s;-;N/A;;ScatteredClouds;
2000/12/16;16:00;5.0;-1.0;65%;1002hPa;10.0km;SW;21.6km/h/6.0m/s;-;N/A;;MostlyCloudy;
2000/12/16;16:30;4.0;-2.0;65%;1002hPa;10.0km;SW;18.0km/h/5.0m/s;-;N/A;;MostlyCloudy;
2000/12/16;17:00;4.0;-2.0;65%;1003hPa;10.0km;SW;14.4km/h/4.0m/s;-;N/A;;ScatteredClouds;
2000/12/16;17:30;4.0;-2.0;65%;1003hPa;-;West;21.6km/h/6.0m/s;-;N/A;;Clear;
2000/12/16;18:00;3.0;-2.0;70%;1003hPa;-;WSW;21.6km/h/6.0m/s;-;N/A;;Clear;
2000/12/16;18:30;2.0;-3.0;70%;1004hPa;-;SW;18.0km/h/5.0m/s;-;N/A;;Clear;
2000/12/16;19:00;2.0;-2.0;75%;1004hPa;-;SW;21.6km/h/6.0m/s;-;N/A;;Clear;
2000/12/16;19:30;2.0;-2.0;75%;1004hPa;-;WSW;21.6km/h/6.0m/s;-;N/A;;Clear;
2000/12/16;20:00;2.0;-2.0;75%;1004hPa;-;WSW;18.0km/h/5.0m/s;-;N/A;;Clear;
2000/12/16;20:30;2.0;-2.0;75%;1004hPa;-;SW;18.0km/h/5.0m/s;-;N/A;;Clear;
2000/12/16;21:00;2.0;-2.0;75%;1004hPa;-;SW;18.0km/h/5.0m/s;-;N/A;;Clear;
2000/12/16;21:30;2.0;-2.0;75%;1004hPa;-;WSW;14.4km/h/4.0m/s;-;N/A;;Clear;
2000/12/16;22:00;1.0;-2.0;81%;1005hPa;-;Variable;7.2km/h/2.0m/s;-;N/A;;Clear;
2000/12/16;22:30;2.0;-2.0;75%;1005hPa;-;SW;14.4km/h/4.0m/s;-;N/A;;Clear;
2000/12/16;23:00;2.0;-2.0;75%;1005hPa;-;SW;14.4km/h/4.0m/s;-;N/A;;Clear;
2000/12/16;23:30;1.0;-3.0;75%;1005hPa;-;SW;10.8km/h/3.0m/s;-;N/A;;Clear;
