2000/12/1;00:00;-2.0;-2.0;100%;1025hPa;0.1km;Calm;Calm;-;N/A;Fog;LightFreezingFog;
2000/12/1;00:30;-1.0;-1.0;100%;1025hPa;0.6km;North;3.6km/h/1.0m/s;-;N/A;;PartlyCloudy;
2000/12/1;01:00;-1.0;-1.0;100%;1025hPa;7.0km;North;7.2km/h/2.0m/s;-;N/A;Fog;PatchesofFog;
2000/12/1;01:30;-2.0;-3.0;93%;1025hPa;0.2km;SE;3.6km/h/1.0m/s;-;N/A;Fog;LightFreezingFog;
2000/12/1;02:00;-4.0;-4.0;100%;1025hPa;0.1km;Variable;3.6km/h/1.0m/s;-;N/A;Fog;LightFreezingFog;
2000/12/1;02:30;-3.0;-3.0;100%;1025hPa;0.2km;WSW;3.6km/h/1.0m/s;-;N/A;;ScatteredClouds;
2000/12/1;03:00;-2.0;-2.0;100%;1025hPa;6.0km;WNW;3.6km/h/1.0m/s;-;N/A;;PartlyCloudy;
2000/12/1;03:30;-2.0;-3.0;93%;1025hPa;5.0km;NNE;3.6km/h/1.0m/s;-;N/A;;ScatteredClouds;
2000/12/1;04:00;-3.0;-4.0;93%;1024hPa;6.0km;Calm;Calm;-;N/A;;PartlyCloudy;
2000/12/1;04:30;-3.0;-3.0;100%;1024hPa;5.0km;Calm;Calm;-;N/A;;PartlyCloudy;
2000/12/1;05:00;-3.0;-3.0;100%;1024hPa;6.0km;Calm;Calm;-;N/A;;PartlyCloudy;
2000/12/1;05:30;-4.0;-4.0;100%;1024hPa;6.0km;SE;3.6km/h/1.0m/s;-;N/A;;PartlyCloudy;
2000/12/1;06:00;-4.0;-4.0;100%;1024hPa;6.0km;Calm;Calm;-;N/A;Fog;PatchesofFog;
2000/12/1;06:30;-4.0;-4.0;100%;1025hPa;5.0km;SSW;3.6km/h/1.0m/s;-;N/A;Fog;PatchesofFog;
2000/12/1;07:00;-4.0;-4.0;100%;1025hPa;4.0km;Calm;Calm;-;N/A;Fog;PatchesofFog;
2000/12/1;07:30;-4.0;-4.0;100%;1025hPa;4.0km;ESE;3.6km/h/1.0m/s;-;N/A;Fog;PatchesofFog;
2000/12/1;08:00;-3.0;-4.0;93%;1025hPa;5.0km;Calm;Calm;-;N/A;Fog;PatchesofFog;
2000/12/1;08:30;-2.0;-3.0;93%;1025hPa;-;Calm;Calm;-;N/A;;Clear;
2000/12/1;09:00;-1.0;-1.0;100%;1025hPa;-;WSW;3.6km/h/1.0m/s;-;N/A;;Clear;
2000/12/1;09:30;0.0;0.0;100%;1025hPa;7.0km;Calm;Calm;-;N/A;;MostlyCloudy;
2000/12/1;10:00;1.0;0.0;93%;1025hPa;5.0km;Calm;Calm;-;N/A;;MostlyCloudy;
2000/12/1;10:30;2.0;1.0;93%;1025hPa;3.5km;Calm;Calm;-;N/A;;MostlyCloudy;
2000/12/1;11:00;2.0;1.0;93%;1025hPa;3.0km;SE;7.2km/h/2.0m/s;-;N/A;;MostlyCloudy;
2000/12/1;11:30;2.0;1.0;93%;1025hPa;3.0km;Variable;3.6km/h/1.0m/s;-;N/A;;MostlyCloudy;
2000/12/1;12:00;3.0;2.0;93%;1024hPa;3.5km;Variable;3.6km/h/1.0m/s;-;N/A;;MostlyCloudy;
2000/12/1;12:30;3.0;2.0;93%;1024hPa;3.5km;Variable;3.6km/h/1.0m/s;-;N/A;;MostlyCloudy;
2000/12/1;13:00;4.0;2.0;87%;1024hPa;3.0km;SSE;7.2km/h/2.0m/s;-;N/A;;MostlyCloudy;
2000/12/1;13:30;3.0;2.0;93%;1024hPa;6.0km;SE;3.6km/h/1.0m/s;-;N/A;;MostlyCloudy;
2000/12/1;14:00;3.0;1.0;87%;1024hPa;6.0km;SE;3.6km/h/1.0m/s;-;N/A;;MostlyCloudy;
2000/12/1;14:30;2.0;1.0;93%;1024hPa;6.0km;Calm;Calm;-;N/A;;MostlyCloudy;
2000/12/1;15:00;2.0;1.0;93%;1024hPa;8.0km;Variable;3.6km/h/1.0m/s;-;N/A;;ScatteredClouds;
2000/12/1;15:30;1.0;0.0;93%;1024hPa;4.5km;Calm;Calm;-;N/A;;PartlyCloudy;
2000/12/1;16:00;1.0;0.0;93%;1024hPa;2.5km;Variable;3.6km/h/1.0m/s;-;N/A;;ScatteredClouds;
2000/12/1;16:30;0.0;0.0;100%;1024hPa;2.5km;Calm;Calm;-;N/A;;PartlyCloudy;
2000/12/1;17:00;0.0;0.0;100%;1024hPa;2.5km;Variable;3.6km/h/1.0m/s;-;N/A;;PartlyCloudy;
2000/12/1;17:30;0.0;0.0;100%;1024hPa;2.0km;Calm;Calm;-;N/A;;PartlyCloudy;
2000/12/1;18:00;0.0;-1.0;93%;1024hPa;2.0km;Calm;Calm;-;N/A;;Clear;
2000/12/1;18:30;0.0;-1.0;93%;1024hPa;2.5km;Variable;3.6km/h/1.0m/s;-;N/A;;Clear;
2000/12/1;19:00;0.0;-1.0;93%;1024hPa;2.7km;North;7.2km/h/2.0m/s;-;N/A;;PartlyCloudy;
2000/12/1;19:30;-1.0;-2.0;93%;1024hPa;2.2km;Calm;Calm;-;N/A;;PartlyCloudy;
2000/12/1;20:00;-1.0;-2.0;93%;1024hPa;2.0km;WSW;3.6km/h/1.0m/s;-;N/A;;PartlyCloudy;
2000/12/1;20:30;-1.0;-2.0;93%;1024hPa;2.0km;NNW;3.6km/h/1.0m/s;-;N/A;;PartlyCloudy;
2000/12/1;21:00;-2.0;-2.0;100%;1024hPa;0.1km;South;3.6km/h/1.0m/s;-;N/A;Fog;LightFreezingFog;
2000/12/1;21:30;-2.0;-2.0;100%;1024hPa;0.1km;South;3.6km/h/1.0m/s;-;N/A;Fog;LightFreezingFog;
2000/12/1;22:00;-1.0;-2.0;93%;1024hPa;0.1km;Variable;3.6km/h/1.0m/s;-;N/A;Fog;LightFreezingFog;
2000/12/1;22:30;-2.0;-2.0;100%;1024hPa;0.1km;SE;3.6km/h/1.0m/s;-;N/A;Fog;LightFreezingFog;
2000/12/1;23:00;-2.0;-3.0;93%;1024hPa;0.1km;Calm;Calm;-;N/A;Fog;LightFreezingFog;
2000/12/1;23:30;-3.0;-3.0;100%;1024hPa;0.2km;Calm;Calm;-;N/A;Fog;LightFreezingFog;
