2000/1/13;00:00;-5.0;-5.0;100%;1035hPa;0.2km;SSE;7.2km/h/2.0m/s;-;N/A;Fog;LightFreezingFog;
2000/1/13;00:30;-5.0;-5.0;100%;1035hPa;0.3km;West;7.2km/h/2.0m/s;-;N/A;Fog;LightFreezingFog;
2000/1/13;01:00;-5.0;-5.0;100%;1035hPa;0.4km;WSW;3.6km/h/1.0m/s;-;N/A;Fog;LightFreezingFog;
2000/1/13;01:30;-5.0;-5.0;100%;1035hPa;0.4km;Calm;Calm;-;N/A;Fog;LightFreezingFog;
2000/1/13;02:00;-5.0;-6.0;93%;1035hPa;0.3km;Variable;7.2km/h/2.0m/s;-;N/A;Fog;LightFreezingFog;
2000/1/13;02:30;-5.0;-6.0;93%;1034hPa;0.2km;South;10.8km/h/3.0m/s;-;N/A;Fog;LightFreezingFog;
2000/1/13;03:00;-6.0;-6.0;100%;1034hPa;0.2km;South;7.2km/h/2.0m/s;-;N/A;Fog;LightFreezingFog;
2000/1/13;03:30;-6.0;-6.0;100%;1034hPa;0.2km;South;10.8km/h/3.0m/s;-;N/A;Fog;LightFreezingFog;
2000/1/13;04:00;-6.0;-6.0;100%;1034hPa;0.4km;SSW;7.2km/h/2.0m/s;-;N/A;Fog;LightFreezingFog;
2000/1/13;04:30;-6.0;-6.0;100%;1034hPa;0.7km;SSW;7.2km/h/2.0m/s;-;N/A;Fog;LightFreezingFog;
2000/1/13;05:00;-6.0;-6.0;100%;1034hPa;0.4km;SSW;10.8km/h/3.0m/s;-;N/A;Fog;LightFreezingFog;
2000/1/13;05:30;-6.0;-7.0;93%;1033hPa;0.4km;South;7.2km/h/2.0m/s;-;N/A;Fog;LightFreezingFog;
2000/1/13;06:00;-6.0;-7.0;93%;1033hPa;0.5km;West;7.2km/h/2.0m/s;-;N/A;Fog;LightFreezingFog;
2000/1/13;06:30;-6.0;-7.0;93%;1033hPa;0.8km;West;3.6km/h/1.0m/s;-;N/A;Fog;LightFreezingFog;
2000/1/13;07:00;-6.0;-7.0;93%;1033hPa;0.8km;SW;3.6km/h/1.0m/s;-;N/A;Fog;LightFreezingFog;
2000/1/13;07:30;-6.0;-7.0;93%;1033hPa;0.6km;South;3.6km/h/1.0m/s;-;N/A;Fog;LightFreezingFog;
2000/1/13;08:00;-6.0;-7.0;93%;1033hPa;0.5km;Variable;7.2km/h/2.0m/s;-;N/A;Fog;LightFreezingFog;
2000/1/13;08:30;-6.0;-7.0;93%;1033hPa;0.5km;Variable;7.2km/h/2.0m/s;-;N/A;Fog,Snow;LightSnowGrains;
2000/1/13;09:00;-6.0;-7.0;93%;1034hPa;0.8km;South;10.8km/h/3.0m/s;-;N/A;Fog,Snow;LightSnowGrains;
2000/1/13;09:30;-7.0;-7.0;100%;1034hPa;0.7km;South;7.2km/h/2.0m/s;-;N/A;Fog,Snow;LightSnowGrains;
2000/1/13;10:00;-7.0;-7.0;100%;1034hPa;0.8km;SSE;7.2km/h/2.0m/s;-;N/A;Fog,Snow;LightSnowGrains;
2000/1/13;10:30;-6.0;-7.0;93%;1033hPa;1.3km;SSE;7.2km/h/2.0m/s;-;N/A;Snow;LightSnowGrains;
2000/1/13;11:00;-6.0;-7.0;93%;1033hPa;1.5km;SSE;10.8km/h/3.0m/s;-;N/A;Snow;LightSnowGrains;
2000/1/13;11:30;-6.0;-7.0;93%;1033hPa;1.3km;SSE;7.2km/h/2.0m/s;-;N/A;Snow;LightSnowGrains;
2000/1/13;12:00;-6.0;-7.0;93%;1032hPa;1.7km;SSE;7.2km/h/2.0m/s;-;N/A;;Overcast;
2000/1/13;12:30;-6.0;-6.0;100%;1032hPa;1.8km;SSE;7.2km/h/2.0m/s;-;N/A;;Overcast;
2000/1/13;13:00;-6.0;-6.0;100%;1031hPa;1.8km;SSE;7.2km/h/2.0m/s;-;N/A;Snow;LightSnowGrains;
2000/1/13;13:30;-6.0;-6.0;100%;1031hPa;2.0km;South;10.8km/h/3.0m/s;-;N/A;Snow;LightSnowGrains;
2000/1/13;14:00;-6.0;-7.0;93%;1031hPa;1.8km;South;7.2km/h/2.0m/s;-;N/A;Snow;LightSnowGrains;
2000/1/13;14:30;-6.0;-7.0;93%;1031hPa;1.5km;South;7.2km/h/2.0m/s;-;N/A;Snow;LightSnowGrains;
2000/1/13;15:30;-6.0;-7.0;93%;1031hPa;2.0km;Variable;7.2km/h/2.0m/s;-;N/A;;Overcast;
2000/1/13;16:00;-6.0;-7.0;93%;1030hPa;2.0km;SSE;7.2km/h/2.0m/s;-;N/A;;Overcast;
2000/1/13;17:00;-6.0;-7.0;93%;1030hPa;2.0km;South;7.2km/h/2.0m/s;-;N/A;;Overcast;
2000/1/13;17:30;-6.0;-7.0;93%;1030hPa;1.5km;Variable;3.6km/h/1.0m/s;-;N/A;;Overcast;
2000/1/13;18:00;-7.0;-7.0;100%;1030hPa;0.6km;SSE;7.2km/h/2.0m/s;-;N/A;Fog;LightFreezingFog;
2000/1/13;18:30;-7.0;-7.0;100%;1030hPa;0.6km;Variable;3.6km/h/1.0m/s;-;N/A;Fog;LightFreezingFog;
2000/1/13;19:00;-7.0;-7.0;100%;1030hPa;0.5km;ESE;3.6km/h/1.0m/s;-;N/A;Fog;LightFreezingFog;
2000/1/13;19:30;-7.0;-7.0;100%;1030hPa;0.4km;ESE;3.6km/h/1.0m/s;-;N/A;Fog;LightFreezingFog;
2000/1/13;20:00;-7.0;-7.0;100%;1030hPa;0.6km;ESE;3.6km/h/1.0m/s;-;N/A;Fog;LightFreezingFog;
2000/1/13;20:30;-7.0;-7.0;100%;1030hPa;0.5km;Calm;Calm;-;N/A;Fog;LightFreezingFog;
2000/1/13;21:00;-6.0;-7.0;93%;1030hPa;1.2km;NNW;3.6km/h/1.0m/s;-;N/A;;Overcast;
2000/1/13;21:30;-6.0;-7.0;93%;1030hPa;2.6km;Calm;Calm;-;N/A;;Overcast;
2000/1/13;22:00;-6.0;-7.0;93%;1030hPa;2.2km;SSE;3.6km/h/1.0m/s;-;N/A;;Overcast;
2000/1/13;22:30;-6.0;-7.0;93%;1030hPa;2.4km;SSE;7.2km/h/2.0m/s;-;N/A;;Overcast;
2000/1/13;23:00;-6.0;-7.0;93%;1029hPa;2.4km;Variable;7.2km/h/2.0m/s;-;N/A;;Overcast;
2000/1/13;23:30;-6.0;-7.0;93%;1029hPa;2.9km;South;3.6km/h/1.0m/s;-;N/A;;Overcast;
