2000/2/17;00:00;0.0;0.0;100%;1004hPa;1.8km;NNE;10.8km/h/3.0m/s;-;N/A;Snow;LightSnow;
2000/2/17;00:30;0.0;0.0;100%;1003hPa;2.0km;North;10.8km/h/3.0m/s;-;N/A;Snow;LightSnow;
2000/2/17;01:00;0.0;0.0;100%;1003hPa;4.0km;North;14.4km/h/4.0m/s;-;N/A;Snow;LightSnow;
2000/2/17;01:30;0.0;0.0;100%;1003hPa;1.8km;North;10.8km/h/3.0m/s;-;N/A;Snow;LightSnow;
2000/2/17;02:30;0.0;0.0;100%;1002hPa;1.0km;NNE;10.8km/h/3.0m/s;-;N/A;Snow;LightSnow;
2000/2/17;03:00;0.0;0.0;100%;1001hPa;0.5km;NNE;10.8km/h/3.0m/s;-;N/A;Fog,Snow;LightSnow;
2000/2/17;03:30;0.0;0.0;100%;1001hPa;0.8km;NNE;14.4km/h/4.0m/s;-;N/A;Fog,Snow;LightSnow;
2000/2/17;04:00;0.0;0.0;100%;1001hPa;1.2km;North;18.0km/h/5.0m/s;-;N/A;Snow;LightSnow;
2000/2/17;04:30;0.0;0.0;100%;1000hPa;2.0km;North;18.0km/h/5.0m/s;-;N/A;Snow;LightSnow;
2000/2/17;05:00;0.0;0.0;100%;1000hPa;2.5km;North;21.6km/h/6.0m/s;-;N/A;Snow;LightSnow;
2000/2/17;05:30;0.0;0.0;100%;1000hPa;2.0km;North;18.0km/h/5.0m/s;-;N/A;Snow;LightSnow;
2000/2/17;06:00;0.0;0.0;100%;1000hPa;2.2km;North;14.4km/h/4.0m/s;-;N/A;Snow;LightSnow;
2000/2/17;06:30;0.0;0.0;100%;1000hPa;1.0km;NNE;14.4km/h/4.0m/s;-;N/A;Snow;LightSnow;
2000/2/17;07:00;0.0;0.0;100%;1000hPa;0.7km;NNE;14.4km/h/4.0m/s;-;N/A;Fog,Snow;LightSnow;
2000/2/17;08:00;0.0;0.0;100%;1000hPa;0.5km;NNE;14.4km/h/4.0m/s;-;N/A;Fog,Snow;LightSnow;
2000/2/17;08:30;0.0;0.0;100%;999hPa;0.6km;North;14.4km/h/4.0m/s;-;N/A;Fog,Snow;Snow;
2000/2/17;09:00;0.0;0.0;100%;999hPa;0.6km;NNE;18.0km/h/5.0m/s;-;N/A;Fog,Snow;Snow;
2000/2/17;09:30;0.0;0.0;100%;999hPa;0.5km;North;14.4km/h/4.0m/s;-;N/A;Fog,Snow;Snow;
2000/2/17;10:00;1.0;0.0;93%;999hPa;0.5km;North;18.0km/h/5.0m/s;-;N/A;Fog,Snow;Snow;
2000/2/17;10:30;1.0;0.0;93%;999hPa;0.6km;North;21.6km/h/6.0m/s;-;N/A;Fog,Snow;Snow;
2000/2/17;11:00;1.0;0.0;93%;999hPa;1.0km;North;21.6km/h/6.0m/s;-;N/A;Snow;LightSnow;
2000/2/17;11:30;1.0;0.0;93%;999hPa;1.3km;North;21.6km/h/6.0m/s;-;N/A;Snow;LightSnow;
2000/2/17;12:30;1.0;0.0;93%;999hPa;0.6km;North;25.2km/h/7.0m/s;-;N/A;Fog,Snow;Snow;
2000/2/17;13:00;1.0;0.0;93%;999hPa;0.9km;North;28.8km/h/8.0m/s;-;N/A;Fog,Snow;LightSnow;
2000/2/17;13:30;1.0;0.0;93%;999hPa;1.4km;NNE;28.8km/h/8.0m/s;-;N/A;Snow;LightSnow;
2000/2/17;14:00;1.0;0.0;93%;999hPa;1.6km;North;28.8km/h/8.0m/s;-;N/A;Snow;LightSnow;
2000/2/17;14:30;1.0;-1.0;87%;999hPa;-;North;28.8km/h/8.0m/s;-;N/A;Snow;LightSnow;
2000/2/17;15:00;1.0;-2.0;81%;999hPa;6.0km;North;28.8km/h/8.0m/s;-;N/A;Snow;LightSnow;
2000/2/17;15:30;1.0;-2.0;81%;1000hPa;6.0km;North;32.4km/h/9.0m/s;-;N/A;Snow;LightSnow;
2000/2/17;16:00;0.0;-2.0;87%;1000hPa;5.0km;North;32.4km/h/9.0m/s;-;N/A;Snow;LightSnow;
2000/2/17;16:30;0.0;-2.0;87%;1000hPa;6.0km;North;28.8km/h/8.0m/s;-;N/A;Snow;LightSnow;
2000/2/17;17:00;0.0;-2.0;87%;1001hPa;7.0km;North;28.8km/h/8.0m/s;-;N/A;Snow;LightSnow;
2000/2/17;17:30;0.0;-1.0;93%;1001hPa;8.0km;NNE;25.2km/h/7.0m/s;-;N/A;Snow;LightSnow;
2000/2/17;18:00;0.0;-2.0;87%;1002hPa;10.0km;NNE;25.2km/h/7.0m/s;-;N/A;;MostlyCloudy;
2000/2/17;18:30;0.0;-2.0;87%;1002hPa;-;NNE;21.6km/h/6.0m/s;-;N/A;;Clear;
2000/2/17;19:00;0.0;-2.0;87%;1002hPa;-;North;21.6km/h/6.0m/s;-;N/A;;Clear;
2000/2/17;19:30;0.0;-3.0;80%;1003hPa;-;North;18.0km/h/5.0m/s;-;N/A;;Clear;
2000/2/17;20:00;-2.0;-4.0;86%;1003hPa;-;Variable;3.6km/h/1.0m/s;-;N/A;;Clear;
2000/2/17;20:30;-3.0;-5.0;86%;1004hPa;10.0km;South;7.2km/h/2.0m/s;-;N/A;;MostlyCloudy;
2000/2/17;21:00;-3.0;-5.0;86%;1004hPa;10.0km;Calm;Calm;-;N/A;;ScatteredClouds;
2000/2/17;21:30;-4.0;-6.0;86%;1004hPa;10.0km;Variable;3.6km/h/1.0m/s;-;N/A;;MostlyCloudy;
2000/2/17;22:00;-4.0;-6.0;86%;1004hPa;10.0km;Variable;3.6km/h/1.0m/s;-;N/A;;ScatteredClouds;
2000/2/17;23:00;-5.0;-6.0;93%;1005hPa;10.0km;Variable;3.6km/h/1.0m/s;-;N/A;;ScatteredClouds;
2000/2/17;23:30;-5.0;-6.0;93%;1005hPa;10.0km;Variable;3.6km/h/1.0m/s;-;N/A;;PartlyCloudy;
