2000/1/28;00:00;-6.0;-6.0;100%;1022hPa;1.2km;SSE;7.2km/h/2.0m/s;-;N/A;Rain;LightFreezingRain;
2000/1/28;00:30;-5.0;-6.0;93%;1022hPa;1.2km;SSE;7.2km/h/2.0m/s;-;N/A;Rain;LightFreezingRain;
2000/1/28;01:00;-6.0;-6.0;100%;1022hPa;1.1km;South;7.2km/h/2.0m/s;-;N/A;;LightFreezingDrizzle;
2000/1/28;01:30;-6.0;-6.0;100%;1022hPa;1.0km;ESE;7.2km/h/2.0m/s;-;N/A;;LightFreezingDrizzle;
2000/1/28;02:30;-6.0;-6.0;100%;1022hPa;0.3km;Variable;3.6km/h/1.0m/s;-;N/A;Fog;LightFreezingDrizzle;
2000/1/28;03:00;-6.0;-6.0;100%;1021hPa;0.2km;East;3.6km/h/1.0m/s;-;N/A;Fog;LightFreezingFog;
2000/1/28;03:30;-6.0;-6.0;100%;1021hPa;0.3km;ESE;3.6km/h/1.0m/s;-;N/A;Fog;LightFreezingFog;
2000/1/28;04:00;-6.0;-6.0;100%;1021hPa;0.6km;SE;3.6km/h/1.0m/s;-;N/A;Fog;LightFreezingFog;
2000/1/28;04:30;-6.0;-6.0;100%;1021hPa;0.9km;East;3.6km/h/1.0m/s;-;N/A;Fog;LightFreezingFog;
2000/1/28;05:00;-6.0;-6.0;100%;1021hPa;1.5km;Variable;3.6km/h/1.0m/s;-;N/A;;Overcast;
2000/1/28;05:30;-6.0;-6.0;100%;1021hPa;2.2km;ESE;3.6km/h/1.0m/s;-;N/A;;Overcast;
2000/1/28;06:00;-6.0;-6.0;100%;1020hPa;1.8km;East;3.6km/h/1.0m/s;-;N/A;;Overcast;
2000/1/28;06:30;-6.0;-6.0;100%;1020hPa;1.6km;Calm;Calm;-;N/A;;Overcast;
2000/1/28;07:00;-5.0;-6.0;93%;1020hPa;0.7km;SW;3.6km/h/1.0m/s;-;N/A;Fog;LightFreezingFog;
2000/1/28;07:30;-5.0;-6.0;93%;1020hPa;0.6km;SSW;3.6km/h/1.0m/s;-;N/A;Fog;LightFreezingFog;
2000/1/28;08:00;-5.0;-6.0;93%;1020hPa;1.3km;SSW;3.6km/h/1.0m/s;-;N/A;;Overcast;
2000/1/28;08:30;-5.0;-6.0;93%;1020hPa;1.0km;SSW;3.6km/h/1.0m/s;-;N/A;;Overcast;
2000/1/28;09:00;-5.0;-5.0;100%;1020hPa;1.3km;SSE;3.6km/h/1.0m/s;-;N/A;;Overcast;
2000/1/28;09:30;-5.0;-6.0;93%;1020hPa;1.4km;Calm;Calm;-;N/A;;Overcast;
2000/1/28;10:00;-5.0;-5.0;100%;1020hPa;1.2km;Variable;3.6km/h/1.0m/s;-;N/A;Snow;LightSnowGrains;
2000/1/28;10:30;-4.0;-5.0;93%;1020hPa;1.2km;Calm;Calm;-;N/A;Snow;LightSnowGrains;
2000/1/28;11:00;-4.0;-5.0;93%;1020hPa;1.2km;Variable;3.6km/h/1.0m/s;-;N/A;Snow;LightSnowGrains;
2000/1/28;11:30;-4.0;-5.0;93%;1020hPa;1.2km;South;3.6km/h/1.0m/s;-;N/A;Snow;LightSnowGrains;
2000/1/28;12:00;-4.0;-5.0;93%;1019hPa;1.5km;Variable;3.6km/h/1.0m/s;-;N/A;Snow;LightSnowGrains;
2000/1/28;12:30;-4.0;-5.0;93%;1019hPa;1.5km;Variable;3.6km/h/1.0m/s;-;N/A;Snow;LightSnowGrains;
2000/1/28;13:00;-3.0;-5.0;86%;1019hPa;1.5km;Calm;Calm;-;N/A;Snow;LightSnowGrains;
2000/1/28;13:30;-3.0;-4.0;93%;1019hPa;1.5km;Variable;3.6km/h/1.0m/s;-;N/A;;Overcast;
2000/1/28;14:30;-3.0;-5.0;86%;1018hPa;2.0km;Variable;3.6km/h/1.0m/s;-;N/A;;Overcast;
2000/1/28;15:00;-3.0;-5.0;86%;1018hPa;2.2km;Variable;3.6km/h/1.0m/s;-;N/A;;Overcast;
2000/1/28;15:30;-3.0;-5.0;86%;1018hPa;-;South;7.2km/h/2.0m/s;-;N/A;;Overcast;
2000/1/28;16:00;-3.0;-5.0;86%;1019hPa;-;South;7.2km/h/2.0m/s;-;N/A;;Overcast;
2000/1/28;16:30;-3.0;-5.0;86%;1019hPa;-;Variable;3.6km/h/1.0m/s;-;N/A;;Overcast;
2000/1/28;17:00;-3.0;-5.0;86%;1019hPa;-;Variable;7.2km/h/2.0m/s;-;N/A;;Overcast;
2000/1/28;17:30;-3.0;-5.0;86%;1019hPa;-;SE;3.6km/h/1.0m/s;-;N/A;;MostlyCloudy;
2000/1/28;20:30;-8.0;-9.0;93%;1019hPa;0.9km;Variable;3.6km/h/1.0m/s;-;N/A;Fog;LightFreezingFog;
2000/1/28;21:00;-8.0;-9.0;93%;1019hPa;0.2km;Calm;Calm;-;N/A;Fog;LightFreezingFog;
2000/1/28;21:30;-8.0;-8.0;100%;1019hPa;0.1km;Calm;Calm;-;N/A;Fog;LightFreezingFog;
2000/1/28;22:00;-8.0;-9.0;93%;1019hPa;0.2km;WNW;3.6km/h/1.0m/s;-;N/A;Fog;LightFreezingFog;
2000/1/28;22:30;-8.0;-9.0;93%;1019hPa;0.7km;Calm;Calm;-;N/A;Fog;LightFreezingFog;
2000/1/28;23:00;-8.0;-8.0;100%;1019hPa;1.5km;WNW;7.2km/h/2.0m/s;-;N/A;;ScatteredClouds;
2000/1/28;23:30;-7.0;-7.0;100%;1018hPa;2.0km;Variable;3.6km/h/1.0m/s;-;N/A;;ScatteredClouds;
