2000/10/18;00:00;13.0;10.0;82%;1023hPa;-;NW;3.6km/h/1.0m/s;-;N/A;;Clear;
2000/10/18;00:30;13.0;10.0;82%;1023hPa;-;Calm;Calm;-;N/A;;Clear;
2000/10/18;01:00;12.0;10.0;88%;1023hPa;-;Calm;Calm;-;N/A;;Clear;
2000/10/18;01:30;12.0;10.0;88%;1023hPa;-;WNW;3.6km/h/1.0m/s;-;N/A;;Clear;
2000/10/18;02:00;11.0;9.0;88%;1023hPa;-;West;7.2km/h/2.0m/s;-;N/A;;Clear;
2000/10/18;02:30;11.0;9.0;88%;1023hPa;-;North;3.6km/h/1.0m/s;-;N/A;;Clear;
2000/10/18;03:00;10.0;8.0;87%;1023hPa;-;Variable;3.6km/h/1.0m/s;-;N/A;;Clear;
2000/10/18;03:52;10.0;9.0;94%;1023hPa;-;Variable;3.6km/h/1.0m/s;-;N/A;;Clear;
2000/10/18;04:00;10.0;9.0;94%;1023hPa;-;NNW;3.6km/h/1.0m/s;-;N/A;;Clear;
2000/10/18;04:30;10.0;9.0;94%;1023hPa;-;Variable;3.6km/h/1.0m/s;-;N/A;;Clear;
2000/10/18;05:00;10.0;9.0;94%;1023hPa;8.0km;NNW;3.6km/h/1.0m/s;-;N/A;;Clear;
2000/10/18;05:30;10.0;9.0;94%;1023hPa;8.0km;Variable;7.2km/h/2.0m/s;-;N/A;;PartlyCloudy;
2000/10/18;06:00;10.0;9.0;94%;1023hPa;7.0km;North;10.8km/h/3.0m/s;-;N/A;;PartlyCloudy;
2000/10/18;06:30;10.0;9.0;94%;1023hPa;7.0km;Variable;3.6km/h/1.0m/s;-;N/A;;PartlyCloudy;
2000/10/18;07:00;9.0;8.0;93%;1023hPa;6.0km;Calm;Calm;-;N/A;Fog;ShallowFog;
2000/10/18;07:30;9.0;8.0;93%;1023hPa;5.0km;Calm;Calm;-;N/A;;ScatteredClouds;
2000/10/18;08:00;8.0;7.0;93%;1024hPa;4.5km;Variable;3.6km/h/1.0m/s;-;N/A;;ScatteredClouds;
2000/10/18;08:30;9.0;8.0;93%;1024hPa;3.5km;Calm;Calm;-;N/A;;ScatteredClouds;
2000/10/18;09:00;11.0;10.0;94%;1024hPa;3.5km;Calm;Calm;-;N/A;;ScatteredClouds;
2000/10/18;09:30;13.0;10.0;82%;1024hPa;4.0km;Variable;3.6km/h/1.0m/s;-;N/A;;ScatteredClouds;
2000/10/18;10:00;14.0;11.0;82%;1024hPa;4.5km;East;7.2km/h/2.0m/s;-;N/A;;ScatteredClouds;
2000/10/18;10:30;16.0;11.0;72%;1024hPa;7.0km;Variable;7.2km/h/2.0m/s;-;N/A;;ScatteredClouds;
2000/10/18;11:00;17.0;11.0;68%;1024hPa;9.0km;Variable;7.2km/h/2.0m/s;-;N/A;;ScatteredClouds;
2000/10/18;11:30;19.0;10.0;56%;1024hPa;9.0km;NE;10.8km/h/3.0m/s;-;N/A;;ScatteredClouds;
2000/10/18;12:00;19.0;10.0;56%;1024hPa;8.0km;Variable;7.2km/h/2.0m/s;-;N/A;;MostlyCloudy;
2000/10/18;12:30;19.0;11.0;60%;1024hPa;8.0km;Variable;7.2km/h/2.0m/s;-;N/A;;MostlyCloudy;
2000/10/18;13:00;20.0;10.0;52%;1024hPa;9.0km;Variable;3.6km/h/1.0m/s;-;N/A;;MostlyCloudy;
2000/10/18;13:30;20.0;10.0;52%;1023hPa;-;Variable;3.6km/h/1.0m/s;-;N/A;;Clear;
2000/10/18;14:00;21.0;10.0;49%;1023hPa;-;Variable;7.2km/h/2.0m/s;-;N/A;;Clear;
2000/10/18;14:30;21.0;10.0;49%;1023hPa;-;Variable;3.6km/h/1.0m/s;-;N/A;;Clear;
2000/10/18;15:00;21.0;10.0;49%;1023hPa;-;Variable;3.6km/h/1.0m/s;-;N/A;;Clear;
2000/10/18;15:30;21.0;10.0;49%;1023hPa;-;Calm;Calm;-;N/A;;Clear;
2000/10/18;16:00;21.0;10.0;49%;1023hPa;-;Calm;Calm;-;N/A;;Clear;
2000/10/18;16:30;21.0;11.0;53%;1023hPa;-;Calm;Calm;-;N/A;;Clear;
2000/10/18;17:00;20.0;9.0;49%;1023hPa;-;Calm;Calm;-;N/A;;Clear;
2000/10/18;17:30;19.0;10.0;56%;1023hPa;-;Calm;Calm;-;N/A;;Clear;
2000/10/18;18:00;17.0;10.0;63%;1023hPa;5.0km;Variable;3.6km/h/1.0m/s;-;N/A;;Haze;
2000/10/18;18:30;16.0;11.0;72%;1023hPa;8.0km;Variable;3.6km/h/1.0m/s;-;N/A;;ScatteredClouds;
2000/10/18;19:00;15.0;10.0;72%;1023hPa;7.0km;Variable;3.6km/h/1.0m/s;-;N/A;;ScatteredClouds;
2000/10/18;19:30;14.0;10.0;77%;1023hPa;8.0km;Variable;3.6km/h/1.0m/s;-;N/A;;ScatteredClouds;
2000/10/18;20:00;14.0;10.0;77%;1023hPa;8.0km;North;3.6km/h/1.0m/s;-;N/A;;PartlyCloudy;
2000/10/18;20:30;14.0;10.0;77%;1023hPa;8.0km;North;7.2km/h/2.0m/s;-;N/A;;PartlyCloudy;
2000/10/18;21:00;13.0;10.0;82%;1023hPa;8.0km;North;10.8km/h/3.0m/s;-;N/A;;PartlyCloudy;
2000/10/18;21:30;13.0;10.0;82%;1023hPa;8.0km;North;10.8km/h/3.0m/s;-;N/A;;ScatteredClouds;
2000/10/18;22:00;14.0;10.0;77%;1023hPa;8.0km;North;10.8km/h/3.0m/s;-;N/A;;ScatteredClouds;
2000/10/18;22:30;13.0;9.0;77%;1023hPa;7.0km;NNE;7.2km/h/2.0m/s;-;N/A;;ScatteredClouds;
2000/10/18;23:00;13.0;10.0;82%;1023hPa;6.0km;Variable;3.6km/h/1.0m/s;-;N/A;;ScatteredClouds;
2000/10/18;23:30;12.0;10.0;88%;1023hPa;6.0km;ENE;7.2km/h/2.0m/s;-;N/A;;PartlyCloudy;
