2000/11/29;00:00;-1.0;-2.0;93%;1024hPa;-;Calm;Calm;-;N/A;;Clear;
2000/11/29;00:30;-1.0;-2.0;93%;1024hPa;-;West;3.6km/h/1.0m/s;-;N/A;;Clear;
2000/11/29;01:00;-1.0;-2.0;93%;1024hPa;-;Calm;Calm;-;N/A;;Clear;
2000/11/29;01:30;-1.0;-2.0;93%;1024hPa;-;Calm;Calm;-;N/A;;Clear;
2000/11/29;02:00;-2.0;-2.0;100%;1024hPa;-;Calm;Calm;-;N/A;;Clear;
2000/11/29;02:30;-2.0;-3.0;93%;1024hPa;-;Calm;Calm;-;N/A;;Clear;
2000/11/29;03:00;-2.0;-3.0;93%;1024hPa;6.0km;Calm;Calm;-;N/A;Fog;PatchesofFog;
2000/11/29;03:30;-2.0;-3.0;93%;1024hPa;3.0km;Calm;Calm;-;N/A;Fog;PatchesofFog;
2000/11/29;04:00;-2.0;-3.0;93%;1024hPa;2.0km;Calm;Calm;-;N/A;Fog;PatchesofFog;
2000/11/29;04:30;-2.0;-3.0;93%;1024hPa;2.0km;Calm;Calm;-;N/A;Fog;PatchesofFog;
2000/11/29;05:00;-2.0;-3.0;93%;1024hPa;2.0km;Calm;Calm;-;N/A;;PartlyCloudy;
2000/11/29;05:30;-2.0;-3.0;93%;1024hPa;0.6km;Calm;Calm;-;N/A;Fog;LightFreezingFog;
2000/11/29;06:00;-2.0;-3.0;93%;1024hPa;0.6km;Calm;Calm;-;N/A;Fog;LightFreezingFog;
2000/11/29;06:30;-3.0;-3.0;100%;1024hPa;0.3km;Calm;Calm;-;N/A;Fog;LightFreezingFog;
2000/11/29;07:00;-3.0;-3.0;100%;1024hPa;0.3km;Calm;Calm;-;N/A;Fog;LightFreezingFog;
2000/11/29;07:30;-3.0;-3.0;100%;1024hPa;0.2km;West;3.6km/h/1.0m/s;-;N/A;Fog;LightFreezingFog;
2000/11/29;08:00;-2.0;-2.0;100%;1024hPa;1.5km;WNW;3.6km/h/1.0m/s;-;N/A;Fog;PatchesofFog;
2000/11/29;08:30;-1.0;-1.0;100%;1024hPa;1.1km;Variable;3.6km/h/1.0m/s;-;N/A;Fog;PatchesofFog;
2000/11/29;09:00;-1.0;-1.0;100%;1024hPa;1.5km;Calm;Calm;-;N/A;;MostlyCloudy;
2000/11/29;09:30;0.0;0.0;100%;1024hPa;3.0km;Variable;3.6km/h/1.0m/s;-;N/A;;MostlyCloudy;
2000/11/29;10:00;0.0;0.0;100%;1025hPa;3.0km;ESE;3.6km/h/1.0m/s;-;N/A;;MostlyCloudy;
2000/11/29;10:30;1.0;1.0;100%;1024hPa;3.0km;Variable;3.6km/h/1.0m/s;-;N/A;;MostlyCloudy;
2000/11/29;11:00;1.0;1.0;100%;1024hPa;3.5km;Variable;7.2km/h/2.0m/s;-;N/A;;ScatteredClouds;
2000/11/29;11:30;3.0;2.0;93%;1024hPa;3.5km;Variable;3.6km/h/1.0m/s;-;N/A;;ScatteredClouds;
2000/11/29;12:00;3.0;2.0;93%;1024hPa;5.0km;South;7.2km/h/2.0m/s;-;N/A;;ScatteredClouds;
2000/11/29;12:30;4.0;2.0;87%;1024hPa;6.0km;Variable;7.2km/h/2.0m/s;-;N/A;;ScatteredClouds;
2000/11/29;13:00;5.0;2.0;81%;1024hPa;5.0km;SSW;10.8km/h/3.0m/s;-;N/A;;MostlyCloudy;
2000/11/29;13:30;5.0;3.0;87%;1024hPa;6.0km;SSW;7.2km/h/2.0m/s;-;N/A;;MostlyCloudy;
2000/11/29;14:00;5.0;3.0;87%;1024hPa;6.0km;South;10.8km/h/3.0m/s;-;N/A;;ScatteredClouds;
2000/11/29;14:30;5.0;3.0;87%;1024hPa;5.0km;SSW;7.2km/h/2.0m/s;-;N/A;;MostlyCloudy;
2000/11/29;15:00;5.0;3.0;87%;1024hPa;5.0km;South;7.2km/h/2.0m/s;-;N/A;;MostlyCloudy;
2000/11/29;15:30;5.0;3.0;87%;1024hPa;5.0km;SSW;7.2km/h/2.0m/s;-;N/A;;MostlyCloudy;
2000/11/29;16:00;5.0;3.0;87%;1024hPa;5.0km;SSW;7.2km/h/2.0m/s;-;N/A;;MostlyCloudy;
2000/11/29;16:30;5.0;3.0;87%;1024hPa;7.0km;South;7.2km/h/2.0m/s;-;N/A;;MostlyCloudy;
2000/11/29;17:00;5.0;3.0;87%;1024hPa;8.0km;South;10.8km/h/3.0m/s;-;N/A;;MostlyCloudy;
2000/11/29;17:30;5.0;3.0;87%;1024hPa;7.0km;South;10.8km/h/3.0m/s;-;N/A;;MostlyCloudy;
2000/11/29;18:00;4.0;3.0;93%;1024hPa;7.0km;SSW;7.2km/h/2.0m/s;-;N/A;;ScatteredClouds;
2000/11/29;18:30;4.0;2.0;87%;1024hPa;5.0km;Variable;7.2km/h/2.0m/s;-;N/A;;Clear;
2000/11/29;19:00;3.0;2.0;93%;1024hPa;5.0km;West;3.6km/h/1.0m/s;-;N/A;;Clear;
2000/11/29;19:30;3.0;2.0;93%;1024hPa;4.0km;WSW;3.6km/h/1.0m/s;-;N/A;;PartlyCloudy;
2000/11/29;20:00;2.0;1.0;93%;1024hPa;4.0km;Variable;3.6km/h/1.0m/s;-;N/A;;PartlyCloudy;
2000/11/29;20:30;1.0;1.0;100%;1024hPa;-;Calm;Calm;-;N/A;;ScatteredClouds;
2000/11/29;21:00;2.0;2.0;100%;1024hPa;3.0km;South;3.6km/h/1.0m/s;-;N/A;;Overcast;
2000/11/29;21:30;3.0;2.0;93%;1024hPa;3.0km;South;3.6km/h/1.0m/s;-;N/A;;Overcast;
2000/11/29;22:00;2.0;2.0;100%;1024hPa;2.8km;South;3.6km/h/1.0m/s;-;N/A;;Overcast;
2000/11/29;22:30;2.0;2.0;100%;1025hPa;1.2km;South;3.6km/h/1.0m/s;-;N/A;;Overcast;
2000/11/29;23:00;2.0;2.0;100%;1025hPa;0.9km;Variable;3.6km/h/1.0m/s;-;N/A;Fog;Fog;
2000/11/29;23:30;1.0;1.0;100%;1025hPa;0.2km;Variable;3.6km/h/1.0m/s;-;N/A;Fog;Fog;
