2000/1/30;00:00;-1.0;-2.0;93%;1004hPa;1.5km;SSW;14.4km/h/4.0m/s;-;N/A;Snow;LightSnow;
2000/1/30;00:30;-1.0;-2.0;93%;1004hPa;1.8km;SSW;18.0km/h/5.0m/s;-;N/A;Snow;LightSnow;
2000/1/30;01:00;0.0;-1.0;93%;1003hPa;3.5km;SSW;25.2km/h/7.0m/s;-;N/A;;Overcast;
2000/1/30;01:30;0.0;-1.0;93%;1003hPa;3.0km;SSW;21.6km/h/6.0m/s;-;N/A;;Overcast;
2000/1/30;02:00;0.0;-1.0;93%;1003hPa;3.0km;South;18.0km/h/5.0m/s;-;N/A;;Overcast;
2000/1/30;02:30;0.0;-1.0;93%;1002hPa;3.0km;SSW;21.6km/h/6.0m/s;-;N/A;;Overcast;
2000/1/30;03:00;0.0;-1.0;93%;1002hPa;3.5km;South;14.4km/h/4.0m/s;-;N/A;;Overcast;
2000/1/30;03:30;0.0;-1.0;93%;1002hPa;3.0km;South;18.0km/h/5.0m/s;-;N/A;;Overcast;
2000/1/30;04:00;1.0;0.0;93%;1001hPa;3.0km;SSW;18.0km/h/5.0m/s;-;N/A;;Overcast;
2000/1/30;04:30;2.0;0.0;87%;1001hPa;3.0km;South;18.0km/h/5.0m/s;-;N/A;;Overcast;
2000/1/30;05:00;1.0;0.0;93%;1000hPa;5.0km;South;14.4km/h/4.0m/s;-;N/A;;Overcast;
2000/1/30;05:30;1.0;0.0;93%;1000hPa;4.5km;South;14.4km/h/4.0m/s;-;N/A;;Overcast;
2000/1/30;06:00;1.0;0.0;93%;1000hPa;5.0km;SSE;18.0km/h/5.0m/s;-;N/A;;Overcast;
2000/1/30;06:30;1.0;0.0;93%;1000hPa;5.0km;South;21.6km/h/6.0m/s;-;N/A;;Overcast;
2000/1/30;07:00;2.0;1.0;93%;1000hPa;2.5km;SSW;18.0km/h/5.0m/s;-;N/A;;Overcast;
2000/1/30;07:30;2.0;1.0;93%;1000hPa;-;SSW;18.0km/h/5.0m/s;-;N/A;;Overcast;
2000/1/30;08:00;2.0;1.0;93%;1000hPa;7.0km;SSW;25.2km/h/7.0m/s;-;N/A;;Overcast;
2000/1/30;08:30;2.0;1.0;93%;1000hPa;6.0km;South;14.4km/h/4.0m/s;-;N/A;;MostlyCloudy;
2000/1/30;09:00;2.0;1.0;93%;1000hPa;8.0km;SW;25.2km/h/7.0m/s;-;N/A;;MostlyCloudy;
2000/1/30;09:30;3.0;1.0;87%;1001hPa;8.0km;SW;21.6km/h/6.0m/s;-;N/A;;MostlyCloudy;
2000/1/30;10:00;3.0;1.0;87%;1001hPa;10.0km;SW;21.6km/h/6.0m/s;-;N/A;;MostlyCloudy;
2000/1/30;10:30;3.0;1.0;87%;1002hPa;10.0km;SW;21.6km/h/6.0m/s;-;N/A;;MostlyCloudy;
2000/1/30;11:00;3.0;1.0;87%;1001hPa;10.0km;WSW;10.8km/h/3.0m/s;-;N/A;;ScatteredClouds;
2000/1/30;11:30;6.0;1.0;70%;1001hPa;10.0km;SSW;10.8km/h/3.0m/s;-;N/A;;ScatteredClouds;
2000/1/30;12:00;4.0;1.0;81%;1002hPa;10.0km;South;10.8km/h/3.0m/s;-;N/A;;ScatteredClouds;
2000/1/30;12:30;5.0;1.0;76%;1002hPa;10.0km;WSW;18.0km/h/5.0m/s;-;N/A;Rain;LightRainShowers;
2000/1/30;13:00;5.0;1.0;76%;1003hPa;10.0km;NNW;10.8km/h/3.0m/s;-;N/A;;MostlyCloudy;
2000/1/30;13:30;4.0;1.0;81%;1003hPa;10.0km;Variable;7.2km/h/2.0m/s;-;N/A;;MostlyCloudy;
2000/1/30;14:00;4.0;1.0;81%;1003hPa;10.0km;South;7.2km/h/2.0m/s;-;N/A;;MostlyCloudy;
2000/1/30;14:30;4.0;1.0;81%;1004hPa;10.0km;South;7.2km/h/2.0m/s;-;N/A;;ScatteredClouds;
2000/1/30;15:00;4.0;0.0;75%;1004hPa;10.0km;Variable;3.6km/h/1.0m/s;-;N/A;;ScatteredClouds;
2000/1/30;15:30;3.0;1.0;87%;1005hPa;10.0km;South;7.2km/h/2.0m/s;-;N/A;;ScatteredClouds;
2000/1/30;16:00;4.0;1.0;81%;1005hPa;10.0km;Variable;3.6km/h/1.0m/s;-;N/A;;MostlyCloudy;
2000/1/30;16:30;3.0;1.0;87%;1006hPa;10.0km;NNE;10.8km/h/3.0m/s;-;N/A;;ScatteredClouds;
2000/1/30;17:00;3.0;1.0;87%;1008hPa;10.0km;NNW;10.8km/h/3.0m/s;-;N/A;;MostlyCloudy;
2000/1/30;17:30;3.0;0.0;81%;1009hPa;10.0km;NW;14.4km/h/4.0m/s;-;N/A;;MostlyCloudy;
2000/1/30;18:30;2.0;-1.0;81%;1010hPa;10.0km;West;18.0km/h/5.0m/s;-;N/A;;MostlyCloudy;
2000/1/30;19:00;2.0;-1.0;81%;1011hPa;10.0km;WNW;25.2km/h/7.0m/s;46.8km/h/13.0m/s;N/A;Rain,Snow;LightRainShowers;
2000/1/30;19:30;2.0;0.0;87%;1011hPa;10.0km;West;21.6km/h/6.0m/s;-;N/A;;PartlyCloudy;
2000/1/30;20:00;1.0;0.0;93%;1011hPa;-;WSW;18.0km/h/5.0m/s;-;N/A;;Clear;
2000/1/30;20:30;1.0;-1.0;87%;1012hPa;-;Variable;7.2km/h/2.0m/s;-;N/A;;Clear;
2000/1/30;21:00;0.0;-1.0;93%;1013hPa;-;West;10.8km/h/3.0m/s;-;N/A;;Clear;
2000/1/30;21:30;1.0;0.0;93%;1014hPa;10.0km;NW;10.8km/h/3.0m/s;-;N/A;Rain;LightRain;
2000/1/30;22:00;2.0;-1.0;81%;1014hPa;-;SSE;10.8km/h/3.0m/s;-;N/A;;Clear;
2000/1/30;22:30;0.0;-1.0;93%;1014hPa;-;SSW;10.8km/h/3.0m/s;-;N/A;;Clear;
2000/1/30;23:00;-1.0;-2.0;93%;1015hPa;-;Variable;3.6km/h/1.0m/s;-;N/A;;Clear;
2000/1/30;23:30;-1.0;-2.0;93%;1015hPa;-;Variable;7.2km/h/2.0m/s;-;N/A;;Clear;
