2000/5/22;00:00;10.0;6.0;76%;1012hPa;-;Calm;Calm;-;N/A;;Clear;
2000/5/22;00:30;9.0;6.0;82%;1012hPa;-;West;3.6km/h/1.0m/s;-;N/A;;Clear;
2000/5/22;01:00;8.0;5.0;81%;1012hPa;-;Variable;3.6km/h/1.0m/s;-;N/A;;Clear;
2000/5/22;01:30;8.0;5.0;81%;1013hPa;-;North;7.2km/h/2.0m/s;-;N/A;;Clear;
2000/5/22;02:00;8.0;5.0;81%;1012hPa;-;NNE;7.2km/h/2.0m/s;-;N/A;;Clear;
2000/5/22;02:30;7.0;5.0;87%;1012hPa;-;NNW;3.6km/h/1.0m/s;-;N/A;;Clear;
2000/5/22;03:00;7.0;5.0;87%;1012hPa;-;North;3.6km/h/1.0m/s;-;N/A;;Clear;
2000/5/22;03:30;7.0;5.0;87%;1013hPa;-;North;7.2km/h/2.0m/s;-;N/A;;Clear;
2000/5/22;04:00;7.0;5.0;87%;1013hPa;-;North;7.2km/h/2.0m/s;-;N/A;;Clear;
2000/5/22;04:30;7.0;5.0;87%;1013hPa;-;Variable;7.2km/h/2.0m/s;-;N/A;;Clear;
2000/5/22;05:00;7.0;5.0;87%;1013hPa;-;NW;3.6km/h/1.0m/s;-;N/A;;Clear;
2000/5/22;05:30;7.0;5.0;87%;1013hPa;-;Calm;Calm;-;N/A;;Clear;
2000/5/22;06:00;8.0;6.0;87%;1013hPa;10.0km;North;3.6km/h/1.0m/s;-;N/A;;MostlyCloudy;
2000/5/22;06:30;9.0;6.0;82%;1013hPa;10.0km;Variable;3.6km/h/1.0m/s;-;N/A;;MostlyCloudy;
2000/5/22;07:00;10.0;6.0;76%;1013hPa;10.0km;Variable;3.6km/h/1.0m/s;-;N/A;;MostlyCloudy;
2000/5/22;07:30;10.0;7.0;82%;1013hPa;10.0km;Calm;Calm;-;N/A;;MostlyCloudy;
2000/5/22;08:00;12.0;7.0;72%;1013hPa;10.0km;Variable;7.2km/h/2.0m/s;-;N/A;;MostlyCloudy;
2000/5/22;08:30;13.0;7.0;67%;1013hPa;10.0km;Variable;3.6km/h/1.0m/s;-;N/A;;MostlyCloudy;
2000/5/22;09:00;14.0;7.0;63%;1013hPa;10.0km;Calm;Calm;-;N/A;;MostlyCloudy;
2000/5/22;09:30;14.0;7.0;63%;1013hPa;10.0km;Variable;3.6km/h/1.0m/s;-;N/A;;MostlyCloudy;
2000/5/22;10:00;15.0;8.0;63%;1013hPa;10.0km;Variable;7.2km/h/2.0m/s;-;N/A;;MostlyCloudy;
2000/5/22;10:30;16.0;8.0;59%;1013hPa;8.0km;South;10.8km/h/3.0m/s;-;N/A;;MostlyCloudy;
2000/5/22;11:00;18.0;10.0;59%;1013hPa;8.0km;Variable;7.2km/h/2.0m/s;-;N/A;;MostlyCloudy;
2000/5/22;11:30;18.0;8.0;52%;1013hPa;10.0km;Variable;7.2km/h/2.0m/s;-;N/A;;MostlyCloudy;
2000/5/22;12:00;19.0;8.0;49%;1012hPa;10.0km;South;10.8km/h/3.0m/s;-;N/A;;MostlyCloudy;
2000/5/22;12:30;18.0;7.0;49%;1012hPa;10.0km;South;14.4km/h/4.0m/s;-;N/A;;MostlyCloudy;
2000/5/22;13:00;19.0;6.0;43%;1012hPa;10.0km;South;14.4km/h/4.0m/s;-;N/A;;MostlyCloudy;
2000/5/22;13:30;20.0;7.0;43%;1012hPa;-;South;18.0km/h/5.0m/s;-;N/A;;Clear;
2000/5/22;14:30;20.0;6.0;40%;1011hPa;-;SSW;14.4km/h/4.0m/s;-;N/A;;Clear;
2000/5/22;15:00;19.0;6.0;43%;1011hPa;-;South;10.8km/h/3.0m/s;-;N/A;;Clear;
2000/5/22;15:30;19.0;6.0;43%;1011hPa;-;SE;10.8km/h/3.0m/s;-;N/A;;Clear;
2000/5/22;16:00;18.0;6.0;45%;1010hPa;-;Variable;7.2km/h/2.0m/s;-;N/A;;Clear;
2000/5/22;16:30;19.0;7.0;46%;1010hPa;-;South;10.8km/h/3.0m/s;-;N/A;;Clear;
2000/5/22;17:00;19.0;8.0;49%;1010hPa;-;SSE;10.8km/h/3.0m/s;-;N/A;;Clear;
2000/5/22;17:30;18.0;9.0;56%;1009hPa;10.0km;SSE;7.2km/h/2.0m/s;-;N/A;Rain;LightRain;
2000/5/22;18:00;17.0;9.0;59%;1010hPa;10.0km;SW;7.2km/h/2.0m/s;-;N/A;Rain;LightRain;
2000/5/22;18:30;14.0;11.0;82%;1010hPa;8.0km;West;14.4km/h/4.0m/s;-;N/A;Rain;LightRain;
2000/5/22;19:00;13.0;11.0;88%;1010hPa;8.0km;West;18.0km/h/5.0m/s;-;N/A;Rain;LightRain;
2000/5/22;19:30;13.0;11.0;88%;1010hPa;8.0km;NW;10.8km/h/3.0m/s;-;N/A;Rain;LightRain;
2000/5/22;20:00;13.0;11.0;88%;1010hPa;8.0km;Variable;7.2km/h/2.0m/s;-;N/A;Rain;LightRain;
2000/5/22;20:30;13.0;11.0;88%;1010hPa;4.0km;Variable;3.6km/h/1.0m/s;-;N/A;Rain;LightRain;
2000/5/22;21:00;12.0;11.0;94%;1009hPa;8.0km;Variable;3.6km/h/1.0m/s;-;N/A;Rain;LightRain;
2000/5/22;21:30;12.0;11.0;94%;1010hPa;4.0km;SSW;7.2km/h/2.0m/s;-;N/A;Rain;LightRain;
2000/5/22;22:00;12.0;11.0;94%;1010hPa;7.0km;SW;18.0km/h/5.0m/s;-;N/A;Rain;LightRain;
2000/5/22;22:30;10.0;8.0;87%;1010hPa;10.0km;North;18.0km/h/5.0m/s;-;N/A;Rain;LightRain;
2000/5/22;23:00;10.0;6.0;76%;1011hPa;10.0km;North;10.8km/h/3.0m/s;-;N/A;;Overcast;
2000/5/22;23:30;9.0;5.0;76%;1011hPa;10.0km;North;14.4km/h/4.0m/s;-;N/A;;Overcast;
