2000/2/8;00:00;2.0;2.0;100%;1018hPa;0.5km;SSW;7.2km/h/2.0m/s;-;N/A;Fog;LightDrizzle;
2000/2/8;00:30;2.0;2.0;100%;1018hPa;0.4km;SW;7.2km/h/2.0m/s;-;N/A;Fog;Fog;
2000/2/8;01:30;2.0;2.0;100%;1018hPa;0.3km;WNW;7.2km/h/2.0m/s;-;N/A;Fog;Fog;
2000/2/8;02:00;2.0;2.0;100%;1018hPa;0.8km;WSW;3.6km/h/1.0m/s;-;N/A;Fog;Fog;
2000/2/8;03:00;1.0;1.0;100%;1018hPa;0.2km;SSE;7.2km/h/2.0m/s;-;N/A;Fog;Fog;
2000/2/8;03:30;1.0;1.0;100%;1017hPa;0.2km;Variable;3.6km/h/1.0m/s;-;N/A;Fog;Fog;
2000/2/8;04:00;1.0;1.0;100%;1017hPa;0.2km;South;7.2km/h/2.0m/s;-;N/A;Fog;Fog;
2000/2/8;04:30;1.0;1.0;100%;1017hPa;0.1km;South;3.6km/h/1.0m/s;-;N/A;Fog;Fog;
2000/2/8;05:00;1.0;1.0;100%;1017hPa;0.1km;South;7.2km/h/2.0m/s;-;N/A;Fog;Fog;
2000/2/8;05:30;1.0;1.0;100%;1017hPa;0.2km;SSW;7.2km/h/2.0m/s;-;N/A;Fog;Fog;
2000/2/8;06:00;1.0;1.0;100%;1016hPa;0.2km;SSW;7.2km/h/2.0m/s;-;N/A;Fog;Fog;
2000/2/8;06:30;1.0;1.0;100%;1016hPa;0.2km;SSW;7.2km/h/2.0m/s;-;N/A;Fog;Fog;
2000/2/8;07:00;1.0;1.0;100%;1016hPa;0.2km;Variable;7.2km/h/2.0m/s;-;N/A;Fog;Fog;
2000/2/8;07:30;1.0;1.0;100%;1016hPa;0.1km;SSW;7.2km/h/2.0m/s;-;N/A;Fog;Fog;
2000/2/8;08:00;1.0;1.0;100%;1016hPa;0.5km;SSW;10.8km/h/3.0m/s;-;N/A;Fog;Fog;
2000/2/8;08:30;2.0;1.0;93%;1016hPa;0.3km;SW;7.2km/h/2.0m/s;-;N/A;Fog;Fog;
2000/2/8;09:00;2.0;1.0;93%;1016hPa;0.2km;Variable;3.6km/h/1.0m/s;-;N/A;Fog;Fog;
2000/2/8;09:30;2.0;1.0;93%;1015hPa;0.3km;Variable;7.2km/h/2.0m/s;-;N/A;Fog;Fog;
2000/2/8;10:00;2.0;2.0;100%;1015hPa;0.2km;SSW;18.0km/h/5.0m/s;-;N/A;Fog;Fog;
2000/2/8;10:30;2.0;2.0;100%;1015hPa;1.1km;SSW;10.8km/h/3.0m/s;-;N/A;;Overcast;
2000/2/8;11:00;2.0;2.0;100%;1014hPa;0.7km;SSW;21.6km/h/6.0m/s;-;N/A;Fog;Fog;
2000/2/8;12:00;3.0;3.0;100%;1013hPa;1.8km;South;18.0km/h/5.0m/s;-;N/A;;Overcast;
2000/2/8;12:30;3.0;3.0;100%;1013hPa;-;South;14.4km/h/4.0m/s;-;N/A;;MostlyCloudy;
2000/2/8;13:00;2.0;2.0;100%;1013hPa;2.5km;SSE;14.4km/h/4.0m/s;-;N/A;;Overcast;
2000/2/8;13:30;3.0;3.0;100%;1012hPa;3.5km;South;10.8km/h/3.0m/s;-;N/A;;MostlyCloudy;
2000/2/8;14:00;3.0;2.0;93%;1012hPa;4.0km;South;14.4km/h/4.0m/s;-;N/A;;MostlyCloudy;
2000/2/8;14:30;5.0;4.0;93%;1011hPa;4.5km;South;21.6km/h/6.0m/s;-;N/A;;MostlyCloudy;
2000/2/8;15:00;3.0;2.0;93%;1011hPa;4.0km;SE;14.4km/h/4.0m/s;-;N/A;;MostlyCloudy;
2000/2/8;15:30;3.0;2.0;93%;1011hPa;4.5km;SSE;14.4km/h/4.0m/s;-;N/A;;Overcast;
2000/2/8;16:00;3.0;3.0;100%;1011hPa;4.5km;South;7.2km/h/2.0m/s;-;N/A;;Overcast;
2000/2/8;16:30;3.0;2.0;93%;1011hPa;4.0km;ESE;10.8km/h/3.0m/s;-;N/A;;MostlyCloudy;
2000/2/8;17:00;3.0;3.0;100%;1011hPa;4.0km;SSE;14.4km/h/4.0m/s;-;N/A;;MostlyCloudy;
2000/2/8;17:30;4.0;3.0;93%;1011hPa;-;SSE;10.8km/h/3.0m/s;-;N/A;;MostlyCloudy;
2000/2/8;18:00;4.0;3.0;93%;1010hPa;4.5km;South;7.2km/h/2.0m/s;-;N/A;;Overcast;
2000/2/8;18:30;4.0;3.0;93%;1010hPa;4.5km;South;14.4km/h/4.0m/s;-;N/A;;Overcast;
2000/2/8;19:00;3.0;3.0;100%;1010hPa;4.0km;South;14.4km/h/4.0m/s;-;N/A;;Overcast;
2000/2/8;19:30;4.0;4.0;100%;1009hPa;3.0km;SSW;14.4km/h/4.0m/s;-;N/A;;Overcast;
2000/2/8;20:00;4.0;4.0;100%;1009hPa;2.5km;SSW;10.8km/h/3.0m/s;-;N/A;;Overcast;
2000/2/8;20:30;4.0;3.0;93%;1009hPa;2.5km;Variable;3.6km/h/1.0m/s;-;N/A;;Overcast;
2000/2/8;21:00;4.0;3.0;93%;1008hPa;3.0km;SSW;10.8km/h/3.0m/s;-;N/A;;Overcast;
2000/2/8;21:30;4.0;3.0;93%;1008hPa;2.0km;SSW;14.4km/h/4.0m/s;-;N/A;;Overcast;
2000/2/8;22:00;3.0;3.0;100%;1008hPa;2.0km;Variable;7.2km/h/2.0m/s;-;N/A;;Overcast;
2000/2/8;22:30;3.0;3.0;100%;1007hPa;3.0km;Variable;3.6km/h/1.0m/s;-;N/A;;Overcast;
2000/2/8;23:00;4.0;3.0;93%;1007hPa;-;Variable;7.2km/h/2.0m/s;-;N/A;;Overcast;
2000/2/8;23:30;4.0;4.0;100%;1006hPa;-;SSW;18.0km/h/5.0m/s;-;N/A;;LightDrizzle;
