2000/9/24;00:00;10.0;4.0;66%;1027hPa;10.0km;North;21.6km/h/6.0m/s;-;N/A;;MostlyCloudy;
2000/9/24;00:30;10.0;4.0;66%;1027hPa;10.0km;North;18.0km/h/5.0m/s;-;N/A;;MostlyCloudy;
2000/9/24;01:00;10.0;3.0;62%;1027hPa;10.0km;North;18.0km/h/5.0m/s;-;N/A;;Overcast;
2000/9/24;01:30;10.0;4.0;66%;1027hPa;10.0km;North;18.0km/h/5.0m/s;-;N/A;;Overcast;
2000/9/24;02:00;10.0;3.0;62%;1027hPa;10.0km;North;18.0km/h/5.0m/s;-;N/A;;Overcast;
2000/9/24;02:30;9.0;3.0;66%;1026hPa;10.0km;North;18.0km/h/5.0m/s;-;N/A;;Overcast;
2000/9/24;03:00;9.0;3.0;66%;1026hPa;10.0km;North;18.0km/h/5.0m/s;-;N/A;;Overcast;
2000/9/24;03:30;9.0;3.0;66%;1026hPa;10.0km;North;14.4km/h/4.0m/s;-;N/A;;Overcast;
2000/9/24;04:00;9.0;4.0;71%;1026hPa;10.0km;NNE;10.8km/h/3.0m/s;-;N/A;;Overcast;
2000/9/24;04:30;9.0;4.0;71%;1026hPa;10.0km;NNE;10.8km/h/3.0m/s;-;N/A;;Overcast;
2000/9/24;05:00;9.0;4.0;71%;1026hPa;10.0km;NNE;10.8km/h/3.0m/s;-;N/A;;Overcast;
2000/9/24;05:30;9.0;4.0;71%;1026hPa;10.0km;North;14.4km/h/4.0m/s;-;N/A;;MostlyCloudy;
2000/9/24;06:00;9.0;4.0;71%;1026hPa;10.0km;North;18.0km/h/5.0m/s;-;N/A;;MostlyCloudy;
2000/9/24;06:30;9.0;4.0;71%;1026hPa;10.0km;NNE;18.0km/h/5.0m/s;-;N/A;;MostlyCloudy;
2000/9/24;07:00;9.0;4.0;71%;1026hPa;10.0km;NE;10.8km/h/3.0m/s;-;N/A;;Overcast;
2000/9/24;07:30;9.0;4.0;71%;1026hPa;10.0km;NE;10.8km/h/3.0m/s;-;N/A;;Overcast;
2000/9/24;08:00;9.0;4.0;71%;1026hPa;10.0km;NNE;14.4km/h/4.0m/s;-;N/A;;MostlyCloudy;
2000/9/24;08:30;10.0;4.0;66%;1026hPa;10.0km;North;21.6km/h/6.0m/s;-;N/A;;ScatteredClouds;
2000/9/24;09:00;10.0;5.0;71%;1027hPa;10.0km;North;18.0km/h/5.0m/s;-;N/A;;ScatteredClouds;
2000/9/24;09:30;11.0;5.0;67%;1027hPa;10.0km;North;18.0km/h/5.0m/s;-;N/A;;ScatteredClouds;
2000/9/24;10:00;12.0;5.0;62%;1027hPa;10.0km;North;18.0km/h/5.0m/s;-;N/A;;MostlyCloudy;
2000/9/24;10:30;13.0;5.0;58%;1027hPa;10.0km;NNE;14.4km/h/4.0m/s;-;N/A;;MostlyCloudy;
2000/9/24;11:00;13.0;4.0;54%;1027hPa;10.0km;NNE;14.4km/h/4.0m/s;-;N/A;;ScatteredClouds;
2000/9/24;11:30;14.0;5.0;55%;1027hPa;10.0km;NE;10.8km/h/3.0m/s;-;N/A;;MostlyCloudy;
2000/9/24;12:00;14.0;5.0;55%;1027hPa;10.0km;NE;10.8km/h/3.0m/s;-;N/A;;ScatteredClouds;
2000/9/24;12:30;15.0;5.0;51%;1027hPa;10.0km;East;10.8km/h/3.0m/s;-;N/A;;ScatteredClouds;
2000/9/24;13:00;15.0;6.0;55%;1026hPa;10.0km;ENE;10.8km/h/3.0m/s;-;N/A;;PartlyCloudy;
2000/9/24;13:30;15.0;5.0;51%;1026hPa;10.0km;Variable;7.2km/h/2.0m/s;-;N/A;;ScatteredClouds;
2000/9/24;14:00;15.0;5.0;51%;1026hPa;10.0km;Variable;7.2km/h/2.0m/s;-;N/A;;ScatteredClouds;
2000/9/24;14:30;16.0;5.0;48%;1026hPa;10.0km;Variable;3.6km/h/1.0m/s;-;N/A;;MostlyCloudy;
2000/9/24;15:00;15.0;5.0;51%;1026hPa;10.0km;Variable;7.2km/h/2.0m/s;-;N/A;;MostlyCloudy;
2000/9/24;15:30;15.0;5.0;51%;1026hPa;10.0km;Variable;3.6km/h/1.0m/s;-;N/A;;MostlyCloudy;
2000/9/24;16:00;14.0;5.0;55%;1026hPa;10.0km;ENE;7.2km/h/2.0m/s;-;N/A;;MostlyCloudy;
2000/9/24;16:30;14.0;5.0;55%;1026hPa;10.0km;ENE;10.8km/h/3.0m/s;-;N/A;;MostlyCloudy;
2000/9/24;17:00;14.0;6.0;59%;1026hPa;10.0km;East;3.6km/h/1.0m/s;-;N/A;;MostlyCloudy;
2000/9/24;17:30;14.0;7.0;63%;1026hPa;10.0km;East;3.6km/h/1.0m/s;-;N/A;;ScatteredClouds;
2000/9/24;18:00;13.0;6.0;63%;1026hPa;-;Calm;Calm;-;N/A;;Clear;
2000/9/24;18:30;12.0;6.0;67%;1026hPa;-;Calm;Calm;-;N/A;;Clear;
2000/9/24;19:00;11.0;6.0;71%;1026hPa;-;NW;3.6km/h/1.0m/s;-;N/A;;Clear;
2000/9/24;19:30;10.0;6.0;76%;1026hPa;-;WNW;3.6km/h/1.0m/s;-;N/A;;Clear;
2000/9/24;20:00;9.0;6.0;82%;1026hPa;-;Variable;3.6km/h/1.0m/s;-;N/A;;Clear;
2000/9/24;20:30;8.0;6.0;87%;1026hPa;-;Calm;Calm;-;N/A;;Clear;
2000/9/24;21:00;8.0;6.0;87%;1026hPa;-;NNE;10.8km/h/3.0m/s;-;N/A;;Clear;
2000/9/24;21:30;8.0;5.0;81%;1026hPa;-;North;10.8km/h/3.0m/s;-;N/A;;Clear;
2000/9/24;22:00;7.0;4.0;81%;1026hPa;-;North;3.6km/h/1.0m/s;-;N/A;;Clear;
2000/9/24;22:30;7.0;5.0;87%;1026hPa;-;North;7.2km/h/2.0m/s;-;N/A;;Clear;
2000/9/24;23:00;7.0;4.0;81%;1026hPa;-;Calm;Calm;-;N/A;;Clear;
2000/9/24;23:30;6.0;4.0;87%;1026hPa;-;Calm;Calm;-;N/A;;Clear;
