2000/12/18;00:00;-2.0;-4.0;86%;1015hPa;-;North;10.8km/h/3.0m/s;-;N/A;;Clear;
2000/12/18;00:30;-3.0;-4.0;93%;1015hPa;-;North;7.2km/h/2.0m/s;-;N/A;;Clear;
2000/12/18;01:00;-3.0;-4.0;93%;1015hPa;-;North;7.2km/h/2.0m/s;-;N/A;;Clear;
2000/12/18;01:30;-3.0;-4.0;93%;1016hPa;-;North;7.2km/h/2.0m/s;-;N/A;;Clear;
2000/12/18;02:30;-3.0;-5.0;86%;1016hPa;-;North;7.2km/h/2.0m/s;-;N/A;;Clear;
2000/12/18;03:00;-3.0;-4.0;93%;1016hPa;-;NW;3.6km/h/1.0m/s;-;N/A;;Clear;
2000/12/18;03:30;-3.0;-4.0;93%;1016hPa;-;Variable;3.6km/h/1.0m/s;-;N/A;;Clear;
2000/12/18;04:30;-3.0;-4.0;93%;1017hPa;-;Variable;3.6km/h/1.0m/s;-;N/A;;Clear;
2000/12/18;05:14;-2.0;-4.0;86%;1017hPa;-;NNE;3.6km/h/1.0m/s;-;N/A;;Clear;
2000/12/18;05:30;-2.0;-4.0;86%;1017hPa;-;Variable;3.6km/h/1.0m/s;-;N/A;;Clear;
2000/12/18;06:00;-2.0;-4.0;86%;1017hPa;10.0km;Variable;3.6km/h/1.0m/s;-;N/A;;ScatteredClouds;
2000/12/18;06:30;-3.0;-4.0;93%;1017hPa;10.0km;Calm;Calm;-;N/A;;ScatteredClouds;
2000/12/18;07:00;-3.0;-4.0;93%;1018hPa;10.0km;Variable;3.6km/h/1.0m/s;-;N/A;;MostlyCloudy;
2000/12/18;07:30;-3.0;-4.0;93%;1018hPa;10.0km;Calm;Calm;-;N/A;;MostlyCloudy;
2000/12/18;08:00;-3.0;-4.0;93%;1018hPa;10.0km;Calm;Calm;-;N/A;;MostlyCloudy;
2000/12/18;08:30;-2.0;-3.0;93%;1019hPa;10.0km;Calm;Calm;-;N/A;;ScatteredClouds;
2000/12/18;09:00;-1.0;-2.0;93%;1019hPa;10.0km;Variable;7.2km/h/2.0m/s;-;N/A;;MostlyCloudy;
2000/12/18;09:30;0.0;-2.0;87%;1019hPa;10.0km;Variable;3.6km/h/1.0m/s;-;N/A;;MostlyCloudy;
2000/12/18;10:00;0.0;-2.0;87%;1019hPa;10.0km;Variable;3.6km/h/1.0m/s;-;N/A;;MostlyCloudy;
2000/12/18;10:30;2.0;-1.0;81%;1019hPa;10.0km;Variable;3.6km/h/1.0m/s;-;N/A;;MostlyCloudy;
2000/12/18;11:00;1.0;-2.0;81%;1019hPa;10.0km;Variable;3.6km/h/1.0m/s;-;N/A;;MostlyCloudy;
2000/12/18;11:30;2.0;-1.0;81%;1019hPa;10.0km;Variable;3.6km/h/1.0m/s;-;N/A;;ScatteredClouds;
2000/12/18;12:00;2.0;-1.0;81%;1019hPa;10.0km;Variable;3.6km/h/1.0m/s;-;N/A;;ScatteredClouds;
2000/12/18;12:30;4.0;-1.0;70%;1019hPa;10.0km;Variable;3.6km/h/1.0m/s;-;N/A;;PartlyCloudy;
2000/12/18;13:00;4.0;-1.0;70%;1019hPa;10.0km;Variable;7.2km/h/2.0m/s;-;N/A;;PartlyCloudy;
2000/12/18;13:30;4.0;-1.0;70%;1019hPa;10.0km;Variable;3.6km/h/1.0m/s;-;N/A;;PartlyCloudy;
2000/12/18;14:00;4.0;-1.0;70%;1019hPa;10.0km;ESE;3.6km/h/1.0m/s;-;N/A;;PartlyCloudy;
2000/12/18;14:30;4.0;-1.0;70%;1019hPa;10.0km;ESE;3.6km/h/1.0m/s;-;N/A;;ScatteredClouds;
2000/12/18;15:00;4.0;-1.0;70%;1019hPa;10.0km;Variable;3.6km/h/1.0m/s;-;N/A;;ScatteredClouds;
2000/12/18;15:30;3.0;-1.0;75%;1020hPa;-;SSE;3.6km/h/1.0m/s;-;N/A;;Clear;
2000/12/18;16:00;2.0;-1.0;81%;1020hPa;-;SW;3.6km/h/1.0m/s;-;N/A;;Clear;
2000/12/18;16:30;2.0;-1.0;81%;1020hPa;-;Calm;Calm;-;N/A;;Clear;
2000/12/18;17:00;1.0;-1.0;87%;1020hPa;-;SSW;7.2km/h/2.0m/s;-;N/A;;Clear;
2000/12/18;17:30;1.0;-2.0;81%;1020hPa;-;Variable;3.6km/h/1.0m/s;-;N/A;;Clear;
2000/12/18;18:00;1.0;-2.0;81%;1020hPa;-;South;3.6km/h/1.0m/s;-;N/A;;Clear;
2000/12/18;18:30;1.0;-2.0;81%;1020hPa;-;South;7.2km/h/2.0m/s;-;N/A;;Clear;
2000/12/18;19:00;0.0;-2.0;87%;1021hPa;-;SSW;7.2km/h/2.0m/s;-;N/A;;Clear;
2000/12/18;19:30;0.0;-1.0;93%;1020hPa;-;South;7.2km/h/2.0m/s;-;N/A;;Clear;
2000/12/18;20:00;0.0;-1.0;93%;1021hPa;-;Variable;3.6km/h/1.0m/s;-;N/A;;Clear;
2000/12/18;20:30;0.0;-2.0;87%;1021hPa;-;SSE;3.6km/h/1.0m/s;-;N/A;;Clear;
2000/12/18;21:00;0.0;-2.0;87%;1021hPa;-;South;7.2km/h/2.0m/s;-;N/A;;Clear;
2000/12/18;21:30;0.0;-2.0;87%;1021hPa;-;WSW;3.6km/h/1.0m/s;-;N/A;;Clear;
2000/12/18;22:00;0.0;-2.0;87%;1021hPa;-;South;7.2km/h/2.0m/s;-;N/A;;Clear;
2000/12/18;22:30;0.0;-2.0;87%;1021hPa;-;Variable;3.6km/h/1.0m/s;-;N/A;;Clear;
2000/12/18;23:00;0.0;-2.0;87%;1021hPa;-;Variable;3.6km/h/1.0m/s;-;N/A;;Clear;
2000/12/18;23:30;0.0;-2.0;87%;1021hPa;-;Calm;Calm;-;N/A;;Clear;
