2000/1/17;00:00;-4.0;-5.0;93%;1023hPa;5.0km;South;7.2km/h/2.0m/s;-;N/A;;MostlyCloudy;
2000/1/17;00:30;-5.0;-6.0;93%;1023hPa;6.0km;SW;7.2km/h/2.0m/s;-;N/A;;ScatteredClouds;
2000/1/17;01:00;-6.0;-7.0;93%;1022hPa;6.0km;SW;7.2km/h/2.0m/s;-;N/A;;ScatteredClouds;
2000/1/17;01:30;-7.0;-8.0;93%;1021hPa;7.0km;SSW;14.4km/h/4.0m/s;-;N/A;;PartlyCloudy;
2000/1/17;02:00;-7.0;-7.0;100%;1021hPa;6.0km;Variable;7.2km/h/2.0m/s;-;N/A;;MostlyCloudy;
2000/1/17;02:30;-6.0;-7.0;93%;1020hPa;6.0km;SSW;18.0km/h/5.0m/s;-;N/A;;MostlyCloudy;
2000/1/17;03:00;-5.0;-6.0;93%;1020hPa;5.0km;SSW;14.4km/h/4.0m/s;-;N/A;;MostlyCloudy;
2000/1/17;03:30;-5.0;-7.0;86%;1019hPa;5.0km;SSW;18.0km/h/5.0m/s;-;N/A;;MostlyCloudy;
2000/1/17;04:00;-6.0;-7.0;93%;1018hPa;5.0km;SSW;7.2km/h/2.0m/s;-;N/A;;Overcast;
2000/1/17;05:00;-6.0;-7.0;93%;1016hPa;5.0km;SSW;10.8km/h/3.0m/s;-;N/A;;MostlyCloudy;
2000/1/17;05:30;-5.0;-7.0;86%;1016hPa;6.0km;SSW;14.4km/h/4.0m/s;-;N/A;;MostlyCloudy;
2000/1/17;06:00;-6.0;-7.0;93%;1015hPa;8.0km;South;10.8km/h/3.0m/s;-;N/A;;MostlyCloudy;
2000/1/17;06:30;-6.0;-7.0;93%;1014hPa;8.0km;SSW;10.8km/h/3.0m/s;-;N/A;;MostlyCloudy;
2000/1/17;07:00;-6.0;-7.0;93%;1013hPa;8.0km;SW;10.8km/h/3.0m/s;-;N/A;;Overcast;
2000/1/17;07:30;-6.0;-7.0;93%;1012hPa;8.0km;SW;14.4km/h/4.0m/s;-;N/A;;Overcast;
2000/1/17;08:00;-6.0;-7.0;93%;1012hPa;7.0km;SSW;14.4km/h/4.0m/s;-;N/A;;Overcast;
2000/1/17;08:30;-5.0;-7.0;86%;1011hPa;6.0km;SSW;14.4km/h/4.0m/s;-;N/A;;Overcast;
2000/1/17;09:30;-5.0;-6.0;93%;1010hPa;5.0km;SSW;14.4km/h/4.0m/s;-;N/A;;Overcast;
2000/1/17;10:00;-5.0;-6.0;93%;1009hPa;4.5km;South;14.4km/h/4.0m/s;-;N/A;;Overcast;
2000/1/17;10:30;-5.0;-6.0;93%;1009hPa;4.5km;South;10.8km/h/3.0m/s;-;N/A;;Overcast;
2000/1/17;11:00;-4.0;-6.0;86%;1008hPa;4.5km;South;10.8km/h/3.0m/s;-;N/A;;Overcast;
2000/1/17;11:30;-4.0;-6.0;86%;1007hPa;4.5km;South;10.8km/h/3.0m/s;-;N/A;;Overcast;
2000/1/17;12:00;-4.0;-5.0;93%;1006hPa;4.5km;South;14.4km/h/4.0m/s;-;N/A;;Overcast;
2000/1/17;12:30;-3.0;-5.0;86%;1005hPa;4.5km;SSW;10.8km/h/3.0m/s;-;N/A;;Overcast;
2000/1/17;13:00;-3.0;-5.0;86%;1004hPa;6.0km;SSW;10.8km/h/3.0m/s;-;N/A;;Overcast;
2000/1/17;13:30;-3.0;-5.0;86%;1004hPa;6.0km;Variable;3.6km/h/1.0m/s;-;N/A;Snow;LightSnowGrains;
2000/1/17;14:00;-3.0;-4.0;93%;1003hPa;2.0km;South;10.8km/h/3.0m/s;-;N/A;Snow;LightSnow;
2000/1/17;14:30;-3.0;-4.0;93%;1002hPa;1.6km;South;10.8km/h/3.0m/s;-;N/A;Snow;LightSnow;
2000/1/17;15:00;-2.0;-3.0;93%;1001hPa;1.0km;SSW;10.8km/h/3.0m/s;-;N/A;Snow;Snow;
2000/1/17;15:30;-2.0;-3.0;93%;1000hPa;1.3km;SSW;14.4km/h/4.0m/s;-;N/A;Snow;Snow;
2000/1/17;16:30;-2.0;-3.0;93%;998hPa;3.0km;South;14.4km/h/4.0m/s;-;N/A;;Overcast;
2000/1/17;17:00;-2.0;-3.0;93%;998hPa;4.0km;SSW;10.8km/h/3.0m/s;-;N/A;Snow;LightSnow;
2000/1/17;17:30;-2.0;-3.0;93%;998hPa;1.0km;SSE;7.2km/h/2.0m/s;-;N/A;Snow;Snow;
2000/1/17;18:00;-2.0;-3.0;93%;997hPa;2.2km;SSW;7.2km/h/2.0m/s;-;N/A;Snow;LightSnow;
2000/1/17;18:30;-1.0;-2.0;93%;996hPa;1.8km;SW;7.2km/h/2.0m/s;-;N/A;Snow;LightSnow;
2000/1/17;19:00;-2.0;-2.0;100%;996hPa;1.4km;Variable;3.6km/h/1.0m/s;-;N/A;Snow;Snow;
2000/1/17;19:30;-1.0;-1.0;100%;995hPa;3.0km;SW;10.8km/h/3.0m/s;-;N/A;Snow;LightSnow;
2000/1/17;20:00;-2.0;-2.0;100%;995hPa;0.5km;NE;10.8km/h/3.0m/s;-;N/A;Snow;HeavySnow;
2000/1/17;20:30;-2.0;-2.0;100%;996hPa;1.1km;ENE;10.8km/h/3.0m/s;-;N/A;Snow;Snow;
2000/1/17;21:00;-2.0;-2.0;100%;995hPa;2.5km;Variable;3.6km/h/1.0m/s;-;N/A;Snow;LightSnow;
2000/1/17;21:30;-1.0;-1.0;100%;995hPa;0.8km;Variable;7.2km/h/2.0m/s;-;N/A;Snow;HeavySnow;
2000/1/17;22:00;-1.0;-1.0;100%;994hPa;1.5km;West;7.2km/h/2.0m/s;-;N/A;Snow;LightSnow;
2000/1/17;22:30;-1.0;-1.0;100%;995hPa;3.0km;NW;3.6km/h/1.0m/s;-;N/A;Snow;LightSnow;
2000/1/17;23:00;0.0;0.0;100%;995hPa;3.0km;North;10.8km/h/3.0m/s;-;N/A;Snow;LightSnow;
2000/1/17;23:30;0.0;0.0;100%;995hPa;2.5km;North;25.2km/h/7.0m/s;-;N/A;Snow;LightSnow;
