2000/11/25;00:00;6.0;4.0;87%;1016hPa;5.0km;Calm;Calm;-;N/A;;Overcast;
2000/11/25;00:30;6.0;5.0;93%;1016hPa;5.0km;Calm;Calm;-;N/A;Rain;LightRain;
2000/11/25;01:00;6.0;4.0;87%;1015hPa;4.5km;SW;3.6km/h/1.0m/s;-;N/A;;Overcast;
2000/11/25;01:30;6.0;4.0;87%;1015hPa;4.0km;Calm;Calm;-;N/A;;MostlyCloudy;
2000/11/25;02:00;5.0;4.0;93%;1015hPa;3.5km;Variable;3.6km/h/1.0m/s;-;N/A;Rain;LightRain;
2000/11/25;02:30;6.0;5.0;93%;1015hPa;4.0km;Calm;Calm;-;N/A;;Overcast;
2000/11/25;03:00;6.0;5.0;93%;1015hPa;4.5km;Calm;Calm;-;N/A;;Overcast;
2000/11/25;03:30;6.0;4.0;87%;1015hPa;4.5km;North;3.6km/h/1.0m/s;-;N/A;;Overcast;
2000/11/25;04:00;6.0;5.0;93%;1015hPa;5.0km;North;7.2km/h/2.0m/s;-;N/A;;Overcast;
2000/11/25;04:30;6.0;5.0;93%;1015hPa;5.0km;North;3.6km/h/1.0m/s;-;N/A;;MostlyCloudy;
2000/11/25;05:00;6.0;4.0;87%;1015hPa;6.0km;NNW;3.6km/h/1.0m/s;-;N/A;;ScatteredClouds;
2000/11/25;05:30;5.0;4.0;93%;1015hPa;8.0km;NNW;3.6km/h/1.0m/s;-;N/A;;ScatteredClouds;
2000/11/25;06:00;6.0;4.0;87%;1015hPa;8.0km;NNW;7.2km/h/2.0m/s;-;N/A;;MostlyCloudy;
2000/11/25;06:30;5.0;4.0;93%;1015hPa;8.0km;NNW;3.6km/h/1.0m/s;-;N/A;Fog;ShallowFog;
2000/11/25;07:00;5.0;4.0;93%;1015hPa;6.0km;NNW;3.6km/h/1.0m/s;-;N/A;Fog;ShallowFog;
2000/11/25;07:30;6.0;5.0;93%;1015hPa;9.0km;Variable;7.2km/h/2.0m/s;-;N/A;Fog;ShallowFog;
2000/11/25;08:00;6.0;5.0;93%;1015hPa;8.0km;North;7.2km/h/2.0m/s;-;N/A;;MostlyCloudy;
2000/11/25;08:30;7.0;5.0;87%;1015hPa;8.0km;Variable;7.2km/h/2.0m/s;-;N/A;;MostlyCloudy;
2000/11/25;09:00;7.0;6.0;93%;1015hPa;8.0km;Variable;3.6km/h/1.0m/s;-;N/A;;MostlyCloudy;
2000/11/25;09:30;8.0;6.0;87%;1015hPa;10.0km;Variable;3.6km/h/1.0m/s;-;N/A;;MostlyCloudy;
2000/11/25;10:00;9.0;6.0;82%;1015hPa;10.0km;North;3.6km/h/1.0m/s;-;N/A;;MostlyCloudy;
2000/11/25;10:30;10.0;6.0;76%;1015hPa;10.0km;NE;7.2km/h/2.0m/s;-;N/A;;MostlyCloudy;
2000/11/25;11:00;10.0;5.0;71%;1015hPa;10.0km;Variable;3.6km/h/1.0m/s;-;N/A;;MostlyCloudy;
2000/11/25;11:30;11.0;5.0;67%;1015hPa;10.0km;Variable;3.6km/h/1.0m/s;-;N/A;;Overcast;
2000/11/25;12:00;11.0;5.0;67%;1015hPa;10.0km;Variable;3.6km/h/1.0m/s;-;N/A;;MostlyCloudy;
2000/11/25;12:30;11.0;5.0;67%;1014hPa;10.0km;NNE;3.6km/h/1.0m/s;-;N/A;;MostlyCloudy;
2000/11/25;13:00;12.0;5.0;62%;1014hPa;-;Variable;3.6km/h/1.0m/s;-;N/A;;Clear;
2000/11/25;13:30;12.0;5.0;62%;1014hPa;-;Variable;3.6km/h/1.0m/s;-;N/A;;Clear;
2000/11/25;14:00;12.0;5.0;62%;1014hPa;-;Variable;3.6km/h/1.0m/s;-;N/A;;Clear;
2000/11/25;14:30;12.0;5.0;62%;1014hPa;-;NE;3.6km/h/1.0m/s;-;N/A;;Clear;
2000/11/25;15:00;11.0;5.0;67%;1014hPa;-;ENE;7.2km/h/2.0m/s;-;N/A;;Clear;
2000/11/25;15:30;10.0;5.0;71%;1014hPa;-;ENE;7.2km/h/2.0m/s;-;N/A;;Clear;
2000/11/25;16:00;10.0;5.0;71%;1014hPa;-;North;7.2km/h/2.0m/s;-;N/A;;Clear;
2000/11/25;16:30;9.0;5.0;76%;1014hPa;-;North;10.8km/h/3.0m/s;-;N/A;;Clear;
2000/11/25;17:00;9.0;5.0;76%;1014hPa;-;North;7.2km/h/2.0m/s;-;N/A;;Clear;
2000/11/25;17:30;8.0;5.0;81%;1014hPa;-;NNW;10.8km/h/3.0m/s;-;N/A;;Clear;
2000/11/25;18:00;8.0;4.0;76%;1014hPa;-;NNW;7.2km/h/2.0m/s;-;N/A;;Clear;
2000/11/25;18:30;8.0;5.0;81%;1014hPa;-;North;7.2km/h/2.0m/s;-;N/A;;Clear;
2000/11/25;19:00;8.0;4.0;76%;1014hPa;-;North;10.8km/h/3.0m/s;-;N/A;;Clear;
2000/11/25;19:30;7.0;4.0;81%;1013hPa;-;North;10.8km/h/3.0m/s;-;N/A;;Clear;
2000/11/25;20:00;7.0;4.0;81%;1013hPa;-;North;14.4km/h/4.0m/s;-;N/A;;Clear;
2000/11/25;20:30;7.0;5.0;87%;1013hPa;10.0km;North;10.8km/h/3.0m/s;-;N/A;;MostlyCloudy;
2000/11/25;21:00;7.0;4.0;81%;1013hPa;-;North;10.8km/h/3.0m/s;-;N/A;;Clear;
2000/11/25;21:30;8.0;5.0;81%;1013hPa;-;North;10.8km/h/3.0m/s;-;N/A;;Clear;
2000/11/25;22:00;8.0;5.0;81%;1013hPa;-;North;10.8km/h/3.0m/s;-;N/A;;Clear;
2000/11/25;22:30;8.0;5.0;81%;1012hPa;-;Variable;7.2km/h/2.0m/s;-;N/A;;Clear;
2000/11/25;23:00;8.0;5.0;81%;1012hPa;-;North;10.8km/h/3.0m/s;-;N/A;;Clear;
2000/11/25;23:30;8.0;5.0;81%;1012hPa;-;North;10.8km/h/3.0m/s;-;N/A;;Clear;
