2000/11/7;00:00;8.0;4.0;76%;1006hPa;-;Variable;3.6km/h/1.0m/s;-;N/A;;Clear;
2000/11/7;00:30;7.0;4.0;81%;1005hPa;-;NNW;3.6km/h/1.0m/s;-;N/A;;Clear;
2000/11/7;01:00;7.0;4.0;81%;1005hPa;-;Calm;Calm;-;N/A;;Clear;
2000/11/7;01:30;8.0;4.0;76%;1005hPa;-;Variable;3.6km/h/1.0m/s;-;N/A;;Clear;
2000/11/7;02:00;9.0;4.0;71%;1004hPa;-;Variable;7.2km/h/2.0m/s;-;N/A;;Clear;
2000/11/7;02:30;9.0;5.0;76%;1004hPa;-;South;10.8km/h/3.0m/s;-;N/A;;Clear;
2000/11/7;03:00;9.0;4.0;71%;1004hPa;-;South;10.8km/h/3.0m/s;-;N/A;;Clear;
2000/11/7;03:30;9.0;4.0;71%;1003hPa;-;Variable;7.2km/h/2.0m/s;-;N/A;;Clear;
2000/11/7;04:00;8.0;4.0;76%;1003hPa;-;South;14.4km/h/4.0m/s;-;N/A;;Clear;
2000/11/7;04:30;8.0;4.0;76%;1003hPa;-;South;14.4km/h/4.0m/s;-;N/A;;Clear;
2000/11/7;05:00;8.0;4.0;76%;1003hPa;-;Variable;3.6km/h/1.0m/s;-;N/A;;Clear;
2000/11/7;05:30;9.0;4.0;71%;1003hPa;-;Calm;Calm;-;N/A;;Clear;
2000/11/7;06:00;9.0;4.0;71%;1002hPa;-;Variable;3.6km/h/1.0m/s;-;N/A;;Clear;
2000/11/7;06:30;9.0;5.0;76%;1002hPa;-;Variable;3.6km/h/1.0m/s;-;N/A;;Clear;
2000/11/7;07:00;9.0;5.0;76%;1002hPa;10.0km;Variable;7.2km/h/2.0m/s;-;N/A;Rain;LightRain;
2000/11/7;07:30;9.0;6.0;82%;1002hPa;10.0km;Variable;3.6km/h/1.0m/s;-;N/A;;Overcast;
2000/11/7;08:00;10.0;6.0;76%;1002hPa;10.0km;Variable;7.2km/h/2.0m/s;-;N/A;Rain;LightRain;
2000/11/7;08:30;10.0;6.0;76%;1002hPa;10.0km;ESE;10.8km/h/3.0m/s;-;N/A;Rain;LightRain;
2000/11/7;09:00;10.0;6.0;76%;1001hPa;10.0km;Variable;7.2km/h/2.0m/s;-;N/A;Rain;LightRain;
2000/11/7;09:30;9.0;7.0;87%;1001hPa;10.0km;Variable;3.6km/h/1.0m/s;-;N/A;Rain;LightRain;
2000/11/7;10:00;9.0;7.0;87%;1001hPa;10.0km;NNE;10.8km/h/3.0m/s;-;N/A;Rain;LightRain;
2000/11/7;10:30;9.0;7.0;87%;1001hPa;10.0km;North;14.4km/h/4.0m/s;-;N/A;Rain;LightRain;
2000/11/7;11:00;9.0;7.0;87%;1000hPa;10.0km;Variable;7.2km/h/2.0m/s;-;N/A;Rain;LightRain;
2000/11/7;11:30;10.0;7.0;82%;1000hPa;10.0km;Variable;3.6km/h/1.0m/s;-;N/A;Rain;LightRain;
2000/11/7;12:00;10.0;8.0;87%;1000hPa;10.0km;Variable;3.6km/h/1.0m/s;-;N/A;Rain;LightRain;
2000/11/7;12:30;9.0;8.0;93%;999hPa;10.0km;Variable;7.2km/h/2.0m/s;-;N/A;Rain;LightRain;
2000/11/7;13:00;10.0;8.0;87%;999hPa;10.0km;Variable;3.6km/h/1.0m/s;-;N/A;Rain;LightRain;
2000/11/7;14:00;10.0;9.0;94%;999hPa;10.0km;SSE;10.8km/h/3.0m/s;-;N/A;Rain;LightRain;
2000/11/7;14:30;10.0;9.0;94%;999hPa;7.0km;Variable;3.6km/h/1.0m/s;-;N/A;Rain;LightRain;
2000/11/7;15:00;10.0;9.0;94%;998hPa;6.0km;Variable;7.2km/h/2.0m/s;-;N/A;Rain;LightRain;
2000/11/7;15:30;10.0;9.0;94%;998hPa;5.0km;North;7.2km/h/2.0m/s;-;N/A;Rain;Rain;
2000/11/7;16:00;10.0;9.0;94%;998hPa;5.0km;Variable;7.2km/h/2.0m/s;-;N/A;Rain;Rain;
2000/11/7;16:30;10.0;9.0;94%;998hPa;5.0km;South;10.8km/h/3.0m/s;-;N/A;Rain;Rain;
2000/11/7;17:00;10.0;9.0;94%;999hPa;9.0km;SSE;10.8km/h/3.0m/s;-;N/A;Rain;Rain;
2000/11/7;17:30;10.0;10.0;100%;999hPa;9.0km;Variable;7.2km/h/2.0m/s;-;N/A;Rain;Rain;
2000/11/7;18:00;10.0;9.0;94%;998hPa;9.0km;SSE;10.8km/h/3.0m/s;-;N/A;Rain;LightRain;
2000/11/7;18:30;10.0;10.0;100%;998hPa;10.0km;SSE;14.4km/h/4.0m/s;-;N/A;Rain;LightRain;
2000/11/7;19:00;10.0;9.0;94%;998hPa;10.0km;South;14.4km/h/4.0m/s;-;N/A;Rain;LightRain;
2000/11/7;19:30;10.0;9.0;94%;999hPa;10.0km;SSW;10.8km/h/3.0m/s;-;N/A;;Overcast;
2000/11/7;20:00;10.0;9.0;94%;999hPa;10.0km;South;14.4km/h/4.0m/s;-;N/A;;MostlyCloudy;
2000/11/7;20:30;11.0;10.0;94%;1000hPa;10.0km;South;25.2km/h/7.0m/s;-;N/A;Rain;LightRain;
2000/11/7;21:00;11.0;10.0;94%;1000hPa;8.0km;South;25.2km/h/7.0m/s;-;N/A;Rain;LightRain;
2000/11/7;21:30;11.0;10.0;94%;1001hPa;10.0km;South;25.2km/h/7.0m/s;-;N/A;;MostlyCloudy;
2000/11/7;22:00;10.0;10.0;100%;1001hPa;10.0km;South;28.8km/h/8.0m/s;-;N/A;;MostlyCloudy;
2000/11/7;22:30;10.0;9.0;94%;1001hPa;10.0km;South;28.8km/h/8.0m/s;-;N/A;;ScatteredClouds;
2000/11/7;23:00;10.0;9.0;94%;1002hPa;10.0km;South;25.2km/h/7.0m/s;-;N/A;;MostlyCloudy;
2000/11/7;23:30;10.0;9.0;94%;1002hPa;10.0km;South;28.8km/h/8.0m/s;-;N/A;;ScatteredClouds;
