2000/11/24;00:00;2.0;1.0;93%;1017hPa;8.0km;Variable;3.6km/h/1.0m/s;-;N/A;;PartlyCloudy;
2000/11/24;00:30;1.0;0.0;93%;1017hPa;6.0km;Calm;Calm;-;N/A;;PartlyCloudy;
2000/11/24;01:00;1.0;1.0;100%;1016hPa;5.0km;Calm;Calm;-;N/A;;Clear;
2000/11/24;01:30;2.0;1.0;93%;1016hPa;4.0km;Calm;Calm;-;N/A;;Clear;
2000/11/24;02:00;2.0;2.0;100%;1016hPa;4.5km;Calm;Calm;-;N/A;;Clear;
2000/11/24;02:30;2.0;2.0;100%;1016hPa;4.5km;NW;3.6km/h/1.0m/s;-;N/A;;Clear;
2000/11/24;03:00;2.0;2.0;100%;1016hPa;4.5km;North;3.6km/h/1.0m/s;-;N/A;;Clear;
2000/11/24;03:30;2.0;2.0;100%;1016hPa;6.0km;Variable;7.2km/h/2.0m/s;-;N/A;;Clear;
2000/11/24;04:00;4.0;3.0;93%;1016hPa;6.0km;Variable;7.2km/h/2.0m/s;-;N/A;;Clear;
2000/11/24;04:30;2.0;0.0;87%;1016hPa;6.0km;Variable;3.6km/h/1.0m/s;-;N/A;;Clear;
2000/11/24;05:00;4.0;3.0;93%;1016hPa;6.0km;Variable;7.2km/h/2.0m/s;-;N/A;;Clear;
2000/11/24;05:30;5.0;3.0;87%;1016hPa;6.0km;SW;14.4km/h/4.0m/s;-;N/A;;Clear;
2000/11/24;06:00;5.0;3.0;87%;1016hPa;7.0km;WSW;7.2km/h/2.0m/s;-;N/A;;MostlyCloudy;
2000/11/24;06:30;4.0;2.0;87%;1016hPa;9.0km;SSW;10.8km/h/3.0m/s;-;N/A;;MostlyCloudy;
2000/11/24;07:00;4.0;2.0;87%;1016hPa;-;SW;10.8km/h/3.0m/s;-;N/A;;Clear;
2000/11/24;07:30;4.0;3.0;93%;1017hPa;10.0km;Variable;3.6km/h/1.0m/s;-;N/A;;MostlyCloudy;
2000/11/24;08:00;5.0;3.0;87%;1017hPa;10.0km;Variable;7.2km/h/2.0m/s;-;N/A;;MostlyCloudy;
2000/11/24;08:30;5.0;3.0;87%;1017hPa;10.0km;Variable;3.6km/h/1.0m/s;-;N/A;;Overcast;
2000/11/24;09:00;6.0;4.0;87%;1017hPa;10.0km;Variable;3.6km/h/1.0m/s;-;N/A;;Overcast;
2000/11/24;09:30;5.0;4.0;93%;1017hPa;8.0km;Variable;3.6km/h/1.0m/s;-;N/A;;Overcast;
2000/11/24;10:00;6.0;4.0;87%;1017hPa;8.0km;Calm;Calm;-;N/A;;Overcast;
2000/11/24;10:30;6.0;4.0;87%;1016hPa;9.0km;Variable;3.6km/h/1.0m/s;-;N/A;;Overcast;
2000/11/24;11:00;7.0;4.0;81%;1016hPa;10.0km;Variable;3.6km/h/1.0m/s;-;N/A;;Overcast;
2000/11/24;11:30;7.0;4.0;81%;1016hPa;10.0km;Variable;3.6km/h/1.0m/s;-;N/A;;Overcast;
2000/11/24;12:00;8.0;5.0;81%;1016hPa;10.0km;Variable;7.2km/h/2.0m/s;-;N/A;;Overcast;
2000/11/24;12:30;8.0;4.0;76%;1016hPa;10.0km;SSW;14.4km/h/4.0m/s;-;N/A;;MostlyCloudy;
2000/11/24;13:00;8.0;5.0;81%;1015hPa;10.0km;SSW;10.8km/h/3.0m/s;-;N/A;;MostlyCloudy;
2000/11/24;13:30;8.0;4.0;76%;1015hPa;-;Variable;7.2km/h/2.0m/s;-;N/A;;Clear;
2000/11/24;14:00;7.0;4.0;81%;1015hPa;-;WSW;10.8km/h/3.0m/s;-;N/A;;Clear;
2000/11/24;14:30;7.0;4.0;81%;1015hPa;-;Variable;7.2km/h/2.0m/s;-;N/A;;Clear;
2000/11/24;15:00;7.0;4.0;81%;1015hPa;10.0km;WSW;3.6km/h/1.0m/s;-;N/A;;Overcast;
2000/11/24;15:30;6.0;4.0;87%;1015hPa;8.0km;SW;7.2km/h/2.0m/s;-;N/A;;MostlyCloudy;
2000/11/24;16:00;6.0;4.0;87%;1015hPa;7.0km;Variable;3.6km/h/1.0m/s;-;N/A;;Overcast;
2000/11/24;16:30;6.0;4.0;87%;1015hPa;8.0km;East;3.6km/h/1.0m/s;-;N/A;;Overcast;
2000/11/24;17:00;6.0;4.0;87%;1016hPa;8.0km;Calm;Calm;-;N/A;;Overcast;
2000/11/24;17:30;6.0;4.0;87%;1016hPa;8.0km;NW;3.6km/h/1.0m/s;-;N/A;;Overcast;
2000/11/24;18:00;6.0;4.0;87%;1016hPa;8.0km;Calm;Calm;-;N/A;;Overcast;
2000/11/24;18:30;6.0;4.0;87%;1015hPa;8.0km;ESE;3.6km/h/1.0m/s;-;N/A;;MostlyCloudy;
2000/11/24;19:00;5.0;4.0;93%;1016hPa;7.0km;Calm;Calm;-;N/A;;MostlyCloudy;
2000/11/24;19:30;5.0;4.0;93%;1016hPa;8.0km;Calm;Calm;-;N/A;;MostlyCloudy;
2000/11/24;20:00;5.0;4.0;93%;1016hPa;8.0km;East;3.6km/h/1.0m/s;-;N/A;;ScatteredClouds;
2000/11/24;20:30;5.0;4.0;93%;1016hPa;8.0km;Calm;Calm;-;N/A;;Overcast;
2000/11/24;21:00;6.0;5.0;93%;1016hPa;9.0km;WNW;3.6km/h/1.0m/s;-;N/A;;MostlyCloudy;
2000/11/24;21:30;5.0;4.0;93%;1016hPa;9.0km;Calm;Calm;-;N/A;;Overcast;
2000/11/24;22:00;5.0;4.0;93%;1016hPa;8.0km;SSE;3.6km/h/1.0m/s;-;N/A;;Overcast;
2000/11/24;22:30;5.0;4.0;93%;1016hPa;8.0km;SSE;3.6km/h/1.0m/s;-;N/A;;Overcast;
2000/11/24;23:00;6.0;4.0;87%;1016hPa;7.0km;West;3.6km/h/1.0m/s;-;N/A;;Overcast;
2000/11/24;23:30;6.0;5.0;93%;1016hPa;7.0km;Calm;Calm;-;N/A;;Overcast;
