2000/6/26;00:00;13.0;9.0;77%;1013hPa;10.0km;North;18.0km/h/5.0m/s;-;N/A;;Overcast;
2000/6/26;00:30;13.0;9.0;77%;1013hPa;10.0km;North;14.4km/h/4.0m/s;-;N/A;;Overcast;
2000/6/26;01:00;13.0;8.0;72%;1013hPa;-;NNE;18.0km/h/5.0m/s;-;N/A;;Clear;
2000/6/26;01:30;13.0;8.0;72%;1014hPa;-;North;10.8km/h/3.0m/s;-;N/A;;Clear;
2000/6/26;02:00;13.0;9.0;77%;1014hPa;10.0km;North;10.8km/h/3.0m/s;-;N/A;Rain;LightRain;
2000/6/26;02:30;12.0;9.0;82%;1014hPa;10.0km;Variable;7.2km/h/2.0m/s;-;N/A;Rain;LightRain;
2000/6/26;03:00;12.0;9.0;82%;1014hPa;10.0km;Calm;Calm;-;N/A;Rain;LightRain;
2000/6/26;03:30;12.0;10.0;88%;1014hPa;-;East;3.6km/h/1.0m/s;-;N/A;;Clear;
2000/6/26;04:00;12.0;9.0;82%;1014hPa;-;Variable;3.6km/h/1.0m/s;-;N/A;;Clear;
2000/6/26;04:30;11.0;9.0;88%;1015hPa;-;Calm;Calm;-;N/A;;Clear;
2000/6/26;05:00;11.0;8.0;82%;1015hPa;-;Variable;3.6km/h/1.0m/s;-;N/A;;Clear;
2000/6/26;05:30;11.0;8.0;82%;1015hPa;-;Calm;Calm;-;N/A;;Clear;
2000/6/26;06:00;13.0;9.0;77%;1015hPa;10.0km;Calm;Calm;-;N/A;;ScatteredClouds;
2000/6/26;06:30;14.0;9.0;72%;1015hPa;10.0km;Calm;Calm;-;N/A;;PartlyCloudy;
2000/6/26;07:00;15.0;9.0;67%;1015hPa;10.0km;Variable;3.6km/h/1.0m/s;-;N/A;;PartlyCloudy;
2000/6/26;07:30;15.0;9.0;67%;1015hPa;10.0km;Variable;3.6km/h/1.0m/s;-;N/A;;PartlyCloudy;
2000/6/26;08:00;16.0;9.0;63%;1015hPa;10.0km;Variable;3.6km/h/1.0m/s;-;N/A;;ScatteredClouds;
2000/6/26;08:30;17.0;9.0;59%;1015hPa;10.0km;Variable;3.6km/h/1.0m/s;-;N/A;;ScatteredClouds;
2000/6/26;09:00;16.0;8.0;59%;1016hPa;10.0km;North;14.4km/h/4.0m/s;-;N/A;;ScatteredClouds;
2000/6/26;09:30;17.0;8.0;55%;1016hPa;10.0km;North;14.4km/h/4.0m/s;-;N/A;;ScatteredClouds;
2000/6/26;10:00;17.0;8.0;55%;1016hPa;10.0km;North;10.8km/h/3.0m/s;-;N/A;;ScatteredClouds;
2000/6/26;10:30;18.0;9.0;56%;1016hPa;10.0km;NNE;10.8km/h/3.0m/s;-;N/A;;ScatteredClouds;
2000/6/26;11:00;18.0;9.0;56%;1015hPa;10.0km;NNE;10.8km/h/3.0m/s;-;N/A;;ScatteredClouds;
2000/6/26;11:30;18.0;9.0;56%;1016hPa;10.0km;NNE;10.8km/h/3.0m/s;-;N/A;;ScatteredClouds;
2000/6/26;12:00;18.0;9.0;56%;1016hPa;10.0km;Variable;7.2km/h/2.0m/s;-;N/A;;ScatteredClouds;
2000/6/26;12:30;18.0;7.0;49%;1016hPa;10.0km;NNE;10.8km/h/3.0m/s;-;N/A;Rain;LightRainShowers;
2000/6/26;13:00;19.0;8.0;49%;1016hPa;10.0km;Variable;3.6km/h/1.0m/s;-;N/A;;MostlyCloudy;
2000/6/26;13:30;19.0;7.0;46%;1016hPa;10.0km;Variable;10.8km/h/3.0m/s;-;N/A;;MostlyCloudy;
2000/6/26;14:00;20.0;8.0;46%;1015hPa;10.0km;Variable;3.6km/h/1.0m/s;-;N/A;;MostlyCloudy;
2000/6/26;14:30;21.0;8.0;43%;1015hPa;10.0km;Variable;3.6km/h/1.0m/s;-;N/A;;ScatteredClouds;
2000/6/26;15:00;19.0;8.0;49%;1015hPa;10.0km;Variable;7.2km/h/2.0m/s;-;N/A;;MostlyCloudy;
2000/6/26;15:30;17.0;10.0;63%;1016hPa;10.0km;WNW;18.0km/h/5.0m/s;-;N/A;Rain;RainShowers;
2000/6/26;16:00;13.0;10.0;82%;1017hPa;10.0km;NNW;21.6km/h/6.0m/s;-;N/A;Rain;LightRainShowers;
2000/6/26;16:30;14.0;11.0;82%;1016hPa;10.0km;NNE;18.0km/h/5.0m/s;-;N/A;;MostlyCloudy;
2000/6/26;17:00;16.0;11.0;72%;1016hPa;10.0km;NE;14.4km/h/4.0m/s;-;N/A;;ScatteredClouds;
2000/6/26;17:30;17.0;10.0;63%;1016hPa;10.0km;NNE;14.4km/h/4.0m/s;-;N/A;;ScatteredClouds;
2000/6/26;18:00;17.0;9.0;59%;1016hPa;10.0km;NE;14.4km/h/4.0m/s;-;N/A;;ScatteredClouds;
2000/6/26;18:30;15.0;9.0;67%;1016hPa;10.0km;NNE;10.8km/h/3.0m/s;-;N/A;;ScatteredClouds;
2000/6/26;19:00;16.0;10.0;68%;1016hPa;10.0km;Variable;7.2km/h/2.0m/s;-;N/A;;ScatteredClouds;
2000/6/26;19:30;15.0;10.0;72%;1016hPa;10.0km;North;10.8km/h/3.0m/s;-;N/A;;ScatteredClouds;
2000/6/26;20:00;15.0;11.0;77%;1016hPa;10.0km;NNE;18.0km/h/5.0m/s;-;N/A;;MostlyCloudy;
2000/6/26;20:30;15.0;11.0;77%;1017hPa;10.0km;North;10.8km/h/3.0m/s;-;N/A;;MostlyCloudy;
2000/6/26;21:00;14.0;10.0;77%;1017hPa;10.0km;WSW;25.2km/h/7.0m/s;-;N/A;Rain;LightRainShowers;
2000/6/26;21:30;13.0;10.0;82%;1018hPa;10.0km;West;18.0km/h/5.0m/s;-;N/A;Rain;LightRainShowers;
2000/6/26;22:00;12.0;10.0;88%;1017hPa;10.0km;Variable;3.6km/h/1.0m/s;-;N/A;Rain;LightRainShowers;
2000/6/26;22:30;13.0;10.0;82%;1018hPa;10.0km;Variable;3.6km/h/1.0m/s;-;N/A;Rain;LightRainShowers;
2000/6/26;23:00;12.0;11.0;94%;1018hPa;10.0km;Variable;7.2km/h/2.0m/s;-;N/A;Rain;LightRain;
2000/6/26;23:30;13.0;11.0;88%;1018hPa;10.0km;NE;7.2km/h/2.0m/s;-;N/A;Rain;LightRain;
