2000/5/23;00:00;9.0;5.0;76%;1012hPa;10.0km;North;14.4km/h/4.0m/s;-;N/A;;Overcast;
2000/5/23;00:30;10.0;5.0;71%;1012hPa;10.0km;Variable;3.6km/h/1.0m/s;-;N/A;;Overcast;
2000/5/23;01:00;10.0;6.0;76%;1013hPa;10.0km;Variable;3.6km/h/1.0m/s;-;N/A;;Overcast;
2000/5/23;01:30;9.0;7.0;87%;1013hPa;10.0km;Variable;7.2km/h/2.0m/s;-;N/A;;Overcast;
2000/5/23;02:00;9.0;7.0;87%;1013hPa;10.0km;Variable;3.6km/h/1.0m/s;-;N/A;;Overcast;
2000/5/23;02:30;8.0;7.0;93%;1013hPa;10.0km;Variable;7.2km/h/2.0m/s;-;N/A;;Overcast;
2000/5/23;03:00;8.0;7.0;93%;1013hPa;10.0km;Variable;7.2km/h/2.0m/s;-;N/A;Rain;LightRain;
2000/5/23;03:30;8.0;7.0;93%;1013hPa;10.0km;Variable;3.6km/h/1.0m/s;-;N/A;;MostlyCloudy;
2000/5/23;04:00;8.0;7.0;93%;1013hPa;10.0km;Variable;3.6km/h/1.0m/s;-;N/A;;MostlyCloudy;
2000/5/23;04:30;9.0;7.0;87%;1013hPa;10.0km;Variable;7.2km/h/2.0m/s;-;N/A;;Overcast;
2000/5/23;05:00;9.0;7.0;87%;1013hPa;10.0km;SW;10.8km/h/3.0m/s;-;N/A;;MostlyCloudy;
2000/5/23;05:30;8.0;7.0;93%;1013hPa;9.0km;Variable;7.2km/h/2.0m/s;-;N/A;Rain;LightRain;
2000/5/23;06:00;8.0;7.0;93%;1013hPa;7.0km;Variable;3.6km/h/1.0m/s;-;N/A;Rain;LightRain;
2000/5/23;06:30;8.0;7.0;93%;1014hPa;7.0km;Variable;7.2km/h/2.0m/s;-;N/A;Rain;LightRain;
2000/5/23;07:00;8.0;7.0;93%;1014hPa;4.0km;South;7.2km/h/2.0m/s;-;N/A;Rain;LightRain;
2000/5/23;07:30;8.0;7.0;93%;1014hPa;4.0km;Variable;7.2km/h/2.0m/s;-;N/A;Rain;LightRain;
2000/5/23;08:00;8.0;7.0;93%;1015hPa;3.5km;Variable;3.6km/h/1.0m/s;-;N/A;Rain;LightRain;
2000/5/23;08:30;9.0;8.0;93%;1015hPa;4.0km;Variable;7.2km/h/2.0m/s;-;N/A;Rain;LightRain;
2000/5/23;09:00;9.0;7.0;87%;1015hPa;6.0km;Variable;3.6km/h/1.0m/s;-;N/A;Rain;LightRain;
2000/5/23;09:30;9.0;7.0;87%;1015hPa;6.0km;Variable;7.2km/h/2.0m/s;-;N/A;Rain;LightRain;
2000/5/23;10:00;9.0;8.0;93%;1015hPa;6.0km;Variable;7.2km/h/2.0m/s;-;N/A;Rain;LightRain;
2000/5/23;10:30;9.0;8.0;93%;1015hPa;5.0km;Variable;7.2km/h/2.0m/s;-;N/A;Rain;LightRain;
2000/5/23;11:00;10.0;8.0;87%;1016hPa;4.0km;Variable;3.6km/h/1.0m/s;-;N/A;Rain;LightRain;
2000/5/23;11:30;10.0;8.0;87%;1016hPa;6.0km;Variable;3.6km/h/1.0m/s;-;N/A;Rain;LightRain;
2000/5/23;13:00;11.0;9.0;88%;1016hPa;8.0km;Variable;3.6km/h/1.0m/s;-;N/A;Rain;LightRain;
2000/5/23;17:00;15.0;9.0;67%;1017hPa;10.0km;NNE;14.4km/h/4.0m/s;-;N/A;;ScatteredClouds;
2000/5/23;17:30;15.0;10.0;72%;1018hPa;10.0km;NNE;10.8km/h/3.0m/s;-;N/A;;ScatteredClouds;
2000/5/23;18:00;15.0;11.0;77%;1018hPa;8.0km;NNE;10.8km/h/3.0m/s;-;N/A;Rain;RainShowers;
2000/5/23;18:30;14.0;10.0;77%;1018hPa;10.0km;North;10.8km/h/3.0m/s;-;N/A;;ScatteredClouds;
2000/5/23;19:00;15.0;10.0;72%;1018hPa;10.0km;Variable;7.2km/h/2.0m/s;-;N/A;;ScatteredClouds;
2000/5/23;19:30;14.0;10.0;77%;1018hPa;10.0km;North;10.8km/h/3.0m/s;-;N/A;;MostlyCloudy;
2000/5/23;20:00;14.0;10.0;77%;1018hPa;-;NNW;7.2km/h/2.0m/s;-;N/A;;Clear;
2000/5/23;20:30;13.0;9.0;77%;1018hPa;-;NW;7.2km/h/2.0m/s;-;N/A;;Clear;
2000/5/23;21:00;12.0;9.0;82%;1019hPa;-;NNW;7.2km/h/2.0m/s;-;N/A;;Clear;
2000/5/23;21:30;11.0;8.0;82%;1019hPa;-;Variable;3.6km/h/1.0m/s;-;N/A;;Clear;
2000/5/23;22:00;10.0;8.0;87%;1019hPa;-;Calm;Calm;-;N/A;;Clear;
2000/5/23;22:30;11.0;8.0;82%;1019hPa;-;Calm;Calm;-;N/A;;Clear;
2000/5/23;23:00;11.0;8.0;82%;1019hPa;-;South;3.6km/h/1.0m/s;-;N/A;;Clear;
2000/5/23;23:30;10.0;8.0;87%;1020hPa;-;Variable;3.6km/h/1.0m/s;-;N/A;;Clear;
