2000/1/24;00:30;-7.0;-11.0;74%;1011hPa;10.0km;North;54.0km/h/15.0m/s;-;N/A;Snow;LowDriftingSnow;
2000/1/24;01:00;-7.0;-12.0;68%;1011hPa;10.0km;North;46.8km/h/13.0m/s;-;N/A;Snow;LowDriftingSnow;
2000/1/24;01:30;-7.0;-12.0;68%;1011hPa;10.0km;North;50.4km/h/14.0m/s;-;N/A;Snow;LowDriftingSnow;
2000/1/24;02:00;-7.0;-12.0;68%;1011hPa;10.0km;North;46.8km/h/13.0m/s;64.8km/h/18.0m/s;N/A;Snow;LowDriftingSnow;
2000/1/24;02:30;-7.0;-12.0;68%;1011hPa;10.0km;North;50.4km/h/14.0m/s;-;N/A;Snow;LowDriftingSnow;
2000/1/24;03:00;-8.0;-13.0;68%;1011hPa;10.0km;North;50.4km/h/14.0m/s;-;N/A;Snow;LowDriftingSnow;
2000/1/24;03:30;-8.0;-13.0;68%;1011hPa;10.0km;North;50.4km/h/14.0m/s;68.4km/h/19.0m/s;N/A;Snow;LowDriftingSnow;
2000/1/24;04:00;-8.0;-13.0;68%;1011hPa;10.0km;North;50.4km/h/14.0m/s;-;N/A;Snow;LowDriftingSnow;
2000/1/24;04:30;-8.0;-13.0;68%;1011hPa;10.0km;North;50.4km/h/14.0m/s;68.4km/h/19.0m/s;N/A;Snow;LowDriftingSnow;
2000/1/24;05:00;-9.0;-13.0;73%;1012hPa;10.0km;North;46.8km/h/13.0m/s;-;N/A;Snow;LowDriftingSnow;
2000/1/24;05:30;-9.0;-14.0;68%;1012hPa;10.0km;North;46.8km/h/13.0m/s;-;N/A;Snow;LowDriftingSnow;
2000/1/24;06:00;-9.0;-15.0;62%;1012hPa;10.0km;North;43.2km/h/12.0m/s;-;N/A;Snow;LowDriftingSnow;
2000/1/24;06:30;-9.0;-15.0;62%;1012hPa;10.0km;North;46.8km/h/13.0m/s;-;N/A;Snow;LowDriftingSnow;
2000/1/24;07:00;-9.0;-15.0;62%;1012hPa;10.0km;North;46.8km/h/13.0m/s;-;N/A;Snow;LowDriftingSnow;
2000/1/24;07:30;-9.0;-16.0;58%;1013hPa;10.0km;North;46.8km/h/13.0m/s;-;N/A;Snow;LowDriftingSnow;
2000/1/24;08:00;-9.0;-16.0;58%;1013hPa;10.0km;North;46.8km/h/13.0m/s;-;N/A;Snow;LowDriftingSnow;
2000/1/24;08:30;-10.0;-16.0;62%;1013hPa;10.0km;North;46.8km/h/13.0m/s;-;N/A;Snow;LowDriftingSnow;
2000/1/24;09:00;-10.0;-16.0;62%;1014hPa;10.0km;North;46.8km/h/13.0m/s;-;N/A;Snow;LowDriftingSnow;
2000/1/24;09:30;-9.0;-16.0;58%;1014hPa;10.0km;North;50.4km/h/14.0m/s;-;N/A;Snow;BlowingSnow;
2000/1/24;10:00;-9.0;-16.0;58%;1014hPa;10.0km;North;50.4km/h/14.0m/s;-;N/A;Snow;BlowingSnow;
2000/1/24;11:00;-9.0;-15.0;62%;1014hPa;10.0km;North;50.4km/h/14.0m/s;-;N/A;Snow;LowDriftingSnow;
2000/1/24;11:30;-9.0;-15.0;62%;1014hPa;10.0km;North;50.4km/h/14.0m/s;-;N/A;Snow;LowDriftingSnow;
2000/1/24;12:00;-9.0;-14.0;68%;1014hPa;10.0km;North;50.4km/h/14.0m/s;-;N/A;Snow;LowDriftingSnow;
2000/1/24;12:30;-8.0;-14.0;63%;1014hPa;10.0km;North;46.8km/h/13.0m/s;-;N/A;Snow;LowDriftingSnow;
2000/1/24;13:00;-8.0;-15.0;58%;1015hPa;10.0km;North;46.8km/h/13.0m/s;-;N/A;Snow;LowDriftingSnow;
2000/1/24;13:30;-9.0;-15.0;62%;1015hPa;10.0km;North;43.2km/h/12.0m/s;61.2km/h/17.0m/s;N/A;Snow;LowDriftingSnow;
2000/1/24;14:00;-8.0;-15.0;58%;1015hPa;10.0km;North;46.8km/h/13.0m/s;-;N/A;Snow;LowDriftingSnow;
2000/1/24;14:30;-8.0;-15.0;58%;1015hPa;10.0km;North;43.2km/h/12.0m/s;-;N/A;Snow;LowDriftingSnow;
2000/1/24;15:00;-9.0;-15.0;62%;1016hPa;10.0km;North;43.2km/h/12.0m/s;-;N/A;Snow;LowDriftingSnow;
2000/1/24;15:30;-9.0;-15.0;62%;1016hPa;10.0km;North;43.2km/h/12.0m/s;-;N/A;Snow;LowDriftingSnow;
2000/1/24;16:00;-9.0;-15.0;62%;1016hPa;10.0km;North;39.6km/h/11.0m/s;-;N/A;Snow;LowDriftingSnow;
2000/1/24;16:30;-10.0;-15.0;67%;1017hPa;10.0km;NNE;36.0km/h/10.0m/s;-;N/A;Snow;LowDriftingSnow;
2000/1/24;17:00;-10.0;-15.0;67%;1017hPa;10.0km;NNE;32.4km/h/9.0m/s;-;N/A;Snow;LowDriftingSnow;
2000/1/24;17:30;-10.0;-15.0;67%;1017hPa;10.0km;North;36.0km/h/10.0m/s;-;N/A;Snow;LowDriftingSnow;
2000/1/24;18:00;-11.0;-15.0;73%;1017hPa;-;North;39.6km/h/11.0m/s;-;N/A;;Clear;
2000/1/24;18:12;-11.0;-15.0;73%;1017hPa;10.0km;North;39.6km/h/11.0m/s;-;N/A;Snow;LowDriftingSnow;
2000/1/24;18:30;-11.0;-16.0;67%;1018hPa;10.0km;North;39.6km/h/11.0m/s;-;N/A;Snow;LowDriftingSnow;
2000/1/24;19:00;-11.0;-16.0;67%;1018hPa;10.0km;North;39.6km/h/11.0m/s;-;N/A;Snow;LowDriftingSnow;
2000/1/24;19:30;-11.0;-16.0;67%;1018hPa;10.0km;North;32.4km/h/9.0m/s;-;N/A;Snow;LowDriftingSnow;
2000/1/24;20:00;-11.0;-16.0;67%;1019hPa;-;NNE;28.8km/h/8.0m/s;-;N/A;;Clear;
2000/1/24;20:30;-12.0;-16.0;73%;1019hPa;-;NNE;25.2km/h/7.0m/s;-;N/A;;Clear;
2000/1/24;21:00;-12.0;-17.0;67%;1019hPa;-;North;25.2km/h/7.0m/s;-;N/A;;Clear;
2000/1/24;21:30;-12.0;-16.0;73%;1019hPa;-;North;25.2km/h/7.0m/s;-;N/A;;Clear;
2000/1/24;22:00;-13.0;-17.0;73%;1019hPa;-;North;18.0km/h/5.0m/s;-;N/A;;Clear;
2000/1/24;22:30;-13.0;-17.0;73%;1019hPa;-;NNE;18.0km/h/5.0m/s;-;N/A;;Clear;
2000/1/24;23:00;-13.0;-17.0;73%;1020hPa;-;NNE;7.2km/h/2.0m/s;-;N/A;;Clear;
2000/1/24;23:30;-14.0;-17.0;79%;1020hPa;-;North;18.0km/h/5.0m/s;-;N/A;;Clear;
