2000/2/11;00:00;2.0;0.0;87%;1024hPa;10.0km;SW;10.8km/h/3.0m/s;-;N/A;;MostlyCloudy;
2000/2/11;00:30;2.0;0.0;87%;1024hPa;10.0km;SW;10.8km/h/3.0m/s;-;N/A;;MostlyCloudy;
2000/2/11;01:00;1.0;-1.0;87%;1024hPa;-;SW;10.8km/h/3.0m/s;-;N/A;;Clear;
2000/2/11;01:30;0.0;-1.0;93%;1024hPa;-;SSW;7.2km/h/2.0m/s;-;N/A;;Clear;
2000/2/11;02:00;-1.0;-2.0;93%;1024hPa;-;SSW;7.2km/h/2.0m/s;-;N/A;;Clear;
2000/2/11;02:30;0.0;-1.0;93%;1023hPa;-;Variable;7.2km/h/2.0m/s;-;N/A;;Clear;
2000/2/11;03:00;0.0;-1.0;93%;1023hPa;-;SW;7.2km/h/2.0m/s;-;N/A;;Clear;
2000/2/11;03:30;0.0;-1.0;93%;1023hPa;-;SW;7.2km/h/2.0m/s;-;N/A;;Clear;
2000/2/11;04:30;0.0;-1.0;93%;1023hPa;-;SW;7.2km/h/2.0m/s;-;N/A;;Clear;
2000/2/11;05:00;0.0;-1.0;93%;1023hPa;10.0km;SW;10.8km/h/3.0m/s;-;N/A;;PartlyCloudy;
2000/2/11;05:30;0.0;-1.0;93%;1023hPa;10.0km;SSW;10.8km/h/3.0m/s;-;N/A;;PartlyCloudy;
2000/2/11;06:00;0.0;-1.0;93%;1023hPa;7.0km;SSW;10.8km/h/3.0m/s;-;N/A;;MostlyCloudy;
2000/2/11;06:30;0.0;-1.0;93%;1024hPa;2.7km;WSW;7.2km/h/2.0m/s;-;N/A;;MostlyCloudy;
2000/2/11;07:00;0.0;-1.0;93%;1024hPa;2.5km;South;3.6km/h/1.0m/s;-;N/A;;Overcast;
2000/2/11;07:30;0.0;-1.0;93%;1024hPa;1.3km;SSW;7.2km/h/2.0m/s;-;N/A;;Overcast;
2000/2/11;08:00;0.0;-1.0;93%;1024hPa;0.7km;SSW;10.8km/h/3.0m/s;-;N/A;Fog;LightFreezingFog;
2000/2/11;08:30;-1.0;-1.0;100%;1024hPa;0.3km;South;10.8km/h/3.0m/s;-;N/A;Fog;LightFreezingFog;
2000/2/11;09:00;-1.0;-1.0;100%;1024hPa;0.3km;SSW;7.2km/h/2.0m/s;-;N/A;Fog;LightFreezingFog;
2000/2/11;09:30;-1.0;-1.0;100%;1025hPa;0.3km;South;10.8km/h/3.0m/s;-;N/A;Fog;LightFreezingFog;
2000/2/11;10:00;-1.0;-1.0;100%;1025hPa;0.6km;SSW;7.2km/h/2.0m/s;-;N/A;Fog;LightFreezingFog;
2000/2/11;11:00;0.0;0.0;100%;1026hPa;0.9km;Variable;3.6km/h/1.0m/s;-;N/A;Fog;Fog;
2000/2/11;11:30;0.0;0.0;100%;1026hPa;1.2km;Variable;3.6km/h/1.0m/s;-;N/A;;Overcast;
2000/2/11;12:00;1.0;0.0;93%;1025hPa;1.3km;Variable;7.2km/h/2.0m/s;-;N/A;;Overcast;
2000/2/11;12:30;1.0;0.0;93%;1026hPa;3.0km;Variable;7.2km/h/2.0m/s;-;N/A;;MostlyCloudy;
2000/2/11;13:00;3.0;1.0;87%;1025hPa;7.0km;Variable;3.6km/h/1.0m/s;-;N/A;;MostlyCloudy;
2000/2/11;13:30;4.0;1.0;81%;1026hPa;-;Variable;7.2km/h/2.0m/s;-;N/A;;Clear;
2000/2/11;14:00;5.0;1.0;76%;1026hPa;-;Variable;7.2km/h/2.0m/s;-;N/A;;Clear;
2000/2/11;14:30;5.0;1.0;76%;1026hPa;-;SSE;10.8km/h/3.0m/s;-;N/A;;Clear;
2000/2/11;15:00;5.0;1.0;76%;1026hPa;-;Variable;3.6km/h/1.0m/s;-;N/A;;Clear;
2000/2/11;15:30;4.0;0.0;75%;1026hPa;-;ENE;10.8km/h/3.0m/s;-;N/A;;Clear;
2000/2/11;16:00;4.0;0.0;75%;1027hPa;8.0km;ENE;7.2km/h/2.0m/s;-;N/A;;MostlyCloudy;
2000/2/11;17:00;3.0;0.0;81%;1027hPa;6.0km;NE;7.2km/h/2.0m/s;-;N/A;;Overcast;
2000/2/11;17:30;2.0;0.0;87%;1027hPa;6.0km;NE;7.2km/h/2.0m/s;-;N/A;;Overcast;
2000/2/11;18:00;2.0;0.0;87%;1028hPa;7.0km;NNE;10.8km/h/3.0m/s;-;N/A;;Overcast;
2000/2/11;18:30;2.0;0.0;87%;1028hPa;7.0km;Variable;7.2km/h/2.0m/s;-;N/A;;Overcast;
2000/2/11;21:30;2.0;0.0;87%;1029hPa;7.0km;NNE;7.2km/h/2.0m/s;-;N/A;;Overcast;
2000/2/11;22:00;2.0;0.0;87%;1029hPa;7.0km;NNE;10.8km/h/3.0m/s;-;N/A;;Overcast;
2000/2/11;22:30;2.0;0.0;87%;1029hPa;7.0km;NNE;7.2km/h/2.0m/s;-;N/A;;Overcast;
2000/2/11;23:00;2.0;0.0;87%;1029hPa;8.0km;NNE;7.2km/h/2.0m/s;-;N/A;;Overcast;
2000/2/11;23:30;2.0;0.0;87%;1029hPa;8.0km;Variable;3.6km/h/1.0m/s;-;N/A;;Overcast;
