2000/1/25;00:00;-13.0;-17.0;73%;1020hPa;-;NNE;18.0km/h/5.0m/s;-;N/A;;Clear;
2000/1/25;00:30;-12.0;-16.0;73%;1020hPa;-;North;21.6km/h/6.0m/s;-;N/A;;Clear;
2000/1/25;01:00;-13.0;-16.0;79%;1020hPa;-;North;14.4km/h/4.0m/s;-;N/A;;Clear;
2000/1/25;01:30;-13.0;-15.0;85%;1020hPa;-;Variable;7.2km/h/2.0m/s;-;N/A;;Clear;
2000/1/25;02:00;-13.0;-15.0;85%;1020hPa;-;North;18.0km/h/5.0m/s;-;N/A;;Clear;
2000/1/25;02:30;-13.0;-16.0;79%;1021hPa;-;North;10.8km/h/3.0m/s;-;N/A;;Clear;
2000/1/25;03:00;-12.0;-15.0;79%;1021hPa;-;NE;14.4km/h/4.0m/s;-;N/A;;Clear;
2000/1/25;03:30;-13.0;-15.0;85%;1021hPa;-;ENE;7.2km/h/2.0m/s;-;N/A;;Clear;
2000/1/25;04:00;-16.0;-18.0;85%;1021hPa;-;East;10.8km/h/3.0m/s;-;N/A;;Clear;
2000/1/25;04:30;-16.0;-18.0;85%;1022hPa;-;Variable;3.6km/h/1.0m/s;-;N/A;;Clear;
2000/1/25;05:00;-15.0;-17.0;85%;1022hPa;-;Variable;3.6km/h/1.0m/s;-;N/A;;Clear;
2000/1/25;05:30;-13.0;-15.0;85%;1022hPa;-;North;10.8km/h/3.0m/s;-;N/A;;Clear;
2000/1/25;06:00;-14.0;-17.0;79%;1022hPa;9.0km;North;10.8km/h/3.0m/s;-;N/A;;Clear;
2000/1/25;06:30;-14.0;-17.0;79%;1023hPa;8.0km;NNE;7.2km/h/2.0m/s;-;N/A;;ScatteredClouds;
2000/1/25;07:00;-14.0;-17.0;79%;1023hPa;6.0km;North;7.2km/h/2.0m/s;-;N/A;;ScatteredClouds;
2000/1/25;07:30;-15.0;-18.0;78%;1023hPa;6.0km;Variable;3.6km/h/1.0m/s;-;N/A;;MostlyCloudy;
2000/1/25;08:00;-15.0;-17.0;85%;1024hPa;8.0km;Variable;3.6km/h/1.0m/s;-;N/A;;MostlyCloudy;
2000/1/25;09:00;-12.0;-16.0;73%;1024hPa;8.0km;Variable;3.6km/h/1.0m/s;-;N/A;;PartlyCloudy;
2000/1/25;09:30;-11.0;-16.0;67%;1024hPa;8.0km;Calm;Calm;-;N/A;;PartlyCloudy;
2000/1/25;10:00;-9.0;-15.0;62%;1025hPa;6.0km;Calm;Calm;-;N/A;;PartlyCloudy;
2000/1/25;10:30;-9.0;-14.0;68%;1025hPa;6.0km;South;3.6km/h/1.0m/s;-;N/A;;PartlyCloudy;
2000/1/25;11:00;-7.0;-13.0;63%;1025hPa;6.0km;SSE;3.6km/h/1.0m/s;-;N/A;;PartlyCloudy;
2000/1/25;11:30;-7.0;-13.0;63%;1025hPa;6.0km;South;7.2km/h/2.0m/s;-;N/A;;Clear;
2000/1/25;12:00;-6.0;-12.0;63%;1025hPa;6.0km;South;7.2km/h/2.0m/s;-;N/A;;Clear;
2000/1/25;12:30;-5.0;-12.0;59%;1025hPa;8.0km;Variable;7.2km/h/2.0m/s;-;N/A;;PartlyCloudy;
2000/1/25;13:00;-6.0;-12.0;63%;1025hPa;9.0km;SE;7.2km/h/2.0m/s;-;N/A;;PartlyCloudy;
2000/1/25;13:30;-6.0;-13.0;58%;1025hPa;10.0km;South;7.2km/h/2.0m/s;-;N/A;;ScatteredClouds;
2000/1/25;14:00;-5.0;-12.0;59%;1025hPa;10.0km;SSE;7.2km/h/2.0m/s;-;N/A;;MostlyCloudy;
2000/1/25;14:30;-6.0;-13.0;58%;1025hPa;10.0km;SE;7.2km/h/2.0m/s;-;N/A;;ScatteredClouds;
2000/1/25;15:00;-5.0;-13.0;54%;1025hPa;10.0km;Variable;3.6km/h/1.0m/s;-;N/A;;ScatteredClouds;
2000/1/25;15:30;-5.0;-13.0;54%;1025hPa;10.0km;South;7.2km/h/2.0m/s;-;N/A;;ScatteredClouds;
2000/1/25;16:00;-8.0;-14.0;63%;1025hPa;-;Variable;3.6km/h/1.0m/s;-;N/A;;Clear;
2000/1/25;17:00;-10.0;-15.0;67%;1026hPa;-;SW;3.6km/h/1.0m/s;-;N/A;;Clear;
2000/1/25;17:30;-11.0;-15.0;73%;1026hPa;-;Calm;Calm;-;N/A;;Clear;
2000/1/25;18:00;-12.0;-16.0;73%;1026hPa;10.0km;Variable;3.6km/h/1.0m/s;-;N/A;;PartlyCloudy;
2000/1/25;18:30;-12.0;-16.0;73%;1026hPa;10.0km;NNE;3.6km/h/1.0m/s;-;N/A;;PartlyCloudy;
2000/1/25;19:30;-13.0;-16.0;79%;1026hPa;-;Variable;3.6km/h/1.0m/s;-;N/A;;Clear;
2000/1/25;20:00;-13.0;-16.0;79%;1026hPa;-;Variable;7.2km/h/2.0m/s;-;N/A;;Clear;
2000/1/25;20:30;-13.0;-16.0;79%;1026hPa;-;South;3.6km/h/1.0m/s;-;N/A;;Clear;
2000/1/25;21:00;-14.0;-16.0;85%;1026hPa;10.0km;Variable;3.6km/h/1.0m/s;-;N/A;;ScatteredClouds;
2000/1/25;21:30;-13.0;-16.0;79%;1026hPa;10.0km;Variable;3.6km/h/1.0m/s;-;N/A;;ScatteredClouds;
2000/1/25;22:00;-13.0;-16.0;79%;1026hPa;-;Variable;3.6km/h/1.0m/s;-;N/A;;Clear;
2000/1/25;22:30;-13.0;-15.0;85%;1026hPa;-;Calm;Calm;-;N/A;;Clear;
2000/1/25;23:00;-12.0;-15.0;79%;1025hPa;-;Variable;3.6km/h/1.0m/s;-;N/A;;Clear;
2000/1/25;23:30;-12.0;-15.0;79%;1026hPa;-;North;7.2km/h/2.0m/s;-;N/A;;Clear;
