2000/2/12;00:00;2.0;0.0;87%;1029hPa;8.0km;ENE;7.2km/h/2.0m/s;-;N/A;;Overcast;
2000/2/12;00:30;2.0;0.0;87%;1029hPa;10.0km;ENE;7.2km/h/2.0m/s;-;N/A;;Overcast;
2000/2/12;01:00;3.0;0.0;81%;1029hPa;10.0km;ENE;7.2km/h/2.0m/s;-;N/A;;Overcast;
2000/2/12;01:30;3.0;1.0;87%;1029hPa;10.0km;ENE;7.2km/h/2.0m/s;-;N/A;;Overcast;
2000/2/12;02:00;3.0;0.0;81%;1029hPa;10.0km;ENE;10.8km/h/3.0m/s;-;N/A;;Overcast;
2000/2/12;02:30;3.0;0.0;81%;1029hPa;10.0km;NE;10.8km/h/3.0m/s;-;N/A;;Overcast;
2000/2/12;03:00;3.0;0.0;81%;1029hPa;10.0km;NNE;14.4km/h/4.0m/s;-;N/A;;Overcast;
2000/2/12;03:30;3.0;0.0;81%;1029hPa;10.0km;NNE;10.8km/h/3.0m/s;-;N/A;;Overcast;
2000/2/12;04:00;3.0;0.0;81%;1029hPa;10.0km;NNE;14.4km/h/4.0m/s;-;N/A;;Overcast;
2000/2/12;04:30;3.0;0.0;81%;1029hPa;10.0km;North;18.0km/h/5.0m/s;-;N/A;;Overcast;
2000/2/12;05:00;3.0;0.0;81%;1029hPa;10.0km;North;14.4km/h/4.0m/s;-;N/A;;Overcast;
2000/2/12;05:30;3.0;0.0;81%;1029hPa;10.0km;NNE;14.4km/h/4.0m/s;-;N/A;;Overcast;
2000/2/12;06:00;3.0;0.0;81%;1029hPa;10.0km;North;10.8km/h/3.0m/s;-;N/A;;Overcast;
2000/2/12;06:30;3.0;0.0;81%;1029hPa;10.0km;North;10.8km/h/3.0m/s;-;N/A;;Overcast;
2000/2/12;07:00;3.0;0.0;81%;1029hPa;10.0km;NNE;10.8km/h/3.0m/s;-;N/A;;Overcast;
2000/2/12;07:30;3.0;0.0;81%;1028hPa;10.0km;NNE;14.4km/h/4.0m/s;-;N/A;;Overcast;
2000/2/12;08:30;4.0;0.0;75%;1028hPa;10.0km;NNE;10.8km/h/3.0m/s;-;N/A;;Overcast;
2000/2/12;09:00;4.0;0.0;75%;1028hPa;10.0km;NNE;14.4km/h/4.0m/s;-;N/A;;Overcast;
2000/2/12;09:30;4.0;0.0;75%;1028hPa;10.0km;NNE;14.4km/h/4.0m/s;-;N/A;;Overcast;
2000/2/12;10:00;4.0;0.0;75%;1028hPa;10.0km;North;14.4km/h/4.0m/s;-;N/A;;Overcast;
2000/2/12;10:30;5.0;0.0;70%;1028hPa;10.0km;NNE;14.4km/h/4.0m/s;-;N/A;;Overcast;
2000/2/12;11:00;5.0;0.0;70%;1027hPa;10.0km;North;18.0km/h/5.0m/s;-;N/A;;Overcast;
2000/2/12;11:30;5.0;0.0;70%;1027hPa;10.0km;NNE;14.4km/h/4.0m/s;-;N/A;;MostlyCloudy;
2000/2/12;12:00;6.0;0.0;66%;1027hPa;10.0km;NNE;10.8km/h/3.0m/s;-;N/A;;ScatteredClouds;
2000/2/12;12:30;6.0;0.0;66%;1027hPa;10.0km;NNE;14.4km/h/4.0m/s;-;N/A;;MostlyCloudy;
2000/2/12;13:00;6.0;0.0;66%;1026hPa;10.0km;NNE;10.8km/h/3.0m/s;-;N/A;;MostlyCloudy;
2000/2/12;13:30;6.0;0.0;66%;1026hPa;10.0km;Variable;7.2km/h/2.0m/s;-;N/A;;MostlyCloudy;
2000/2/12;14:00;6.0;0.0;66%;1026hPa;10.0km;Variable;7.2km/h/2.0m/s;-;N/A;;MostlyCloudy;
2000/2/12;14:30;6.0;0.0;66%;1025hPa;10.0km;Variable;7.2km/h/2.0m/s;-;N/A;;MostlyCloudy;
2000/2/12;15:00;6.0;0.0;66%;1025hPa;10.0km;Variable;7.2km/h/2.0m/s;-;N/A;;MostlyCloudy;
2000/2/12;15:30;6.0;0.0;66%;1025hPa;10.0km;Variable;7.2km/h/2.0m/s;-;N/A;;MostlyCloudy;
2000/2/12;16:00;6.0;0.0;66%;1025hPa;10.0km;Variable;3.6km/h/1.0m/s;-;N/A;;MostlyCloudy;
2000/2/12;16:30;5.0;0.0;70%;1025hPa;10.0km;East;7.2km/h/2.0m/s;-;N/A;;MostlyCloudy;
2000/2/12;17:00;4.0;0.0;75%;1024hPa;10.0km;ENE;3.6km/h/1.0m/s;-;N/A;;MostlyCloudy;
2000/2/12;17:30;3.0;0.0;81%;1024hPa;-;Variable;3.6km/h/1.0m/s;-;N/A;;Clear;
2000/2/12;18:00;3.0;0.0;81%;1024hPa;-;Variable;3.6km/h/1.0m/s;-;N/A;;Clear;
2000/2/12;18:30;3.0;0.0;81%;1024hPa;-;Calm;Calm;-;N/A;;Clear;
2000/2/12;19:00;2.0;0.0;87%;1024hPa;-;Calm;Calm;-;N/A;;Clear;
2000/2/12;19:30;1.0;-1.0;87%;1024hPa;10.0km;NNW;3.6km/h/1.0m/s;-;N/A;;PartlyCloudy;
2000/2/12;20:00;1.0;-1.0;87%;1024hPa;10.0km;NNW;3.6km/h/1.0m/s;-;N/A;;PartlyCloudy;
2000/2/12;20:30;0.0;-1.0;93%;1024hPa;-;West;7.2km/h/2.0m/s;-;N/A;;Clear;
2000/2/12;23:00;0.0;-1.0;93%;1023hPa;10.0km;West;3.6km/h/1.0m/s;-;N/A;;Overcast;
