2000/2/6;00:00;1.0;0.0;93%;1026hPa;3.5km;Calm;Calm;-;N/A;;Overcast;
2000/2/6;00:30;1.0;0.0;93%;1026hPa;3.5km;Variable;3.6km/h/1.0m/s;-;N/A;;MostlyCloudy;
2000/2/6;01:00;1.0;0.0;93%;1026hPa;3.5km;Calm;Calm;-;N/A;;Overcast;
2000/2/6;01:30;1.0;0.0;93%;1026hPa;3.0km;South;3.6km/h/1.0m/s;-;N/A;;Overcast;
2000/2/6;02:00;0.0;0.0;100%;1026hPa;2.2km;SSE;3.6km/h/1.0m/s;-;N/A;;Overcast;
2000/2/6;02:30;1.0;0.0;93%;1026hPa;2.0km;Variable;3.6km/h/1.0m/s;-;N/A;;Overcast;
2000/2/6;03:00;1.0;0.0;93%;1026hPa;2.0km;Variable;3.6km/h/1.0m/s;-;N/A;;Overcast;
2000/2/6;03:30;0.0;0.0;100%;1026hPa;1.1km;Variable;3.6km/h/1.0m/s;-;N/A;;Overcast;
2000/2/6;04:00;0.0;0.0;100%;1026hPa;0.6km;Variable;3.6km/h/1.0m/s;-;N/A;Fog;Fog;
2000/2/6;04:30;0.0;0.0;100%;1026hPa;0.5km;Variable;3.6km/h/1.0m/s;-;N/A;Fog;Fog;
2000/2/6;05:00;0.0;0.0;100%;1026hPa;0.9km;Calm;Calm;-;N/A;Fog;Fog;
2000/2/6;05:30;0.0;0.0;100%;1026hPa;0.4km;ESE;3.6km/h/1.0m/s;-;N/A;Fog;Fog;
2000/2/6;06:00;0.0;0.0;100%;1026hPa;0.3km;Variable;3.6km/h/1.0m/s;-;N/A;Fog;Fog;
2000/2/6;06:30;0.0;0.0;100%;1026hPa;0.3km;Variable;3.6km/h/1.0m/s;-;N/A;Fog;Fog;
2000/2/6;07:00;0.0;0.0;100%;1026hPa;0.2km;SSW;7.2km/h/2.0m/s;-;N/A;Fog;Fog;
2000/2/6;07:30;0.0;0.0;100%;1027hPa;0.2km;South;7.2km/h/2.0m/s;-;N/A;Fog;Fog;
2000/2/6;08:00;0.0;0.0;100%;1027hPa;0.2km;South;7.2km/h/2.0m/s;-;N/A;Fog;Fog;
2000/2/6;08:30;0.0;0.0;100%;1027hPa;0.2km;South;7.2km/h/2.0m/s;-;N/A;Fog;Fog;
2000/2/6;09:00;0.0;0.0;100%;1027hPa;0.2km;SSE;7.2km/h/2.0m/s;-;N/A;Fog;Fog;
2000/2/6;09:30;0.0;0.0;100%;1027hPa;0.2km;Variable;3.6km/h/1.0m/s;-;N/A;Fog;LightFreezingFog;
2000/2/6;10:00;0.0;0.0;100%;1027hPa;0.2km;Calm;Calm;-;N/A;Fog;LightFreezingFog;
2000/2/6;10:30;0.0;0.0;100%;1028hPa;0.2km;Calm;Calm;-;N/A;Fog;Fog;
2000/2/6;11:00;0.0;0.0;100%;1028hPa;0.1km;NNE;3.6km/h/1.0m/s;-;N/A;Fog;Fog;
2000/2/6;11:30;1.0;0.0;93%;1027hPa;0.1km;Variable;3.6km/h/1.0m/s;-;N/A;Fog;Fog;
2000/2/6;12:00;1.0;1.0;100%;1027hPa;0.5km;Calm;Calm;-;N/A;Fog;Fog;
2000/2/6;12:30;1.0;1.0;100%;1027hPa;0.3km;West;3.6km/h/1.0m/s;-;N/A;Fog;Fog;
2000/2/6;13:00;1.0;1.0;100%;1027hPa;0.1km;Calm;Calm;-;N/A;Fog;Fog;
2000/2/6;13:30;1.0;1.0;100%;1027hPa;0.1km;South;3.6km/h/1.0m/s;-;N/A;Fog;Fog;
2000/2/6;14:00;1.0;1.0;100%;1027hPa;0.2km;SSE;3.6km/h/1.0m/s;-;N/A;Fog;Fog;
2000/2/6;14:30;1.0;1.0;100%;1027hPa;0.5km;Calm;Calm;-;N/A;Fog;Fog;
2000/2/6;15:00;1.0;1.0;100%;1027hPa;1.0km;SE;3.6km/h/1.0m/s;-;N/A;;Overcast;
2000/2/6;15:30;1.0;1.0;100%;1027hPa;0.3km;SSE;3.6km/h/1.0m/s;-;N/A;Fog;Fog;
2000/2/6;16:00;1.0;1.0;100%;1027hPa;0.5km;Variable;3.6km/h/1.0m/s;-;N/A;Fog;Fog;
2000/2/6;16:30;1.0;0.0;93%;1027hPa;0.3km;ESE;3.6km/h/1.0m/s;-;N/A;Fog;Fog;
2000/2/6;17:00;1.0;0.0;93%;1027hPa;0.1km;SE;3.6km/h/1.0m/s;-;N/A;Fog;Fog;
2000/2/6;17:30;1.0;0.0;93%;1027hPa;0.2km;SE;3.6km/h/1.0m/s;-;N/A;Fog;Fog;
2000/2/6;18:00;1.0;0.0;93%;1027hPa;0.2km;SW;3.6km/h/1.0m/s;-;N/A;Fog;Fog;
2000/2/6;18:30;1.0;0.0;93%;1027hPa;0.3km;SW;3.6km/h/1.0m/s;-;N/A;Fog;Fog;
2000/2/6;19:00;1.0;0.0;93%;1027hPa;0.3km;Variable;3.6km/h/1.0m/s;-;N/A;Fog;Fog;
2000/2/6;19:30;1.0;1.0;100%;1027hPa;0.4km;Calm;Calm;-;N/A;Fog;Fog;
2000/2/6;20:00;0.0;0.0;100%;1027hPa;0.1km;ENE;3.6km/h/1.0m/s;-;N/A;Fog;Fog;
2000/2/6;20:30;0.0;0.0;100%;1027hPa;0.1km;Calm;Calm;-;N/A;Fog;Fog;
2000/2/6;21:00;1.0;0.0;93%;1027hPa;0.1km;Calm;Calm;-;N/A;Fog;LightDrizzle;
2000/2/6;21:30;1.0;0.0;93%;1027hPa;0.2km;Calm;Calm;-;N/A;Fog;LightDrizzle;
2000/2/6;22:00;1.0;1.0;100%;1027hPa;0.4km;West;3.6km/h/1.0m/s;-;N/A;Fog;LightDrizzle;
2000/2/6;22:30;1.0;0.0;93%;1027hPa;0.4km;Variable;3.6km/h/1.0m/s;-;N/A;Fog;Fog;
2000/2/6;23:00;1.0;0.0;93%;1026hPa;0.5km;NE;3.6km/h/1.0m/s;-;N/A;Fog;LightDrizzle;
2000/2/6;23:30;1.0;1.0;100%;1026hPa;0.5km;North;3.6km/h/1.0m/s;-;N/A;Fog;LightDrizzle;
