2000/2/14;00:00;3.0;1.0;87%;1014hPa;10.0km;SW;10.8km/h/3.0m/s;-;N/A;Rain;LightRain;
2000/2/14;00:30;3.0;1.0;87%;1013hPa;10.0km;SSW;10.8km/h/3.0m/s;-;N/A;Rain;LightRain;
2000/2/14;01:00;3.0;1.0;87%;1013hPa;10.0km;SW;14.4km/h/4.0m/s;-;N/A;Rain;LightRain;
2000/2/14;01:30;3.0;2.0;93%;1013hPa;10.0km;WSW;21.6km/h/6.0m/s;-;N/A;Rain;LightRain;
2000/2/14;02:00;3.0;2.0;93%;1013hPa;10.0km;SW;14.4km/h/4.0m/s;-;N/A;;Overcast;
2000/2/14;02:30;3.0;2.0;93%;1013hPa;10.0km;WSW;10.8km/h/3.0m/s;-;N/A;Rain;LightRain;
2000/2/14;03:00;3.0;1.0;87%;1014hPa;10.0km;North;10.8km/h/3.0m/s;-;N/A;Rain;LightRain;
2000/2/14;03:30;3.0;1.0;87%;1014hPa;10.0km;Variable;3.6km/h/1.0m/s;-;N/A;Rain;LightRain;
2000/2/14;04:00;2.0;1.0;93%;1014hPa;10.0km;Variable;3.6km/h/1.0m/s;-;N/A;Rain;LightRain;
2000/2/14;04:30;3.0;1.0;87%;1014hPa;10.0km;Variable;7.2km/h/2.0m/s;-;N/A;Rain;LightRain;
2000/2/14;05:00;2.0;0.0;87%;1015hPa;10.0km;NNE;7.2km/h/2.0m/s;-;N/A;;ScatteredClouds;
2000/2/14;05:30;2.0;0.0;87%;1015hPa;10.0km;North;7.2km/h/2.0m/s;-;N/A;;PartlyCloudy;
2000/2/14;06:00;1.0;-1.0;87%;1015hPa;-;Variable;3.6km/h/1.0m/s;-;N/A;;Clear;
2000/2/14;06:30;0.0;-2.0;87%;1015hPa;10.0km;Variable;7.2km/h/2.0m/s;-;N/A;;PartlyCloudy;
2000/2/14;07:00;1.0;-2.0;81%;1016hPa;10.0km;Variable;3.6km/h/1.0m/s;-;N/A;;PartlyCloudy;
2000/2/14;07:30;1.0;-2.0;81%;1016hPa;10.0km;Calm;Calm;-;N/A;;PartlyCloudy;
2000/2/14;08:30;4.0;-3.0;61%;1016hPa;10.0km;Variable;7.2km/h/2.0m/s;-;N/A;;PartlyCloudy;
2000/2/14;09:00;4.0;-3.0;61%;1016hPa;10.0km;West;7.2km/h/2.0m/s;-;N/A;;PartlyCloudy;
2000/2/14;09:30;5.0;-3.0;57%;1016hPa;10.0km;Variable;7.2km/h/2.0m/s;-;N/A;;PartlyCloudy;
2000/2/14;10:00;6.0;-4.0;49%;1016hPa;10.0km;Variable;7.2km/h/2.0m/s;-;N/A;;PartlyCloudy;
2000/2/14;10:30;6.0;-1.0;61%;1016hPa;10.0km;SW;14.4km/h/4.0m/s;-;N/A;;PartlyCloudy;
2000/2/14;11:00;6.0;-1.0;61%;1016hPa;10.0km;SW;14.4km/h/4.0m/s;-;N/A;;ScatteredClouds;
2000/2/14;11:30;5.0;-2.0;61%;1016hPa;10.0km;SW;14.4km/h/4.0m/s;-;N/A;;MostlyCloudy;
2000/2/14;12:00;7.0;-1.0;57%;1015hPa;10.0km;SW;18.0km/h/5.0m/s;-;N/A;;ScatteredClouds;
2000/2/14;12:30;6.0;-2.0;57%;1015hPa;10.0km;WSW;18.0km/h/5.0m/s;-;N/A;;ScatteredClouds;
2000/2/14;13:00;7.0;-1.0;57%;1015hPa;10.0km;WSW;14.4km/h/4.0m/s;-;N/A;;ScatteredClouds;
2000/2/14;13:30;3.0;-1.0;75%;1015hPa;10.0km;North;28.8km/h/8.0m/s;-;N/A;Snow;LightSnowShowers;
2000/2/14;14:00;2.0;0.0;87%;1015hPa;5.0km;NNW;14.4km/h/4.0m/s;-;N/A;Snow;LightSnowShowers;
2000/2/14;14:30;2.0;0.0;87%;1015hPa;2.5km;West;10.8km/h/3.0m/s;-;N/A;Snow;LightSnow;
2000/2/14;15:00;1.0;0.0;93%;1014hPa;10.0km;East;3.6km/h/1.0m/s;-;N/A;;MostlyCloudy;
2000/2/14;15:30;1.0;0.0;93%;1014hPa;10.0km;Variable;7.2km/h/2.0m/s;-;N/A;;MostlyCloudy;
2000/2/14;16:00;1.0;0.0;93%;1014hPa;10.0km;Variable;3.6km/h/1.0m/s;-;N/A;;MostlyCloudy;
2000/2/14;16:30;1.0;0.0;93%;1014hPa;10.0km;Variable;7.2km/h/2.0m/s;-;N/A;;MostlyCloudy;
2000/2/14;17:00;1.0;0.0;93%;1014hPa;10.0km;Calm;Calm;-;N/A;;ScatteredClouds;
2000/2/14;17:30;0.0;-1.0;93%;1015hPa;10.0km;Calm;Calm;-;N/A;;ScatteredClouds;
2000/2/14;18:00;0.0;-1.0;93%;1015hPa;10.0km;Variable;3.6km/h/1.0m/s;-;N/A;;ScatteredClouds;
2000/2/14;18:30;0.0;-1.0;93%;1016hPa;10.0km;NNE;7.2km/h/2.0m/s;-;N/A;;ScatteredClouds;
2000/2/14;19:00;0.0;0.0;100%;1016hPa;10.0km;North;7.2km/h/2.0m/s;-;N/A;;Overcast;
2000/2/14;19:30;1.0;-1.0;87%;1017hPa;8.0km;North;14.4km/h/4.0m/s;36.0km/h/10.0m/s;N/A;Snow;LightSnow;
2000/2/14;20:00;0.0;-2.0;87%;1017hPa;10.0km;NNE;10.8km/h/3.0m/s;-;N/A;;MostlyCloudy;
2000/2/14;20:30;1.0;-4.0;70%;1017hPa;10.0km;North;21.6km/h/6.0m/s;-;N/A;;Overcast;
2000/2/14;21:00;1.0;-5.0;65%;1017hPa;10.0km;North;25.2km/h/7.0m/s;-;N/A;;MostlyCloudy;
2000/2/14;21:30;1.0;-6.0;60%;1017hPa;10.0km;North;25.2km/h/7.0m/s;-;N/A;;MostlyCloudy;
2000/2/14;22:00;1.0;-6.0;60%;1018hPa;10.0km;North;18.0km/h/5.0m/s;-;N/A;;ScatteredClouds;
2000/2/14;22:30;1.0;-6.0;60%;1018hPa;-;North;21.6km/h/6.0m/s;-;N/A;;Clear;
2000/2/14;23:00;1.0;-6.0;60%;1018hPa;-;North;21.6km/h/6.0m/s;-;N/A;;Clear;
2000/2/14;23:30;1.0;-6.0;60%;1018hPa;-;North;25.2km/h/7.0m/s;-;N/A;;Clear;
