2000/9/18;00:00;11.0;10.0;94%;1009hPa;10.0km;Calm;Calm;-;N/A;;MostlyCloudy;
2000/9/18;00:30;11.0;10.0;94%;1009hPa;10.0km;Variable;3.6km/h/1.0m/s;-;N/A;;MostlyCloudy;
2000/9/18;01:00;10.0;9.0;94%;1009hPa;4.0km;West;3.6km/h/1.0m/s;-;N/A;;PartlyCloudy;
2000/9/18;01:30;10.0;9.0;94%;1009hPa;1.1km;Calm;Calm;-;N/A;;PartlyCloudy;
2000/9/18;02:00;10.0;9.0;94%;1009hPa;0.4km;Calm;Calm;-;N/A;Fog;Fog;
2000/9/18;02:30;11.0;10.0;94%;1009hPa;0.8km;Variable;3.6km/h/1.0m/s;-;N/A;Fog;Fog;
2000/9/18;03:00;11.0;10.0;94%;1009hPa;8.0km;Variable;3.6km/h/1.0m/s;-;N/A;;MostlyCloudy;
2000/9/18;03:30;11.0;10.0;94%;1009hPa;8.0km;South;3.6km/h/1.0m/s;-;N/A;;Overcast;
2000/9/18;04:00;11.0;10.0;94%;1009hPa;8.0km;Calm;Calm;-;N/A;;Overcast;
2000/9/18;04:30;11.0;10.0;94%;1009hPa;8.0km;Calm;Calm;-;N/A;;Overcast;
2000/9/18;05:00;11.0;10.0;94%;1009hPa;10.0km;Calm;Calm;-;N/A;;Overcast;
2000/9/18;05:30;11.0;10.0;94%;1009hPa;10.0km;Variable;3.6km/h/1.0m/s;-;N/A;;Overcast;
2000/9/18;06:00;11.0;10.0;94%;1009hPa;8.0km;Variable;3.6km/h/1.0m/s;-;N/A;;ScatteredClouds;
2000/9/18;06:30;11.0;10.0;94%;1010hPa;6.0km;SSW;7.2km/h/2.0m/s;-;N/A;;MostlyCloudy;
2000/9/18;07:00;11.0;10.0;94%;1010hPa;6.0km;Calm;Calm;-;N/A;;MostlyCloudy;
2000/9/18;07:30;11.0;10.0;94%;1010hPa;6.0km;Variable;3.6km/h/1.0m/s;-;N/A;;MostlyCloudy;
2000/9/18;08:00;11.0;9.0;88%;1010hPa;7.0km;NNE;10.8km/h/3.0m/s;-;N/A;;MostlyCloudy;
2000/9/18;08:30;11.0;8.0;82%;1010hPa;7.0km;NNE;14.4km/h/4.0m/s;-;N/A;;MostlyCloudy;
2000/9/18;09:00;11.0;7.0;76%;1011hPa;10.0km;NNE;18.0km/h/5.0m/s;-;N/A;;MostlyCloudy;
2000/9/18;09:30;10.0;7.0;82%;1011hPa;10.0km;NNE;18.0km/h/5.0m/s;-;N/A;Rain;LightRain;
2000/9/18;10:00;10.0;7.0;82%;1011hPa;10.0km;NNE;18.0km/h/5.0m/s;-;N/A;Rain;LightRain;
2000/9/18;10:30;10.0;7.0;82%;1011hPa;10.0km;NNE;18.0km/h/5.0m/s;-;N/A;Rain;LightRain;
2000/9/18;11:00;10.0;7.0;82%;1012hPa;10.0km;NNE;18.0km/h/5.0m/s;-;N/A;Rain;LightRain;
2000/9/18;11:30;10.0;7.0;82%;1012hPa;10.0km;NE;14.4km/h/4.0m/s;-;N/A;Rain;LightRain;
2000/9/18;12:00;10.0;7.0;82%;1012hPa;10.0km;NE;14.4km/h/4.0m/s;-;N/A;;MostlyCloudy;
2000/9/18;12:30;10.0;7.0;82%;1012hPa;10.0km;NE;14.4km/h/4.0m/s;-;N/A;Rain;LightRain;
2000/9/18;13:00;11.0;8.0;82%;1012hPa;10.0km;NE;10.8km/h/3.0m/s;-;N/A;;MostlyCloudy;
2000/9/18;13:30;11.0;7.0;76%;1012hPa;10.0km;NE;14.4km/h/4.0m/s;-;N/A;;MostlyCloudy;
2000/9/18;14:00;11.0;7.0;76%;1012hPa;10.0km;NE;10.8km/h/3.0m/s;-;N/A;;MostlyCloudy;
2000/9/18;14:30;12.0;7.0;72%;1012hPa;10.0km;NE;14.4km/h/4.0m/s;-;N/A;;MostlyCloudy;
2000/9/18;15:00;12.0;7.0;72%;1012hPa;10.0km;NE;14.4km/h/4.0m/s;-;N/A;;MostlyCloudy;
2000/9/18;15:30;12.0;7.0;72%;1012hPa;10.0km;East;10.8km/h/3.0m/s;-;N/A;;ScatteredClouds;
2000/9/18;16:00;12.0;8.0;77%;1012hPa;10.0km;ENE;10.8km/h/3.0m/s;-;N/A;;MostlyCloudy;
2000/9/18;16:30;12.0;8.0;77%;1012hPa;10.0km;ENE;10.8km/h/3.0m/s;-;N/A;;MostlyCloudy;
2000/9/18;17:00;12.0;7.0;72%;1012hPa;10.0km;NE;14.4km/h/4.0m/s;-;N/A;;MostlyCloudy;
2000/9/18;17:30;11.0;6.0;71%;1012hPa;10.0km;NNE;14.4km/h/4.0m/s;-;N/A;;MostlyCloudy;
2000/9/18;18:00;11.0;6.0;71%;1012hPa;10.0km;NNE;14.4km/h/4.0m/s;-;N/A;;MostlyCloudy;
2000/9/18;18:30;10.0;5.0;71%;1012hPa;10.0km;North;21.6km/h/6.0m/s;-;N/A;;MostlyCloudy;
2000/9/18;19:00;10.0;5.0;71%;1013hPa;10.0km;NNE;18.0km/h/5.0m/s;-;N/A;;Overcast;
2000/9/18;19:30;10.0;5.0;71%;1013hPa;10.0km;NNE;18.0km/h/5.0m/s;-;N/A;;MostlyCloudy;
2000/9/18;20:00;10.0;5.0;71%;1013hPa;10.0km;North;21.6km/h/6.0m/s;-;N/A;;Overcast;
2000/9/18;20:30;9.0;5.0;76%;1013hPa;10.0km;NNE;18.0km/h/5.0m/s;-;N/A;;Overcast;
2000/9/18;21:00;9.0;5.0;76%;1013hPa;10.0km;North;21.6km/h/6.0m/s;-;N/A;;MostlyCloudy;
2000/9/18;21:30;9.0;4.0;71%;1013hPa;10.0km;NNE;21.6km/h/6.0m/s;-;N/A;;MostlyCloudy;
2000/9/18;22:00;9.0;4.0;71%;1013hPa;10.0km;NNE;21.6km/h/6.0m/s;-;N/A;;MostlyCloudy;
2000/9/18;22:30;9.0;4.0;71%;1013hPa;10.0km;NNE;25.2km/h/7.0m/s;-;N/A;;MostlyCloudy;
2000/9/18;23:00;8.0;4.0;76%;1013hPa;10.0km;NNE;21.6km/h/6.0m/s;-;N/A;;MostlyCloudy;
2000/9/18;23:30;8.0;4.0;76%;1013hPa;10.0km;NNE;21.6km/h/6.0m/s;-;N/A;;MostlyCloudy;
