2000/5/21;00:00;11.0;9.0;88%;1008hPa;10.0km;Variable;3.6km/h/1.0m/s;-;N/A;Rain;LightRain;
2000/5/21;00:30;10.0;9.0;94%;1008hPa;10.0km;NNE;7.2km/h/2.0m/s;-;N/A;Rain;LightRain;
2000/5/21;01:00;10.0;9.0;94%;1008hPa;10.0km;NNE;7.2km/h/2.0m/s;-;N/A;Rain;LightRain;
2000/5/21;01:30;10.0;9.0;94%;1008hPa;10.0km;Variable;7.2km/h/2.0m/s;-;N/A;Rain;LightRain;
2000/5/21;02:00;10.0;8.0;87%;1007hPa;10.0km;NNE;14.4km/h/4.0m/s;-;N/A;Rain;LightRain;
2000/5/21;02:30;10.0;7.0;82%;1007hPa;10.0km;North;18.0km/h/5.0m/s;-;N/A;Rain;LightRain;
2000/5/21;03:00;9.0;7.0;87%;1007hPa;10.0km;NNE;14.4km/h/4.0m/s;-;N/A;Rain;LightRain;
2000/5/21;03:30;9.0;7.0;87%;1008hPa;10.0km;North;10.8km/h/3.0m/s;-;N/A;;MostlyCloudy;
2000/5/21;04:30;9.0;7.0;87%;1008hPa;10.0km;NW;3.6km/h/1.0m/s;-;N/A;Rain;LightRain;
2000/5/21;05:00;9.0;7.0;87%;1008hPa;10.0km;Variable;3.6km/h/1.0m/s;-;N/A;;MostlyCloudy;
2000/5/21;05:30;9.0;6.0;82%;1008hPa;10.0km;North;3.6km/h/1.0m/s;-;N/A;;MostlyCloudy;
2000/5/21;06:00;9.0;7.0;87%;1008hPa;10.0km;Variable;3.6km/h/1.0m/s;-;N/A;;MostlyCloudy;
2000/5/21;06:30;10.0;7.0;82%;1009hPa;10.0km;Calm;Calm;-;N/A;;MostlyCloudy;
2000/5/21;07:00;11.0;7.0;76%;1009hPa;10.0km;WSW;10.8km/h/3.0m/s;-;N/A;;MostlyCloudy;
2000/5/21;07:30;11.0;7.0;76%;1009hPa;10.0km;WSW;10.8km/h/3.0m/s;-;N/A;;MostlyCloudy;
2000/5/21;08:00;11.0;7.0;76%;1010hPa;10.0km;Variable;7.2km/h/2.0m/s;-;N/A;;ScatteredClouds;
2000/5/21;08:30;11.0;7.0;76%;1010hPa;10.0km;Variable;7.2km/h/2.0m/s;-;N/A;;ScatteredClouds;
2000/5/21;09:00;12.0;7.0;72%;1010hPa;10.0km;Variable;7.2km/h/2.0m/s;-;N/A;;ScatteredClouds;
2000/5/21;09:30;13.0;7.0;67%;1010hPa;10.0km;Variable;7.2km/h/2.0m/s;-;N/A;;MostlyCloudy;
2000/5/21;10:00;11.0;6.0;71%;1010hPa;10.0km;SSW;7.2km/h/2.0m/s;-;N/A;;ScatteredClouds;
2000/5/21;10:30;13.0;6.0;63%;1010hPa;10.0km;SSW;10.8km/h/3.0m/s;-;N/A;;MostlyCloudy;
2000/5/21;11:00;14.0;6.0;59%;1010hPa;10.0km;Variable;7.2km/h/2.0m/s;-;N/A;;ScatteredClouds;
2000/5/21;11:30;13.0;6.0;63%;1010hPa;10.0km;SSW;10.8km/h/3.0m/s;-;N/A;;MostlyCloudy;
2000/5/21;12:00;13.0;6.0;63%;1010hPa;10.0km;Variable;7.2km/h/2.0m/s;-;N/A;Rain;LightRainShowers;
2000/5/21;12:30;15.0;7.0;59%;1010hPa;10.0km;Variable;7.2km/h/2.0m/s;-;N/A;;ScatteredClouds;
2000/5/21;13:00;16.0;6.0;52%;1010hPa;10.0km;SSW;10.8km/h/3.0m/s;-;N/A;;MostlyCloudy;
2000/5/21;13:30;15.0;6.0;55%;1010hPa;10.0km;SW;10.8km/h/3.0m/s;-;N/A;;MostlyCloudy;
2000/5/21;14:00;15.0;4.0;48%;1010hPa;10.0km;SW;14.4km/h/4.0m/s;-;N/A;;ScatteredClouds;
2000/5/21;14:30;15.0;5.0;51%;1010hPa;10.0km;SW;10.8km/h/3.0m/s;-;N/A;;MostlyCloudy;
2000/5/21;15:00;14.0;8.0;67%;1010hPa;10.0km;Variable;7.2km/h/2.0m/s;-;N/A;Rain;LightRainShowers;
2000/5/21;15:30;14.0;7.0;63%;1011hPa;-;NE;10.8km/h/3.0m/s;-;N/A;;Clear;
2000/5/21;16:00;16.0;6.0;52%;1011hPa;-;NE;10.8km/h/3.0m/s;-;N/A;;Clear;
2000/5/21;16:30;17.0;6.0;48%;1010hPa;-;Variable;7.2km/h/2.0m/s;-;N/A;;Clear;
2000/5/21;17:00;17.0;6.0;48%;1010hPa;-;Variable;7.2km/h/2.0m/s;-;N/A;;Clear;
2000/5/21;17:30;16.0;6.0;52%;1011hPa;-;Variable;3.6km/h/1.0m/s;-;N/A;;Clear;
2000/5/21;18:00;17.0;5.0;45%;1011hPa;-;Variable;3.6km/h/1.0m/s;-;N/A;;Clear;
2000/5/21;18:30;17.0;5.0;45%;1011hPa;-;Variable;3.6km/h/1.0m/s;-;N/A;;Clear;
2000/5/21;19:00;16.0;5.0;48%;1011hPa;-;East;3.6km/h/1.0m/s;-;N/A;;Clear;
2000/5/21;19:30;15.0;6.0;55%;1011hPa;10.0km;NE;3.6km/h/1.0m/s;-;N/A;;MostlyCloudy;
2000/5/21;20:00;14.0;9.0;72%;1011hPa;-;NNE;7.2km/h/2.0m/s;-;N/A;;Clear;
2000/5/21;20:30;13.0;9.0;77%;1011hPa;-;North;3.6km/h/1.0m/s;-;N/A;;Clear;
2000/5/21;21:00;12.0;8.0;77%;1012hPa;-;North;10.8km/h/3.0m/s;-;N/A;;Clear;
2000/5/21;21:30;11.0;8.0;82%;1012hPa;10.0km;North;7.2km/h/2.0m/s;-;N/A;;ScatteredClouds;
2000/5/21;22:00;12.0;8.0;77%;1012hPa;-;North;10.8km/h/3.0m/s;-;N/A;;Clear;
2000/5/21;22:30;12.0;8.0;77%;1012hPa;-;North;10.8km/h/3.0m/s;-;N/A;;Clear;
2000/5/21;23:00;12.0;8.0;77%;1012hPa;-;North;10.8km/h/3.0m/s;-;N/A;;Clear;
2000/5/21;23:30;11.0;7.0;76%;1012hPa;-;NNE;7.2km/h/2.0m/s;-;N/A;;Clear;
