2000/5/10;00:00;17.0;11.0;68%;1020hPa;-;Variable;3.6km/h/1.0m/s;-;N/A;;Clear;
2000/5/10;00:30;17.0;12.0;72%;1020hPa;-;Calm;Calm;-;N/A;;Clear;
2000/5/10;01:00;17.0;12.0;72%;1020hPa;-;Variable;3.6km/h/1.0m/s;-;N/A;;Clear;
2000/5/10;01:30;17.0;11.0;68%;1020hPa;-;SW;7.2km/h/2.0m/s;-;N/A;;Clear;
2000/5/10;02:00;17.0;11.0;68%;1020hPa;-;WSW;7.2km/h/2.0m/s;-;N/A;;Clear;
2000/5/10;02:30;15.0;10.0;72%;1020hPa;-;Variable;3.6km/h/1.0m/s;-;N/A;;Clear;
2000/5/10;03:00;14.0;10.0;77%;1020hPa;-;Calm;Calm;-;N/A;;Clear;
2000/5/10;03:30;13.0;10.0;82%;1020hPa;-;South;10.8km/h/3.0m/s;-;N/A;;Clear;
2000/5/10;04:00;13.0;10.0;82%;1019hPa;-;Variable;3.6km/h/1.0m/s;-;N/A;;Clear;
2000/5/10;04:30;13.0;10.0;82%;1019hPa;-;Variable;3.6km/h/1.0m/s;-;N/A;;Clear;
2000/5/10;05:00;12.0;10.0;88%;1019hPa;10.0km;North;7.2km/h/2.0m/s;-;N/A;;ScatteredClouds;
2000/5/10;05:30;13.0;10.0;82%;1019hPa;10.0km;NNW;7.2km/h/2.0m/s;-;N/A;;ScatteredClouds;
2000/5/10;06:00;13.0;11.0;88%;1019hPa;-;NNW;7.2km/h/2.0m/s;-;N/A;;Clear;
2000/5/10;06:30;15.0;12.0;82%;1019hPa;-;West;7.2km/h/2.0m/s;-;N/A;;Clear;
2000/5/10;07:00;16.0;12.0;77%;1019hPa;-;Variable;3.6km/h/1.0m/s;-;N/A;;Clear;
2000/5/10;07:30;16.0;12.0;77%;1019hPa;-;Variable;7.2km/h/2.0m/s;-;N/A;;Clear;
2000/5/10;08:00;17.0;13.0;77%;1020hPa;-;SSW;10.8km/h/3.0m/s;-;N/A;;Clear;
2000/5/10;08:30;18.0;13.0;73%;1020hPa;-;Variable;7.2km/h/2.0m/s;-;N/A;;Clear;
2000/5/10;09:00;19.0;13.0;68%;1020hPa;-;Variable;3.6km/h/1.0m/s;-;N/A;;Clear;
2000/5/10;09:30;20.0;14.0;68%;1019hPa;-;Variable;7.2km/h/2.0m/s;-;N/A;;Clear;
2000/5/10;10:00;21.0;14.0;64%;1019hPa;-;Variable;7.2km/h/2.0m/s;-;N/A;;Clear;
2000/5/10;10:30;22.0;13.0;57%;1019hPa;-;Variable;7.2km/h/2.0m/s;-;N/A;;Clear;
2000/5/10;11:00;23.0;14.0;57%;1019hPa;-;Variable;7.2km/h/2.0m/s;-;N/A;;Clear;
2000/5/10;11:30;23.0;13.0;53%;1019hPa;-;SSE;10.8km/h/3.0m/s;-;N/A;;Clear;
2000/5/10;12:00;23.0;14.0;57%;1019hPa;-;SSE;10.8km/h/3.0m/s;-;N/A;;Clear;
2000/5/10;12:30;23.0;13.0;53%;1018hPa;-;South;10.8km/h/3.0m/s;-;N/A;;Clear;
2000/5/10;13:00;22.0;13.0;57%;1018hPa;10.0km;South;10.8km/h/3.0m/s;-;N/A;;ScatteredClouds;
2000/5/10;13:30;22.0;13.0;57%;1018hPa;10.0km;Variable;7.2km/h/2.0m/s;-;N/A;;ScatteredClouds;
2000/5/10;14:00;24.0;14.0;53%;1018hPa;10.0km;Variable;7.2km/h/2.0m/s;-;N/A;;ScatteredClouds;
2000/5/10;14:30;24.0;14.0;53%;1017hPa;10.0km;South;14.4km/h/4.0m/s;-;N/A;;ScatteredClouds;
2000/5/10;15:00;23.0;13.0;53%;1017hPa;10.0km;South;14.4km/h/4.0m/s;-;N/A;;ScatteredClouds;
2000/5/10;15:30;25.0;13.0;47%;1016hPa;10.0km;SSW;18.0km/h/5.0m/s;-;N/A;;ScatteredClouds;
2000/5/10;16:00;24.0;12.0;47%;1016hPa;10.0km;SSW;14.4km/h/4.0m/s;-;N/A;;ScatteredClouds;
2000/5/10;16:30;24.0;12.0;47%;1016hPa;10.0km;SW;14.4km/h/4.0m/s;-;N/A;;ScatteredClouds;
2000/5/10;17:00;25.0;12.0;44%;1016hPa;10.0km;SW;10.8km/h/3.0m/s;-;N/A;;ScatteredClouds;
2000/5/10;17:30;24.0;14.0;53%;1016hPa;10.0km;South;14.4km/h/4.0m/s;-;N/A;;ScatteredClouds;
2000/5/10;18:00;23.0;12.0;50%;1016hPa;10.0km;Variable;7.2km/h/2.0m/s;-;N/A;;MostlyCloudy;
2000/5/10;18:30;18.0;13.0;73%;1017hPa;7.0km;North;32.4km/h/9.0m/s;-;N/A;Rain,Thunderstorm;ThunderstormsandRain;
2000/5/10;19:30;17.0;13.0;77%;1016hPa;10.0km;Variable;3.6km/h/1.0m/s;-;N/A;Rain,Thunderstorm;LightThunderstormsandRain;
2000/5/10;20:00;16.0;13.0;82%;1017hPa;6.0km;NE;10.8km/h/3.0m/s;-;N/A;Rain,Thunderstorm;LightThunderstormsandRain;
2000/5/10;20:30;16.0;14.0;88%;1017hPa;10.0km;NW;10.8km/h/3.0m/s;-;N/A;Rain,Thunderstorm;LightThunderstormsandRain;
2000/5/10;21:00;16.0;14.0;88%;1017hPa;10.0km;WSW;3.6km/h/1.0m/s;-;N/A;;MostlyCloudy;
2000/5/10;21:30;16.0;14.0;88%;1017hPa;10.0km;Variable;3.6km/h/1.0m/s;-;N/A;;MostlyCloudy;
2000/5/10;22:00;15.0;14.0;94%;1017hPa;10.0km;West;3.6km/h/1.0m/s;-;N/A;;MostlyCloudy;
2000/5/10;22:30;15.0;14.0;94%;1017hPa;10.0km;Calm;Calm;-;N/A;;MostlyCloudy;
2000/5/10;23:00;15.0;14.0;94%;1017hPa;10.0km;Variable;3.6km/h/1.0m/s;-;N/A;;MostlyCloudy;
2000/5/10;23:30;15.0;14.0;94%;1017hPa;10.0km;Variable;3.6km/h/1.0m/s;-;N/A;;MostlyCloudy;
