2000/7/8;00:00;19.0;13.0;68%;1010hPa;-;North;14.4km/h/4.0m/s;-;N/A;;Clear;
2000/7/8;00:30;19.0;13.0;68%;1009hPa;-;NNE;10.8km/h/3.0m/s;-;N/A;;Clear;
2000/7/8;01:00;18.0;13.0;73%;1009hPa;-;North;7.2km/h/2.0m/s;-;N/A;;Clear;
2000/7/8;01:30;18.0;13.0;73%;1008hPa;-;Variable;3.6km/h/1.0m/s;-;N/A;;Clear;
2000/7/8;02:00;18.0;13.0;73%;1008hPa;-;North;7.2km/h/2.0m/s;-;N/A;;Clear;
2000/7/8;02:30;18.0;13.0;73%;1008hPa;-;North;10.8km/h/3.0m/s;-;N/A;;Clear;
2000/7/8;03:00;18.0;13.0;73%;1007hPa;-;NNE;7.2km/h/2.0m/s;-;N/A;;Clear;
2000/7/8;03:30;18.0;13.0;73%;1007hPa;-;Variable;7.2km/h/2.0m/s;-;N/A;;Clear;
2000/7/8;04:00;17.0;13.0;77%;1007hPa;-;NNE;10.8km/h/3.0m/s;-;N/A;;Clear;
2000/7/8;04:30;17.0;13.0;77%;1006hPa;-;ENE;10.8km/h/3.0m/s;-;N/A;;Clear;
2000/7/8;05:00;17.0;13.0;77%;1007hPa;-;Variable;7.2km/h/2.0m/s;-;N/A;;Clear;
2000/7/8;05:30;17.0;14.0;82%;1006hPa;-;Variable;3.6km/h/1.0m/s;-;N/A;;Clear;
2000/7/8;06:00;17.0;14.0;82%;1006hPa;-;Variable;3.6km/h/1.0m/s;-;N/A;;Clear;
2000/7/8;06:30;19.0;14.0;73%;1005hPa;-;NE;10.8km/h/3.0m/s;-;N/A;;Clear;
2000/7/8;07:00;18.0;14.0;77%;1006hPa;10.0km;Calm;Calm;-;N/A;Rain;LightRain;
2000/7/8;07:30;18.0;14.0;77%;1005hPa;10.0km;NNE;3.6km/h/1.0m/s;-;N/A;Rain;LightRain;
2000/7/8;08:00;18.0;15.0;83%;1005hPa;10.0km;Variable;3.6km/h/1.0m/s;-;N/A;Rain;LightRain;
2000/7/8;08:30;18.0;15.0;83%;1006hPa;10.0km;Variable;7.2km/h/2.0m/s;-;N/A;Rain;LightRain;
2000/7/8;09:00;17.0;15.0;88%;1006hPa;10.0km;Variable;7.2km/h/2.0m/s;-;N/A;Rain;LightRain;
2000/7/8;09:30;18.0;15.0;83%;1006hPa;10.0km;Variable;3.6km/h/1.0m/s;-;N/A;;MostlyCloudy;
2000/7/8;10:00;18.0;15.0;83%;1006hPa;10.0km;Variable;7.2km/h/2.0m/s;-;N/A;;ScatteredClouds;
2000/7/8;10:30;20.0;15.0;73%;1005hPa;10.0km;Variable;3.6km/h/1.0m/s;-;N/A;;MostlyCloudy;
2000/7/8;11:00;21.0;15.0;68%;1005hPa;10.0km;Variable;7.2km/h/2.0m/s;-;N/A;;ScatteredClouds;
2000/7/8;11:30;21.0;15.0;68%;1005hPa;10.0km;Variable;3.6km/h/1.0m/s;-;N/A;;MostlyCloudy;
2000/7/8;12:00;22.0;15.0;64%;1005hPa;10.0km;Variable;3.6km/h/1.0m/s;-;N/A;;MostlyCloudy;
2000/7/8;12:30;24.0;15.0;57%;1005hPa;10.0km;Variable;7.2km/h/2.0m/s;-;N/A;;MostlyCloudy;
2000/7/8;13:00;24.0;15.0;57%;1004hPa;10.0km;Variable;7.2km/h/2.0m/s;-;N/A;;ScatteredClouds;
2000/7/8;13:30;25.0;14.0;50%;1004hPa;10.0km;Variable;7.2km/h/2.0m/s;-;N/A;;MostlyCloudy;
2000/7/8;14:00;26.0;14.0;47%;1004hPa;10.0km;Variable;3.6km/h/1.0m/s;-;N/A;;ScatteredClouds;
2000/7/8;14:30;27.0;14.0;45%;1003hPa;10.0km;Variable;7.2km/h/2.0m/s;-;N/A;;ScatteredClouds;
2000/7/8;15:00;27.0;14.0;45%;1003hPa;10.0km;SE;10.8km/h/3.0m/s;-;N/A;;MostlyCloudy;
2000/7/8;15:30;27.0;14.0;45%;1003hPa;-;Variable;7.2km/h/2.0m/s;-;N/A;;Clear;
2000/7/8;16:00;27.0;12.0;39%;1003hPa;10.0km;WSW;18.0km/h/5.0m/s;-;N/A;;ScatteredClouds;
2000/7/8;16:30;27.0;14.0;45%;1003hPa;10.0km;SW;14.4km/h/4.0m/s;-;N/A;;ScatteredClouds;
2000/7/8;17:00;27.0;13.0;42%;1003hPa;10.0km;SW;14.4km/h/4.0m/s;-;N/A;;ScatteredClouds;
2000/7/8;17:30;25.0;14.0;50%;1002hPa;10.0km;Variable;7.2km/h/2.0m/s;-;N/A;;ScatteredClouds;
2000/7/8;18:00;24.0;14.0;53%;1003hPa;10.0km;NE;18.0km/h/5.0m/s;-;N/A;;ScatteredClouds;
2000/7/8;18:30;23.0;14.0;57%;1003hPa;10.0km;NNE;10.8km/h/3.0m/s;-;N/A;;ScatteredClouds;
2000/7/8;19:00;24.0;14.0;53%;1002hPa;-;Variable;7.2km/h/2.0m/s;-;N/A;;Clear;
2000/7/8;19:30;23.0;14.0;57%;1003hPa;10.0km;Variable;3.6km/h/1.0m/s;-;N/A;;MostlyCloudy;
2000/7/8;20:00;22.0;12.0;53%;1003hPa;-;North;25.2km/h/7.0m/s;-;N/A;;Clear;
2000/7/8;20:30;20.0;14.0;68%;1003hPa;-;NNE;21.6km/h/6.0m/s;-;N/A;;Clear;
2000/7/8;21:00;19.0;13.0;68%;1004hPa;-;NNE;14.4km/h/4.0m/s;-;N/A;;Clear;
2000/7/8;21:30;19.0;13.0;68%;1004hPa;10.0km;NE;14.4km/h/4.0m/s;-;N/A;;ScatteredClouds;
2000/7/8;22:00;18.0;13.0;73%;1004hPa;-;NNE;10.8km/h/3.0m/s;-;N/A;;Clear;
2000/7/8;22:30;19.0;13.0;68%;1004hPa;-;Variable;7.2km/h/2.0m/s;-;N/A;;Clear;
2000/7/8;23:00;18.0;12.0;68%;1004hPa;-;SSE;3.6km/h/1.0m/s;-;N/A;;Clear;
2000/7/8;23:30;17.0;12.0;72%;1004hPa;-;Variable;3.6km/h/1.0m/s;-;N/A;;Clear;
