2000/7/3;00:00;17.0;15.0;88%;1014hPa;-;North;10.8km/h/3.0m/s;-;N/A;;Clear;
2000/7/3;00:30;17.0;15.0;88%;1014hPa;-;NNE;7.2km/h/2.0m/s;-;N/A;;Clear;
2000/7/3;01:00;17.0;15.0;88%;1014hPa;-;Variable;7.2km/h/2.0m/s;-;N/A;;Clear;
2000/7/3;01:30;16.0;14.0;88%;1014hPa;-;North;3.6km/h/1.0m/s;-;N/A;;Clear;
2000/7/3;02:00;16.0;14.0;88%;1014hPa;-;Variable;3.6km/h/1.0m/s;-;N/A;;Clear;
2000/7/3;02:30;16.0;14.0;88%;1014hPa;-;North;10.8km/h/3.0m/s;-;N/A;;Clear;
2000/7/3;03:00;16.0;14.0;88%;1014hPa;-;North;7.2km/h/2.0m/s;-;N/A;;Clear;
2000/7/3;03:30;16.0;14.0;88%;1013hPa;-;North;10.8km/h/3.0m/s;-;N/A;;Clear;
2000/7/3;04:00;16.0;14.0;88%;1013hPa;-;North;7.2km/h/2.0m/s;-;N/A;;Clear;
2000/7/3;04:30;16.0;14.0;88%;1013hPa;-;North;3.6km/h/1.0m/s;-;N/A;;Clear;
2000/7/3;05:00;16.0;14.0;88%;1013hPa;-;Variable;7.2km/h/2.0m/s;-;N/A;;Clear;
2000/7/3;05:30;16.0;14.0;88%;1013hPa;-;Calm;Calm;-;N/A;;Clear;
2000/7/3;06:00;16.0;14.0;88%;1013hPa;10.0km;Calm;Calm;-;N/A;;ScatteredClouds;
2000/7/3;06:30;18.0;14.0;77%;1013hPa;10.0km;Calm;Calm;-;N/A;;ScatteredClouds;
2000/7/3;07:00;18.0;15.0;83%;1013hPa;10.0km;Variable;3.6km/h/1.0m/s;-;N/A;;ScatteredClouds;
2000/7/3;07:30;18.0;15.0;83%;1013hPa;10.0km;Variable;3.6km/h/1.0m/s;-;N/A;;MostlyCloudy;
2000/7/3;08:00;21.0;16.0;73%;1012hPa;10.0km;Variable;3.6km/h/1.0m/s;-;N/A;;ScatteredClouds;
2000/7/3;08:30;21.0;16.0;73%;1013hPa;10.0km;Calm;Calm;-;N/A;;MostlyCloudy;
2000/7/3;09:00;22.0;16.0;69%;1012hPa;10.0km;Variable;3.6km/h/1.0m/s;-;N/A;;MostlyCloudy;
2000/7/3;09:30;24.0;17.0;65%;1012hPa;10.0km;South;10.8km/h/3.0m/s;-;N/A;;ScatteredClouds;
2000/7/3;10:00;24.0;15.0;57%;1012hPa;10.0km;Variable;7.2km/h/2.0m/s;-;N/A;;MostlyCloudy;
2000/7/3;10:30;26.0;15.0;51%;1012hPa;10.0km;Variable;3.6km/h/1.0m/s;-;N/A;;ScatteredClouds;
2000/7/3;11:00;27.0;16.0;51%;1011hPa;10.0km;Variable;7.2km/h/2.0m/s;-;N/A;;ScatteredClouds;
2000/7/3;11:30;27.0;15.0;48%;1011hPa;10.0km;Variable;7.2km/h/2.0m/s;-;N/A;;ScatteredClouds;
2000/7/3;12:00;28.0;16.0;48%;1011hPa;10.0km;Variable;3.6km/h/1.0m/s;-;N/A;;MostlyCloudy;
2000/7/3;12:30;27.0;17.0;54%;1011hPa;10.0km;South;10.8km/h/3.0m/s;-;N/A;;MostlyCloudy;
2000/7/3;13:00;29.0;16.0;45%;1011hPa;10.0km;SW;14.4km/h/4.0m/s;-;N/A;;ScatteredClouds;
2000/7/3;13:30;29.0;16.0;45%;1011hPa;10.0km;SSW;18.0km/h/5.0m/s;-;N/A;;ScatteredClouds;
2000/7/3;14:00;30.0;16.0;43%;1011hPa;10.0km;Variable;7.2km/h/2.0m/s;-;N/A;;ScatteredClouds;
2000/7/3;14:30;29.0;18.0;51%;1011hPa;10.0km;NE;10.8km/h/3.0m/s;-;N/A;;PartlyCloudy;
2000/7/3;15:00;29.0;17.0;48%;1010hPa;-;NNE;154.8km/h/43.0m/s;-;N/A;;Clear;
2000/7/3;15:30;27.0;18.0;58%;1010hPa;10.0km;NE;14.4km/h/4.0m/s;-;N/A;;ScatteredClouds;
2000/7/3;16:00;25.0;19.0;69%;1010hPa;10.0km;North;21.6km/h/6.0m/s;-;N/A;Rain;LightRainShowers;
2000/7/3;16:30;26.0;20.0;69%;1010hPa;10.0km;NNE;14.4km/h/4.0m/s;-;N/A;;ScatteredClouds;
2000/7/3;17:00;26.0;19.0;65%;1010hPa;10.0km;NE;10.8km/h/3.0m/s;-;N/A;;ScatteredClouds;
2000/7/3;17:30;25.0;19.0;69%;1010hPa;10.0km;Variable;7.2km/h/2.0m/s;-;N/A;;ScatteredClouds;
2000/7/3;18:00;25.0;19.0;69%;1010hPa;10.0km;Variable;7.2km/h/2.0m/s;-;N/A;;ScatteredClouds;
2000/7/3;18:30;25.0;18.0;65%;1010hPa;10.0km;North;14.4km/h/4.0m/s;-;N/A;;ScatteredClouds;
2000/7/3;19:00;24.0;18.0;69%;1010hPa;10.0km;ENE;10.8km/h/3.0m/s;-;N/A;;ScatteredClouds;
2000/7/3;19:30;24.0;18.0;69%;1010hPa;10.0km;NNE;14.4km/h/4.0m/s;-;N/A;;ScatteredClouds;
2000/7/3;20:00;23.0;18.0;73%;1010hPa;10.0km;North;7.2km/h/2.0m/s;-;N/A;;ScatteredClouds;
2000/7/3;20:30;22.0;19.0;83%;1010hPa;10.0km;North;3.6km/h/1.0m/s;-;N/A;;ScatteredClouds;
2000/7/3;21:00;22.0;18.0;78%;1011hPa;-;NNW;3.6km/h/1.0m/s;-;N/A;;Clear;
2000/7/3;21:30;21.0;18.0;83%;1011hPa;-;North;10.8km/h/3.0m/s;-;N/A;;Clear;
2000/7/3;22:00;21.0;18.0;83%;1011hPa;-;NNW;10.8km/h/3.0m/s;-;N/A;;Clear;
2000/7/3;22:30;21.0;18.0;83%;1011hPa;10.0km;Variable;7.2km/h/2.0m/s;-;N/A;Rain;LightRainShowers;
2000/7/3;23:00;20.0;18.0;88%;1011hPa;-;North;14.4km/h/4.0m/s;-;N/A;;Clear;
2000/7/3;23:30;20.0;18.0;88%;1010hPa;-;Variable;7.2km/h/2.0m/s;-;N/A;;Clear;
