2000/2/18;00:00;-4.0;-5.0;93%;1005hPa;10.0km;NW;7.2km/h/2.0m/s;-;N/A;;PartlyCloudy;
2000/2/18;00:30;-6.0;-7.0;93%;1006hPa;-;Variable;3.6km/h/1.0m/s;-;N/A;;Clear;
2000/2/18;01:00;-6.0;-7.0;93%;1006hPa;-;Variable;3.6km/h/1.0m/s;-;N/A;;Clear;
2000/2/18;01:30;-6.0;-7.0;93%;1006hPa;-;Variable;3.6km/h/1.0m/s;-;N/A;;Clear;
2000/2/18;02:30;-7.0;-7.0;100%;1007hPa;-;North;3.6km/h/1.0m/s;-;N/A;;Clear;
2000/2/18;03:00;-6.0;-7.0;93%;1006hPa;-;Variable;7.2km/h/2.0m/s;-;N/A;;Clear;
2000/2/18;03:30;-6.0;-7.0;93%;1007hPa;-;Calm;Calm;-;N/A;;Clear;
2000/2/18;04:00;-5.0;-7.0;86%;1007hPa;-;Calm;Calm;-;N/A;;Clear;
2000/2/18;04:30;-8.0;-10.0;86%;1007hPa;-;Variable;3.6km/h/1.0m/s;-;N/A;;Clear;
2000/2/18;05:00;-7.0;-8.0;93%;1007hPa;-;Variable;3.6km/h/1.0m/s;-;N/A;;Clear;
2000/2/18;05:30;-8.0;-9.0;93%;1007hPa;-;NW;7.2km/h/2.0m/s;-;N/A;;Clear;
2000/2/18;06:30;-8.0;-9.0;93%;1008hPa;-;WNW;3.6km/h/1.0m/s;-;N/A;;Clear;
2000/2/18;07:00;-8.0;-9.0;93%;1008hPa;10.0km;Variable;7.2km/h/2.0m/s;-;N/A;;ScatteredClouds;
2000/2/18;07:30;-7.0;-8.0;93%;1009hPa;10.0km;Variable;3.6km/h/1.0m/s;-;N/A;;MostlyCloudy;
2000/2/18;08:00;-7.0;-8.0;93%;1009hPa;10.0km;Calm;Calm;-;N/A;;MostlyCloudy;
2000/2/18;08:30;-6.0;-7.0;93%;1009hPa;10.0km;Calm;Calm;-;N/A;;ScatteredClouds;
2000/2/18;09:00;-4.0;-6.0;86%;1009hPa;10.0km;Variable;3.6km/h/1.0m/s;-;N/A;;PartlyCloudy;
2000/2/18;09:30;-5.0;-9.0;74%;1009hPa;-;ESE;7.2km/h/2.0m/s;-;N/A;;Clear;
2000/2/18;10:00;-4.0;-8.0;74%;1009hPa;5.0km;Variable;7.2km/h/2.0m/s;-;N/A;;PartlyCloudy;
2000/2/18;10:30;-2.0;-7.0;69%;1009hPa;6.0km;SW;3.6km/h/1.0m/s;-;N/A;;PartlyCloudy;
2000/2/18;11:00;-1.0;-6.0;69%;1009hPa;6.0km;Variable;3.6km/h/1.0m/s;-;N/A;;PartlyCloudy;
2000/2/18;11:30;-1.0;-6.0;69%;1009hPa;8.0km;Variable;7.2km/h/2.0m/s;-;N/A;;PartlyCloudy;
2000/2/18;12:00;1.0;-5.0;65%;1009hPa;9.0km;Variable;3.6km/h/1.0m/s;-;N/A;;PartlyCloudy;
2000/2/18;12:30;1.0;-4.0;70%;1009hPa;10.0km;South;7.2km/h/2.0m/s;-;N/A;;PartlyCloudy;
2000/2/18;13:00;2.0;-3.0;70%;1009hPa;10.0km;South;3.6km/h/1.0m/s;-;N/A;;ScatteredClouds;
2000/2/18;13:30;3.0;-2.0;70%;1009hPa;10.0km;SSE;7.2km/h/2.0m/s;-;N/A;;ScatteredClouds;
2000/2/18;14:00;3.0;-3.0;65%;1009hPa;10.0km;SE;3.6km/h/1.0m/s;-;N/A;;ScatteredClouds;
2000/2/18;14:30;2.0;-3.0;70%;1009hPa;10.0km;SE;7.2km/h/2.0m/s;-;N/A;;ScatteredClouds;
2000/2/18;15:00;3.0;-3.0;65%;1009hPa;10.0km;Variable;7.2km/h/2.0m/s;-;N/A;;ScatteredClouds;
2000/2/18;15:30;3.0;-4.0;60%;1009hPa;10.0km;Calm;Calm;-;N/A;;ScatteredClouds;
2000/2/18;16:00;2.0;-5.0;60%;1009hPa;10.0km;Variable;3.6km/h/1.0m/s;-;N/A;;ScatteredClouds;
2000/2/18;16:30;1.0;-5.0;65%;1009hPa;10.0km;Variable;7.2km/h/2.0m/s;-;N/A;;ScatteredClouds;
2000/2/18;17:00;-1.0;-6.0;69%;1009hPa;-;Variable;3.6km/h/1.0m/s;-;N/A;;Clear;
2000/2/18;17:30;-2.0;-7.0;69%;1009hPa;-;West;3.6km/h/1.0m/s;-;N/A;;Clear;
2000/2/18;18:00;-2.0;-7.0;69%;1009hPa;-;WNW;3.6km/h/1.0m/s;-;N/A;;Clear;
2000/2/18;18:30;-5.0;-9.0;74%;1009hPa;-;West;3.6km/h/1.0m/s;-;N/A;;Clear;
2000/2/18;19:00;-4.0;-8.0;74%;1009hPa;-;Calm;Calm;-;N/A;;Clear;
2000/2/18;19:30;-5.0;-8.0;80%;1009hPa;-;Calm;Calm;-;N/A;;Clear;
2000/2/18;20:00;-4.0;-7.0;80%;1009hPa;-;Variable;3.6km/h/1.0m/s;-;N/A;;Clear;
2000/2/18;20:30;-5.0;-8.0;80%;1009hPa;-;NNE;3.6km/h/1.0m/s;-;N/A;;Clear;
2000/2/18;21:00;-4.0;-7.0;80%;1009hPa;-;Variable;7.2km/h/2.0m/s;-;N/A;;Clear;
2000/2/18;21:30;-4.0;-6.0;86%;1009hPa;-;North;7.2km/h/2.0m/s;-;N/A;;Clear;
2000/2/18;22:00;-4.0;-7.0;80%;1009hPa;-;Variable;3.6km/h/1.0m/s;-;N/A;;Clear;
2000/2/18;22:30;-4.0;-6.0;86%;1009hPa;10.0km;North;7.2km/h/2.0m/s;-;N/A;;MostlyCloudy;
2000/2/18;23:00;-4.0;-6.0;86%;1009hPa;10.0km;North;10.8km/h/3.0m/s;-;N/A;;MostlyCloudy;
2000/2/18;23:30;-4.0;-6.0;86%;1009hPa;10.0km;Variable;3.6km/h/1.0m/s;-;N/A;;MostlyCloudy;
