2000/1/14;00:00;-6.0;-7.0;93%;1029hPa;2.9km;SE;3.6km/h/1.0m/s;-;N/A;;Overcast;
2000/1/14;00:30;-6.0;-7.0;93%;1029hPa;2.8km;ESE;3.6km/h/1.0m/s;-;N/A;;Overcast;
2000/1/14;01:00;-6.0;-7.0;93%;1029hPa;2.9km;Calm;Calm;-;N/A;;Overcast;
2000/1/14;01:30;-6.0;-7.0;93%;1029hPa;3.0km;Variable;3.6km/h/1.0m/s;-;N/A;;Overcast;
2000/1/14;02:00;-6.0;-7.0;93%;1029hPa;2.0km;SE;3.6km/h/1.0m/s;-;N/A;;Overcast;
2000/1/14;02:30;-6.0;-7.0;93%;1029hPa;2.3km;SE;7.2km/h/2.0m/s;-;N/A;Snow;LightSnow;
2000/1/14;03:00;-6.0;-7.0;93%;1029hPa;2.2km;SSE;7.2km/h/2.0m/s;-;N/A;Snow;LightSnowGrains;
2000/1/14;03:30;-6.0;-6.0;100%;1029hPa;2.9km;South;3.6km/h/1.0m/s;-;N/A;Snow;LightSnowGrains;
2000/1/14;04:00;-6.0;-6.0;100%;1029hPa;1.6km;South;3.6km/h/1.0m/s;-;N/A;Snow;LightSnowGrains;
2000/1/14;04:30;-6.0;-6.0;100%;1028hPa;2.6km;Variable;3.6km/h/1.0m/s;-;N/A;Snow;LightSnowGrains;
2000/1/14;05:00;-6.0;-6.0;100%;1028hPa;2.6km;South;3.6km/h/1.0m/s;-;N/A;Snow;LightSnowGrains;
2000/1/14;05:30;-5.0;-6.0;93%;1028hPa;2.9km;Variable;3.6km/h/1.0m/s;-;N/A;Snow;LightSnowGrains;
2000/1/14;06:30;-5.0;-6.0;93%;1028hPa;3.0km;NNE;3.6km/h/1.0m/s;-;N/A;;Overcast;
2000/1/14;07:00;-5.0;-6.0;93%;1029hPa;3.0km;North;3.6km/h/1.0m/s;-;N/A;Snow;LightSnowGrains;
2000/1/14;07:30;-5.0;-5.0;100%;1029hPa;2.7km;East;3.6km/h/1.0m/s;-;N/A;Snow;LightSnowGrains;
2000/1/14;08:00;-5.0;-5.0;100%;1029hPa;2.5km;Calm;Calm;-;N/A;;Overcast;
2000/1/14;08:30;-5.0;-5.0;100%;1029hPa;2.3km;Variable;3.6km/h/1.0m/s;-;N/A;;Overcast;
2000/1/14;09:00;-4.0;-5.0;93%;1029hPa;2.5km;Calm;Calm;-;N/A;Snow;LightSnow;
2000/1/14;09:30;-4.0;-5.0;93%;1029hPa;2.6km;Calm;Calm;-;N/A;Snow;LightSnow;
2000/1/14;10:00;-4.0;-4.0;100%;1029hPa;3.0km;Calm;Calm;-;N/A;;Overcast;
2000/1/14;10:30;-4.0;-4.0;100%;1029hPa;3.0km;Calm;Calm;-;N/A;;Overcast;
2000/1/14;11:00;-3.0;-4.0;93%;1029hPa;3.0km;WSW;3.6km/h/1.0m/s;-;N/A;Snow;LightSnow;
2000/1/14;12:00;-3.0;-3.0;100%;1029hPa;4.0km;Variable;3.6km/h/1.0m/s;-;N/A;;Overcast;
2000/1/14;12:30;-3.0;-3.0;100%;1028hPa;3.5km;South;3.6km/h/1.0m/s;-;N/A;;Overcast;
2000/1/14;13:00;-3.0;-3.0;100%;1028hPa;3.5km;South;3.6km/h/1.0m/s;-;N/A;;Overcast;
2000/1/14;13:30;-2.0;-3.0;93%;1028hPa;3.5km;Variable;3.6km/h/1.0m/s;-;N/A;;Overcast;
2000/1/14;14:00;-2.0;-3.0;93%;1028hPa;3.0km;SSE;3.6km/h/1.0m/s;-;N/A;;Overcast;
2000/1/14;14:30;-2.0;-3.0;93%;1028hPa;2.5km;South;3.6km/h/1.0m/s;-;N/A;;Overcast;
2000/1/14;15:00;-2.0;-3.0;93%;1028hPa;3.5km;SSW;7.2km/h/2.0m/s;-;N/A;;Overcast;
2000/1/14;15:30;-3.0;-3.0;100%;1028hPa;3.0km;Variable;3.6km/h/1.0m/s;-;N/A;;Overcast;
2000/1/14;16:00;-3.0;-4.0;93%;1028hPa;3.0km;East;3.6km/h/1.0m/s;-;N/A;;Overcast;
2000/1/14;16:30;-3.0;-3.0;100%;1028hPa;3.0km;ESE;3.6km/h/1.0m/s;-;N/A;;Overcast;
2000/1/14;17:00;-3.0;-3.0;100%;1028hPa;4.5km;Variable;3.6km/h/1.0m/s;-;N/A;;Overcast;
2000/1/14;17:30;-3.0;-4.0;93%;1028hPa;5.0km;Calm;Calm;-;N/A;;Overcast;
2000/1/14;18:00;-3.0;-4.0;93%;1028hPa;4.0km;WSW;3.6km/h/1.0m/s;-;N/A;;Overcast;
2000/1/14;18:30;-3.0;-3.0;100%;1028hPa;4.0km;SSW;7.2km/h/2.0m/s;-;N/A;;Overcast;
2000/1/14;19:00;-3.0;-3.0;100%;1028hPa;2.9km;South;10.8km/h/3.0m/s;-;N/A;;MostlyCloudy;
2000/1/14;19:30;-3.0;-3.0;100%;1028hPa;2.9km;SSW;10.8km/h/3.0m/s;-;N/A;;MostlyCloudy;
2000/1/14;20:00;-3.0;-3.0;100%;1028hPa;3.0km;SSW;7.2km/h/2.0m/s;-;N/A;;MostlyCloudy;
2000/1/14;20:30;-3.0;-3.0;100%;1028hPa;3.0km;SSW;7.2km/h/2.0m/s;-;N/A;;Overcast;
2000/1/14;21:00;-3.0;-3.0;100%;1028hPa;3.0km;South;7.2km/h/2.0m/s;-;N/A;;Overcast;
2000/1/14;21:30;-3.0;-3.0;100%;1028hPa;2.1km;South;10.8km/h/3.0m/s;-;N/A;;Overcast;
2000/1/14;22:00;-3.0;-3.0;100%;1028hPa;2.1km;South;7.2km/h/2.0m/s;-;N/A;;Overcast;
2000/1/14;23:30;-3.0;-4.0;93%;1028hPa;1.2km;SSE;3.6km/h/1.0m/s;-;N/A;;Overcast;
