2000/1/21;00:00;-3.0;-5.0;86%;1006hPa;-;SSW;14.4km/h/4.0m/s;-;N/A;;Clear;
2000/1/21;00:30;-3.0;-5.0;86%;1005hPa;-;SSW;14.4km/h/4.0m/s;-;N/A;;Clear;
2000/1/21;01:00;-3.0;-5.0;86%;1004hPa;-;SW;10.8km/h/3.0m/s;-;N/A;;Clear;
2000/1/21;01:30;-2.0;-4.0;86%;1004hPa;-;SW;10.8km/h/3.0m/s;-;N/A;;Clear;
2000/1/21;02:00;-2.0;-4.0;86%;1003hPa;-;SW;18.0km/h/5.0m/s;-;N/A;;Clear;
2000/1/21;02:30;-1.0;-4.0;80%;1002hPa;-;WSW;32.4km/h/9.0m/s;-;N/A;;Clear;
2000/1/21;03:00;0.0;-3.0;80%;1002hPa;10.0km;WSW;32.4km/h/9.0m/s;-;N/A;Snow;LightSnow;
2000/1/21;03:30;0.0;-2.0;87%;1001hPa;10.0km;WSW;32.4km/h/9.0m/s;-;N/A;Snow;LightSnow;
2000/1/21;04:00;0.0;-2.0;87%;1000hPa;10.0km;WSW;32.4km/h/9.0m/s;-;N/A;Snow;LightSnow;
2000/1/21;04:30;0.0;-2.0;87%;1000hPa;10.0km;WSW;32.4km/h/9.0m/s;-;N/A;Snow;LightSnow;
2000/1/21;05:00;0.0;-2.0;87%;999hPa;10.0km;SW;28.8km/h/8.0m/s;-;N/A;Snow;LightSnow;
2000/1/21;05:30;0.0;-2.0;87%;999hPa;10.0km;SW;21.6km/h/6.0m/s;-;N/A;Snow;LightSnow;
2000/1/21;06:00;0.0;-1.0;93%;998hPa;6.0km;SW;25.2km/h/7.0m/s;-;N/A;Snow;LightSnow;
2000/1/21;06:30;0.0;-2.0;87%;998hPa;10.0km;WSW;25.2km/h/7.0m/s;-;N/A;Snow;LightSnow;
2000/1/21;07:00;0.0;-2.0;87%;997hPa;-;SW;25.2km/h/7.0m/s;-;N/A;;Clear;
2000/1/21;07:30;-1.0;-2.0;93%;996hPa;10.0km;SW;25.2km/h/7.0m/s;-;N/A;;MostlyCloudy;
2000/1/21;08:00;0.0;-2.0;87%;996hPa;10.0km;SW;21.6km/h/6.0m/s;-;N/A;;MostlyCloudy;
2000/1/21;08:30;1.0;-2.0;81%;995hPa;10.0km;SSW;18.0km/h/5.0m/s;-;N/A;Snow;LightSnow;
2000/1/21;09:00;1.0;-2.0;81%;994hPa;10.0km;SSW;14.4km/h/4.0m/s;-;N/A;Snow;LightSnow;
2000/1/21;09:30;1.0;-2.0;81%;995hPa;2.7km;WSW;14.4km/h/4.0m/s;-;N/A;;MostlyCloudy;
2000/1/21;10:00;-1.0;-1.0;100%;997hPa;0.6km;North;43.2km/h/12.0m/s;-;N/A;Snow;HeavySnowShowers;
2000/1/21;10:30;-2.0;-2.0;100%;998hPa;2.4km;North;39.6km/h/11.0m/s;-;N/A;Snow;SnowShowers;
2000/1/21;11:23;-1.0;-2.0;93%;998hPa;10.0km;NNE;18.0km/h/5.0m/s;-;N/A;;MostlyCloudy;
2000/1/21;11:30;-1.0;-2.0;93%;998hPa;10.0km;North;14.4km/h/4.0m/s;-;N/A;;MostlyCloudy;
2000/1/21;12:00;-1.0;-3.0;86%;998hPa;10.0km;North;25.2km/h/7.0m/s;-;N/A;;ScatteredClouds;
2000/1/21;12:30;-1.0;-5.0;75%;998hPa;10.0km;NNW;18.0km/h/5.0m/s;-;N/A;;ScatteredClouds;
2000/1/21;13:30;-1.0;-6.0;69%;999hPa;10.0km;North;32.4km/h/9.0m/s;50.4km/h/14.0m/s;N/A;Snow;LowDriftingSnow;
2000/1/21;14:00;-1.0;-7.0;64%;999hPa;10.0km;North;32.4km/h/9.0m/s;57.6km/h/16.0m/s;N/A;Snow;LowDriftingSnow;
2000/1/21;15:00;-2.0;-6.0;74%;1001hPa;10.0km;North;32.4km/h/9.0m/s;-;N/A;Snow;LowDriftingSnow;
2000/1/21;15:30;-3.0;-6.0;80%;1002hPa;10.0km;NNE;28.8km/h/8.0m/s;-;N/A;;MostlyCloudy;
2000/1/21;16:00;-3.0;-6.0;80%;1002hPa;10.0km;North;25.2km/h/7.0m/s;-;N/A;Snow;LightSnowShowers;
2000/1/21;17:00;-5.0;-6.0;93%;1003hPa;0.7km;North;43.2km/h/12.0m/s;-;N/A;Snow;BlowingSnow;
2000/1/21;17:30;-4.0;-8.0;74%;1004hPa;10.0km;North;32.4km/h/9.0m/s;-;N/A;Snow;LowDriftingSnow;
2000/1/21;18:00;-4.0;-10.0;64%;1005hPa;10.0km;NNW;28.8km/h/8.0m/s;50.4km/h/14.0m/s;N/A;Snow;LowDriftingSnow;
2000/1/21;18:30;-4.0;-10.0;64%;1005hPa;10.0km;NNW;14.4km/h/4.0m/s;-;N/A;;MostlyCloudy;
2000/1/21;19:00;-5.0;-10.0;68%;1006hPa;10.0km;NNW;21.6km/h/6.0m/s;-;N/A;;ScatteredClouds;
2000/1/21;19:30;-5.0;-10.0;68%;1006hPa;10.0km;NNW;21.6km/h/6.0m/s;39.6km/h/11.0m/s;N/A;;ScatteredClouds;
2000/1/21;20:30;-5.0;-11.0;63%;1007hPa;10.0km;NNW;18.0km/h/5.0m/s;-;N/A;;PartlyCloudy;
2000/1/21;21:00;-4.0;-11.0;59%;1007hPa;10.0km;NNW;28.8km/h/8.0m/s;-;N/A;;ScatteredClouds;
2000/1/21;21:30;-5.0;-11.0;63%;1008hPa;10.0km;NNW;28.8km/h/8.0m/s;-;N/A;;ScatteredClouds;
2000/1/21;22:00;-5.0;-10.0;68%;1009hPa;10.0km;NNW;25.2km/h/7.0m/s;-;N/A;;ScatteredClouds;
2000/1/21;22:30;-5.0;-11.0;63%;1009hPa;10.0km;NNW;25.2km/h/7.0m/s;-;N/A;;PartlyCloudy;
2000/1/21;23:00;-5.0;-11.0;63%;1010hPa;-;NNW;25.2km/h/7.0m/s;-;N/A;;Clear;
2000/1/21;23:30;-5.0;-11.0;63%;1011hPa;-;North;28.8km/h/8.0m/s;-;N/A;;Clear;
