2000/10/30;00:00;3.0;1.0;87%;1021hPa;-;SW;3.6km/h/1.0m/s;-;N/A;;Clear;
2000/10/30;00:30;3.0;2.0;93%;1021hPa;-;WNW;7.2km/h/2.0m/s;-;N/A;;Clear;
2000/10/30;01:00;4.0;2.0;87%;1021hPa;-;WNW;7.2km/h/2.0m/s;-;N/A;;Clear;
2000/10/30;01:30;4.0;2.0;87%;1021hPa;-;Calm;Calm;-;N/A;;Clear;
2000/10/30;02:00;4.0;2.0;87%;1021hPa;-;North;3.6km/h/1.0m/s;-;N/A;;Clear;
2000/10/30;02:30;3.0;2.0;93%;1021hPa;-;Variable;3.6km/h/1.0m/s;-;N/A;;Clear;
2000/10/30;03:00;3.0;1.0;87%;1021hPa;-;Calm;Calm;-;N/A;;Clear;
2000/10/30;03:30;2.0;1.0;93%;1021hPa;-;Calm;Calm;-;N/A;;Clear;
2000/10/30;04:00;3.0;2.0;93%;1021hPa;-;North;3.6km/h/1.0m/s;-;N/A;;Clear;
2000/10/30;04:30;2.0;1.0;93%;1020hPa;-;NNW;3.6km/h/1.0m/s;-;N/A;;Clear;
2000/10/30;05:00;2.0;1.0;93%;1020hPa;-;NNW;3.6km/h/1.0m/s;-;N/A;;Clear;
2000/10/30;05:30;2.0;1.0;93%;1020hPa;-;North;7.2km/h/2.0m/s;-;N/A;;Clear;
2000/10/30;06:00;2.0;1.0;93%;1020hPa;-;North;7.2km/h/2.0m/s;-;N/A;;Clear;
2000/10/30;06:30;2.0;1.0;93%;1020hPa;6.0km;NNE;3.6km/h/1.0m/s;-;N/A;;PartlyCloudy;
2000/10/30;07:00;1.0;0.0;93%;1020hPa;5.0km;Calm;Calm;-;N/A;;PartlyCloudy;
2000/10/30;07:30;3.0;1.0;87%;1020hPa;8.0km;Calm;Calm;-;N/A;;PartlyCloudy;
2000/10/30;08:00;5.0;3.0;87%;1020hPa;7.0km;Calm;Calm;-;N/A;;PartlyCloudy;
2000/10/30;08:30;6.0;3.0;81%;1020hPa;7.0km;Variable;3.6km/h/1.0m/s;-;N/A;;PartlyCloudy;
2000/10/30;09:00;8.0;4.0;76%;1020hPa;9.0km;Variable;3.6km/h/1.0m/s;-;N/A;;PartlyCloudy;
2000/10/30;09:30;9.0;4.0;71%;1020hPa;-;Calm;Calm;-;N/A;;Clear;
2000/10/30;10:00;10.0;4.0;66%;1020hPa;9.0km;Variable;7.2km/h/2.0m/s;-;N/A;;ScatteredClouds;
2000/10/30;10:30;10.0;4.0;66%;1020hPa;9.0km;Variable;7.2km/h/2.0m/s;-;N/A;;MostlyCloudy;
2000/10/30;11:00;10.0;4.0;66%;1019hPa;10.0km;South;7.2km/h/2.0m/s;-;N/A;;Overcast;
2000/10/30;11:30;10.0;4.0;66%;1019hPa;10.0km;Variable;3.6km/h/1.0m/s;-;N/A;;Overcast;
2000/10/30;12:00;10.0;5.0;71%;1018hPa;9.0km;SSE;7.2km/h/2.0m/s;-;N/A;;Overcast;
2000/10/30;12:30;10.0;4.0;66%;1018hPa;9.0km;Variable;7.2km/h/2.0m/s;-;N/A;;MostlyCloudy;
2000/10/30;13:00;10.0;4.0;66%;1017hPa;10.0km;Variable;7.2km/h/2.0m/s;-;N/A;;MostlyCloudy;
2000/10/30;13:30;10.0;4.0;66%;1017hPa;10.0km;Variable;7.2km/h/2.0m/s;-;N/A;;MostlyCloudy;
2000/10/30;14:00;10.0;4.0;66%;1017hPa;10.0km;SSW;10.8km/h/3.0m/s;-;N/A;;MostlyCloudy;
2000/10/30;14:30;10.0;5.0;71%;1017hPa;10.0km;South;10.8km/h/3.0m/s;-;N/A;;MostlyCloudy;
2000/10/30;15:00;10.0;5.0;71%;1017hPa;10.0km;South;10.8km/h/3.0m/s;-;N/A;;Overcast;
2000/10/30;15:30;10.0;5.0;71%;1016hPa;10.0km;South;10.8km/h/3.0m/s;-;N/A;;MostlyCloudy;
2000/10/30;16:00;10.0;5.0;71%;1016hPa;10.0km;SW;7.2km/h/2.0m/s;-;N/A;;Overcast;
2000/10/30;16:30;10.0;5.0;71%;1016hPa;8.0km;WSW;3.6km/h/1.0m/s;-;N/A;;Overcast;
2000/10/30;17:00;9.0;5.0;76%;1015hPa;10.0km;West;7.2km/h/2.0m/s;-;N/A;;Overcast;
2000/10/30;17:30;9.0;5.0;76%;1015hPa;10.0km;West;3.6km/h/1.0m/s;-;N/A;;Overcast;
2000/10/30;18:00;9.0;5.0;76%;1015hPa;10.0km;WNW;3.6km/h/1.0m/s;-;N/A;;Overcast;
2000/10/30;18:30;9.0;5.0;76%;1014hPa;10.0km;NNW;7.2km/h/2.0m/s;-;N/A;;MostlyCloudy;
2000/10/30;19:00;9.0;5.0;76%;1014hPa;10.0km;North;7.2km/h/2.0m/s;-;N/A;;MostlyCloudy;
2000/10/30;19:30;9.0;5.0;76%;1014hPa;10.0km;NNW;7.2km/h/2.0m/s;-;N/A;;MostlyCloudy;
2000/10/30;20:00;9.0;5.0;76%;1014hPa;10.0km;Calm;Calm;-;N/A;;MostlyCloudy;
2000/10/30;20:30;9.0;5.0;76%;1014hPa;10.0km;NNE;3.6km/h/1.0m/s;-;N/A;;MostlyCloudy;
2000/10/30;21:00;9.0;5.0;76%;1013hPa;10.0km;North;7.2km/h/2.0m/s;-;N/A;;MostlyCloudy;
2000/10/30;21:30;9.0;5.0;76%;1013hPa;10.0km;Variable;7.2km/h/2.0m/s;-;N/A;;MostlyCloudy;
2000/10/30;22:00;9.0;6.0;82%;1013hPa;10.0km;NNE;10.8km/h/3.0m/s;-;N/A;;Overcast;
2000/10/30;22:30;9.0;5.0;76%;1013hPa;10.0km;Variable;3.6km/h/1.0m/s;-;N/A;;MostlyCloudy;
2000/10/30;23:00;9.0;6.0;82%;1013hPa;10.0km;NW;3.6km/h/1.0m/s;-;N/A;;MostlyCloudy;
2000/10/30;23:30;10.0;6.0;76%;1013hPa;10.0km;Variable;3.6km/h/1.0m/s;-;N/A;;MostlyCloudy;
