2000/7/10;00:00;10.0;8.0;87%;1008hPa;-;Variable;3.6km/h/1.0m/s;-;N/A;;Clear;
2000/7/10;00:30;9.0;7.0;87%;1008hPa;-;Variable;3.6km/h/1.0m/s;-;N/A;;Clear;
2000/7/10;01:00;8.0;7.0;93%;1008hPa;-;WSW;7.2km/h/2.0m/s;-;N/A;;Clear;
2000/7/10;01:30;8.0;7.0;93%;1008hPa;-;NNW;3.6km/h/1.0m/s;-;N/A;;Clear;
2000/7/10;02:00;7.0;6.0;93%;1008hPa;5.0km;Calm;Calm;-;N/A;;PartlyCloudy;
2000/7/10;02:30;8.0;6.0;87%;1008hPa;5.0km;NW;3.6km/h/1.0m/s;-;N/A;;PartlyCloudy;
2000/7/10;03:00;8.0;7.0;93%;1008hPa;5.0km;NNW;3.6km/h/1.0m/s;-;N/A;;PartlyCloudy;
2000/7/10;03:30;8.0;6.0;87%;1008hPa;10.0km;Variable;3.6km/h/1.0m/s;-;N/A;;PartlyCloudy;
2000/7/10;04:00;7.0;6.0;93%;1008hPa;8.0km;North;3.6km/h/1.0m/s;-;N/A;;PartlyCloudy;
2000/7/10;04:30;7.0;6.0;93%;1008hPa;7.0km;Calm;Calm;-;N/A;;MostlyCloudy;
2000/7/10;05:00;7.0;5.0;87%;1008hPa;9.0km;Variable;3.6km/h/1.0m/s;-;N/A;;MostlyCloudy;
2000/7/10;05:30;7.0;6.0;93%;1008hPa;3.0km;Variable;3.6km/h/1.0m/s;-;N/A;Fog;PatchesofFog;
2000/7/10;06:00;7.0;6.0;93%;1008hPa;0.1km;Variable;3.6km/h/1.0m/s;-;N/A;Fog;Fog;
2000/7/10;06:30;8.0;7.0;93%;1008hPa;3.0km;Variable;3.6km/h/1.0m/s;-;N/A;;ScatteredClouds;
2000/7/10;07:00;9.0;8.0;93%;1008hPa;2.5km;Variable;3.6km/h/1.0m/s;-;N/A;;MostlyCloudy;
2000/7/10;07:30;11.0;10.0;94%;1008hPa;2.5km;Calm;Calm;-;N/A;;ScatteredClouds;
2000/7/10;08:00;13.0;10.0;82%;1008hPa;5.0km;Variable;3.6km/h/1.0m/s;-;N/A;;ScatteredClouds;
2000/7/10;08:30;12.0;10.0;88%;1008hPa;4.0km;Variable;7.2km/h/2.0m/s;-;N/A;;MostlyCloudy;
2000/7/10;09:00;14.0;11.0;82%;1008hPa;2.0km;Variable;7.2km/h/2.0m/s;-;N/A;;ScatteredClouds;
2000/7/10;09:30;16.0;11.0;72%;1008hPa;3.5km;SW;14.4km/h/4.0m/s;-;N/A;;MostlyCloudy;
2000/7/10;10:00;15.0;11.0;77%;1008hPa;10.0km;Variable;7.2km/h/2.0m/s;-;N/A;;MostlyCloudy;
2000/7/10;10:30;17.0;11.0;68%;1007hPa;7.0km;Variable;7.2km/h/2.0m/s;-;N/A;;MostlyCloudy;
2000/7/10;11:00;18.0;12.0;68%;1008hPa;7.0km;SW;10.8km/h/3.0m/s;-;N/A;;ScatteredClouds;
2000/7/10;11:30;19.0;12.0;64%;1007hPa;10.0km;SSW;18.0km/h/5.0m/s;-;N/A;;ScatteredClouds;
2000/7/10;12:00;19.0;12.0;64%;1007hPa;10.0km;SW;18.0km/h/5.0m/s;-;N/A;;ScatteredClouds;
2000/7/10;12:30;20.0;11.0;56%;1007hPa;10.0km;SSW;18.0km/h/5.0m/s;-;N/A;;ScatteredClouds;
2000/7/10;13:00;20.0;12.0;60%;1007hPa;10.0km;SSW;21.6km/h/6.0m/s;-;N/A;;ScatteredClouds;
2000/7/10;13:30;21.0;12.0;56%;1007hPa;10.0km;SSW;21.6km/h/6.0m/s;-;N/A;;MostlyCloudy;
2000/7/10;14:00;22.0;10.0;46%;1007hPa;10.0km;SSW;25.2km/h/7.0m/s;-;N/A;;ScatteredClouds;
2000/7/10;14:30;21.0;10.0;49%;1007hPa;10.0km;SSW;21.6km/h/6.0m/s;39.6km/h/11.0m/s;N/A;;MostlyCloudy;
2000/7/10;15:00;22.0;10.0;46%;1007hPa;10.0km;SSW;21.6km/h/6.0m/s;-;N/A;;ScatteredClouds;
2000/7/10;15:30;21.0;10.0;49%;1006hPa;10.0km;SSW;25.2km/h/7.0m/s;-;N/A;;MostlyCloudy;
2000/7/10;16:00;21.0;10.0;49%;1006hPa;10.0km;SSW;21.6km/h/6.0m/s;-;N/A;;MostlyCloudy;
2000/7/10;16:30;22.0;11.0;50%;1006hPa;10.0km;SSW;28.8km/h/8.0m/s;-;N/A;;ScatteredClouds;
2000/7/10;17:00;23.0;10.0;44%;1006hPa;-;South;25.2km/h/7.0m/s;-;N/A;;Clear;
2000/7/10;17:30;23.0;10.0;44%;1006hPa;-;South;21.6km/h/6.0m/s;-;N/A;;Clear;
2000/7/10;18:00;23.0;9.0;41%;1006hPa;-;SSW;21.6km/h/6.0m/s;-;N/A;;Clear;
2000/7/10;18:30;22.0;11.0;50%;1006hPa;-;SSW;18.0km/h/5.0m/s;-;N/A;;Clear;
2000/7/10;19:00;22.0;10.0;46%;1006hPa;-;SSW;21.6km/h/6.0m/s;-;N/A;;Clear;
2000/7/10;19:30;22.0;9.0;43%;1006hPa;-;SSW;18.0km/h/5.0m/s;-;N/A;;Clear;
2000/7/10;20:00;21.0;10.0;49%;1006hPa;-;SSW;14.4km/h/4.0m/s;-;N/A;;Clear;
2000/7/10;20:30;19.0;10.0;56%;1006hPa;-;SSW;14.4km/h/4.0m/s;-;N/A;;Clear;
2000/7/10;21:00;18.0;10.0;59%;1006hPa;-;SSW;10.8km/h/3.0m/s;-;N/A;;Clear;
2000/7/10;21:30;17.0;10.0;63%;1006hPa;-;Variable;7.2km/h/2.0m/s;-;N/A;;Clear;
2000/7/10;22:00;17.0;10.0;63%;1006hPa;-;Variable;3.6km/h/1.0m/s;-;N/A;;Clear;
2000/7/10;22:30;17.0;10.0;63%;1007hPa;-;Calm;Calm;-;N/A;;Clear;
2000/7/10;23:00;15.0;10.0;72%;1007hPa;-;Calm;Calm;-;N/A;;Clear;
2000/7/10;23:30;15.0;10.0;72%;1007hPa;-;Variable;3.6km/h/1.0m/s;-;N/A;;Clear;
