2000/2/10;00:00;-1.0;-3.0;86%;1017hPa;-;Variable;3.6km/h/1.0m/s;-;N/A;;Clear;
2000/2/10;00:30;-1.0;-3.0;86%;1017hPa;-;Variable;3.6km/h/1.0m/s;-;N/A;;Clear;
2000/2/10;01:00;-2.0;-3.0;93%;1017hPa;-;Variable;3.6km/h/1.0m/s;-;N/A;;Clear;
2000/2/10;01:30;-2.0;-3.0;93%;1017hPa;-;Calm;Calm;-;N/A;;Clear;
2000/2/10;02:00;-3.0;-3.0;100%;1017hPa;-;Variable;3.6km/h/1.0m/s;-;N/A;;Clear;
2000/2/10;02:30;-2.0;-3.0;93%;1017hPa;-;South;7.2km/h/2.0m/s;-;N/A;;Clear;
2000/2/10;03:00;-3.0;-4.0;93%;1017hPa;-;Variable;3.6km/h/1.0m/s;-;N/A;;Clear;
2000/2/10;03:30;-2.0;-3.0;93%;1017hPa;-;Variable;3.6km/h/1.0m/s;-;N/A;;Clear;
2000/2/10;04:00;-2.0;-4.0;86%;1018hPa;-;Variable;3.6km/h/1.0m/s;-;N/A;;Clear;
2000/2/10;04:30;-2.0;-4.0;86%;1018hPa;-;Variable;3.6km/h/1.0m/s;-;N/A;;Clear;
2000/2/10;05:00;-2.0;-4.0;86%;1018hPa;-;NNW;7.2km/h/2.0m/s;-;N/A;;Clear;
2000/2/10;05:30;-2.0;-4.0;86%;1019hPa;-;Variable;3.6km/h/1.0m/s;-;N/A;;Clear;
2000/2/10;06:00;-2.0;-4.0;86%;1019hPa;-;NW;3.6km/h/1.0m/s;-;N/A;;Clear;
2000/2/10;06:30;-2.0;-3.0;93%;1019hPa;10.0km;NNW;3.6km/h/1.0m/s;-;N/A;;ScatteredClouds;
2000/2/10;07:00;-3.0;-4.0;93%;1020hPa;10.0km;Calm;Calm;-;N/A;;ScatteredClouds;
2000/2/10;07:30;-2.0;-3.0;93%;1020hPa;-;North;3.6km/h/1.0m/s;-;N/A;;Clear;
2000/2/10;08:00;-1.0;-3.0;86%;1021hPa;-;NNW;7.2km/h/2.0m/s;-;N/A;;Clear;
2000/2/10;08:30;0.0;-2.0;87%;1021hPa;-;Variable;3.6km/h/1.0m/s;-;N/A;;Clear;
2000/2/10;09:00;1.0;-1.0;87%;1022hPa;-;Calm;Calm;-;N/A;;Clear;
2000/2/10;09:30;1.0;-1.0;87%;1022hPa;-;Variable;3.6km/h/1.0m/s;-;N/A;;Clear;
2000/2/10;10:00;3.0;-1.0;75%;1022hPa;10.0km;Variable;3.6km/h/1.0m/s;-;N/A;;ScatteredClouds;
2000/2/10;10:30;3.0;-1.0;75%;1023hPa;10.0km;Variable;3.6km/h/1.0m/s;-;N/A;;PartlyCloudy;
2000/2/10;11:00;5.0;0.0;70%;1023hPa;10.0km;Variable;3.6km/h/1.0m/s;-;N/A;;PartlyCloudy;
2000/2/10;11:30;6.0;-1.0;61%;1023hPa;10.0km;Variable;3.6km/h/1.0m/s;-;N/A;;ScatteredClouds;
2000/2/10;12:00;6.0;-1.0;61%;1023hPa;10.0km;Variable;3.6km/h/1.0m/s;-;N/A;;ScatteredClouds;
2000/2/10;12:30;7.0;-2.0;53%;1024hPa;10.0km;Variable;3.6km/h/1.0m/s;-;N/A;;ScatteredClouds;
2000/2/10;13:00;8.0;-1.0;53%;1024hPa;10.0km;Variable;3.6km/h/1.0m/s;-;N/A;;ScatteredClouds;
2000/2/10;13:30;8.0;0.0;57%;1024hPa;10.0km;Variable;3.6km/h/1.0m/s;-;N/A;;PartlyCloudy;
2000/2/10;14:00;9.0;0.0;54%;1023hPa;10.0km;Variable;3.6km/h/1.0m/s;-;N/A;;PartlyCloudy;
2000/2/10;14:30;8.0;0.0;57%;1023hPa;10.0km;Variable;3.6km/h/1.0m/s;-;N/A;;PartlyCloudy;
2000/2/10;15:00;8.0;0.0;57%;1023hPa;10.0km;Variable;3.6km/h/1.0m/s;-;N/A;;PartlyCloudy;
2000/2/10;15:30;8.0;0.0;57%;1024hPa;10.0km;ESE;3.6km/h/1.0m/s;-;N/A;;ScatteredClouds;
2000/2/10;16:00;8.0;0.0;57%;1024hPa;10.0km;East;7.2km/h/2.0m/s;-;N/A;;ScatteredClouds;
2000/2/10;16:30;7.0;-1.0;57%;1024hPa;10.0km;ESE;7.2km/h/2.0m/s;-;N/A;;ScatteredClouds;
2000/2/10;17:00;4.0;-2.0;65%;1024hPa;10.0km;East;10.8km/h/3.0m/s;-;N/A;;ScatteredClouds;
2000/2/10;17:30;2.0;-2.0;75%;1024hPa;10.0km;Variable;3.6km/h/1.0m/s;-;N/A;;PartlyCloudy;
2000/2/10;18:00;2.0;-1.0;81%;1024hPa;10.0km;Calm;Calm;-;N/A;;ScatteredClouds;
2000/2/10;18:30;3.0;0.0;81%;1025hPa;10.0km;NW;3.6km/h/1.0m/s;-;N/A;;MostlyCloudy;
2000/2/10;19:00;3.0;-1.0;75%;1025hPa;10.0km;Variable;3.6km/h/1.0m/s;-;N/A;;MostlyCloudy;
2000/2/10;19:30;3.0;0.0;81%;1025hPa;10.0km;Variable;3.6km/h/1.0m/s;-;N/A;;MostlyCloudy;
2000/2/10;20:00;3.0;0.0;81%;1025hPa;-;Variable;3.6km/h/1.0m/s;-;N/A;;Clear;
2000/2/10;20:30;3.0;0.0;81%;1025hPa;-;SW;7.2km/h/2.0m/s;-;N/A;;Clear;
2000/2/10;21:00;3.0;0.0;81%;1025hPa;-;SSW;7.2km/h/2.0m/s;-;N/A;;Clear;
2000/2/10;23:00;2.0;0.0;87%;1024hPa;-;SW;7.2km/h/2.0m/s;-;N/A;;Clear;
2000/2/10;23:30;2.0;0.0;87%;1024hPa;-;SW;10.8km/h/3.0m/s;-;N/A;;Clear;
