2000/1/9;00:00;-4.0;-4.0;100%;1028hPa;3.0km;SSW;7.2km/h/2.0m/s;-;N/A;;Overcast;
2000/1/9;00:30;-4.0;-4.0;100%;1028hPa;3.0km;South;3.6km/h/1.0m/s;-;N/A;;Overcast;
2000/1/9;01:00;-4.0;-4.0;100%;1028hPa;3.5km;South;3.6km/h/1.0m/s;-;N/A;;Overcast;
2000/1/9;01:30;-4.0;-4.0;100%;1028hPa;2.5km;South;3.6km/h/1.0m/s;-;N/A;;Overcast;
2000/1/9;02:00;-4.0;-4.0;100%;1028hPa;2.0km;South;3.6km/h/1.0m/s;-;N/A;;Overcast;
2000/1/9;02:30;-4.0;-4.0;100%;1028hPa;1.9km;South;7.2km/h/2.0m/s;-;N/A;;Overcast;
2000/1/9;03:00;-4.0;-4.0;100%;1028hPa;2.0km;South;3.6km/h/1.0m/s;-;N/A;;Overcast;
2000/1/9;03:30;-4.0;-4.0;100%;1028hPa;3.0km;SSW;7.2km/h/2.0m/s;-;N/A;;Overcast;
2000/1/9;04:00;-4.0;-4.0;100%;1028hPa;3.5km;SW;3.6km/h/1.0m/s;-;N/A;;Overcast;
2000/1/9;05:00;-4.0;-4.0;100%;1028hPa;3.5km;SSW;3.6km/h/1.0m/s;-;N/A;;Overcast;
2000/1/9;05:30;-4.0;-4.0;100%;1028hPa;4.5km;SW;7.2km/h/2.0m/s;-;N/A;;Overcast;
2000/1/9;06:00;-4.0;-5.0;93%;1028hPa;3.0km;SW;7.2km/h/2.0m/s;-;N/A;;Overcast;
2000/1/9;06:30;-4.0;-5.0;93%;1028hPa;3.0km;SW;7.2km/h/2.0m/s;-;N/A;;Overcast;
2000/1/9;07:00;-4.0;-5.0;93%;1028hPa;3.0km;South;3.6km/h/1.0m/s;-;N/A;;Overcast;
2000/1/9;07:30;-4.0;-5.0;93%;1028hPa;2.0km;Variable;7.2km/h/2.0m/s;-;N/A;;Overcast;
2000/1/9;08:00;-4.0;-5.0;93%;1028hPa;2.0km;South;7.2km/h/2.0m/s;-;N/A;;Overcast;
2000/1/9;08:30;-4.0;-5.0;93%;1028hPa;2.0km;South;3.6km/h/1.0m/s;-;N/A;;Overcast;
2000/1/9;09:00;-4.0;-5.0;93%;1028hPa;2.5km;South;7.2km/h/2.0m/s;-;N/A;;Overcast;
2000/1/9;09:30;-4.0;-4.0;100%;1028hPa;2.6km;South;7.2km/h/2.0m/s;-;N/A;;Overcast;
2000/1/9;10:00;-4.0;-5.0;93%;1028hPa;2.8km;SSW;3.6km/h/1.0m/s;-;N/A;;MostlyCloudy;
2000/1/9;10:30;-4.0;-5.0;93%;1028hPa;2.8km;SSW;7.2km/h/2.0m/s;-;N/A;;MostlyCloudy;
2000/1/9;11:00;-4.0;-5.0;93%;1028hPa;3.5km;SSW;3.6km/h/1.0m/s;-;N/A;;MostlyCloudy;
2000/1/9;11:30;-4.0;-4.0;100%;1028hPa;2.9km;Variable;3.6km/h/1.0m/s;-;N/A;;Overcast;
2000/1/9;12:00;-4.0;-4.0;100%;1028hPa;3.5km;SW;3.6km/h/1.0m/s;-;N/A;;MostlyCloudy;
2000/1/9;12:30;-4.0;-4.0;100%;1028hPa;3.5km;SSW;3.6km/h/1.0m/s;-;N/A;;MostlyCloudy;
2000/1/9;13:00;-4.0;-4.0;100%;1028hPa;3.0km;SW;7.2km/h/2.0m/s;-;N/A;;MostlyCloudy;
2000/1/9;13:30;-4.0;-4.0;100%;1027hPa;2.5km;Variable;3.6km/h/1.0m/s;-;N/A;;MostlyCloudy;
2000/1/9;14:30;-3.0;-4.0;93%;1028hPa;2.0km;Variable;3.6km/h/1.0m/s;-;N/A;;MostlyCloudy;
2000/1/9;15:00;-3.0;-4.0;93%;1028hPa;1.8km;Variable;3.6km/h/1.0m/s;-;N/A;;MostlyCloudy;
2000/1/9;15:30;-4.0;-4.0;100%;1027hPa;2.0km;SSW;7.2km/h/2.0m/s;-;N/A;;MostlyCloudy;
2000/1/9;16:00;-4.0;-4.0;100%;1028hPa;1.7km;South;3.6km/h/1.0m/s;-;N/A;;MostlyCloudy;
2000/1/9;16:30;-4.0;-4.0;100%;1027hPa;1.5km;SE;3.6km/h/1.0m/s;-;N/A;;MostlyCloudy;
2000/1/9;17:00;-4.0;-4.0;100%;1028hPa;2.2km;SSE;3.6km/h/1.0m/s;-;N/A;;MostlyCloudy;
2000/1/9;17:30;-4.0;-4.0;100%;1028hPa;2.5km;SSE;3.6km/h/1.0m/s;-;N/A;;MostlyCloudy;
2000/1/9;18:00;-4.0;-4.0;100%;1028hPa;3.0km;South;3.6km/h/1.0m/s;-;N/A;;Overcast;
2000/1/9;18:30;-4.0;-4.0;100%;1028hPa;3.0km;South;7.2km/h/2.0m/s;-;N/A;;Overcast;
2000/1/9;19:00;-4.0;-4.0;100%;1028hPa;3.5km;South;3.6km/h/1.0m/s;-;N/A;;Overcast;
2000/1/9;19:17;-4.0;-4.0;100%;1028hPa;3.5km;South;3.6km/h/1.0m/s;-;N/A;;Overcast;
2000/1/9;19:30;-4.0;-4.0;100%;1028hPa;3.0km;SSE;3.6km/h/1.0m/s;-;N/A;;Overcast;
2000/1/9;20:00;-4.0;-4.0;100%;1028hPa;2.5km;SSE;3.6km/h/1.0m/s;-;N/A;;Overcast;
2000/1/9;20:30;-4.0;-4.0;100%;1028hPa;2.5km;South;3.6km/h/1.0m/s;-;N/A;;Overcast;
2000/1/9;21:00;-4.0;-4.0;100%;1028hPa;3.0km;South;3.6km/h/1.0m/s;-;N/A;;Overcast;
2000/1/9;21:30;-4.0;-4.0;100%;1028hPa;2.5km;South;3.6km/h/1.0m/s;-;N/A;;Overcast;
2000/1/9;22:00;-4.0;-4.0;100%;1028hPa;2.5km;SSE;7.2km/h/2.0m/s;-;N/A;;Overcast;
2000/1/9;22:30;-4.0;-5.0;93%;1028hPa;2.5km;South;3.6km/h/1.0m/s;-;N/A;;Overcast;
2000/1/9;23:00;-4.0;-4.0;100%;1028hPa;2.5km;South;3.6km/h/1.0m/s;-;N/A;;Overcast;
2000/1/9;23:30;-4.0;-5.0;93%;1028hPa;2.5km;Variable;3.6km/h/1.0m/s;-;N/A;;Overcast;
