2000/2/9;00:00;5.0;4.0;93%;1006hPa;4.0km;SSW;18.0km/h/5.0m/s;-;N/A;;LightDrizzle;
2000/2/9;00:30;5.0;4.0;93%;1005hPa;4.0km;SSW;18.0km/h/5.0m/s;-;N/A;;LightDrizzle;
2000/2/9;01:00;5.0;4.0;93%;1005hPa;4.0km;SSW;18.0km/h/5.0m/s;-;N/A;;LightDrizzle;
2000/2/9;01:30;4.0;4.0;100%;1004hPa;4.0km;SSW;14.4km/h/4.0m/s;-;N/A;;LightDrizzle;
2000/2/9;02:30;4.0;4.0;100%;1004hPa;-;SW;18.0km/h/5.0m/s;-;N/A;;LightDrizzle;
2000/2/9;03:00;4.0;3.0;93%;1004hPa;3.5km;SSW;10.8km/h/3.0m/s;-;N/A;;LightDrizzle;
2000/2/9;03:30;4.0;4.0;100%;1004hPa;3.0km;South;18.0km/h/5.0m/s;-;N/A;;Overcast;
2000/2/9;04:00;4.0;3.0;93%;1004hPa;3.0km;South;18.0km/h/5.0m/s;-;N/A;;Overcast;
2000/2/9;04:30;4.0;4.0;100%;1004hPa;2.8km;South;14.4km/h/4.0m/s;-;N/A;;Overcast;
2000/2/9;05:00;5.0;4.0;93%;1004hPa;3.5km;SSE;10.8km/h/3.0m/s;-;N/A;;Overcast;
2000/2/9;05:30;5.0;4.0;93%;1004hPa;3.0km;South;10.8km/h/3.0m/s;-;N/A;;Overcast;
2000/2/9;06:00;4.0;4.0;100%;1005hPa;4.0km;SSW;14.4km/h/4.0m/s;-;N/A;;Overcast;
2000/2/9;06:30;4.0;4.0;100%;1005hPa;4.0km;South;10.8km/h/3.0m/s;-;N/A;;Overcast;
2000/2/9;07:00;5.0;4.0;93%;1006hPa;3.5km;Variable;3.6km/h/1.0m/s;-;N/A;;Overcast;
2000/2/9;07:30;5.0;4.0;93%;1007hPa;5.0km;NNE;14.4km/h/4.0m/s;-;N/A;Rain;LightRain;
2000/2/9;08:00;4.0;3.0;93%;1007hPa;5.0km;Variable;7.2km/h/2.0m/s;-;N/A;Rain;LightRain;
2000/2/9;08:30;4.0;3.0;93%;1007hPa;5.0km;North;7.2km/h/2.0m/s;-;N/A;Rain;LightRain;
2000/2/9;09:00;4.0;3.0;93%;1007hPa;5.0km;North;7.2km/h/2.0m/s;-;N/A;;Overcast;
2000/2/9;09:30;5.0;4.0;93%;1007hPa;5.0km;North;10.8km/h/3.0m/s;-;N/A;;Overcast;
2000/2/9;10:00;6.0;5.0;93%;1008hPa;-;NNW;7.2km/h/2.0m/s;-;N/A;;Clear;
2000/2/9;10:30;7.0;5.0;87%;1008hPa;-;Variable;3.6km/h/1.0m/s;-;N/A;;Clear;
2000/2/9;11:00;7.0;5.0;87%;1009hPa;-;Variable;3.6km/h/1.0m/s;-;N/A;;Clear;
2000/2/9;11:30;7.0;5.0;87%;1009hPa;-;SSW;7.2km/h/2.0m/s;-;N/A;;Clear;
2000/2/9;12:00;7.0;5.0;87%;1009hPa;-;Variable;7.2km/h/2.0m/s;-;N/A;;Clear;
2000/2/9;13:00;8.0;5.0;81%;1009hPa;5.0km;SSW;3.6km/h/1.0m/s;-;N/A;;Overcast;
2000/2/9;13:30;7.0;5.0;87%;1009hPa;7.0km;Variable;3.6km/h/1.0m/s;-;N/A;;Overcast;
2000/2/9;15:00;8.0;5.0;81%;1010hPa;8.0km;Variable;3.6km/h/1.0m/s;-;N/A;;Overcast;
2000/2/9;15:30;7.0;5.0;87%;1011hPa;7.0km;North;10.8km/h/3.0m/s;-;N/A;Rain;LightRain;
2000/2/9;16:00;6.0;2.0;76%;1012hPa;8.0km;North;18.0km/h/5.0m/s;39.6km/h/11.0m/s;N/A;;Overcast;
2000/2/9;17:00;4.0;1.0;81%;1013hPa;10.0km;NE;14.4km/h/4.0m/s;-;N/A;;MostlyCloudy;
2000/2/9;18:30;3.0;0.0;81%;1014hPa;-;ESE;3.6km/h/1.0m/s;-;N/A;;Clear;
2000/2/9;19:30;2.0;0.0;87%;1015hPa;-;West;3.6km/h/1.0m/s;-;N/A;;Clear;
2000/2/9;20:00;1.0;0.0;93%;1015hPa;-;Variable;3.6km/h/1.0m/s;-;N/A;;Clear;
2000/2/9;20:30;2.0;0.0;87%;1016hPa;-;Variable;7.2km/h/2.0m/s;-;N/A;;Clear;
2000/2/9;21:00;1.0;-1.0;87%;1016hPa;-;Variable;3.6km/h/1.0m/s;-;N/A;;Clear;
2000/2/9;21:30;0.0;-2.0;87%;1016hPa;-;Calm;Calm;-;N/A;;Clear;
2000/2/9;22:30;-1.0;-3.0;86%;1016hPa;-;Calm;Calm;-;N/A;;Clear;
2000/2/9;23:00;-1.0;-2.0;93%;1017hPa;-;Variable;3.6km/h/1.0m/s;-;N/A;;Clear;
2000/2/9;23:30;-1.0;-2.0;93%;1016hPa;-;North;3.6km/h/1.0m/s;-;N/A;;Clear;
