2000/12/13;00:00;4.0;4.0;100%;1022hPa;0.8km;North;7.2km/h/2.0m/s;-;N/A;Fog;Fog;
2000/12/13;00:30;4.0;4.0;100%;1022hPa;0.5km;North;3.6km/h/1.0m/s;-;N/A;Fog;Fog;
2000/12/13;01:00;5.0;5.0;100%;1022hPa;0.4km;NNW;7.2km/h/2.0m/s;-;N/A;Fog;Fog;
2000/12/13;01:30;5.0;5.0;100%;1022hPa;1.2km;NNE;3.6km/h/1.0m/s;-;N/A;;Overcast;
2000/12/13;02:00;5.0;5.0;100%;1022hPa;1.5km;North;3.6km/h/1.0m/s;-;N/A;;Overcast;
2000/12/13;02:30;5.0;5.0;100%;1022hPa;1.5km;Variable;3.6km/h/1.0m/s;-;N/A;Fog;PatchesofFog;
2000/12/13;03:00;5.0;5.0;100%;1021hPa;0.4km;Calm;Calm;-;N/A;Fog;Fog;
2000/12/13;03:30;5.0;5.0;100%;1021hPa;0.4km;Calm;Calm;-;N/A;Fog;Fog;
2000/12/13;04:00;5.0;5.0;100%;1021hPa;0.5km;Calm;Calm;-;N/A;Fog;Fog;
2000/12/13;04:30;5.0;5.0;100%;1021hPa;0.2km;SSW;3.6km/h/1.0m/s;-;N/A;Fog;Fog;
2000/12/13;05:00;5.0;5.0;100%;1021hPa;0.8km;SSW;3.6km/h/1.0m/s;-;N/A;Fog;Fog;
2000/12/13;05:30;5.0;5.0;100%;1021hPa;0.1km;Variable;3.6km/h/1.0m/s;-;N/A;Fog;Fog;
2000/12/13;06:00;5.0;5.0;100%;1020hPa;0.9km;WSW;3.6km/h/1.0m/s;-;N/A;Fog;Fog;
2000/12/13;06:30;5.0;5.0;100%;1020hPa;0.9km;Variable;3.6km/h/1.0m/s;-;N/A;Fog;LightDrizzle;
2000/12/13;07:00;5.0;5.0;100%;1020hPa;2.5km;WSW;3.6km/h/1.0m/s;-;N/A;;Overcast;
2000/12/13;07:30;5.0;5.0;100%;1020hPa;3.5km;West;3.6km/h/1.0m/s;-;N/A;Rain;LightRain;
2000/12/13;08:00;5.0;5.0;100%;1020hPa;4.0km;SW;3.6km/h/1.0m/s;-;N/A;Rain;LightRain;
2000/12/13;08:30;5.0;5.0;100%;1020hPa;1.5km;Variable;3.6km/h/1.0m/s;-;N/A;Rain;LightRain;
2000/12/13;09:00;5.0;5.0;100%;1021hPa;1.0km;Variable;3.6km/h/1.0m/s;-;N/A;Rain;LightRain;
2000/12/13;09:30;5.0;5.0;100%;1021hPa;1.0km;SE;7.2km/h/2.0m/s;-;N/A;Rain;LightRain;
2000/12/13;10:00;5.0;5.0;100%;1020hPa;1.1km;Variable;7.2km/h/2.0m/s;-;N/A;Rain;LightRain;
2000/12/13;10:30;5.0;5.0;100%;1020hPa;1.2km;SSE;3.6km/h/1.0m/s;-;N/A;Rain;LightRain;
2000/12/13;11:00;5.0;5.0;100%;1020hPa;1.6km;Variable;7.2km/h/2.0m/s;-;N/A;Rain;LightRain;
2000/12/13;11:30;5.0;5.0;100%;1020hPa;3.0km;Variable;3.6km/h/1.0m/s;-;N/A;Rain;LightRain;
2000/12/13;12:00;6.0;6.0;100%;1019hPa;2.5km;SE;7.2km/h/2.0m/s;-;N/A;;Overcast;
2000/12/13;12:30;6.0;6.0;100%;1019hPa;3.0km;Variable;7.2km/h/2.0m/s;-;N/A;;Overcast;
2000/12/13;13:00;6.0;6.0;100%;1019hPa;3.0km;SW;10.8km/h/3.0m/s;-;N/A;;Overcast;
2000/12/13;13:30;6.0;6.0;100%;1018hPa;3.0km;SW;7.2km/h/2.0m/s;-;N/A;;Overcast;
2000/12/13;14:00;6.0;6.0;100%;1019hPa;2.5km;WSW;10.8km/h/3.0m/s;-;N/A;;Overcast;
2000/12/13;14:30;6.0;6.0;100%;1019hPa;2.0km;SW;7.2km/h/2.0m/s;-;N/A;;Overcast;
2000/12/13;15:00;6.0;6.0;100%;1019hPa;2.0km;Variable;3.6km/h/1.0m/s;-;N/A;;Overcast;
2000/12/13;15:30;6.0;6.0;100%;1018hPa;0.5km;SSW;7.2km/h/2.0m/s;-;N/A;Fog;Fog;
2000/12/13;16:00;6.0;6.0;100%;1018hPa;0.3km;Variable;3.6km/h/1.0m/s;-;N/A;Fog;Fog;
2000/12/13;16:30;6.0;6.0;100%;1018hPa;0.2km;Calm;Calm;-;N/A;Fog;Fog;
2000/12/13;17:00;6.0;6.0;100%;1018hPa;0.2km;Calm;Calm;-;N/A;Fog;LightDrizzle;
2000/12/13;17:30;6.0;6.0;100%;1018hPa;0.2km;Calm;Calm;-;N/A;Fog;LightDrizzle;
2000/12/13;18:00;6.0;6.0;100%;1018hPa;0.3km;NNW;3.6km/h/1.0m/s;-;N/A;Fog;LightDrizzle;
2000/12/13;18:30;6.0;6.0;100%;1018hPa;0.3km;Calm;Calm;-;N/A;Fog;LightDrizzle;
2000/12/13;19:00;6.0;6.0;100%;1018hPa;0.2km;Calm;Calm;-;N/A;Fog;LightDrizzle;
2000/12/13;19:30;6.0;6.0;100%;1019hPa;0.4km;North;3.6km/h/1.0m/s;-;N/A;Fog;LightDrizzle;
2000/12/13;20:00;6.0;6.0;100%;1018hPa;0.3km;Variable;3.6km/h/1.0m/s;-;N/A;Fog;LightDrizzle;
2000/12/13;20:30;6.0;6.0;100%;1018hPa;0.4km;Variable;3.6km/h/1.0m/s;-;N/A;Fog;LightDrizzle;
2000/12/13;21:00;6.0;6.0;100%;1018hPa;0.5km;Calm;Calm;-;N/A;Fog;LightDrizzle;
2000/12/13;21:30;6.0;6.0;100%;1018hPa;0.4km;Calm;Calm;-;N/A;Fog;LightDrizzle;
2000/12/13;22:00;6.0;6.0;100%;1018hPa;0.2km;ENE;3.6km/h/1.0m/s;-;N/A;Fog;LightDrizzle;
2000/12/13;22:30;6.0;6.0;100%;1018hPa;0.1km;NE;3.6km/h/1.0m/s;-;N/A;Fog;LightDrizzle;
2000/12/13;23:00;6.0;6.0;100%;1017hPa;0.1km;NE;3.6km/h/1.0m/s;-;N/A;Fog;LightDrizzle;
2000/12/13;23:30;6.0;6.0;100%;1017hPa;0.1km;North;3.6km/h/1.0m/s;-;N/A;Fog;LightDrizzle;
