2000/9/3;00:00;15.0;13.0;88%;1007hPa;10.0km;NNE;7.2km/h/2.0m/s;-;N/A;;ScatteredClouds;
2000/9/3;01:30;15.0;13.0;88%;1007hPa;3.5km;Variable;7.2km/h/2.0m/s;-;N/A;Rain;LightRainShowers;
2000/9/3;02:00;15.0;13.0;88%;1007hPa;6.0km;North;7.2km/h/2.0m/s;-;N/A;Rain;LightRainShowers;
2000/9/3;02:30;15.0;13.0;88%;1007hPa;6.0km;Variable;3.6km/h/1.0m/s;-;N/A;Rain;LightRain;
2000/9/3;03:00;15.0;13.0;88%;1007hPa;3.5km;Variable;7.2km/h/2.0m/s;-;N/A;;Overcast;
2000/9/3;03:30;15.0;14.0;94%;1007hPa;3.5km;Variable;7.2km/h/2.0m/s;-;N/A;Rain;LightRain;
2000/9/3;04:00;15.0;14.0;94%;1007hPa;3.5km;NW;3.6km/h/1.0m/s;-;N/A;Rain;LightRain;
2000/9/3;04:30;14.0;13.0;94%;1007hPa;3.5km;NNE;7.2km/h/2.0m/s;-;N/A;Rain;Rain;
2000/9/3;05:00;14.0;13.0;94%;1006hPa;5.0km;North;10.8km/h/3.0m/s;-;N/A;Rain;Rain;
2000/9/3;05:30;14.0;13.0;94%;1006hPa;8.0km;North;7.2km/h/2.0m/s;-;N/A;Rain;LightRain;
2000/9/3;06:00;14.0;13.0;94%;1006hPa;6.0km;NNW;7.2km/h/2.0m/s;-;N/A;;Overcast;
2000/9/3;06:30;14.0;13.0;94%;1006hPa;6.0km;Variable;3.6km/h/1.0m/s;-;N/A;Rain;LightRain;
2000/9/3;07:00;14.0;13.0;94%;1007hPa;6.0km;ESE;3.6km/h/1.0m/s;-;N/A;Rain;LightRain;
2000/9/3;07:30;14.0;13.0;94%;1006hPa;7.0km;Variable;7.2km/h/2.0m/s;-;N/A;Rain;LightRain;
2000/9/3;08:00;14.0;13.0;94%;1007hPa;7.0km;Calm;Calm;-;N/A;Rain;LightRain;
2000/9/3;08:30;15.0;13.0;88%;1007hPa;7.0km;Variable;3.6km/h/1.0m/s;-;N/A;;Overcast;
2000/9/3;09:00;15.0;13.0;88%;1007hPa;6.0km;Variable;3.6km/h/1.0m/s;-;N/A;Rain;LightRain;
2000/9/3;09:30;15.0;13.0;88%;1007hPa;6.0km;Variable;3.6km/h/1.0m/s;-;N/A;Rain;LightRain;
2000/9/3;10:00;15.0;13.0;88%;1007hPa;7.0km;Variable;3.6km/h/1.0m/s;-;N/A;Rain;LightRain;
2000/9/3;10:30;15.0;14.0;94%;1007hPa;7.0km;Variable;7.2km/h/2.0m/s;-;N/A;Rain;LightRain;
2000/9/3;11:00;16.0;14.0;88%;1007hPa;7.0km;Variable;3.6km/h/1.0m/s;-;N/A;;Overcast;
2000/9/3;11:30;16.0;14.0;88%;1007hPa;7.0km;Variable;7.2km/h/2.0m/s;-;N/A;;MostlyCloudy;
2000/9/3;12:00;18.0;13.0;73%;1007hPa;8.0km;South;10.8km/h/3.0m/s;-;N/A;;Overcast;
2000/9/3;12:30;18.0;14.0;77%;1007hPa;8.0km;Variable;7.2km/h/2.0m/s;-;N/A;;MostlyCloudy;
2000/9/3;13:00;19.0;14.0;73%;1007hPa;10.0km;Variable;3.6km/h/1.0m/s;-;N/A;;ScatteredClouds;
2000/9/3;13:30;21.0;14.0;64%;1007hPa;10.0km;South;10.8km/h/3.0m/s;-;N/A;;ScatteredClouds;
2000/9/3;14:00;20.0;14.0;68%;1007hPa;10.0km;South;10.8km/h/3.0m/s;-;N/A;;MostlyCloudy;
2000/9/3;14:30;20.0;13.0;64%;1007hPa;10.0km;South;14.4km/h/4.0m/s;-;N/A;;ScatteredClouds;
2000/9/3;15:00;20.0;12.0;60%;1006hPa;10.0km;South;14.4km/h/4.0m/s;-;N/A;;ScatteredClouds;
2000/9/3;15:30;21.0;12.0;56%;1006hPa;10.0km;SW;14.4km/h/4.0m/s;-;N/A;;ScatteredClouds;
2000/9/3;16:00;19.0;10.0;56%;1007hPa;10.0km;NW;14.4km/h/4.0m/s;-;N/A;;MostlyCloudy;
2000/9/3;16:30;17.0;10.0;63%;1007hPa;10.0km;North;14.4km/h/4.0m/s;-;N/A;;MostlyCloudy;
2000/9/3;17:00;17.0;12.0;72%;1007hPa;10.0km;NNE;14.4km/h/4.0m/s;-;N/A;;ScatteredClouds;
2000/9/3;17:30;17.0;11.0;68%;1007hPa;10.0km;Variable;7.2km/h/2.0m/s;-;N/A;;MostlyCloudy;
2000/9/3;18:00;17.0;12.0;72%;1007hPa;-;ENE;10.8km/h/3.0m/s;-;N/A;;Clear;
2000/9/3;18:30;16.0;12.0;77%;1007hPa;-;NE;10.8km/h/3.0m/s;-;N/A;;Clear;
2000/9/3;19:00;16.0;12.0;77%;1008hPa;-;Variable;3.6km/h/1.0m/s;-;N/A;;Clear;
2000/9/3;19:30;15.0;12.0;82%;1008hPa;-;Variable;7.2km/h/2.0m/s;-;N/A;;Clear;
2000/9/3;20:00;15.0;12.0;82%;1008hPa;-;Variable;3.6km/h/1.0m/s;-;N/A;;Clear;
2000/9/3;20:30;15.0;12.0;82%;1008hPa;-;Variable;3.6km/h/1.0m/s;-;N/A;;Clear;
2000/9/3;21:00;14.0;12.0;88%;1009hPa;-;Calm;Calm;-;N/A;;Clear;
2000/9/3;21:30;13.0;11.0;88%;1009hPa;-;Variable;7.2km/h/2.0m/s;-;N/A;;Clear;
2000/9/3;22:00;13.0;10.0;82%;1009hPa;-;NNE;3.6km/h/1.0m/s;-;N/A;;Clear;
2000/9/3;22:30;12.0;10.0;88%;1009hPa;-;NNW;3.6km/h/1.0m/s;-;N/A;;Clear;
2000/9/3;23:00;12.0;10.0;88%;1009hPa;-;NW;7.2km/h/2.0m/s;-;N/A;;Clear;
2000/9/3;23:30;11.0;10.0;94%;1009hPa;-;Calm;Calm;-;N/A;;Clear;
