2000/5/29;00:00;18.0;11.0;64%;1010hPa;10.0km;Calm;Calm;-;N/A;;ScatteredClouds;
2000/5/29;00:30;19.0;11.0;60%;1010hPa;10.0km;South;7.2km/h/2.0m/s;-;N/A;;ScatteredClouds;
2000/5/29;01:00;21.0;12.0;56%;1011hPa;10.0km;SW;18.0km/h/5.0m/s;39.6km/h/11.0m/s;N/A;Rain,Thunderstorm;LightThunderstormsandRain;
2000/5/29;01:30;18.0;15.0;83%;1011hPa;10.0km;South;14.4km/h/4.0m/s;-;N/A;Rain,Thunderstorm;LightThunderstormsandRain;
2000/5/29;02:00;18.0;15.0;83%;1010hPa;10.0km;South;10.8km/h/3.0m/s;-;N/A;Rain,Thunderstorm;LightThunderstormsandRain;
2000/5/29;02:30;18.0;15.0;83%;1011hPa;10.0km;Calm;Calm;-;N/A;Rain,Thunderstorm;LightThunderstormsandRain;
2000/5/29;03:00;18.0;15.0;83%;1010hPa;10.0km;Variable;3.6km/h/1.0m/s;-;N/A;Rain;LightRainShowers;
2000/5/29;03:30;17.0;14.0;82%;1009hPa;10.0km;WNW;7.2km/h/2.0m/s;-;N/A;;ScatteredClouds;
2000/5/29;04:00;16.0;14.0;88%;1009hPa;10.0km;North;3.6km/h/1.0m/s;-;N/A;;ScatteredClouds;
2000/5/29;04:30;16.0;14.0;88%;1009hPa;8.0km;Variable;3.6km/h/1.0m/s;-;N/A;;ScatteredClouds;
2000/5/29;05:00;15.0;14.0;94%;1009hPa;7.0km;Variable;7.2km/h/2.0m/s;-;N/A;;MostlyCloudy;
2000/5/29;05:30;16.0;14.0;88%;1009hPa;10.0km;WNW;7.2km/h/2.0m/s;-;N/A;;ScatteredClouds;
2000/5/29;06:00;16.0;14.0;88%;1009hPa;9.0km;Variable;7.2km/h/2.0m/s;-;N/A;;MostlyCloudy;
2000/5/29;06:30;16.0;15.0;94%;1011hPa;2.0km;West;18.0km/h/5.0m/s;-;N/A;Rain,Thunderstorm;HeavyThunderstormsandRain;
2000/5/29;07:00;16.0;14.0;88%;1009hPa;10.0km;Variable;3.6km/h/1.0m/s;-;N/A;;MostlyCloudy;
2000/5/29;07:30;17.0;15.0;88%;1010hPa;10.0km;East;3.6km/h/1.0m/s;-;N/A;;Overcast;
2000/5/29;08:00;17.0;15.0;88%;1010hPa;10.0km;Variable;3.6km/h/1.0m/s;-;N/A;;MostlyCloudy;
2000/5/29;08:30;19.0;16.0;83%;1010hPa;10.0km;Variable;3.6km/h/1.0m/s;-;N/A;;MostlyCloudy;
2000/5/29;09:00;20.0;16.0;78%;1010hPa;10.0km;Variable;3.6km/h/1.0m/s;-;N/A;;ScatteredClouds;
2000/5/29;09:30;20.0;15.0;73%;1010hPa;10.0km;Calm;Calm;-;N/A;;MostlyCloudy;
2000/5/29;10:00;21.0;16.0;73%;1010hPa;10.0km;Calm;Calm;-;N/A;;ScatteredClouds;
2000/5/29;10:30;21.0;15.0;68%;1010hPa;10.0km;Variable;7.2km/h/2.0m/s;-;N/A;;MostlyCloudy;
2000/5/29;11:00;21.0;16.0;73%;1010hPa;10.0km;South;10.8km/h/3.0m/s;-;N/A;;MostlyCloudy;
2000/5/29;11:30;22.0;15.0;64%;1010hPa;9.0km;South;14.4km/h/4.0m/s;-;N/A;;MostlyCloudy;
2000/5/29;12:00;22.0;16.0;69%;1009hPa;10.0km;SSE;10.8km/h/3.0m/s;-;N/A;;Overcast;
2000/5/29;12:30;22.0;14.0;60%;1010hPa;10.0km;South;18.0km/h/5.0m/s;-;N/A;;Overcast;
2000/5/29;13:00;21.0;14.0;64%;1010hPa;10.0km;WSW;28.8km/h/8.0m/s;-;N/A;;Overcast;
2000/5/29;13:30;20.0;13.0;64%;1010hPa;10.0km;West;18.0km/h/5.0m/s;-;N/A;;Overcast;
2000/5/29;14:00;18.0;14.0;77%;1011hPa;10.0km;West;18.0km/h/5.0m/s;-;N/A;;MostlyCloudy;
2000/5/29;14:11;18.0;14.0;77%;1011hPa;10.0km;West;18.0km/h/5.0m/s;-;N/A;;ScatteredClouds;
2000/5/29;14:30;15.0;12.0;82%;1012hPa;7.0km;NNE;21.6km/h/6.0m/s;-;N/A;Rain;RainShowers;
2000/5/29;15:00;13.0;12.0;94%;1012hPa;8.0km;North;21.6km/h/6.0m/s;-;N/A;Rain;LightRainShowers;
2000/5/29;15:30;13.0;11.0;88%;1012hPa;10.0km;North;21.6km/h/6.0m/s;-;N/A;Rain;LightRainShowers;
2000/5/29;16:00;13.0;11.0;88%;1011hPa;10.0km;NNE;18.0km/h/5.0m/s;-;N/A;Rain;LightRainShowers;
2000/5/29;16:30;14.0;12.0;88%;1011hPa;10.0km;North;18.0km/h/5.0m/s;-;N/A;;MostlyCloudy;
2000/5/29;17:00;14.0;11.0;82%;1011hPa;10.0km;North;25.2km/h/7.0m/s;-;N/A;;Overcast;
2000/5/29;17:30;14.0;11.0;82%;1011hPa;10.0km;North;21.6km/h/6.0m/s;-;N/A;;Overcast;
2000/5/29;18:00;14.0;11.0;82%;1011hPa;10.0km;North;21.6km/h/6.0m/s;-;N/A;;Overcast;
2000/5/29;18:30;14.0;10.0;77%;1012hPa;10.0km;NNE;21.6km/h/6.0m/s;-;N/A;;MostlyCloudy;
2000/5/29;19:00;13.0;10.0;82%;1012hPa;10.0km;North;25.2km/h/7.0m/s;-;N/A;;MostlyCloudy;
2000/5/29;19:30;13.0;10.0;82%;1012hPa;10.0km;North;18.0km/h/5.0m/s;-;N/A;;MostlyCloudy;
2000/5/29;20:00;13.0;10.0;82%;1012hPa;10.0km;North;18.0km/h/5.0m/s;-;N/A;;MostlyCloudy;
2000/5/29;20:30;13.0;10.0;82%;1012hPa;10.0km;NNE;18.0km/h/5.0m/s;-;N/A;;MostlyCloudy;
2000/5/29;21:00;13.0;10.0;82%;1013hPa;10.0km;North;21.6km/h/6.0m/s;-;N/A;;Overcast;
2000/5/29;21:30;13.0;9.0;77%;1013hPa;10.0km;North;21.6km/h/6.0m/s;-;N/A;;Overcast;
2000/5/29;22:00;13.0;9.0;77%;1014hPa;10.0km;NNE;21.6km/h/6.0m/s;-;N/A;;MostlyCloudy;
2000/5/29;22:30;13.0;9.0;77%;1014hPa;10.0km;NNE;18.0km/h/5.0m/s;-;N/A;Rain;LightRain;
2000/5/29;23:00;13.0;9.0;77%;1014hPa;10.0km;North;14.4km/h/4.0m/s;-;N/A;Rain;LightRainShowers;
2000/5/29;23:30;13.0;9.0;77%;1014hPa;10.0km;NNE;7.2km/h/2.0m/s;-;N/A;;MostlyCloudy;
