2000/5/20;00:00;13.0;10.0;82%;1008hPa;10.0km;North;21.6km/h/6.0m/s;-;N/A;Rain;LightRain;
2000/5/20;00:30;13.0;10.0;82%;1008hPa;10.0km;North;21.6km/h/6.0m/s;-;N/A;Rain;LightRain;
2000/5/20;01:00;12.0;9.0;82%;1008hPa;10.0km;NNE;18.0km/h/5.0m/s;-;N/A;Rain;LightRain;
2000/5/20;01:30;12.0;9.0;82%;1008hPa;10.0km;NNE;14.4km/h/4.0m/s;-;N/A;;Overcast;
2000/5/20;02:00;12.0;9.0;82%;1008hPa;10.0km;North;18.0km/h/5.0m/s;-;N/A;;Overcast;
2000/5/20;02:30;12.0;9.0;82%;1008hPa;10.0km;North;10.8km/h/3.0m/s;-;N/A;;Overcast;
2000/5/20;03:00;12.0;9.0;82%;1008hPa;10.0km;North;10.8km/h/3.0m/s;-;N/A;;MostlyCloudy;
2000/5/20;03:30;12.0;9.0;82%;1008hPa;10.0km;Variable;3.6km/h/1.0m/s;-;N/A;;MostlyCloudy;
2000/5/20;04:00;12.0;9.0;82%;1008hPa;-;Variable;3.6km/h/1.0m/s;-;N/A;;Clear;
2000/5/20;04:30;12.0;8.0;77%;1008hPa;-;North;3.6km/h/1.0m/s;-;N/A;;Clear;
2000/5/20;05:00;11.0;8.0;82%;1008hPa;-;Variable;3.6km/h/1.0m/s;-;N/A;;Clear;
2000/5/20;05:30;11.0;9.0;88%;1008hPa;-;Variable;3.6km/h/1.0m/s;-;N/A;;Clear;
2000/5/20;06:00;12.0;9.0;82%;1008hPa;-;North;7.2km/h/2.0m/s;-;N/A;;Clear;
2000/5/20;06:30;12.0;9.0;82%;1008hPa;-;Variable;3.6km/h/1.0m/s;-;N/A;;Clear;
2000/5/20;07:00;13.0;9.0;77%;1009hPa;10.0km;Variable;7.2km/h/2.0m/s;-;N/A;;MostlyCloudy;
2000/5/20;07:30;15.0;9.0;67%;1009hPa;-;Variable;3.6km/h/1.0m/s;-;N/A;;Clear;
2000/5/20;08:00;14.0;8.0;67%;1009hPa;10.0km;Variable;7.2km/h/2.0m/s;-;N/A;;MostlyCloudy;
2000/5/20;08:30;15.0;9.0;67%;1009hPa;10.0km;Variable;7.2km/h/2.0m/s;-;N/A;;MostlyCloudy;
2000/5/20;09:00;16.0;9.0;63%;1009hPa;10.0km;Variable;7.2km/h/2.0m/s;-;N/A;;MostlyCloudy;
2000/5/20;09:30;16.0;8.0;59%;1009hPa;10.0km;Variable;7.2km/h/2.0m/s;-;N/A;;MostlyCloudy;
2000/5/20;10:00;17.0;8.0;55%;1009hPa;10.0km;Variable;7.2km/h/2.0m/s;-;N/A;;MostlyCloudy;
2000/5/20;10:30;16.0;7.0;55%;1009hPa;10.0km;NNE;10.8km/h/3.0m/s;-;N/A;;MostlyCloudy;
2000/5/20;11:00;16.0;8.0;59%;1009hPa;10.0km;Variable;7.2km/h/2.0m/s;-;N/A;;MostlyCloudy;
2000/5/20;11:20;16.0;8.0;59%;1009hPa;10.0km;Variable;7.2km/h/2.0m/s;-;N/A;;ScatteredClouds;
2000/5/20;11:30;17.0;8.0;55%;1009hPa;10.0km;Variable;7.2km/h/2.0m/s;-;N/A;;MostlyCloudy;
2000/5/20;12:00;17.0;8.0;55%;1009hPa;10.0km;Variable;7.2km/h/2.0m/s;-;N/A;Rain;LightRainShowers;
2000/5/20;12:30;16.0;10.0;68%;1009hPa;10.0km;Variable;7.2km/h/2.0m/s;-;N/A;Rain;LightRainShowers;
2000/5/20;13:00;16.0;8.0;59%;1009hPa;10.0km;Variable;3.6km/h/1.0m/s;-;N/A;;Overcast;
2000/5/20;13:30;17.0;9.0;59%;1009hPa;10.0km;Variable;3.6km/h/1.0m/s;-;N/A;;MostlyCloudy;
2000/5/20;14:00;19.0;8.0;49%;1008hPa;10.0km;Variable;3.6km/h/1.0m/s;-;N/A;;ScatteredClouds;
2000/5/20;14:30;19.0;10.0;56%;1008hPa;10.0km;Variable;3.6km/h/1.0m/s;-;N/A;;ScatteredClouds;
2000/5/20;15:00;18.0;9.0;56%;1008hPa;10.0km;Variable;3.6km/h/1.0m/s;-;N/A;;ScatteredClouds;
2000/5/20;15:30;19.0;8.0;49%;1008hPa;10.0km;Variable;7.2km/h/2.0m/s;-;N/A;;MostlyCloudy;
2000/5/20;16:00;18.0;9.0;56%;1007hPa;-;SSE;10.8km/h/3.0m/s;-;N/A;;Clear;
2000/5/20;16:30;19.0;9.0;52%;1007hPa;-;South;10.8km/h/3.0m/s;-;N/A;;Clear;
2000/5/20;17:00;18.0;8.0;52%;1007hPa;10.0km;South;14.4km/h/4.0m/s;-;N/A;;MostlyCloudy;
2000/5/20;17:30;18.0;8.0;52%;1007hPa;10.0km;South;10.8km/h/3.0m/s;-;N/A;;MostlyCloudy;
2000/5/20;18:00;18.0;8.0;52%;1007hPa;10.0km;South;10.8km/h/3.0m/s;-;N/A;;MostlyCloudy;
2000/5/20;18:30;17.0;8.0;55%;1007hPa;10.0km;South;10.8km/h/3.0m/s;-;N/A;;MostlyCloudy;
2000/5/20;19:00;17.0;9.0;59%;1007hPa;10.0km;Variable;7.2km/h/2.0m/s;-;N/A;;MostlyCloudy;
2000/5/20;19:30;15.0;8.0;63%;1007hPa;10.0km;North;21.6km/h/6.0m/s;-;N/A;;MostlyCloudy;
2000/5/20;20:00;15.0;8.0;63%;1007hPa;10.0km;North;18.0km/h/5.0m/s;-;N/A;;MostlyCloudy;
2000/5/20;20:30;14.0;8.0;67%;1007hPa;10.0km;NNE;18.0km/h/5.0m/s;-;N/A;;MostlyCloudy;
2000/5/20;21:00;13.0;9.0;77%;1007hPa;10.0km;North;14.4km/h/4.0m/s;-;N/A;Rain;LightRain;
2000/5/20;21:30;13.0;9.0;77%;1007hPa;10.0km;North;18.0km/h/5.0m/s;-;N/A;Rain;LightRain;
2000/5/20;22:00;13.0;10.0;82%;1007hPa;10.0km;North;10.8km/h/3.0m/s;-;N/A;Rain;LightRain;
2000/5/20;22:30;12.0;9.0;82%;1008hPa;8.0km;NNW;14.4km/h/4.0m/s;-;N/A;Rain;Rain;
2000/5/20;23:00;12.0;9.0;82%;1008hPa;10.0km;North;14.4km/h/4.0m/s;-;N/A;Rain;LightRain;
2000/5/20;23:30;11.0;9.0;88%;1008hPa;10.0km;Variable;7.2km/h/2.0m/s;-;N/A;Rain;LightRain;
