2000/11/30;00:00;0.0;0.0;100%;1025hPa;0.3km;SE;7.2km/h/2.0m/s;-;N/A;Fog;Fog;
2000/11/30;00:30;1.0;1.0;100%;1024hPa;0.3km;SSE;7.2km/h/2.0m/s;-;N/A;Fog;Fog;
2000/11/30;01:00;1.0;1.0;100%;1024hPa;0.2km;Variable;3.6km/h/1.0m/s;-;N/A;Fog;Fog;
2000/11/30;01:30;1.0;1.0;100%;1024hPa;0.4km;WSW;3.6km/h/1.0m/s;-;N/A;Fog;Fog;
2000/11/30;02:00;1.0;1.0;100%;1024hPa;1.6km;South;3.6km/h/1.0m/s;-;N/A;;Overcast;
2000/11/30;02:30;1.0;1.0;100%;1024hPa;0.2km;ESE;7.2km/h/2.0m/s;-;N/A;Fog;Fog;
2000/11/30;03:00;1.0;1.0;100%;1024hPa;0.4km;SE;7.2km/h/2.0m/s;-;N/A;Fog;Fog;
2000/11/30;03:30;1.0;1.0;100%;1024hPa;0.3km;SSE;3.6km/h/1.0m/s;-;N/A;Fog;Fog;
2000/11/30;04:00;1.0;1.0;100%;1024hPa;0.3km;SSE;3.6km/h/1.0m/s;-;N/A;Fog;Fog;
2000/11/30;04:30;1.0;1.0;100%;1024hPa;0.2km;ESE;7.2km/h/2.0m/s;-;N/A;Fog;Fog;
2000/11/30;05:00;1.0;1.0;100%;1024hPa;0.2km;Variable;3.6km/h/1.0m/s;-;N/A;Fog;Fog;
2000/11/30;05:30;1.0;1.0;100%;1024hPa;0.2km;Calm;Calm;-;N/A;Fog;Fog;
2000/11/30;06:00;1.0;1.0;100%;1024hPa;0.2km;Calm;Calm;-;N/A;Fog;Fog;
2000/11/30;06:30;2.0;2.0;100%;1024hPa;0.2km;Variable;3.6km/h/1.0m/s;-;N/A;Fog;Fog;
2000/11/30;07:00;2.0;2.0;100%;1024hPa;0.2km;Variable;3.6km/h/1.0m/s;-;N/A;Fog;Fog;
2000/11/30;07:30;1.0;1.0;100%;1024hPa;0.2km;Calm;Calm;-;N/A;Fog;Fog;
2000/11/30;08:00;1.0;1.0;100%;1025hPa;0.1km;Variable;3.6km/h/1.0m/s;-;N/A;Fog;Fog;
2000/11/30;08:30;1.0;1.0;100%;1025hPa;0.1km;Variable;3.6km/h/1.0m/s;-;N/A;Fog;Fog;
2000/11/30;09:00;2.0;2.0;100%;1025hPa;0.1km;Variable;3.6km/h/1.0m/s;-;N/A;Fog;Fog;
2000/11/30;09:30;2.0;2.0;100%;1025hPa;0.1km;Variable;3.6km/h/1.0m/s;-;N/A;Fog;Fog;
2000/11/30;10:00;2.0;2.0;100%;1025hPa;0.2km;Variable;3.6km/h/1.0m/s;-;N/A;Fog;Fog;
2000/11/30;10:30;2.0;2.0;100%;1025hPa;0.3km;Variable;3.6km/h/1.0m/s;-;N/A;Fog;Fog;
2000/11/30;11:00;2.0;2.0;100%;1025hPa;0.5km;Variable;3.6km/h/1.0m/s;-;N/A;Fog;Fog;
2000/11/30;11:30;3.0;3.0;100%;1025hPa;0.9km;Variable;3.6km/h/1.0m/s;-;N/A;Fog;Fog;
2000/11/30;12:00;4.0;3.0;93%;1024hPa;0.9km;Variable;7.2km/h/2.0m/s;-;N/A;Fog;Fog;
2000/11/30;12:30;4.0;3.0;93%;1024hPa;0.9km;Variable;7.2km/h/2.0m/s;-;N/A;Fog;Fog;
2000/11/30;13:00;4.0;3.0;93%;1024hPa;0.7km;SSE;7.2km/h/2.0m/s;-;N/A;Fog;Fog;
2000/11/30;13:30;3.0;3.0;100%;1024hPa;0.3km;Variable;7.2km/h/2.0m/s;-;N/A;Fog;Fog;
2000/11/30;14:00;4.0;3.0;93%;1024hPa;0.8km;SSE;7.2km/h/2.0m/s;-;N/A;Fog;Fog;
2000/11/30;14:30;4.0;3.0;93%;1024hPa;0.4km;Variable;7.2km/h/2.0m/s;-;N/A;Fog;Fog;
2000/11/30;15:00;3.0;2.0;93%;1024hPa;0.1km;SSE;7.2km/h/2.0m/s;-;N/A;Fog;Fog;
2000/11/30;15:30;2.0;2.0;100%;1024hPa;0.1km;Variable;7.2km/h/2.0m/s;-;N/A;Fog;Fog;
2000/11/30;16:00;2.0;2.0;100%;1024hPa;0.1km;Variable;3.6km/h/1.0m/s;-;N/A;Fog;Fog;
2000/11/30;16:30;1.0;1.0;100%;1024hPa;0.1km;Variable;3.6km/h/1.0m/s;-;N/A;Fog;Fog;
2000/11/30;17:00;1.0;1.0;100%;1024hPa;0.1km;Calm;Calm;-;N/A;Fog;Fog;
2000/11/30;17:30;1.0;1.0;100%;1024hPa;0.1km;Calm;Calm;-;N/A;Fog;Drizzle;
2000/11/30;18:00;0.0;0.0;100%;1024hPa;0.1km;Variable;3.6km/h/1.0m/s;-;N/A;Fog;Drizzle;
2000/11/30;18:30;0.0;0.0;100%;1024hPa;0.2km;West;3.6km/h/1.0m/s;-;N/A;Fog;LightDrizzle;
2000/11/30;19:00;0.0;0.0;100%;1024hPa;0.3km;West;3.6km/h/1.0m/s;-;N/A;Fog;Fog;
2000/11/30;19:30;0.0;0.0;100%;1024hPa;0.1km;Variable;3.6km/h/1.0m/s;-;N/A;Fog;LightFreezingFog;
2000/11/30;20:00;-1.0;-1.0;100%;1024hPa;0.1km;Calm;Calm;-;N/A;Fog;LightFreezingFog;
2000/11/30;20:30;-1.0;-1.0;100%;1024hPa;0.1km;Calm;Calm;-;N/A;Fog;LightFreezingFog;
2000/11/30;21:00;-1.0;-1.0;100%;1025hPa;0.1km;Calm;Calm;-;N/A;Fog;LightFreezingFog;
2000/11/30;21:30;-1.0;-1.0;100%;1024hPa;0.1km;Calm;Calm;-;N/A;Fog;LightFreezingFog;
2000/11/30;22:00;-1.0;-1.0;100%;1024hPa;0.0km;Calm;Calm;-;N/A;Fog;LightFreezingFog;
2000/11/30;22:30;-1.0;-1.0;100%;1025hPa;0.1km;Calm;Calm;-;N/A;Fog;LightFreezingFog;
2000/11/30;23:00;-1.0;-1.0;100%;1025hPa;0.8km;North;3.6km/h/1.0m/s;-;N/A;Fog;LightFreezingFog;
2000/11/30;23:30;-1.0;-1.0;100%;1025hPa;0.5km;Variable;3.6km/h/1.0m/s;-;N/A;;PartlyCloudy;
