2000/11/3;00:00;6.0;6.0;100%;1015hPa;4.0km;Variable;3.6km/h/1.0m/s;-;N/A;;Overcast;
2000/11/3;00:30;6.0;5.0;93%;1015hPa;5.0km;ESE;3.6km/h/1.0m/s;-;N/A;;Overcast;
2000/11/3;01:00;6.0;6.0;100%;1015hPa;7.0km;SSE;3.6km/h/1.0m/s;-;N/A;;Overcast;
2000/11/3;01:30;6.0;6.0;100%;1015hPa;7.0km;Calm;Calm;-;N/A;;Overcast;
2000/11/3;02:00;6.0;5.0;93%;1015hPa;7.0km;Calm;Calm;-;N/A;;Overcast;
2000/11/3;02:30;7.0;6.0;93%;1015hPa;8.0km;WNW;7.2km/h/2.0m/s;-;N/A;;Overcast;
2000/11/3;03:00;7.0;6.0;93%;1015hPa;8.0km;Variable;3.6km/h/1.0m/s;-;N/A;;Overcast;
2000/11/3;03:30;7.0;6.0;93%;1015hPa;7.0km;ESE;3.6km/h/1.0m/s;-;N/A;;Overcast;
2000/11/3;04:00;7.0;6.0;93%;1015hPa;7.0km;SSE;3.6km/h/1.0m/s;-;N/A;;Overcast;
2000/11/3;04:30;7.0;6.0;93%;1015hPa;6.0km;Variable;7.2km/h/2.0m/s;-;N/A;;Overcast;
2000/11/3;05:00;7.0;6.0;93%;1015hPa;6.0km;Variable;3.6km/h/1.0m/s;-;N/A;;Overcast;
2000/11/3;05:30;7.0;6.0;93%;1015hPa;-;South;7.2km/h/2.0m/s;-;N/A;;Overcast;
2000/11/3;06:00;7.0;6.0;93%;1015hPa;4.5km;Variable;3.6km/h/1.0m/s;-;N/A;;Overcast;
2000/11/3;06:30;7.0;6.0;93%;1015hPa;1.5km;Variable;3.6km/h/1.0m/s;-;N/A;;LightDrizzle;
2000/11/3;07:00;7.0;6.0;93%;1015hPa;1.5km;NNE;3.6km/h/1.0m/s;-;N/A;;LightDrizzle;
2000/11/3;07:30;7.0;6.0;93%;1015hPa;3.0km;Variable;3.6km/h/1.0m/s;-;N/A;;Overcast;
2000/11/3;08:00;7.0;7.0;100%;1015hPa;3.5km;Variable;3.6km/h/1.0m/s;-;N/A;;Overcast;
2000/11/3;08:30;7.0;7.0;100%;1015hPa;3.5km;Calm;Calm;-;N/A;;Overcast;
2000/11/3;09:00;8.0;7.0;93%;1015hPa;3.5km;Calm;Calm;-;N/A;;Overcast;
2000/11/3;09:30;8.0;7.0;93%;1015hPa;3.5km;Variable;3.6km/h/1.0m/s;-;N/A;Rain;LightRain;
2000/11/3;10:00;8.0;7.0;93%;1015hPa;3.0km;Variable;3.6km/h/1.0m/s;-;N/A;Rain;LightRain;
2000/11/3;10:30;8.0;8.0;100%;1015hPa;2.0km;Calm;Calm;-;N/A;;Overcast;
2000/11/3;11:00;8.0;8.0;100%;1015hPa;1.5km;Variable;3.6km/h/1.0m/s;-;N/A;;LightDrizzle;
2000/11/3;11:30;9.0;8.0;93%;1015hPa;1.2km;Calm;Calm;-;N/A;;LightDrizzle;
2000/11/3;12:00;9.0;8.0;93%;1015hPa;0.8km;Calm;Calm;-;N/A;Fog;LightDrizzle;
2000/11/3;12:30;9.0;9.0;100%;1014hPa;0.8km;Calm;Calm;-;N/A;Fog;Drizzle;
2000/11/3;13:00;9.0;9.0;100%;1014hPa;1.1km;Variable;3.6km/h/1.0m/s;-;N/A;;LightDrizzle;
2000/11/3;13:30;9.0;9.0;100%;1014hPa;1.4km;Variable;3.6km/h/1.0m/s;-;N/A;;LightDrizzle;
2000/11/3;14:00;10.0;9.0;94%;1014hPa;1.3km;Calm;Calm;-;N/A;;Overcast;
2000/11/3;14:30;10.0;9.0;94%;1014hPa;2.3km;Variable;7.2km/h/2.0m/s;-;N/A;;Overcast;
2000/11/3;15:00;10.0;10.0;100%;1014hPa;2.5km;West;7.2km/h/2.0m/s;-;N/A;;Overcast;
2000/11/3;15:30;10.0;9.0;94%;1014hPa;2.5km;West;7.2km/h/2.0m/s;-;N/A;;Overcast;
2000/11/3;16:00;10.0;9.0;94%;1014hPa;2.5km;Calm;Calm;-;N/A;;Overcast;
2000/11/3;16:30;10.0;9.0;94%;1014hPa;2.0km;NE;3.6km/h/1.0m/s;-;N/A;;Overcast;
2000/11/3;17:00;10.0;9.0;94%;1014hPa;2.0km;Variable;3.6km/h/1.0m/s;-;N/A;;Overcast;
2000/11/3;17:30;9.0;9.0;100%;1014hPa;4.0km;West;3.6km/h/1.0m/s;-;N/A;;ScatteredClouds;
2000/11/3;18:00;9.0;8.0;93%;1014hPa;1.0km;Calm;Calm;-;N/A;Fog;ShallowFog;
2000/11/3;18:30;8.0;8.0;100%;1014hPa;0.6km;Calm;Calm;-;N/A;Fog;Fog;
2000/11/3;19:00;7.0;7.0;100%;1014hPa;1.3km;West;3.6km/h/1.0m/s;-;N/A;Fog;ShallowFog;
2000/11/3;19:30;7.0;6.0;93%;1014hPa;1.1km;WNW;7.2km/h/2.0m/s;-;N/A;Fog;ShallowFog;
2000/11/3;20:00;7.0;7.0;100%;1014hPa;3.5km;SW;3.6km/h/1.0m/s;-;N/A;;ScatteredClouds;
2000/11/3;20:30;7.0;7.0;100%;1013hPa;5.0km;Variable;7.2km/h/2.0m/s;-;N/A;;ScatteredClouds;
2000/11/3;21:00;7.0;7.0;100%;1014hPa;4.0km;Variable;3.6km/h/1.0m/s;-;N/A;;ScatteredClouds;
2000/11/3;21:30;7.0;7.0;100%;1014hPa;4.5km;Variable;3.6km/h/1.0m/s;-;N/A;;PartlyCloudy;
2000/11/3;22:00;7.0;7.0;100%;1014hPa;4.5km;West;3.6km/h/1.0m/s;-;N/A;;MostlyCloudy;
2000/11/3;22:30;8.0;7.0;93%;1013hPa;5.0km;NNE;3.6km/h/1.0m/s;-;N/A;;ScatteredClouds;
2000/11/3;23:00;8.0;7.0;93%;1013hPa;6.0km;NNE;3.6km/h/1.0m/s;-;N/A;;MostlyCloudy;
2000/11/3;23:30;8.0;7.0;93%;1014hPa;6.0km;Variable;3.6km/h/1.0m/s;-;N/A;;MostlyCloudy;
