2000/12/4;00:00;6.0;4.0;87%;1022hPa;8.0km;WSW;14.4km/h/4.0m/s;-;N/A;;Overcast;
2000/12/4;00:30;5.0;3.0;87%;1022hPa;8.0km;SW;14.4km/h/4.0m/s;-;N/A;;ScatteredClouds;
2000/12/4;01:00;4.0;2.0;87%;1023hPa;6.0km;Variable;7.2km/h/2.0m/s;-;N/A;;PartlyCloudy;
2000/12/4;01:30;2.0;1.0;93%;1022hPa;2.8km;Variable;7.2km/h/2.0m/s;-;N/A;;PartlyCloudy;
2000/12/4;02:00;2.0;1.0;93%;1023hPa;2.9km;Variable;3.6km/h/1.0m/s;-;N/A;;PartlyCloudy;
2000/12/4;02:30;2.0;2.0;100%;1023hPa;2.7km;NNW;3.6km/h/1.0m/s;-;N/A;;PartlyCloudy;
2000/12/4;03:00;2.0;2.0;100%;1023hPa;2.9km;SW;7.2km/h/2.0m/s;-;N/A;;PartlyCloudy;
2000/12/4;03:30;2.0;1.0;93%;1022hPa;2.5km;Calm;Calm;-;N/A;;PartlyCloudy;
2000/12/4;04:00;1.0;1.0;100%;1022hPa;2.5km;Variable;3.6km/h/1.0m/s;-;N/A;;PartlyCloudy;
2000/12/4;04:30;1.0;1.0;100%;1023hPa;1.2km;SE;3.6km/h/1.0m/s;-;N/A;;Overcast;
2000/12/4;05:00;1.0;1.0;100%;1023hPa;1.3km;North;3.6km/h/1.0m/s;-;N/A;;Overcast;
2000/12/4;05:30;2.0;2.0;100%;1023hPa;2.0km;Variable;3.6km/h/1.0m/s;-;N/A;;Overcast;
2000/12/4;06:00;2.0;2.0;100%;1023hPa;2.0km;North;7.2km/h/2.0m/s;-;N/A;;Overcast;
2000/12/4;06:30;2.0;2.0;100%;1023hPa;2.2km;Variable;7.2km/h/2.0m/s;-;N/A;;Overcast;
2000/12/4;07:00;3.0;2.0;93%;1023hPa;1.5km;NNE;10.8km/h/3.0m/s;-;N/A;;Overcast;
2000/12/4;07:30;3.0;3.0;100%;1023hPa;1.5km;NNE;7.2km/h/2.0m/s;-;N/A;;Overcast;
2000/12/4;08:00;4.0;3.0;93%;1024hPa;1.4km;NNE;7.2km/h/2.0m/s;-;N/A;;Overcast;
2000/12/4;08:30;4.0;3.0;93%;1024hPa;1.8km;North;7.2km/h/2.0m/s;-;N/A;;Overcast;
2000/12/4;09:00;4.0;3.0;93%;1023hPa;1.7km;NNE;7.2km/h/2.0m/s;-;N/A;;Overcast;
2000/12/4;09:30;5.0;4.0;93%;1023hPa;1.7km;Variable;7.2km/h/2.0m/s;-;N/A;;MostlyCloudy;
2000/12/4;10:00;5.0;4.0;93%;1024hPa;2.4km;Calm;Calm;-;N/A;;Overcast;
2000/12/4;10:30;5.0;4.0;93%;1024hPa;2.2km;Variable;3.6km/h/1.0m/s;-;N/A;;Overcast;
2000/12/4;11:00;6.0;4.0;87%;1024hPa;2.5km;Variable;3.6km/h/1.0m/s;-;N/A;;Overcast;
2000/12/4;11:30;6.0;4.0;87%;1024hPa;2.6km;Variable;3.6km/h/1.0m/s;-;N/A;;Overcast;
2000/12/4;12:00;6.0;4.0;87%;1023hPa;2.8km;Calm;Calm;-;N/A;;Overcast;
2000/12/4;12:30;6.0;4.0;87%;1023hPa;2.8km;Calm;Calm;-;N/A;;Overcast;
2000/12/4;13:00;6.0;4.0;87%;1023hPa;2.8km;South;7.2km/h/2.0m/s;-;N/A;;Overcast;
2000/12/4;13:30;6.0;4.0;87%;1023hPa;1.5km;South;7.2km/h/2.0m/s;-;N/A;;Overcast;
2000/12/4;14:00;5.0;4.0;93%;1023hPa;1.5km;SSW;3.6km/h/1.0m/s;-;N/A;;Overcast;
2000/12/4;14:30;5.0;4.0;93%;1023hPa;1.3km;Variable;3.6km/h/1.0m/s;-;N/A;;MostlyCloudy;
2000/12/4;15:00;5.0;4.0;93%;1024hPa;1.3km;Calm;Calm;-;N/A;;Overcast;
2000/12/4;15:30;5.0;4.0;93%;1024hPa;1.5km;Calm;Calm;-;N/A;;Overcast;
2000/12/4;16:00;5.0;4.0;93%;1024hPa;1.2km;NNE;3.6km/h/1.0m/s;-;N/A;;Overcast;
2000/12/4;16:30;5.0;4.0;93%;1024hPa;1.5km;North;3.6km/h/1.0m/s;-;N/A;;Overcast;
2000/12/4;17:00;5.0;4.0;93%;1024hPa;1.8km;Calm;Calm;-;N/A;;Overcast;
2000/12/4;17:30;5.0;5.0;100%;1024hPa;2.0km;WSW;3.6km/h/1.0m/s;-;N/A;;Overcast;
2000/12/4;18:00;5.0;5.0;100%;1024hPa;3.0km;West;3.6km/h/1.0m/s;-;N/A;;Overcast;
2000/12/4;18:30;5.0;5.0;100%;1024hPa;3.0km;WNW;3.6km/h/1.0m/s;-;N/A;;Overcast;
2000/12/4;19:00;6.0;5.0;93%;1024hPa;2.5km;Calm;Calm;-;N/A;;Overcast;
2000/12/4;20:00;5.0;5.0;100%;1024hPa;2.0km;SSE;3.6km/h/1.0m/s;-;N/A;;LightDrizzle;
2000/12/4;20:30;5.0;5.0;100%;1024hPa;1.5km;Calm;Calm;-;N/A;;LightDrizzle;
2000/12/4;21:00;5.0;5.0;100%;1024hPa;1.5km;Calm;Calm;-;N/A;;LightDrizzle;
2000/12/4;21:30;5.0;5.0;100%;1024hPa;1.5km;Variable;3.6km/h/1.0m/s;-;N/A;;LightDrizzle;
2000/12/4;22:00;5.0;5.0;100%;1024hPa;1.5km;Calm;Calm;-;N/A;;LightDrizzle;
2000/12/4;22:30;5.0;5.0;100%;1024hPa;1.0km;Variable;3.6km/h/1.0m/s;-;N/A;;LightDrizzle;
2000/12/4;23:00;5.0;5.0;100%;1024hPa;0.8km;SSE;3.6km/h/1.0m/s;-;N/A;Fog;LightDrizzle;
2000/12/4;23:30;5.0;5.0;100%;1024hPa;1.2km;South;3.6km/h/1.0m/s;-;N/A;;LightDrizzle;
