2000/1/8;00:00;-4.0;-5.0;93%;1030hPa;2.0km;SW;3.6km/h/1.0m/s;-;N/A;Snow;LightSnowGrains;
2000/1/8;00:30;-4.0;-5.0;93%;1030hPa;2.0km;Variable;3.6km/h/1.0m/s;-;N/A;Snow;LightSnowGrains;
2000/1/8;01:00;-4.0;-5.0;93%;1030hPa;3.0km;SE;3.6km/h/1.0m/s;-;N/A;;Overcast;
2000/1/8;01:30;-4.0;-5.0;93%;1029hPa;3.0km;Calm;Calm;-;N/A;;Overcast;
2000/1/8;02:00;-4.0;-5.0;93%;1030hPa;2.0km;Variable;3.6km/h/1.0m/s;-;N/A;;Overcast;
2000/1/8;02:30;-4.0;-5.0;93%;1029hPa;1.5km;SSE;3.6km/h/1.0m/s;-;N/A;;Overcast;
2000/1/8;03:00;-4.0;-5.0;93%;1029hPa;1.2km;South;3.6km/h/1.0m/s;-;N/A;;Overcast;
2000/1/8;03:30;-4.0;-5.0;93%;1029hPa;1.2km;Calm;Calm;-;N/A;;Overcast;
2000/1/8;04:00;-4.0;-5.0;93%;1029hPa;1.0km;South;3.6km/h/1.0m/s;-;N/A;;Overcast;
2000/1/8;04:30;-4.0;-5.0;93%;1029hPa;1.7km;SSW;3.6km/h/1.0m/s;-;N/A;;Overcast;
2000/1/8;05:00;-4.0;-4.0;100%;1029hPa;1.7km;SW;3.6km/h/1.0m/s;-;N/A;Snow;LightSnowGrains;
2000/1/8;05:30;-4.0;-4.0;100%;1029hPa;1.2km;Variable;3.6km/h/1.0m/s;-;N/A;Snow;LightSnowGrains;
2000/1/8;06:00;-4.0;-4.0;100%;1029hPa;3.0km;SSW;7.2km/h/2.0m/s;-;N/A;Snow;LightSnowGrains;
2000/1/8;06:30;-4.0;-4.0;100%;1029hPa;1.2km;SW;7.2km/h/2.0m/s;-;N/A;Snow;LightSnowGrains;
2000/1/8;07:00;-4.0;-4.0;100%;1029hPa;0.3km;WSW;7.2km/h/2.0m/s;-;N/A;Fog,Snow;LightSnowGrains;
2000/1/8;07:30;-4.0;-4.0;100%;1029hPa;0.4km;WSW;7.2km/h/2.0m/s;-;N/A;Fog,Snow;LightSnowGrains;
2000/1/8;08:00;-4.0;-4.0;100%;1029hPa;0.4km;SW;7.2km/h/2.0m/s;-;N/A;Fog,Snow;LightSnowGrains;
2000/1/8;08:30;-4.0;-4.0;100%;1029hPa;0.4km;SW;3.6km/h/1.0m/s;-;N/A;Fog;LightFreezingFog;
2000/1/8;09:30;-3.0;-4.0;93%;1030hPa;0.5km;SSW;3.6km/h/1.0m/s;-;N/A;Fog;LightIceCrystals;
2000/1/8;10:30;-3.0;-4.0;93%;1030hPa;1.8km;SSW;7.2km/h/2.0m/s;-;N/A;;LightIceCrystals;
2000/1/8;11:00;-3.0;-4.0;93%;1029hPa;1.4km;SSW;10.8km/h/3.0m/s;-;N/A;;LightIceCrystals;
2000/1/8;11:30;-3.0;-3.0;100%;1029hPa;1.2km;SSW;7.2km/h/2.0m/s;-;N/A;;LightIceCrystals;
2000/1/8;12:00;-3.0;-3.0;100%;1029hPa;1.0km;SW;7.2km/h/2.0m/s;-;N/A;;LightIceCrystals;
2000/1/8;12:30;-3.0;-3.0;100%;1029hPa;1.1km;SW;7.2km/h/2.0m/s;-;N/A;;LightIceCrystals;
2000/1/8;13:00;-3.0;-3.0;100%;1029hPa;1.3km;SW;7.2km/h/2.0m/s;-;N/A;;LightIceCrystals;
2000/1/8;13:30;-3.0;-3.0;100%;1029hPa;1.3km;Variable;7.2km/h/2.0m/s;-;N/A;;LightIceCrystals;
2000/1/8;14:00;-3.0;-3.0;100%;1029hPa;1.3km;South;10.8km/h/3.0m/s;-;N/A;;LightIceCrystals;
2000/1/8;14:30;-3.0;-3.0;100%;1028hPa;3.0km;South;10.8km/h/3.0m/s;-;N/A;;LightIceCrystals;
2000/1/8;15:00;-3.0;-3.0;100%;1028hPa;2.8km;South;10.8km/h/3.0m/s;-;N/A;;LightIceCrystals;
2000/1/8;15:30;-3.0;-3.0;100%;1028hPa;2.3km;SSW;7.2km/h/2.0m/s;-;N/A;;LightIceCrystals;
2000/1/8;16:00;-3.0;-3.0;100%;1029hPa;2.3km;SSW;10.8km/h/3.0m/s;-;N/A;;LightIceCrystals;
2000/1/8;16:30;-3.0;-3.0;100%;1029hPa;3.0km;SSW;7.2km/h/2.0m/s;-;N/A;;Overcast;
2000/1/8;17:00;-3.0;-4.0;93%;1029hPa;3.5km;SSW;7.2km/h/2.0m/s;-;N/A;;Overcast;
2000/1/8;17:30;-3.0;-4.0;93%;1029hPa;4.5km;SSW;7.2km/h/2.0m/s;-;N/A;;Overcast;
2000/1/8;18:00;-3.0;-4.0;93%;1029hPa;6.0km;SSW;7.2km/h/2.0m/s;-;N/A;;Overcast;
2000/1/8;18:30;-3.0;-4.0;93%;1029hPa;5.0km;SSW;7.2km/h/2.0m/s;-;N/A;;Overcast;
2000/1/8;20:00;-4.0;-4.0;100%;1029hPa;2.0km;South;7.2km/h/2.0m/s;-;N/A;;Overcast;
2000/1/8;20:30;-4.0;-4.0;100%;1029hPa;2.5km;South;7.2km/h/2.0m/s;-;N/A;;Overcast;
2000/1/8;21:00;-4.0;-4.0;100%;1029hPa;2.5km;South;7.2km/h/2.0m/s;-;N/A;;Overcast;
2000/1/8;21:30;-4.0;-4.0;100%;1029hPa;3.0km;South;7.2km/h/2.0m/s;-;N/A;;Overcast;
2000/1/8;22:00;-4.0;-4.0;100%;1029hPa;4.0km;South;7.2km/h/2.0m/s;-;N/A;;Overcast;
2000/1/8;22:30;-4.0;-4.0;100%;1029hPa;4.0km;South;7.2km/h/2.0m/s;-;N/A;;Overcast;
2000/1/8;23:00;-4.0;-4.0;100%;1029hPa;3.0km;South;7.2km/h/2.0m/s;-;N/A;;Overcast;
2000/1/8;23:30;-4.0;-4.0;100%;1028hPa;3.0km;South;7.2km/h/2.0m/s;-;N/A;;Overcast;
