2000/11/9;00:00;8.0;7.0;93%;1012hPa;-;Variable;7.2km/h/2.0m/s;-;N/A;;Clear;
2000/11/9;00:30;7.0;7.0;100%;1011hPa;-;Variable;3.6km/h/1.0m/s;-;N/A;;Clear;
2000/11/9;01:00;6.0;5.0;93%;1012hPa;-;Variable;3.6km/h/1.0m/s;-;N/A;;Clear;
2000/11/9;01:30;6.0;5.0;93%;1012hPa;-;Variable;3.6km/h/1.0m/s;-;N/A;;Clear;
2000/11/9;02:00;6.0;5.0;93%;1012hPa;-;Variable;3.6km/h/1.0m/s;-;N/A;;Clear;
2000/11/9;02:30;6.0;5.0;93%;1011hPa;-;WNW;3.6km/h/1.0m/s;-;N/A;;Clear;
2000/11/9;03:00;6.0;5.0;93%;1011hPa;-;WNW;7.2km/h/2.0m/s;-;N/A;;Clear;
2000/11/9;03:30;5.0;5.0;100%;1011hPa;-;Variable;3.6km/h/1.0m/s;-;N/A;;Clear;
2000/11/9;04:00;5.0;4.0;93%;1012hPa;-;North;7.2km/h/2.0m/s;-;N/A;;Clear;
2000/11/9;04:30;5.0;4.0;93%;1012hPa;-;North;7.2km/h/2.0m/s;-;N/A;;Clear;
2000/11/9;05:00;4.0;4.0;100%;1011hPa;10.0km;Variable;3.6km/h/1.0m/s;-;N/A;;PartlyCloudy;
2000/11/9;05:30;5.0;4.0;93%;1011hPa;10.0km;NNW;3.6km/h/1.0m/s;-;N/A;;MostlyCloudy;
2000/11/9;06:00;5.0;4.0;93%;1011hPa;10.0km;Calm;Calm;-;N/A;;MostlyCloudy;
2000/11/9;06:30;5.0;5.0;100%;1012hPa;10.0km;SW;10.8km/h/3.0m/s;-;N/A;;MostlyCloudy;
2000/11/9;07:00;5.0;5.0;100%;1012hPa;3.0km;SSW;3.6km/h/1.0m/s;-;N/A;Fog;PatchesofFog;
2000/11/9;07:30;6.0;6.0;100%;1012hPa;3.5km;SSW;7.2km/h/2.0m/s;-;N/A;Fog,Rain;LightRain;
2000/11/9;08:00;6.0;5.0;93%;1012hPa;3.5km;Variable;3.6km/h/1.0m/s;-;N/A;Fog,Rain;LightRain;
2000/11/9;08:30;6.0;6.0;100%;1012hPa;10.0km;Calm;Calm;-;N/A;Rain;LightRain;
2000/11/9;09:00;7.0;7.0;100%;1012hPa;8.0km;Variable;3.6km/h/1.0m/s;-;N/A;Rain;LightRain;
2000/11/9;09:30;8.0;8.0;100%;1012hPa;9.0km;Calm;Calm;-;N/A;Rain;LightRain;
2000/11/9;10:00;9.0;9.0;100%;1012hPa;6.0km;Variable;7.2km/h/2.0m/s;-;N/A;;MostlyCloudy;
2000/11/9;10:30;10.0;10.0;100%;1012hPa;8.0km;South;10.8km/h/3.0m/s;-;N/A;;MostlyCloudy;
2000/11/9;11:00;11.0;10.0;94%;1012hPa;10.0km;SSE;14.4km/h/4.0m/s;-;N/A;;ScatteredClouds;
2000/11/9;11:30;12.0;9.0;82%;1012hPa;10.0km;SSW;18.0km/h/5.0m/s;-;N/A;;ScatteredClouds;
2000/11/9;12:00;11.0;10.0;94%;1013hPa;10.0km;SW;14.4km/h/4.0m/s;-;N/A;;ScatteredClouds;
2000/11/9;12:30;11.0;9.0;88%;1013hPa;10.0km;WSW;14.4km/h/4.0m/s;-;N/A;;ScatteredClouds;
2000/11/9;13:00;11.0;9.0;88%;1013hPa;10.0km;West;10.8km/h/3.0m/s;-;N/A;;PartlyCloudy;
2000/11/9;13:30;11.0;9.0;88%;1013hPa;10.0km;Variable;7.2km/h/2.0m/s;-;N/A;;ScatteredClouds;
2000/11/9;14:00;12.0;8.0;77%;1013hPa;10.0km;WSW;14.4km/h/4.0m/s;-;N/A;;ScatteredClouds;
2000/11/9;14:30;13.0;8.0;72%;1013hPa;10.0km;WSW;10.8km/h/3.0m/s;-;N/A;;ScatteredClouds;
2000/11/9;15:00;12.0;8.0;77%;1014hPa;10.0km;WSW;10.8km/h/3.0m/s;-;N/A;;ScatteredClouds;
2000/11/9;15:30;11.0;7.0;76%;1014hPa;10.0km;West;10.8km/h/3.0m/s;-;N/A;;ScatteredClouds;
2000/11/9;16:00;11.0;7.0;76%;1014hPa;10.0km;WSW;10.8km/h/3.0m/s;-;N/A;;ScatteredClouds;
2000/11/9;17:00;9.0;7.0;87%;1015hPa;-;SW;10.8km/h/3.0m/s;-;N/A;;Clear;
2000/11/9;17:30;7.0;6.0;93%;1015hPa;-;SW;7.2km/h/2.0m/s;-;N/A;;Clear;
2000/11/9;18:00;8.0;6.0;87%;1016hPa;-;Variable;3.6km/h/1.0m/s;-;N/A;;Clear;
2000/11/9;19:00;6.0;5.0;93%;1017hPa;10.0km;South;7.2km/h/2.0m/s;-;N/A;;PartlyCloudy;
2000/11/9;19:30;6.0;5.0;93%;1017hPa;10.0km;SSW;10.8km/h/3.0m/s;-;N/A;;PartlyCloudy;
2000/11/9;20:21;7.0;6.0;93%;1017hPa;-;SW;10.8km/h/3.0m/s;-;N/A;;Clear;
2000/11/9;20:30;5.0;4.0;93%;1017hPa;-;South;7.2km/h/2.0m/s;-;N/A;;Clear;
2000/11/9;21:00;5.0;4.0;93%;1017hPa;-;Variable;3.6km/h/1.0m/s;-;N/A;;Clear;
2000/11/9;21:30;5.0;4.0;93%;1017hPa;-;NNW;3.6km/h/1.0m/s;-;N/A;;Clear;
2000/11/9;22:00;3.0;3.0;100%;1017hPa;-;WNW;3.6km/h/1.0m/s;-;N/A;;Clear;
2000/11/9;22:30;4.0;3.0;93%;1018hPa;10.0km;North;10.8km/h/3.0m/s;-;N/A;;PartlyCloudy;
2000/11/9;23:00;4.0;3.0;93%;1018hPa;-;NW;3.6km/h/1.0m/s;-;N/A;;Clear;
2000/11/9;23:30;3.0;2.0;93%;1018hPa;-;Variable;3.6km/h/1.0m/s;-;N/A;;Clear;
