2000/7/18;00:00;14.0;12.0;88%;1012hPa;10.0km;Variable;3.6km/h/1.0m/s;-;N/A;;Overcast;
2000/7/18;00:30;13.0;12.0;94%;1012hPa;10.0km;Variable;7.2km/h/2.0m/s;-;N/A;;Overcast;
2000/7/18;01:00;13.0;12.0;94%;1012hPa;10.0km;SSW;7.2km/h/2.0m/s;-;N/A;;Overcast;
2000/7/18;01:30;13.0;12.0;94%;1013hPa;10.0km;SW;10.8km/h/3.0m/s;-;N/A;;MostlyCloudy;
2000/7/18;02:00;13.0;12.0;94%;1013hPa;10.0km;SW;7.2km/h/2.0m/s;-;N/A;;MostlyCloudy;
2000/7/18;02:30;13.0;12.0;94%;1013hPa;10.0km;Variable;3.6km/h/1.0m/s;-;N/A;;MostlyCloudy;
2000/7/18;03:00;13.0;12.0;94%;1013hPa;10.0km;Variable;7.2km/h/2.0m/s;-;N/A;;MostlyCloudy;
2000/7/18;03:30;13.0;12.0;94%;1013hPa;10.0km;Variable;7.2km/h/2.0m/s;-;N/A;;Overcast;
2000/7/18;04:00;13.0;12.0;94%;1013hPa;10.0km;Variable;3.6km/h/1.0m/s;-;N/A;;Overcast;
2000/7/18;04:30;13.0;12.0;94%;1013hPa;8.0km;South;3.6km/h/1.0m/s;-;N/A;;Overcast;
2000/7/18;05:00;13.0;12.0;94%;1013hPa;8.0km;South;3.6km/h/1.0m/s;-;N/A;;Overcast;
2000/7/18;05:30;13.0;12.0;94%;1013hPa;10.0km;SSW;7.2km/h/2.0m/s;-;N/A;Rain;LightRain;
2000/7/18;06:00;13.0;12.0;94%;1013hPa;10.0km;Variable;3.6km/h/1.0m/s;-;N/A;Rain;LightRain;
2000/7/18;06:30;13.0;12.0;94%;1014hPa;10.0km;Variable;3.6km/h/1.0m/s;-;N/A;Rain;LightRain;
2000/7/18;07:00;13.0;12.0;94%;1014hPa;9.0km;Variable;3.6km/h/1.0m/s;-;N/A;Rain;LightRain;
2000/7/18;07:30;13.0;12.0;94%;1014hPa;9.0km;Variable;3.6km/h/1.0m/s;-;N/A;Rain;LightRain;
2000/7/18;08:00;14.0;12.0;88%;1014hPa;9.0km;Calm;Calm;-;N/A;Rain;LightRain;
2000/7/18;08:30;14.0;13.0;94%;1015hPa;9.0km;Variable;3.6km/h/1.0m/s;-;N/A;Rain;LightRain;
2000/7/18;09:00;14.0;13.0;94%;1015hPa;8.0km;Variable;3.6km/h/1.0m/s;-;N/A;Rain;LightRain;
2000/7/18;09:30;15.0;13.0;88%;1015hPa;6.0km;Variable;7.2km/h/2.0m/s;-;N/A;Rain;LightRain;
2000/7/18;10:00;15.0;14.0;94%;1015hPa;9.0km;Variable;7.2km/h/2.0m/s;-;N/A;Rain;LightRain;
2000/7/18;10:30;15.0;13.0;88%;1015hPa;9.0km;SW;7.2km/h/2.0m/s;-;N/A;Rain;LightRain;
2000/7/18;11:00;15.0;14.0;94%;1015hPa;10.0km;Variable;3.6km/h/1.0m/s;-;N/A;Rain;LightRain;
2000/7/18;11:30;15.0;13.0;88%;1016hPa;10.0km;WSW;7.2km/h/2.0m/s;-;N/A;Rain;LightRain;
2000/7/18;12:00;16.0;13.0;82%;1016hPa;10.0km;SW;7.2km/h/2.0m/s;-;N/A;Rain;LightRain;
2000/7/18;12:30;16.0;13.0;82%;1016hPa;10.0km;Variable;7.2km/h/2.0m/s;-;N/A;Rain;LightRain;
2000/7/18;13:00;15.0;13.0;88%;1016hPa;10.0km;SW;7.2km/h/2.0m/s;-;N/A;Rain;LightRain;
2000/7/18;13:30;15.0;13.0;88%;1016hPa;10.0km;SW;10.8km/h/3.0m/s;-;N/A;Rain;LightRain;
2000/7/18;14:00;15.0;13.0;88%;1016hPa;10.0km;WSW;10.8km/h/3.0m/s;-;N/A;Rain;LightRain;
2000/7/18;14:30;15.0;13.0;88%;1016hPa;10.0km;Variable;7.2km/h/2.0m/s;-;N/A;Rain;LightRain;
2000/7/18;15:00;16.0;14.0;88%;1016hPa;10.0km;Variable;3.6km/h/1.0m/s;-;N/A;Rain;LightRain;
2000/7/18;15:30;16.0;14.0;88%;1016hPa;10.0km;WSW;10.8km/h/3.0m/s;-;N/A;Rain;LightRain;
2000/7/18;16:00;16.0;13.0;82%;1015hPa;10.0km;SW;18.0km/h/5.0m/s;-;N/A;;Overcast;
2000/7/18;16:30;16.0;13.0;82%;1015hPa;10.0km;SSW;10.8km/h/3.0m/s;-;N/A;;Overcast;
2000/7/18;17:00;16.0;13.0;82%;1015hPa;10.0km;SSW;10.8km/h/3.0m/s;-;N/A;;Overcast;
2000/7/18;17:30;16.0;14.0;88%;1015hPa;10.0km;SW;10.8km/h/3.0m/s;-;N/A;;Overcast;
2000/7/18;18:00;15.0;13.0;88%;1015hPa;8.0km;Variable;7.2km/h/2.0m/s;-;N/A;Rain;LightRain;
2000/7/18;18:30;15.0;13.0;88%;1015hPa;9.0km;Variable;7.2km/h/2.0m/s;-;N/A;Rain;Rain;
2000/7/18;19:00;15.0;13.0;88%;1015hPa;9.0km;SW;10.8km/h/3.0m/s;-;N/A;Rain;LightRain;
2000/7/18;19:30;15.0;13.0;88%;1015hPa;9.0km;WSW;7.2km/h/2.0m/s;-;N/A;Rain;LightRain;
2000/7/18;20:00;15.0;14.0;94%;1015hPa;8.0km;SSW;3.6km/h/1.0m/s;-;N/A;Rain;LightRain;
2000/7/18;20:30;15.0;13.0;88%;1015hPa;8.0km;SW;7.2km/h/2.0m/s;-;N/A;Rain;LightRain;
2000/7/18;21:00;14.0;13.0;94%;1015hPa;7.0km;SSW;3.6km/h/1.0m/s;-;N/A;Rain;LightRain;
2000/7/18;21:30;14.0;13.0;94%;1015hPa;8.0km;SSW;3.6km/h/1.0m/s;-;N/A;Rain;LightRain;
2000/7/18;22:00;14.0;13.0;94%;1015hPa;8.0km;SE;3.6km/h/1.0m/s;-;N/A;;Overcast;
2000/7/18;22:30;14.0;13.0;94%;1015hPa;7.0km;East;3.6km/h/1.0m/s;-;N/A;;Overcast;
2000/7/18;23:00;14.0;13.0;94%;1015hPa;3.5km;Variable;3.6km/h/1.0m/s;-;N/A;;Overcast;
2000/7/18;23:30;14.0;13.0;94%;1015hPa;5.0km;North;3.6km/h/1.0m/s;-;N/A;;Overcast;
