2000/12/31;00:00;3.0;-1.0;75%;1000hPa;10.0km;NNE;14.4km/h/4.0m/s;-;N/A;;Overcast;
2000/12/31;00:30;3.0;-1.0;75%;1001hPa;10.0km;NNE;10.8km/h/3.0m/s;-;N/A;;Overcast;
2000/12/31;01:00;3.0;-2.0;70%;1001hPa;10.0km;North;10.8km/h/3.0m/s;-;N/A;;Overcast;
2000/12/31;01:30;3.0;-2.0;70%;1002hPa;10.0km;Variable;7.2km/h/2.0m/s;-;N/A;;Overcast;
2000/12/31;02:00;2.0;0.0;87%;1004hPa;10.0km;Variable;3.6km/h/1.0m/s;-;N/A;;Overcast;
2000/12/31;02:30;2.0;1.0;93%;1004hPa;-;WNW;3.6km/h/1.0m/s;-;N/A;;Clear;
2000/12/31;03:00;2.0;0.0;87%;1005hPa;-;Variable;3.6km/h/1.0m/s;-;N/A;;Clear;
2000/12/31;03:30;1.0;0.0;93%;1005hPa;-;WNW;7.2km/h/2.0m/s;-;N/A;;Clear;
2000/12/31;04:00;1.0;0.0;93%;1006hPa;10.0km;Variable;3.6km/h/1.0m/s;-;N/A;;ScatteredClouds;
2000/12/31;04:30;1.0;0.0;93%;1007hPa;10.0km;Variable;3.6km/h/1.0m/s;-;N/A;;ScatteredClouds;
2000/12/31;05:00;0.0;-1.0;93%;1007hPa;10.0km;Variable;3.6km/h/1.0m/s;-;N/A;;PartlyCloudy;
2000/12/31;05:30;0.0;-1.0;93%;1008hPa;-;Calm;Calm;-;N/A;;Clear;
2000/12/31;06:00;-1.0;-2.0;93%;1008hPa;-;Variable;3.6km/h/1.0m/s;-;N/A;;Clear;
2000/12/31;06:30;-1.0;-1.0;100%;1008hPa;-;WNW;3.6km/h/1.0m/s;-;N/A;;Clear;
2000/12/31;07:00;-2.0;-3.0;93%;1009hPa;-;Calm;Calm;-;N/A;;Clear;
2000/12/31;07:30;-1.0;-2.0;93%;1009hPa;-;North;3.6km/h/1.0m/s;-;N/A;;Clear;
2000/12/31;08:00;-1.0;-2.0;93%;1010hPa;10.0km;Variable;3.6km/h/1.0m/s;-;N/A;;ScatteredClouds;
2000/12/31;08:30;-1.0;-2.0;93%;1011hPa;10.0km;Calm;Calm;-;N/A;;PartlyCloudy;
2000/12/31;09:00;-2.0;-2.0;100%;1011hPa;10.0km;SSE;3.6km/h/1.0m/s;-;N/A;;PartlyCloudy;
2000/12/31;09:30;-1.0;-2.0;93%;1011hPa;8.0km;Variable;3.6km/h/1.0m/s;-;N/A;;ScatteredClouds;
2000/12/31;10:00;0.0;-1.0;93%;1011hPa;2.0km;NNE;7.2km/h/2.0m/s;-;N/A;;MostlyCloudy;
2000/12/31;10:30;0.0;0.0;100%;1012hPa;3.0km;North;3.6km/h/1.0m/s;-;N/A;Fog;PatchesofFog;
2000/12/31;11:00;0.0;0.0;100%;1012hPa;2.0km;Variable;7.2km/h/2.0m/s;-;N/A;Fog;PatchesofFog;
2000/12/31;11:30;0.0;0.0;100%;1012hPa;3.0km;Variable;3.6km/h/1.0m/s;-;N/A;;MostlyCloudy;
2000/12/31;12:00;1.0;0.0;93%;1012hPa;6.0km;Variable;7.2km/h/2.0m/s;-;N/A;;MostlyCloudy;
2000/12/31;12:30;2.0;1.0;93%;1012hPa;3.0km;Variable;3.6km/h/1.0m/s;-;N/A;;MostlyCloudy;
2000/12/31;13:00;1.0;0.0;93%;1013hPa;8.0km;Variable;7.2km/h/2.0m/s;-;N/A;;MostlyCloudy;
2000/12/31;13:30;1.0;-1.0;87%;1013hPa;10.0km;WSW;7.2km/h/2.0m/s;-;N/A;;ScatteredClouds;
2000/12/31;14:00;1.0;-1.0;87%;1013hPa;10.0km;Variable;3.6km/h/1.0m/s;-;N/A;;ScatteredClouds;
2000/12/31;14:30;0.0;-1.0;93%;1013hPa;10.0km;Calm;Calm;-;N/A;;ScatteredClouds;
2000/12/31;15:00;0.0;-1.0;93%;1014hPa;10.0km;Variable;3.6km/h/1.0m/s;-;N/A;;ScatteredClouds;
2000/12/31;15:30;0.0;-1.0;93%;1014hPa;10.0km;Variable;3.6km/h/1.0m/s;-;N/A;;ScatteredClouds;
2000/12/31;16:00;0.0;-2.0;87%;1014hPa;10.0km;Calm;Calm;-;N/A;;ScatteredClouds;
2000/12/31;16:30;0.0;-1.0;93%;1015hPa;-;Calm;Calm;-;N/A;;Clear;
2000/12/31;17:00;-1.0;-2.0;93%;1015hPa;-;Calm;Calm;-;N/A;;Clear;
2000/12/31;17:30;-1.0;-2.0;93%;1015hPa;-;Calm;Calm;-;N/A;;Clear;
2000/12/31;18:00;-2.0;-3.0;93%;1015hPa;-;South;7.2km/h/2.0m/s;-;N/A;;Clear;
2000/12/31;18:30;-2.0;-2.0;100%;1015hPa;-;South;7.2km/h/2.0m/s;-;N/A;;Clear;
2000/12/31;19:00;-2.0;-2.0;100%;1015hPa;-;South;7.2km/h/2.0m/s;-;N/A;;Clear;
2000/12/31;19:30;-2.0;-4.0;86%;1016hPa;-;SSW;7.2km/h/2.0m/s;-;N/A;;Clear;
2000/12/31;20:00;-2.0;-3.0;93%;1016hPa;-;SW;7.2km/h/2.0m/s;-;N/A;;Clear;
2000/12/31;20:30;-3.0;-4.0;93%;1016hPa;-;Variable;3.6km/h/1.0m/s;-;N/A;;Clear;
2000/12/31;21:00;-3.0;-4.0;93%;1016hPa;-;Calm;Calm;-;N/A;;Clear;
2000/12/31;21:30;-3.0;-3.0;100%;1016hPa;-;Calm;Calm;-;N/A;;Clear;
2000/12/31;22:00;-4.0;-4.0;100%;1016hPa;-;Calm;Calm;-;N/A;;Clear;
2000/12/31;22:30;-4.0;-4.0;100%;1016hPa;-;NNE;3.6km/h/1.0m/s;-;N/A;;Clear;
2000/12/31;23:00;-4.0;-4.0;100%;1016hPa;-;Variable;3.6km/h/1.0m/s;-;N/A;;Clear;
2000/12/31;23:30;-3.0;-4.0;93%;1016hPa;-;NW;3.6km/h/1.0m/s;-;N/A;;Clear;
