2000/12/5;00:00;5.0;5.0;100%;1024hPa;1.2km;Variable;3.6km/h/1.0m/s;-;N/A;;Overcast;
2000/12/5;00:30;5.0;5.0;100%;1024hPa;1.2km;South;3.6km/h/1.0m/s;-;N/A;;Overcast;
2000/12/5;01:00;5.0;5.0;100%;1024hPa;1.5km;SSW;7.2km/h/2.0m/s;-;N/A;;Overcast;
2000/12/5;01:30;5.0;5.0;100%;1024hPa;1.8km;SSW;3.6km/h/1.0m/s;-;N/A;;Overcast;
2000/12/5;02:00;5.0;5.0;100%;1024hPa;1.6km;South;3.6km/h/1.0m/s;-;N/A;;Overcast;
2000/12/5;02:30;5.0;5.0;100%;1024hPa;1.6km;Calm;Calm;-;N/A;;Overcast;
2000/12/5;03:00;5.0;4.0;93%;1024hPa;2.0km;Variable;7.2km/h/2.0m/s;-;N/A;;Overcast;
2000/12/5;03:30;5.0;5.0;100%;1024hPa;2.0km;Variable;3.6km/h/1.0m/s;-;N/A;;Overcast;
2000/12/5;04:00;5.0;5.0;100%;1024hPa;3.0km;Variable;7.2km/h/2.0m/s;-;N/A;;Overcast;
2000/12/5;04:30;5.0;5.0;100%;1024hPa;-;Variable;7.2km/h/2.0m/s;-;N/A;;Overcast;
2000/12/5;05:00;5.0;5.0;100%;1025hPa;3.5km;WSW;7.2km/h/2.0m/s;-;N/A;;Overcast;
2000/12/5;05:30;5.0;4.0;93%;1025hPa;3.5km;SW;3.6km/h/1.0m/s;-;N/A;;Overcast;
2000/12/5;06:00;5.0;4.0;93%;1025hPa;-;SSW;3.6km/h/1.0m/s;-;N/A;;Overcast;
2000/12/5;06:30;5.0;5.0;100%;1025hPa;2.0km;Variable;3.6km/h/1.0m/s;-;N/A;;Overcast;
2000/12/5;07:00;5.0;4.0;93%;1025hPa;1.3km;SSW;3.6km/h/1.0m/s;-;N/A;;Overcast;
2000/12/5;07:30;5.0;4.0;93%;1025hPa;0.7km;SSW;7.2km/h/2.0m/s;-;N/A;Fog;Fog;
2000/12/5;08:00;4.0;4.0;100%;1025hPa;0.5km;SSW;7.2km/h/2.0m/s;-;N/A;Fog;Fog;
2000/12/5;08:30;4.0;4.0;100%;1026hPa;0.3km;South;3.6km/h/1.0m/s;-;N/A;Fog;Fog;
2000/12/5;09:00;5.0;4.0;93%;1026hPa;0.3km;South;3.6km/h/1.0m/s;-;N/A;Fog;Fog;
2000/12/5;09:30;5.0;4.0;93%;1026hPa;0.3km;South;3.6km/h/1.0m/s;-;N/A;Fog;Fog;
2000/12/5;10:00;5.0;5.0;100%;1026hPa;0.3km;SSW;7.2km/h/2.0m/s;-;N/A;Fog;Fog;
2000/12/5;10:30;5.0;5.0;100%;1026hPa;0.5km;SSW;7.2km/h/2.0m/s;-;N/A;Fog;Fog;
2000/12/5;11:00;5.0;5.0;100%;1026hPa;0.4km;Variable;7.2km/h/2.0m/s;-;N/A;Fog;Fog;
2000/12/5;11:30;5.0;5.0;100%;1026hPa;0.6km;South;7.2km/h/2.0m/s;-;N/A;Fog;Fog;
2000/12/5;12:00;5.0;5.0;100%;1026hPa;1.1km;South;7.2km/h/2.0m/s;-;N/A;;Overcast;
2000/12/5;12:30;5.0;5.0;100%;1026hPa;1.0km;South;7.2km/h/2.0m/s;-;N/A;;Overcast;
2000/12/5;13:00;5.0;5.0;100%;1025hPa;0.8km;South;7.2km/h/2.0m/s;-;N/A;Fog;Fog;
2000/12/5;13:30;5.0;5.0;100%;1025hPa;0.8km;South;7.2km/h/2.0m/s;-;N/A;Fog;Fog;
2000/12/5;14:00;5.0;5.0;100%;1025hPa;1.0km;Variable;7.2km/h/2.0m/s;-;N/A;;Overcast;
2000/12/5;14:30;5.0;5.0;100%;1025hPa;1.1km;South;7.2km/h/2.0m/s;-;N/A;;Overcast;
2000/12/5;15:00;5.0;4.0;93%;1025hPa;1.0km;South;7.2km/h/2.0m/s;-;N/A;;Overcast;
2000/12/5;15:30;4.0;4.0;100%;1026hPa;1.0km;Variable;7.2km/h/2.0m/s;-;N/A;;Overcast;
2000/12/5;16:00;4.0;4.0;100%;1026hPa;0.7km;South;7.2km/h/2.0m/s;-;N/A;Fog;Fog;
2000/12/5;16:30;4.0;4.0;100%;1026hPa;0.6km;SSW;3.6km/h/1.0m/s;-;N/A;Fog;Fog;
2000/12/5;17:00;4.0;4.0;100%;1026hPa;0.4km;WSW;3.6km/h/1.0m/s;-;N/A;Fog;Fog;
2000/12/5;17:30;4.0;4.0;100%;1026hPa;0.4km;WSW;3.6km/h/1.0m/s;-;N/A;Fog;Fog;
2000/12/5;18:00;4.0;4.0;100%;1026hPa;0.4km;South;3.6km/h/1.0m/s;-;N/A;Fog;Fog;
2000/12/5;18:30;4.0;4.0;100%;1026hPa;0.4km;SSW;3.6km/h/1.0m/s;-;N/A;Fog;Fog;
2000/12/5;19:00;4.0;4.0;100%;1026hPa;0.5km;Variable;3.6km/h/1.0m/s;-;N/A;Fog;Fog;
2000/12/5;19:30;4.0;4.0;100%;1026hPa;0.9km;Calm;Calm;-;N/A;Fog;Fog;
2000/12/5;20:00;4.0;4.0;100%;1027hPa;0.6km;WNW;3.6km/h/1.0m/s;-;N/A;Fog;Fog;
2000/12/5;20:30;4.0;4.0;100%;1027hPa;0.7km;NW;3.6km/h/1.0m/s;-;N/A;Fog;Fog;
2000/12/5;21:00;4.0;4.0;100%;1027hPa;0.5km;NNW;3.6km/h/1.0m/s;-;N/A;Fog;Fog;
2000/12/5;21:30;4.0;4.0;100%;1027hPa;0.5km;Variable;3.6km/h/1.0m/s;-;N/A;Fog;LightDrizzle;
2000/12/5;22:00;3.0;3.0;100%;1027hPa;0.4km;Calm;Calm;-;N/A;Fog;LightDrizzle;
2000/12/5;22:30;3.0;3.0;100%;1027hPa;0.4km;NNE;3.6km/h/1.0m/s;-;N/A;Fog;LightDrizzle;
2000/12/5;23:00;3.0;3.0;100%;1027hPa;0.4km;Variable;7.2km/h/2.0m/s;-;N/A;Fog;LightDrizzle;
2000/12/5;23:30;3.0;3.0;100%;1027hPa;0.3km;Variable;7.2km/h/2.0m/s;-;N/A;Fog;LightDrizzle;
