2000/12/27;00:00;3.0;3.0;100%;996hPa;3.5km;South;7.2km/h/2.0m/s;-;N/A;;Overcast;
2000/12/27;00:30;3.0;3.0;100%;996hPa;3.5km;Calm;Calm;-;N/A;;Overcast;
2000/12/27;01:00;3.0;3.0;100%;997hPa;3.5km;Variable;3.6km/h/1.0m/s;-;N/A;;Overcast;
2000/12/27;01:30;2.0;2.0;100%;997hPa;1.0km;Variable;3.6km/h/1.0m/s;-;N/A;Fog;PatchesofFog;
2000/12/27;02:00;2.0;2.0;100%;997hPa;1.0km;Variable;7.2km/h/2.0m/s;-;N/A;;Overcast;
2000/12/27;02:30;3.0;3.0;100%;997hPa;0.2km;SSW;10.8km/h/3.0m/s;-;N/A;Fog;Fog;
2000/12/27;03:00;3.0;3.0;100%;998hPa;0.1km;SSW;7.2km/h/2.0m/s;-;N/A;Fog;Fog;
2000/12/27;03:30;2.0;2.0;100%;998hPa;0.1km;South;10.8km/h/3.0m/s;-;N/A;Fog;Fog;
2000/12/27;04:00;2.0;2.0;100%;998hPa;0.2km;SSW;14.4km/h/4.0m/s;-;N/A;Fog;Fog;
2000/12/27;04:30;2.0;2.0;100%;998hPa;0.1km;South;10.8km/h/3.0m/s;-;N/A;Fog;Fog;
2000/12/27;06:00;2.0;2.0;100%;998hPa;0.6km;SSW;3.6km/h/1.0m/s;-;N/A;Fog;Fog;
2000/12/27;06:30;2.0;2.0;100%;998hPa;0.6km;SSW;7.2km/h/2.0m/s;-;N/A;Fog;LightDrizzle;
2000/12/27;07:00;3.0;3.0;100%;998hPa;1.2km;WSW;7.2km/h/2.0m/s;-;N/A;Rain;LightRain;
2000/12/27;07:30;3.0;3.0;100%;998hPa;1.2km;WNW;3.6km/h/1.0m/s;-;N/A;Rain;LightRain;
2000/12/27;08:00;2.0;2.0;100%;998hPa;1.2km;Variable;7.2km/h/2.0m/s;-;N/A;Rain;LightRain;
2000/12/27;08:30;2.0;2.0;100%;998hPa;0.8km;NE;3.6km/h/1.0m/s;-;N/A;Fog,Rain;LightRain;
2000/12/27;09:00;3.0;3.0;100%;998hPa;1.3km;North;7.2km/h/2.0m/s;-;N/A;Rain;LightRain;
2000/12/27;09:30;3.0;3.0;100%;998hPa;2.1km;NNW;3.6km/h/1.0m/s;-;N/A;;LightDrizzle;
2000/12/27;10:00;3.0;3.0;100%;999hPa;-;WNW;3.6km/h/1.0m/s;-;N/A;Rain;LightRain;
2000/12/27;10:30;3.0;3.0;100%;998hPa;4.0km;West;7.2km/h/2.0m/s;-;N/A;Rain;LightRain;
2000/12/27;11:00;3.0;3.0;100%;998hPa;5.0km;Variable;3.6km/h/1.0m/s;-;N/A;Rain;LightRain;
2000/12/27;11:30;3.0;3.0;100%;998hPa;5.0km;Calm;Calm;-;N/A;;Overcast;
2000/12/27;12:00;3.0;3.0;100%;998hPa;4.5km;Variable;3.6km/h/1.0m/s;-;N/A;;Overcast;
2000/12/27;12:30;4.0;4.0;100%;998hPa;2.2km;Calm;Calm;-;N/A;;Overcast;
2000/12/27;13:00;4.0;4.0;100%;998hPa;0.9km;Variable;3.6km/h/1.0m/s;-;N/A;Fog;Fog;
2000/12/27;13:30;3.0;3.0;100%;998hPa;0.6km;ESE;3.6km/h/1.0m/s;-;N/A;Fog;Fog;
2000/12/27;14:00;3.0;3.0;100%;999hPa;0.3km;ESE;7.2km/h/2.0m/s;-;N/A;Fog;Fog;
2000/12/27;14:30;3.0;3.0;100%;999hPa;0.2km;SE;7.2km/h/2.0m/s;-;N/A;Fog;Fog;
2000/12/27;15:00;3.0;3.0;100%;999hPa;0.2km;SE;3.6km/h/1.0m/s;-;N/A;Fog;Fog;
2000/12/27;15:30;3.0;3.0;100%;1000hPa;0.2km;Variable;3.6km/h/1.0m/s;-;N/A;Fog;Fog;
2000/12/27;16:00;3.0;3.0;100%;1000hPa;0.2km;NNE;3.6km/h/1.0m/s;-;N/A;Fog;Fog;
2000/12/27;16:30;3.0;3.0;100%;1000hPa;0.2km;NW;3.6km/h/1.0m/s;-;N/A;Fog;Fog;
2000/12/27;17:00;3.0;3.0;100%;1000hPa;0.3km;West;3.6km/h/1.0m/s;-;N/A;Fog;Fog;
2000/12/27;17:30;2.0;2.0;100%;1000hPa;0.5km;Calm;Calm;-;N/A;Fog;Fog;
2000/12/27;18:00;3.0;3.0;100%;1000hPa;0.5km;North;3.6km/h/1.0m/s;-;N/A;Fog;Fog;
2000/12/27;18:30;3.0;3.0;100%;999hPa;0.3km;Calm;Calm;-;N/A;Fog;Fog;
2000/12/27;19:00;2.0;2.0;100%;999hPa;0.3km;North;3.6km/h/1.0m/s;-;N/A;Fog;Fog;
2000/12/27;19:30;2.0;2.0;100%;999hPa;0.2km;NNW;10.8km/h/3.0m/s;-;N/A;Fog;LightDrizzle;
2000/12/27;20:00;2.0;2.0;100%;999hPa;0.4km;NNW;7.2km/h/2.0m/s;-;N/A;Fog;LightDrizzle;
2000/12/27;20:30;2.0;2.0;100%;999hPa;3.0km;NNE;7.2km/h/2.0m/s;-;N/A;;ScatteredClouds;
2000/12/27;21:00;2.0;2.0;100%;999hPa;0.7km;North;14.4km/h/4.0m/s;-;N/A;;Overcast;
2000/12/27;21:30;2.0;2.0;100%;998hPa;-;North;18.0km/h/5.0m/s;-;N/A;;Overcast;
2000/12/27;22:00;3.0;3.0;100%;998hPa;5.0km;North;14.4km/h/4.0m/s;-;N/A;;Overcast;
2000/12/27;22:30;3.0;3.0;100%;998hPa;9.0km;North;14.4km/h/4.0m/s;-;N/A;Snow;LightSnowGrains;
2000/12/27;23:00;3.0;3.0;100%;998hPa;9.0km;North;18.0km/h/5.0m/s;-;N/A;Snow;LightSnowGrains;
2000/12/27;23:30;3.0;3.0;100%;997hPa;8.0km;North;14.4km/h/4.0m/s;-;N/A;Snow;LightSnowGrains;
