2000/10/19;00:00;11.0;9.0;88%;1023hPa;5.0km;Variable;3.6km/h/1.0m/s;-;N/A;;MostlyCloudy;
2000/10/19;00:30;12.0;10.0;88%;1023hPa;5.0km;NNE;10.8km/h/3.0m/s;-;N/A;;MostlyCloudy;
2000/10/19;01:00;12.0;10.0;88%;1023hPa;4.5km;Variable;7.2km/h/2.0m/s;-;N/A;;MostlyCloudy;
2000/10/19;01:30;11.0;9.0;88%;1023hPa;4.5km;East;3.6km/h/1.0m/s;-;N/A;;MostlyCloudy;
2000/10/19;02:00;11.0;9.0;88%;1023hPa;4.5km;East;7.2km/h/2.0m/s;-;N/A;;MostlyCloudy;
2000/10/19;02:30;10.0;9.0;94%;1023hPa;4.5km;Variable;3.6km/h/1.0m/s;-;N/A;;MostlyCloudy;
2000/10/19;03:00;10.0;9.0;94%;1023hPa;4.0km;Calm;Calm;-;N/A;;ScatteredClouds;
2000/10/19;03:30;10.0;9.0;94%;1023hPa;4.0km;NE;3.6km/h/1.0m/s;-;N/A;;PartlyCloudy;
2000/10/19;04:00;10.0;8.0;87%;1023hPa;4.0km;Calm;Calm;-;N/A;;Overcast;
2000/10/19;04:30;10.0;9.0;94%;1023hPa;4.0km;Calm;Calm;-;N/A;;Overcast;
2000/10/19;05:00;10.0;9.0;94%;1023hPa;4.0km;Calm;Calm;-;N/A;;MostlyCloudy;
2000/10/19;05:30;10.0;9.0;94%;1023hPa;4.0km;West;3.6km/h/1.0m/s;-;N/A;;Overcast;
2000/10/19;06:00;10.0;9.0;94%;1023hPa;4.0km;NW;7.2km/h/2.0m/s;-;N/A;;MostlyCloudy;
2000/10/19;06:30;11.0;10.0;94%;1023hPa;4.0km;NNE;3.6km/h/1.0m/s;-;N/A;;MostlyCloudy;
2000/10/19;07:00;11.0;10.0;94%;1024hPa;2.0km;Calm;Calm;-;N/A;;MostlyCloudy;
2000/10/19;07:30;11.0;10.0;94%;1024hPa;2.5km;Calm;Calm;-;N/A;;Overcast;
2000/10/19;08:00;11.0;10.0;94%;1024hPa;2.0km;SSW;3.6km/h/1.0m/s;-;N/A;;Overcast;
2000/10/19;08:30;11.0;10.0;94%;1024hPa;2.0km;Variable;3.6km/h/1.0m/s;-;N/A;;Overcast;
2000/10/19;09:00;12.0;10.0;88%;1025hPa;2.3km;Variable;3.6km/h/1.0m/s;-;N/A;;Overcast;
2000/10/19;09:30;12.0;10.0;88%;1025hPa;2.3km;Variable;3.6km/h/1.0m/s;-;N/A;;Overcast;
2000/10/19;10:00;12.0;10.0;88%;1025hPa;2.0km;Variable;7.2km/h/2.0m/s;-;N/A;;MostlyCloudy;
2000/10/19;10:30;12.0;10.0;88%;1025hPa;2.5km;East;7.2km/h/2.0m/s;-;N/A;;Overcast;
2000/10/19;11:18;13.0;10.0;82%;1025hPa;3.0km;ENE;7.2km/h/2.0m/s;-;N/A;;Overcast;
2000/10/19;11:30;14.0;10.0;77%;1025hPa;3.5km;Variable;7.2km/h/2.0m/s;-;N/A;;MostlyCloudy;
2000/10/19;12:00;14.0;10.0;77%;1025hPa;4.0km;Variable;7.2km/h/2.0m/s;-;N/A;;Overcast;
2000/10/19;12:30;14.0;10.0;77%;1025hPa;4.0km;Variable;7.2km/h/2.0m/s;-;N/A;;Overcast;
2000/10/19;13:00;14.0;10.0;77%;1025hPa;-;Variable;7.2km/h/2.0m/s;-;N/A;;Overcast;
2000/10/19;13:30;13.0;9.0;77%;1025hPa;4.5km;East;10.8km/h/3.0m/s;-;N/A;;Overcast;
2000/10/19;14:00;13.0;9.0;77%;1026hPa;4.0km;ENE;7.2km/h/2.0m/s;-;N/A;;Overcast;
2000/10/19;14:30;13.0;10.0;82%;1026hPa;4.5km;ESE;10.8km/h/3.0m/s;-;N/A;;Overcast;
2000/10/19;15:00;13.0;9.0;77%;1026hPa;4.5km;SE;10.8km/h/3.0m/s;-;N/A;;Overcast;
2000/10/19;15:30;13.0;10.0;82%;1026hPa;4.0km;SE;10.8km/h/3.0m/s;-;N/A;;Overcast;
2000/10/19;16:00;13.0;9.0;77%;1026hPa;3.5km;ESE;7.2km/h/2.0m/s;-;N/A;;Overcast;
2000/10/19;17:00;12.0;9.0;82%;1026hPa;-;NE;7.2km/h/2.0m/s;-;N/A;;Overcast;
2000/10/19;17:30;12.0;9.0;82%;1026hPa;3.5km;Variable;7.2km/h/2.0m/s;-;N/A;;Overcast;
2000/10/19;18:00;12.0;8.0;77%;1027hPa;4.0km;ENE;3.6km/h/1.0m/s;-;N/A;;Overcast;
2000/10/19;18:30;12.0;8.0;77%;1027hPa;7.0km;Calm;Calm;-;N/A;;Overcast;
2000/10/19;19:00;12.0;8.0;77%;1027hPa;9.0km;NW;3.6km/h/1.0m/s;-;N/A;;Overcast;
2000/10/19;19:30;12.0;8.0;77%;1027hPa;9.0km;Variable;3.6km/h/1.0m/s;-;N/A;;Overcast;
2000/10/19;20:00;12.0;8.0;77%;1028hPa;9.0km;NNE;3.6km/h/1.0m/s;-;N/A;;Overcast;
2000/10/19;20:30;11.0;7.0;76%;1028hPa;9.0km;Calm;Calm;-;N/A;;Overcast;
2000/10/19;21:00;11.0;7.0;76%;1028hPa;10.0km;ENE;3.6km/h/1.0m/s;-;N/A;;Overcast;
2000/10/19;21:30;11.0;7.0;76%;1028hPa;10.0km;ENE;7.2km/h/2.0m/s;-;N/A;;Overcast;
2000/10/19;22:00;11.0;7.0;76%;1029hPa;10.0km;Variable;3.6km/h/1.0m/s;-;N/A;;Overcast;
2000/10/19;22:30;12.0;7.0;72%;1029hPa;10.0km;Variable;3.6km/h/1.0m/s;-;N/A;;Overcast;
2000/10/19;23:00;12.0;7.0;72%;1029hPa;10.0km;Calm;Calm;-;N/A;Rain;LightRain;
2000/10/19;23:30;11.0;7.0;76%;1029hPa;10.0km;Variable;3.6km/h/1.0m/s;-;N/A;Rain;LightRain;
