2000/9/17;00:00;11.0;8.0;82%;1011hPa;-;North;14.4km/h/4.0m/s;-;N/A;;Clear;
2000/9/17;00:30;12.0;8.0;77%;1011hPa;-;North;14.4km/h/4.0m/s;-;N/A;;Clear;
2000/9/17;01:00;12.0;9.0;82%;1010hPa;-;North;14.4km/h/4.0m/s;-;N/A;;Clear;
2000/9/17;01:30;12.0;9.0;82%;1010hPa;-;North;18.0km/h/5.0m/s;-;N/A;;Clear;
2000/9/17;02:00;13.0;9.0;77%;1010hPa;-;NNW;14.4km/h/4.0m/s;-;N/A;;Clear;
2000/9/17;02:30;12.0;9.0;82%;1009hPa;-;NNE;14.4km/h/4.0m/s;-;N/A;;Clear;
2000/9/17;03:00;12.0;10.0;88%;1009hPa;10.0km;NNE;7.2km/h/2.0m/s;-;N/A;Rain;LightRain;
2000/9/17;03:30;12.0;10.0;88%;1009hPa;10.0km;North;14.4km/h/4.0m/s;-;N/A;Rain;LightRain;
2000/9/17;04:00;12.0;10.0;88%;1008hPa;6.0km;NNE;10.8km/h/3.0m/s;-;N/A;Rain;LightRain;
2000/9/17;04:30;11.0;10.0;94%;1007hPa;5.0km;NE;14.4km/h/4.0m/s;-;N/A;Rain,Thunderstorm;LightThunderstormsandRain;
2000/9/17;05:00;12.0;10.0;88%;1006hPa;8.0km;NNE;18.0km/h/5.0m/s;-;N/A;;MostlyCloudy;
2000/9/17;05:30;12.0;11.0;94%;1006hPa;7.0km;North;10.8km/h/3.0m/s;-;N/A;Rain;LightRain;
2000/9/17;06:00;12.0;11.0;94%;1007hPa;4.0km;Variable;7.2km/h/2.0m/s;-;N/A;Rain;LightRain;
2000/9/17;06:30;12.0;11.0;94%;1007hPa;3.0km;Variable;3.6km/h/1.0m/s;-;N/A;Rain;LightRain;
2000/9/17;07:00;12.0;11.0;94%;1006hPa;2.0km;Calm;Calm;-;N/A;Rain;LightRain;
2000/9/17;07:30;12.0;11.0;94%;1006hPa;4.0km;Variable;3.6km/h/1.0m/s;-;N/A;Rain;LightRain;
2000/9/17;08:00;12.0;11.0;94%;1006hPa;2.0km;SW;10.8km/h/3.0m/s;-;N/A;Rain;LightRain;
2000/9/17;08:30;12.0;11.0;94%;1006hPa;4.0km;WSW;14.4km/h/4.0m/s;-;N/A;Rain;LightRain;
2000/9/17;09:00;12.0;11.0;94%;1007hPa;4.0km;Variable;7.2km/h/2.0m/s;-;N/A;;Overcast;
2000/9/17;09:30;13.0;12.0;94%;1007hPa;4.0km;SW;7.2km/h/2.0m/s;-;N/A;;MostlyCloudy;
2000/9/17;10:00;14.0;12.0;88%;1007hPa;8.0km;SW;10.8km/h/3.0m/s;-;N/A;;ScatteredClouds;
2000/9/17;10:30;15.0;12.0;82%;1007hPa;8.0km;WSW;10.8km/h/3.0m/s;-;N/A;;ScatteredClouds;
2000/9/17;11:00;15.0;12.0;82%;1008hPa;10.0km;WSW;10.8km/h/3.0m/s;-;N/A;;MostlyCloudy;
2000/9/17;11:30;15.0;13.0;88%;1008hPa;10.0km;WSW;14.4km/h/4.0m/s;-;N/A;;MostlyCloudy;
2000/9/17;12:00;16.0;12.0;77%;1008hPa;10.0km;SW;14.4km/h/4.0m/s;-;N/A;;MostlyCloudy;
2000/9/17;12:30;16.0;12.0;77%;1008hPa;10.0km;WSW;14.4km/h/4.0m/s;-;N/A;;MostlyCloudy;
2000/9/17;13:00;17.0;12.0;72%;1008hPa;10.0km;SW;10.8km/h/3.0m/s;-;N/A;;ScatteredClouds;
2000/9/17;13:30;18.0;11.0;64%;1008hPa;10.0km;SSW;10.8km/h/3.0m/s;-;N/A;;MostlyCloudy;
2000/9/17;14:00;19.0;12.0;64%;1008hPa;10.0km;South;10.8km/h/3.0m/s;-;N/A;;MostlyCloudy;
2000/9/17;14:30;18.0;10.0;59%;1008hPa;10.0km;WSW;18.0km/h/5.0m/s;-;N/A;Rain;LightRainShowers;
2000/9/17;15:00;15.0;10.0;72%;1008hPa;10.0km;NW;14.4km/h/4.0m/s;-;N/A;Rain;LightRainShowers;
2000/9/17;15:30;15.0;11.0;77%;1008hPa;6.0km;WNW;14.4km/h/4.0m/s;-;N/A;Rain;RainShowers;
2000/9/17;16:00;13.0;11.0;88%;1008hPa;8.0km;NNW;10.8km/h/3.0m/s;-;N/A;Rain;LightRainShowers;
2000/9/17;16:30;14.0;12.0;88%;1008hPa;10.0km;Calm;Calm;-;N/A;Rain;LightRainShowers;
2000/9/17;17:00;16.0;11.0;72%;1008hPa;10.0km;Variable;7.2km/h/2.0m/s;-;N/A;;ScatteredClouds;
2000/9/17;17:30;16.0;12.0;77%;1008hPa;10.0km;Variable;7.2km/h/2.0m/s;-;N/A;;ScatteredClouds;
2000/9/17;18:00;15.0;12.0;82%;1008hPa;10.0km;ENE;7.2km/h/2.0m/s;-;N/A;;ScatteredClouds;
2000/9/17;18:30;14.0;12.0;88%;1008hPa;10.0km;Variable;7.2km/h/2.0m/s;-;N/A;;ScatteredClouds;
2000/9/17;19:00;14.0;12.0;88%;1009hPa;10.0km;Variable;7.2km/h/2.0m/s;-;N/A;;ScatteredClouds;
2000/9/17;19:30;14.0;12.0;88%;1009hPa;10.0km;Variable;3.6km/h/1.0m/s;-;N/A;;ScatteredClouds;
2000/9/17;20:00;13.0;11.0;88%;1009hPa;10.0km;North;3.6km/h/1.0m/s;-;N/A;;ScatteredClouds;
2000/9/17;20:30;13.0;11.0;88%;1009hPa;10.0km;Variable;3.6km/h/1.0m/s;-;N/A;;ScatteredClouds;
2000/9/17;21:00;13.0;11.0;88%;1009hPa;10.0km;Variable;3.6km/h/1.0m/s;-;N/A;;PartlyCloudy;
2000/9/17;21:30;12.0;11.0;94%;1009hPa;10.0km;Calm;Calm;-;N/A;;MostlyCloudy;
2000/9/17;22:00;12.0;11.0;94%;1009hPa;10.0km;Calm;Calm;-;N/A;;MostlyCloudy;
2000/9/17;22:30;12.0;11.0;94%;1009hPa;10.0km;Calm;Calm;-;N/A;;ScatteredClouds;
2000/9/17;23:00;12.0;10.0;88%;1009hPa;10.0km;Variable;3.6km/h/1.0m/s;-;N/A;;MostlyCloudy;
2000/9/17;23:30;12.0;10.0;88%;1009hPa;10.0km;Variable;3.6km/h/1.0m/s;-;N/A;;MostlyCloudy;
