2000/9/20;00:00;11.0;7.0;76%;1013hPa;10.0km;NNE;7.2km/h/2.0m/s;-;N/A;Rain;LightRain;
2000/9/20;00:30;11.0;7.0;76%;1013hPa;10.0km;NE;10.8km/h/3.0m/s;-;N/A;;MostlyCloudy;
2000/9/20;01:00;10.0;7.0;82%;1013hPa;10.0km;NNE;7.2km/h/2.0m/s;-;N/A;Rain;LightRain;
2000/9/20;01:30;10.0;8.0;87%;1013hPa;10.0km;NNE;7.2km/h/2.0m/s;-;N/A;Rain;LightRain;
2000/9/20;02:00;10.0;8.0;87%;1013hPa;10.0km;NNE;10.8km/h/3.0m/s;-;N/A;Rain;LightRain;
2000/9/20;02:30;10.0;8.0;87%;1013hPa;8.0km;NNE;7.2km/h/2.0m/s;-;N/A;Rain;LightRain;
2000/9/20;03:00;10.0;8.0;87%;1013hPa;8.0km;NE;7.2km/h/2.0m/s;-;N/A;Rain;LightRain;
2000/9/20;03:30;10.0;8.0;87%;1012hPa;10.0km;NE;7.2km/h/2.0m/s;-;N/A;Rain;LightRain;
2000/9/20;04:00;10.0;8.0;87%;1012hPa;10.0km;NNE;10.8km/h/3.0m/s;-;N/A;Rain;LightRain;
2000/9/20;04:30;10.0;8.0;87%;1012hPa;10.0km;North;14.4km/h/4.0m/s;-;N/A;;Overcast;
2000/9/20;05:00;10.0;8.0;87%;1012hPa;10.0km;North;14.4km/h/4.0m/s;-;N/A;;MostlyCloudy;
2000/9/20;05:30;10.0;8.0;87%;1012hPa;10.0km;NNE;10.8km/h/3.0m/s;-;N/A;;MostlyCloudy;
2000/9/20;06:00;10.0;8.0;87%;1012hPa;10.0km;NNE;10.8km/h/3.0m/s;-;N/A;;Overcast;
2000/9/20;06:30;10.0;8.0;87%;1012hPa;10.0km;NE;10.8km/h/3.0m/s;-;N/A;;Overcast;
2000/9/20;07:00;10.0;8.0;87%;1012hPa;10.0km;Variable;7.2km/h/2.0m/s;-;N/A;;Overcast;
2000/9/20;07:30;10.0;8.0;87%;1012hPa;10.0km;Variable;3.6km/h/1.0m/s;-;N/A;;Overcast;
2000/9/20;08:00;11.0;9.0;88%;1012hPa;10.0km;NNE;10.8km/h/3.0m/s;-;N/A;;Overcast;
2000/9/20;08:30;11.0;8.0;82%;1012hPa;10.0km;NNE;18.0km/h/5.0m/s;-;N/A;;MostlyCloudy;
2000/9/20;09:00;12.0;8.0;77%;1012hPa;10.0km;NNE;14.4km/h/4.0m/s;-;N/A;;MostlyCloudy;
2000/9/20;09:30;12.0;9.0;82%;1012hPa;10.0km;NNE;18.0km/h/5.0m/s;-;N/A;;MostlyCloudy;
2000/9/20;10:00;13.0;9.0;77%;1012hPa;10.0km;NNE;14.4km/h/4.0m/s;-;N/A;;MostlyCloudy;
2000/9/20;10:30;13.0;10.0;82%;1012hPa;10.0km;North;18.0km/h/5.0m/s;-;N/A;;MostlyCloudy;
2000/9/20;11:00;14.0;10.0;77%;1012hPa;10.0km;NNE;14.4km/h/4.0m/s;-;N/A;;Overcast;
2000/9/20;11:30;14.0;10.0;77%;1012hPa;10.0km;NNE;10.8km/h/3.0m/s;-;N/A;;Overcast;
2000/9/20;12:00;15.0;10.0;72%;1012hPa;10.0km;NNE;18.0km/h/5.0m/s;36.0km/h/10.0m/s;N/A;;MostlyCloudy;
2000/9/20;12:30;15.0;11.0;77%;1012hPa;10.0km;NNE;18.0km/h/5.0m/s;-;N/A;;MostlyCloudy;
2000/9/20;13:00;16.0;11.0;72%;1012hPa;10.0km;NNE;14.4km/h/4.0m/s;-;N/A;;MostlyCloudy;
2000/9/20;13:30;17.0;11.0;68%;1012hPa;10.0km;NNE;18.0km/h/5.0m/s;-;N/A;;MostlyCloudy;
2000/9/20;14:00;17.0;12.0;72%;1012hPa;10.0km;NNE;14.4km/h/4.0m/s;-;N/A;;ScatteredClouds;
2000/9/20;14:30;17.0;11.0;68%;1012hPa;10.0km;NNE;14.4km/h/4.0m/s;-;N/A;;ScatteredClouds;
2000/9/20;15:00;17.0;12.0;72%;1012hPa;10.0km;NNE;10.8km/h/3.0m/s;-;N/A;;MostlyCloudy;
2000/9/20;15:30;17.0;11.0;68%;1013hPa;10.0km;NE;10.8km/h/3.0m/s;-;N/A;;Overcast;
2000/9/20;16:00;17.0;12.0;72%;1012hPa;10.0km;NE;10.8km/h/3.0m/s;-;N/A;;Overcast;
2000/9/20;16:30;16.0;12.0;77%;1012hPa;10.0km;NNE;14.4km/h/4.0m/s;-;N/A;;MostlyCloudy;
2000/9/20;17:00;16.0;11.0;72%;1013hPa;10.0km;NNE;18.0km/h/5.0m/s;-;N/A;;ScatteredClouds;
2000/9/20;17:30;15.0;11.0;77%;1013hPa;10.0km;NNE;21.6km/h/6.0m/s;-;N/A;;MostlyCloudy;
2000/9/20;18:00;14.0;10.0;77%;1013hPa;10.0km;NNE;21.6km/h/6.0m/s;-;N/A;;MostlyCloudy;
2000/9/20;18:30;14.0;9.0;72%;1013hPa;10.0km;North;25.2km/h/7.0m/s;-;N/A;;MostlyCloudy;
2000/9/20;19:00;13.0;9.0;77%;1013hPa;10.0km;North;28.8km/h/8.0m/s;-;N/A;;MostlyCloudy;
2000/9/20;19:30;13.0;9.0;77%;1014hPa;10.0km;NNE;25.2km/h/7.0m/s;-;N/A;;Overcast;
2000/9/20;20:00;13.0;9.0;77%;1014hPa;10.0km;NNE;21.6km/h/6.0m/s;-;N/A;;Overcast;
2000/9/20;20:30;12.0;9.0;82%;1014hPa;10.0km;NNE;28.8km/h/8.0m/s;-;N/A;;Overcast;
2000/9/20;21:00;12.0;8.0;77%;1014hPa;10.0km;NNE;25.2km/h/7.0m/s;-;N/A;;MostlyCloudy;
2000/9/20;21:30;12.0;8.0;77%;1014hPa;10.0km;North;25.2km/h/7.0m/s;-;N/A;;ScatteredClouds;
2000/9/20;22:00;12.0;8.0;77%;1014hPa;-;North;28.8km/h/8.0m/s;-;N/A;;Clear;
2000/9/20;22:30;12.0;8.0;77%;1014hPa;-;North;32.4km/h/9.0m/s;-;N/A;;Clear;
2000/9/20;23:00;12.0;8.0;77%;1014hPa;-;North;32.4km/h/9.0m/s;-;N/A;;Clear;
2000/9/20;23:30;12.0;8.0;77%;1014hPa;-;North;32.4km/h/9.0m/s;-;N/A;;Clear;
