2000/11/19;00:00;8.0;6.0;87%;1016hPa;6.0km;North;7.2km/h/2.0m/s;-;N/A;;ScatteredClouds;
2000/11/19;00:30;8.0;6.0;87%;1016hPa;6.0km;North;10.8km/h/3.0m/s;-;N/A;;MostlyCloudy;
2000/11/19;01:00;8.0;6.0;87%;1016hPa;6.0km;North;10.8km/h/3.0m/s;-;N/A;;MostlyCloudy;
2000/11/19;01:30;7.0;5.0;87%;1016hPa;7.0km;North;10.8km/h/3.0m/s;-;N/A;;MostlyCloudy;
2000/11/19;02:00;8.0;6.0;87%;1016hPa;7.0km;North;10.8km/h/3.0m/s;-;N/A;;MostlyCloudy;
2000/11/19;02:30;7.0;5.0;87%;1016hPa;7.0km;North;10.8km/h/3.0m/s;-;N/A;;MostlyCloudy;
2000/11/19;03:00;8.0;6.0;87%;1016hPa;7.0km;NNE;10.8km/h/3.0m/s;-;N/A;;Overcast;
2000/11/19;03:30;8.0;6.0;87%;1016hPa;7.0km;NNE;10.8km/h/3.0m/s;-;N/A;;MostlyCloudy;
2000/11/19;04:00;8.0;6.0;87%;1015hPa;7.0km;NNE;10.8km/h/3.0m/s;-;N/A;;Overcast;
2000/11/19;04:30;7.0;6.0;93%;1015hPa;7.0km;Variable;7.2km/h/2.0m/s;-;N/A;;MostlyCloudy;
2000/11/19;05:00;7.0;5.0;87%;1015hPa;8.0km;NNE;10.8km/h/3.0m/s;-;N/A;;MostlyCloudy;
2000/11/19;05:30;7.0;5.0;87%;1015hPa;8.0km;NNE;10.8km/h/3.0m/s;-;N/A;;PartlyCloudy;
2000/11/19;06:00;6.0;5.0;93%;1015hPa;-;North;7.2km/h/2.0m/s;-;N/A;;Clear;
2000/11/19;06:30;6.0;4.0;87%;1015hPa;-;NNE;7.2km/h/2.0m/s;-;N/A;;Clear;
2000/11/19;07:00;6.0;4.0;87%;1015hPa;6.0km;North;7.2km/h/2.0m/s;-;N/A;;ScatteredClouds;
2000/11/19;07:30;6.0;5.0;93%;1015hPa;5.0km;NNE;7.2km/h/2.0m/s;-;N/A;;ScatteredClouds;
2000/11/19;08:00;6.0;5.0;93%;1015hPa;6.0km;North;7.2km/h/2.0m/s;-;N/A;;ScatteredClouds;
2000/11/19;08:30;7.0;6.0;93%;1015hPa;6.0km;NNE;7.2km/h/2.0m/s;-;N/A;;ScatteredClouds;
2000/11/19;09:00;8.0;5.0;81%;1015hPa;7.0km;NNE;14.4km/h/4.0m/s;-;N/A;;PartlyCloudy;
2000/11/19;09:30;9.0;6.0;82%;1015hPa;8.0km;North;14.4km/h/4.0m/s;-;N/A;;ScatteredClouds;
2000/11/19;10:00;10.0;6.0;76%;1015hPa;8.0km;North;7.2km/h/2.0m/s;-;N/A;;ScatteredClouds;
2000/11/19;10:30;10.0;6.0;76%;1014hPa;8.0km;Variable;7.2km/h/2.0m/s;-;N/A;;ScatteredClouds;
2000/11/19;11:00;11.0;6.0;71%;1013hPa;8.0km;NNE;10.8km/h/3.0m/s;-;N/A;;ScatteredClouds;
2000/11/19;11:30;12.0;6.0;67%;1013hPa;8.0km;Variable;7.2km/h/2.0m/s;-;N/A;;ScatteredClouds;
2000/11/19;12:00;13.0;6.0;63%;1013hPa;8.0km;Variable;3.6km/h/1.0m/s;-;N/A;;ScatteredClouds;
2000/11/19;12:30;13.0;6.0;63%;1013hPa;8.0km;Variable;3.6km/h/1.0m/s;-;N/A;;MostlyCloudy;
2000/11/19;13:00;13.0;5.0;58%;1012hPa;8.0km;Variable;3.6km/h/1.0m/s;-;N/A;;MostlyCloudy;
2000/11/19;13:30;13.0;7.0;67%;1012hPa;9.0km;Variable;3.6km/h/1.0m/s;-;N/A;;MostlyCloudy;
2000/11/19;14:00;13.0;7.0;67%;1012hPa;-;Variable;3.6km/h/1.0m/s;-;N/A;;Clear;
2000/11/19;14:30;13.0;8.0;72%;1012hPa;-;East;3.6km/h/1.0m/s;-;N/A;;Clear;
2000/11/19;15:00;12.0;8.0;77%;1011hPa;-;Calm;Calm;-;N/A;;Clear;
2000/11/19;15:30;12.0;8.0;77%;1011hPa;-;Calm;Calm;-;N/A;;Clear;
2000/11/19;16:00;11.0;7.0;76%;1011hPa;-;NNW;3.6km/h/1.0m/s;-;N/A;;Clear;
2000/11/19;16:30;10.0;6.0;76%;1011hPa;7.0km;NNW;7.2km/h/2.0m/s;-;N/A;;MostlyCloudy;
2000/11/19;17:00;9.0;6.0;82%;1011hPa;6.0km;NNW;3.6km/h/1.0m/s;-;N/A;;MostlyCloudy;
2000/11/19;17:30;9.0;5.0;76%;1011hPa;8.0km;NW;7.2km/h/2.0m/s;-;N/A;;PartlyCloudy;
2000/11/19;18:00;8.0;5.0;81%;1011hPa;9.0km;Calm;Calm;-;N/A;;PartlyCloudy;
2000/11/19;18:30;7.0;5.0;87%;1011hPa;9.0km;Variable;3.6km/h/1.0m/s;-;N/A;;PartlyCloudy;
2000/11/19;19:00;7.0;5.0;87%;1011hPa;9.0km;Variable;7.2km/h/2.0m/s;-;N/A;;MostlyCloudy;
2000/11/19;19:30;7.0;5.0;87%;1011hPa;9.0km;Calm;Calm;-;N/A;;MostlyCloudy;
2000/11/19;20:00;7.0;5.0;87%;1011hPa;9.0km;Variable;3.6km/h/1.0m/s;-;N/A;Rain;LightRain;
2000/11/19;20:30;7.0;5.0;87%;1011hPa;9.0km;Calm;Calm;-;N/A;Rain;LightRain;
2000/11/19;21:00;7.0;5.0;87%;1011hPa;9.0km;Calm;Calm;-;N/A;;Overcast;
2000/11/19;21:30;6.0;5.0;93%;1012hPa;6.0km;Calm;Calm;-;N/A;;MostlyCloudy;
2000/11/19;22:00;6.0;5.0;93%;1012hPa;6.0km;Variable;3.6km/h/1.0m/s;-;N/A;;ScatteredClouds;
2000/11/19;22:30;6.0;5.0;93%;1012hPa;6.0km;Calm;Calm;-;N/A;;PartlyCloudy;
2000/11/19;23:00;6.0;5.0;93%;1012hPa;8.0km;Variable;3.6km/h/1.0m/s;-;N/A;;PartlyCloudy;
2000/11/19;23:30;6.0;5.0;93%;1012hPa;6.0km;North;7.2km/h/2.0m/s;-;N/A;;PartlyCloudy;
