2000/7/21;00:00;16.0;10.0;68%;1017hPa;-;North;21.6km/h/6.0m/s;-;N/A;;Clear;
2000/7/21;00:30;15.0;10.0;72%;1017hPa;-;NNE;18.0km/h/5.0m/s;-;N/A;;Clear;
2000/7/21;01:00;15.0;10.0;72%;1017hPa;-;NNE;18.0km/h/5.0m/s;-;N/A;;Clear;
2000/7/21;01:30;15.0;10.0;72%;1018hPa;-;North;18.0km/h/5.0m/s;-;N/A;;Clear;
2000/7/21;02:00;15.0;10.0;72%;1017hPa;-;North;21.6km/h/6.0m/s;-;N/A;;Clear;
2000/7/21;02:30;15.0;9.0;67%;1017hPa;-;NNE;21.6km/h/6.0m/s;-;N/A;;Clear;
2000/7/21;03:00;15.0;9.0;67%;1017hPa;-;North;18.0km/h/5.0m/s;-;N/A;;Clear;
2000/7/21;03:30;15.0;9.0;67%;1017hPa;-;North;21.6km/h/6.0m/s;-;N/A;;Clear;
2000/7/21;04:00;15.0;9.0;67%;1017hPa;-;North;14.4km/h/4.0m/s;-;N/A;;Clear;
2000/7/21;04:30;14.0;9.0;72%;1017hPa;-;North;14.4km/h/4.0m/s;-;N/A;;Clear;
2000/7/21;05:00;14.0;9.0;72%;1017hPa;-;North;10.8km/h/3.0m/s;-;N/A;;Clear;
2000/7/21;05:30;14.0;9.0;72%;1017hPa;-;NNE;10.8km/h/3.0m/s;-;N/A;;Clear;
2000/7/21;06:00;14.0;9.0;72%;1018hPa;-;NNE;10.8km/h/3.0m/s;-;N/A;;Clear;
2000/7/21;06:30;14.0;9.0;72%;1018hPa;-;Variable;7.2km/h/2.0m/s;-;N/A;;Clear;
2000/7/21;07:30;16.0;9.0;63%;1018hPa;-;North;21.6km/h/6.0m/s;-;N/A;;Clear;
2000/7/21;08:00;17.0;8.0;55%;1018hPa;-;North;21.6km/h/6.0m/s;-;N/A;;Clear;
2000/7/21;08:30;17.0;8.0;55%;1018hPa;-;North;21.6km/h/6.0m/s;-;N/A;;Clear;
2000/7/21;09:00;18.0;8.0;52%;1018hPa;10.0km;North;18.0km/h/5.0m/s;-;N/A;;MostlyCloudy;
2000/7/21;09:30;18.0;9.0;56%;1018hPa;10.0km;North;18.0km/h/5.0m/s;-;N/A;;ScatteredClouds;
2000/7/21;10:00;19.0;8.0;49%;1018hPa;-;North;18.0km/h/5.0m/s;-;N/A;;Clear;
2000/7/21;10:30;19.0;10.0;56%;1018hPa;-;North;18.0km/h/5.0m/s;-;N/A;;Clear;
2000/7/21;11:00;20.0;11.0;56%;1018hPa;-;NNE;14.4km/h/4.0m/s;-;N/A;;Clear;
2000/7/21;11:30;21.0;9.0;46%;1018hPa;-;Variable;7.2km/h/2.0m/s;-;N/A;;Clear;
2000/7/21;12:00;21.0;10.0;49%;1017hPa;10.0km;Variable;7.2km/h/2.0m/s;-;N/A;;ScatteredClouds;
2000/7/21;12:30;22.0;11.0;50%;1017hPa;10.0km;Variable;3.6km/h/1.0m/s;-;N/A;;ScatteredClouds;
2000/7/21;13:00;23.0;12.0;50%;1017hPa;10.0km;Variable;7.2km/h/2.0m/s;-;N/A;;ScatteredClouds;
2000/7/21;13:30;23.0;11.0;47%;1017hPa;10.0km;Variable;7.2km/h/2.0m/s;-;N/A;;ScatteredClouds;
2000/7/21;14:00;23.0;8.0;38%;1017hPa;10.0km;Variable;7.2km/h/2.0m/s;-;N/A;;ScatteredClouds;
2000/7/21;14:30;23.0;10.0;44%;1017hPa;10.0km;Variable;7.2km/h/2.0m/s;-;N/A;;ScatteredClouds;
2000/7/21;15:00;22.0;10.0;46%;1017hPa;10.0km;Variable;3.6km/h/1.0m/s;-;N/A;;MostlyCloudy;
2000/7/21;15:30;23.0;10.0;44%;1017hPa;10.0km;Variable;3.6km/h/1.0m/s;-;N/A;;MostlyCloudy;
2000/7/21;16:00;22.0;10.0;46%;1017hPa;10.0km;Variable;7.2km/h/2.0m/s;-;N/A;;MostlyCloudy;
2000/7/21;16:30;22.0;11.0;50%;1016hPa;10.0km;NNE;10.8km/h/3.0m/s;-;N/A;;ScatteredClouds;
2000/7/21;17:00;22.0;11.0;50%;1017hPa;10.0km;Calm;Calm;-;N/A;;MostlyCloudy;
2000/7/21;17:30;21.0;12.0;56%;1017hPa;10.0km;North;10.8km/h/3.0m/s;-;N/A;;MostlyCloudy;
2000/7/21;18:00;20.0;12.0;60%;1017hPa;10.0km;NE;14.4km/h/4.0m/s;-;N/A;;MostlyCloudy;
2000/7/21;18:30;20.0;12.0;60%;1017hPa;10.0km;NE;10.8km/h/3.0m/s;-;N/A;;MostlyCloudy;
2000/7/21;19:00;20.0;11.0;56%;1017hPa;10.0km;Variable;7.2km/h/2.0m/s;-;N/A;;MostlyCloudy;
2000/7/21;19:30;20.0;12.0;60%;1017hPa;10.0km;Variable;3.6km/h/1.0m/s;-;N/A;;MostlyCloudy;
2000/7/21;20:00;20.0;13.0;64%;1017hPa;10.0km;Variable;3.6km/h/1.0m/s;-;N/A;;MostlyCloudy;
2000/7/21;20:30;18.0;13.0;73%;1017hPa;10.0km;Calm;Calm;-;N/A;;MostlyCloudy;
2000/7/21;21:00;18.0;13.0;73%;1018hPa;10.0km;Variable;3.6km/h/1.0m/s;-;N/A;;MostlyCloudy;
2000/7/21;21:30;17.0;13.0;77%;1018hPa;10.0km;Variable;3.6km/h/1.0m/s;-;N/A;;MostlyCloudy;
2000/7/21;22:00;16.0;13.0;82%;1018hPa;10.0km;North;7.2km/h/2.0m/s;-;N/A;;MostlyCloudy;
2000/7/21;22:30;15.0;13.0;88%;1018hPa;10.0km;North;3.6km/h/1.0m/s;-;N/A;;MostlyCloudy;
2000/7/21;23:00;15.0;12.0;82%;1018hPa;-;North;10.8km/h/3.0m/s;-;N/A;;Clear;
2000/7/21;23:30;15.0;11.0;77%;1018hPa;-;North;7.2km/h/2.0m/s;-;N/A;;Clear;
