2000/6/27;00:00;13.0;11.0;88%;1018hPa;10.0km;NNE;10.8km/h/3.0m/s;-;N/A;;MostlyCloudy;
2000/6/27;00:30;12.0;10.0;88%;1018hPa;-;NNE;14.4km/h/4.0m/s;-;N/A;;Clear;
2000/6/27;01:00;12.0;9.0;82%;1018hPa;-;NNW;7.2km/h/2.0m/s;-;N/A;;Clear;
2000/6/27;01:30;12.0;9.0;82%;1018hPa;-;Variable;3.6km/h/1.0m/s;-;N/A;;Clear;
2000/6/27;02:00;12.0;9.0;82%;1018hPa;-;Variable;3.6km/h/1.0m/s;-;N/A;;Clear;
2000/6/27;02:30;12.0;9.0;82%;1017hPa;-;Variable;3.6km/h/1.0m/s;-;N/A;;Clear;
2000/6/27;03:00;12.0;8.0;77%;1017hPa;-;Variable;7.2km/h/2.0m/s;-;N/A;;Clear;
2000/6/27;03:30;12.0;8.0;77%;1017hPa;10.0km;Variable;3.6km/h/1.0m/s;-;N/A;Rain;LightRain;
2000/6/27;04:00;12.0;7.0;72%;1017hPa;-;Variable;3.6km/h/1.0m/s;-;N/A;;Clear;
2000/6/27;04:30;12.0;7.0;72%;1018hPa;10.0km;SW;7.2km/h/2.0m/s;-;N/A;;MostlyCloudy;
2000/6/27;05:00;12.0;7.0;72%;1018hPa;-;Variable;3.6km/h/1.0m/s;-;N/A;;Clear;
2000/6/27;05:30;11.0;8.0;82%;1018hPa;-;Variable;3.6km/h/1.0m/s;-;N/A;;Clear;
2000/6/27;06:00;12.0;8.0;77%;1018hPa;-;Variable;3.6km/h/1.0m/s;-;N/A;;Clear;
2000/6/27;06:30;12.0;9.0;82%;1018hPa;-;Calm;Calm;-;N/A;;Clear;
2000/6/27;07:00;12.0;8.0;77%;1018hPa;-;Calm;Calm;-;N/A;;Clear;
2000/6/27;08:30;14.0;8.0;67%;1018hPa;-;Variable;3.6km/h/1.0m/s;-;N/A;;Clear;
2000/6/27;09:00;14.0;8.0;67%;1018hPa;10.0km;Variable;3.6km/h/1.0m/s;-;N/A;;MostlyCloudy;
2000/6/27;09:30;15.0;7.0;59%;1018hPa;10.0km;Variable;3.6km/h/1.0m/s;-;N/A;;MostlyCloudy;
2000/6/27;10:00;15.0;7.0;59%;1018hPa;10.0km;Variable;3.6km/h/1.0m/s;-;N/A;;ScatteredClouds;
2000/6/27;10:30;17.0;8.0;55%;1017hPa;10.0km;Variable;3.6km/h/1.0m/s;-;N/A;;MostlyCloudy;
2000/6/27;11:00;15.0;7.0;59%;1018hPa;10.0km;Variable;3.6km/h/1.0m/s;-;N/A;;MostlyCloudy;
2000/6/27;11:30;15.0;7.0;59%;1018hPa;10.0km;Variable;3.6km/h/1.0m/s;-;N/A;;MostlyCloudy;
2000/6/27;12:00;14.0;7.0;63%;1018hPa;10.0km;WNW;18.0km/h/5.0m/s;-;N/A;;ScatteredClouds;
2000/6/27;12:30;14.0;6.0;59%;1017hPa;10.0km;SSW;14.4km/h/4.0m/s;-;N/A;;ScatteredClouds;
2000/6/27;13:00;15.0;6.0;55%;1017hPa;10.0km;Variable;3.6km/h/1.0m/s;-;N/A;;ScatteredClouds;
2000/6/27;13:30;16.0;7.0;55%;1017hPa;10.0km;East;10.8km/h/3.0m/s;-;N/A;;ScatteredClouds;
2000/6/27;14:00;15.0;6.0;55%;1017hPa;10.0km;Variable;7.2km/h/2.0m/s;-;N/A;;ScatteredClouds;
2000/6/27;14:30;15.0;7.0;59%;1017hPa;10.0km;NE;14.4km/h/4.0m/s;-;N/A;;ScatteredClouds;
2000/6/27;15:00;15.0;8.0;63%;1016hPa;10.0km;NNE;14.4km/h/4.0m/s;-;N/A;;ScatteredClouds;
2000/6/27;15:30;14.0;8.0;67%;1016hPa;10.0km;NNE;10.8km/h/3.0m/s;-;N/A;;ScatteredClouds;
2000/6/27;16:00;15.0;7.0;59%;1016hPa;10.0km;NNE;14.4km/h/4.0m/s;-;N/A;;ScatteredClouds;
2000/6/27;16:30;16.0;6.0;52%;1016hPa;10.0km;NE;10.8km/h/3.0m/s;-;N/A;;ScatteredClouds;
2000/6/27;17:00;15.0;7.0;59%;1016hPa;10.0km;NE;18.0km/h/5.0m/s;-;N/A;;ScatteredClouds;
2000/6/27;17:30;15.0;6.0;55%;1017hPa;10.0km;ENE;7.2km/h/2.0m/s;-;N/A;;ScatteredClouds;
2000/6/27;18:00;16.0;4.0;45%;1016hPa;10.0km;NE;14.4km/h/4.0m/s;-;N/A;;MostlyCloudy;
2000/6/27;18:30;16.0;6.0;52%;1016hPa;10.0km;NE;10.8km/h/3.0m/s;-;N/A;;ScatteredClouds;
2000/6/27;19:00;15.0;5.0;51%;1017hPa;10.0km;NE;10.8km/h/3.0m/s;-;N/A;;ScatteredClouds;
2000/6/27;19:30;15.0;5.0;51%;1017hPa;10.0km;Variable;3.6km/h/1.0m/s;-;N/A;;ScatteredClouds;
2000/6/27;20:00;14.0;5.0;55%;1017hPa;10.0km;NNE;3.6km/h/1.0m/s;-;N/A;;ScatteredClouds;
2000/6/27;20:30;13.0;7.0;67%;1017hPa;10.0km;NNW;3.6km/h/1.0m/s;-;N/A;;ScatteredClouds;
2000/6/27;21:00;12.0;8.0;77%;1017hPa;10.0km;Variable;3.6km/h/1.0m/s;-;N/A;;MostlyCloudy;
2000/6/27;21:30;12.0;7.0;72%;1017hPa;10.0km;Variable;3.6km/h/1.0m/s;-;N/A;;ScatteredClouds;
2000/6/27;22:00;10.0;7.0;82%;1018hPa;10.0km;Variable;3.6km/h/1.0m/s;-;N/A;;ScatteredClouds;
2000/6/27;22:30;10.0;7.0;82%;1018hPa;10.0km;North;10.8km/h/3.0m/s;-;N/A;;ScatteredClouds;
2000/6/27;23:00;9.0;6.0;82%;1018hPa;-;Variable;3.6km/h/1.0m/s;-;N/A;;Clear;
2000/6/27;23:30;9.0;6.0;82%;1018hPa;-;Variable;3.6km/h/1.0m/s;-;N/A;;Clear;
