2000/2/13;00:00;0.0;-1.0;93%;1023hPa;10.0km;Variable;3.6km/h/1.0m/s;-;N/A;;Overcast;
2000/2/13;00:30;0.0;-1.0;93%;1023hPa;10.0km;Variable;3.6km/h/1.0m/s;-;N/A;;Overcast;
2000/2/13;01:00;0.0;-1.0;93%;1022hPa;8.0km;Calm;Calm;-;N/A;;Overcast;
2000/2/13;01:30;0.0;-1.0;93%;1022hPa;7.0km;Calm;Calm;-;N/A;;Overcast;
2000/2/13;02:00;0.0;-1.0;93%;1022hPa;8.0km;Variable;3.6km/h/1.0m/s;-;N/A;;Overcast;
2000/2/13;02:30;0.0;-1.0;93%;1022hPa;6.0km;NE;3.6km/h/1.0m/s;-;N/A;;Overcast;
2000/2/13;03:00;1.0;0.0;93%;1022hPa;6.0km;Calm;Calm;-;N/A;;Overcast;
2000/2/13;03:30;0.0;-1.0;93%;1021hPa;7.0km;ENE;7.2km/h/2.0m/s;-;N/A;;Overcast;
2000/2/13;04:00;0.0;0.0;100%;1021hPa;10.0km;Calm;Calm;-;N/A;;Overcast;
2000/2/13;04:30;1.0;0.0;93%;1021hPa;10.0km;Variable;3.6km/h/1.0m/s;-;N/A;;Overcast;
2000/2/13;05:00;0.0;-1.0;93%;1021hPa;10.0km;Calm;Calm;-;N/A;;Overcast;
2000/2/13;05:30;1.0;0.0;93%;1021hPa;10.0km;Variable;3.6km/h/1.0m/s;-;N/A;;Overcast;
2000/2/13;06:00;1.0;0.0;93%;1021hPa;6.0km;SSW;7.2km/h/2.0m/s;-;N/A;;Overcast;
2000/2/13;06:30;2.0;0.0;87%;1020hPa;4.0km;SW;10.8km/h/3.0m/s;-;N/A;;MostlyCloudy;
2000/2/13;07:00;2.0;0.0;87%;1021hPa;-;SSW;10.8km/h/3.0m/s;-;N/A;;MostlyCloudy;
2000/2/13;07:30;2.0;0.0;87%;1021hPa;5.0km;Variable;3.6km/h/1.0m/s;-;N/A;;ScatteredClouds;
2000/2/13;08:00;2.0;0.0;87%;1021hPa;5.0km;Variable;3.6km/h/1.0m/s;-;N/A;;ScatteredClouds;
2000/2/13;08:30;2.0;1.0;93%;1021hPa;5.0km;Variable;7.2km/h/2.0m/s;-;N/A;;MostlyCloudy;
2000/2/13;09:00;3.0;1.0;87%;1021hPa;5.0km;Variable;3.6km/h/1.0m/s;-;N/A;;ScatteredClouds;
2000/2/13;09:30;4.0;2.0;87%;1020hPa;5.0km;Variable;3.6km/h/1.0m/s;-;N/A;;PartlyCloudy;
2000/2/13;10:00;5.0;2.0;81%;1020hPa;5.0km;SW;14.4km/h/4.0m/s;-;N/A;;PartlyCloudy;
2000/2/13;10:30;5.0;1.0;76%;1020hPa;5.0km;Variable;7.2km/h/2.0m/s;-;N/A;;PartlyCloudy;
2000/2/13;11:00;6.0;2.0;76%;1020hPa;5.0km;South;10.8km/h/3.0m/s;-;N/A;;PartlyCloudy;
2000/2/13;11:30;6.0;1.0;70%;1020hPa;6.0km;South;14.4km/h/4.0m/s;-;N/A;;ScatteredClouds;
2000/2/13;12:00;6.0;1.0;70%;1019hPa;8.0km;SSW;14.4km/h/4.0m/s;-;N/A;;ScatteredClouds;
2000/2/13;12:30;6.0;0.0;66%;1019hPa;10.0km;South;14.4km/h/4.0m/s;-;N/A;;ScatteredClouds;
2000/2/13;13:30;6.0;0.0;66%;1018hPa;10.0km;SW;10.8km/h/3.0m/s;-;N/A;;MostlyCloudy;
2000/2/13;14:00;6.0;0.0;66%;1018hPa;10.0km;South;14.4km/h/4.0m/s;-;N/A;;ScatteredClouds;
2000/2/13;14:30;7.0;0.0;61%;1018hPa;10.0km;SSW;14.4km/h/4.0m/s;-;N/A;;ScatteredClouds;
2000/2/13;15:00;8.0;0.0;57%;1017hPa;10.0km;SSW;14.4km/h/4.0m/s;-;N/A;;ScatteredClouds;
2000/2/13;15:30;7.0;1.0;66%;1017hPa;10.0km;SSE;10.8km/h/3.0m/s;-;N/A;;ScatteredClouds;
2000/2/13;16:00;5.0;1.0;76%;1017hPa;10.0km;South;10.8km/h/3.0m/s;-;N/A;;ScatteredClouds;
2000/2/13;16:30;5.0;1.0;76%;1017hPa;10.0km;SSE;10.8km/h/3.0m/s;-;N/A;;ScatteredClouds;
2000/2/13;17:00;5.0;-1.0;65%;1017hPa;8.0km;SW;18.0km/h/5.0m/s;-;N/A;;PartlyCloudy;
2000/2/13;17:30;5.0;-1.0;65%;1017hPa;10.0km;SW;21.6km/h/6.0m/s;-;N/A;;PartlyCloudy;
2000/2/13;18:00;4.0;-1.0;70%;1017hPa;-;SW;21.6km/h/6.0m/s;-;N/A;;Clear;
2000/2/13;18:30;3.0;-1.0;75%;1016hPa;-;SW;21.6km/h/6.0m/s;-;N/A;;Clear;
2000/2/13;19:00;3.0;-1.0;75%;1016hPa;-;SW;21.6km/h/6.0m/s;-;N/A;;Clear;
2000/2/13;19:30;4.0;-1.0;70%;1016hPa;-;SW;18.0km/h/5.0m/s;-;N/A;;Clear;
2000/2/13;20:00;4.0;-1.0;70%;1016hPa;10.0km;South;10.8km/h/3.0m/s;-;N/A;;MostlyCloudy;
2000/2/13;20:30;3.0;-1.0;75%;1016hPa;10.0km;Variable;7.2km/h/2.0m/s;-;N/A;;MostlyCloudy;
2000/2/13;21:00;4.0;-1.0;70%;1016hPa;10.0km;SSW;18.0km/h/5.0m/s;-;N/A;;Overcast;
2000/2/13;21:30;3.0;0.0;81%;1016hPa;10.0km;SSW;18.0km/h/5.0m/s;-;N/A;;Overcast;
2000/2/13;22:00;3.0;0.0;81%;1015hPa;10.0km;South;10.8km/h/3.0m/s;-;N/A;Rain;LightRain;
2000/2/13;22:30;2.0;0.0;87%;1014hPa;10.0km;South;14.4km/h/4.0m/s;-;N/A;Rain;LightRain;
2000/2/13;23:00;2.0;1.0;93%;1014hPa;10.0km;SSW;10.8km/h/3.0m/s;-;N/A;Rain;LightRain;
2000/2/13;23:30;3.0;1.0;87%;1014hPa;10.0km;Variable;7.2km/h/2.0m/s;-;N/A;Rain;LightRain;
