2000/6/15;00:00;18.0;15.0;83%;1020hPa;10.0km;WSW;10.8km/h/3.0m/s;-;N/A;Rain,Thunderstorm;ThunderstormsandRain;
2000/6/15;00:30;17.0;15.0;88%;1020hPa;10.0km;South;10.8km/h/3.0m/s;-;N/A;Rain,Thunderstorm;LightThunderstormsandRain;
2000/6/15;01:00;17.0;15.0;88%;1020hPa;10.0km;Variable;7.2km/h/2.0m/s;-;N/A;Rain,Thunderstorm;LightThunderstormsandRain;
2000/6/15;01:30;17.0;15.0;88%;1021hPa;10.0km;WNW;14.4km/h/4.0m/s;-;N/A;;MostlyCloudy;
2000/6/15;02:00;17.0;15.0;88%;1021hPa;10.0km;SW;10.8km/h/3.0m/s;-;N/A;;MostlyCloudy;
2000/6/15;02:30;17.0;15.0;88%;1020hPa;5.0km;Variable;7.2km/h/2.0m/s;-;N/A;;MostlyCloudy;
2000/6/15;03:24;17.0;15.0;88%;1019hPa;8.0km;North;21.6km/h/6.0m/s;-;N/A;;Overcast;
2000/6/15;03:30;17.0;15.0;88%;1019hPa;8.0km;North;14.4km/h/4.0m/s;-;N/A;;MostlyCloudy;
2000/6/15;04:00;17.0;15.0;88%;1019hPa;8.0km;Variable;7.2km/h/2.0m/s;-;N/A;;MostlyCloudy;
2000/6/15;04:30;17.0;15.0;88%;1019hPa;10.0km;Variable;7.2km/h/2.0m/s;-;N/A;;MostlyCloudy;
2000/6/15;05:00;17.0;15.0;88%;1018hPa;10.0km;Variable;3.6km/h/1.0m/s;-;N/A;Rain;LightRainShowers;
2000/6/15;05:30;16.0;15.0;94%;1017hPa;10.0km;East;14.4km/h/4.0m/s;-;N/A;;ScatteredClouds;
2000/6/15;06:19;16.0;15.0;94%;1017hPa;10.0km;Variable;3.6km/h/1.0m/s;-;N/A;;MostlyCloudy;
2000/6/15;06:30;17.0;16.0;94%;1018hPa;10.0km;NNW;7.2km/h/2.0m/s;-;N/A;;MostlyCloudy;
2000/6/15;07:00;18.0;16.0;88%;1018hPa;10.0km;Variable;7.2km/h/2.0m/s;-;N/A;;ScatteredClouds;
2000/6/15;07:30;20.0;16.0;78%;1018hPa;-;Variable;3.6km/h/1.0m/s;-;N/A;;Clear;
2000/6/15;08:00;21.0;16.0;73%;1018hPa;-;Variable;3.6km/h/1.0m/s;-;N/A;;Clear;
2000/6/15;08:30;21.0;16.0;73%;1018hPa;10.0km;Variable;7.2km/h/2.0m/s;-;N/A;;PartlyCloudy;
2000/6/15;09:00;21.0;17.0;78%;1018hPa;10.0km;Calm;Calm;-;N/A;;PartlyCloudy;
2000/6/15;09:30;22.0;17.0;73%;1018hPa;10.0km;Variable;3.6km/h/1.0m/s;-;N/A;;PartlyCloudy;
2000/6/15;10:00;23.0;16.0;65%;1018hPa;-;Variable;3.6km/h/1.0m/s;-;N/A;;Clear;
2000/6/15;10:30;24.0;17.0;65%;1018hPa;-;Variable;3.6km/h/1.0m/s;-;N/A;;Clear;
2000/6/15;11:00;25.0;16.0;57%;1017hPa;8.0km;Variable;3.6km/h/1.0m/s;-;N/A;;PartlyCloudy;
2000/6/15;11:30;25.0;16.0;57%;1017hPa;8.0km;Variable;3.6km/h/1.0m/s;-;N/A;;PartlyCloudy;
2000/6/15;12:00;26.0;15.0;51%;1017hPa;8.0km;Variable;7.2km/h/2.0m/s;-;N/A;;PartlyCloudy;
2000/6/15;12:30;26.0;17.0;57%;1017hPa;-;Variable;7.2km/h/2.0m/s;-;N/A;;Clear;
2000/6/15;13:00;27.0;16.0;51%;1016hPa;-;Variable;7.2km/h/2.0m/s;-;N/A;;Clear;
2000/6/15;13:30;27.0;16.0;51%;1016hPa;-;SE;10.8km/h/3.0m/s;-;N/A;;Clear;
2000/6/15;14:00;28.0;17.0;51%;1016hPa;-;Variable;7.2km/h/2.0m/s;-;N/A;;Clear;
2000/6/15;14:30;27.0;14.0;45%;1015hPa;10.0km;Variable;3.6km/h/1.0m/s;-;N/A;;ScatteredClouds;
2000/6/15;15:00;22.0;12.0;53%;1015hPa;10.0km;North;25.2km/h/7.0m/s;-;N/A;;ScatteredClouds;
2000/6/15;15:30;22.0;13.0;57%;1015hPa;10.0km;North;32.4km/h/9.0m/s;-;N/A;;ScatteredClouds;
2000/6/15;16:00;19.0;15.0;78%;1015hPa;10.0km;NNE;21.6km/h/6.0m/s;-;N/A;Rain,Thunderstorm;LightThunderstormsandRain;
2000/6/15;16:30;19.0;15.0;78%;1015hPa;10.0km;Variable;7.2km/h/2.0m/s;-;N/A;;MostlyCloudy;
2000/6/15;17:00;18.0;16.0;88%;1015hPa;10.0km;Variable;3.6km/h/1.0m/s;-;N/A;Rain,Thunderstorm;LightThunderstormsandRain;
2000/6/15;17:30;18.0;16.0;88%;1014hPa;10.0km;Variable;3.6km/h/1.0m/s;-;N/A;Rain,Thunderstorm;LightThunderstormsandRain;
2000/6/15;18:00;18.0;16.0;88%;1014hPa;10.0km;Variable;7.2km/h/2.0m/s;-;N/A;Rain,Thunderstorm;LightThunderstormsandRain;
2000/6/15;18:30;18.0;16.0;88%;1014hPa;10.0km;Variable;3.6km/h/1.0m/s;-;N/A;Rain;LightRainShowers;
2000/6/15;19:00;18.0;16.0;88%;1014hPa;10.0km;NNW;3.6km/h/1.0m/s;-;N/A;Rain;LightRain;
2000/6/15;19:30;18.0;16.0;88%;1014hPa;3.0km;NNW;10.8km/h/3.0m/s;-;N/A;Rain,Thunderstorm;ThunderstormsandRain;
2000/6/15;20:00;17.0;16.0;94%;1014hPa;10.0km;ENE;10.8km/h/3.0m/s;-;N/A;;MostlyCloudy;
2000/6/15;20:13;17.0;16.0;94%;1014hPa;10.0km;ENE;10.8km/h/3.0m/s;-;N/A;;MostlyCloudy;
2000/6/15;20:30;17.0;15.0;88%;1014hPa;10.0km;Calm;Calm;-;N/A;;MostlyCloudy;
2000/6/15;21:00;17.0;15.0;88%;1014hPa;-;NNW;3.6km/h/1.0m/s;-;N/A;;Clear;
2000/6/15;21:30;17.0;15.0;88%;1014hPa;-;Variable;7.2km/h/2.0m/s;-;N/A;;Clear;
2000/6/15;22:00;17.0;15.0;88%;1014hPa;-;Variable;7.2km/h/2.0m/s;-;N/A;;Clear;
2000/6/15;22:30;17.0;15.0;88%;1015hPa;-;Variable;3.6km/h/1.0m/s;-;N/A;;Clear;
2000/6/15;23:00;16.0;15.0;94%;1015hPa;-;Variable;3.6km/h/1.0m/s;-;N/A;;Clear;
2000/6/15;23:30;17.0;15.0;88%;1015hPa;-;Calm;Calm;-;N/A;;Clear;
