2000/12/6;00:00;3.0;3.0;100%;1027hPa;0.4km;Variable;3.6km/h/1.0m/s;-;N/A;Fog;LightDrizzle;
2000/12/6;00:30;3.0;3.0;100%;1027hPa;0.2km;Calm;Calm;-;N/A;Fog;LightDrizzle;
2000/12/6;01:00;3.0;3.0;100%;1027hPa;0.2km;NW;3.6km/h/1.0m/s;-;N/A;Fog;LightDrizzle;
2000/12/6;01:30;3.0;3.0;100%;1027hPa;0.2km;Variable;3.6km/h/1.0m/s;-;N/A;Fog;LightDrizzle;
2000/12/6;02:00;3.0;3.0;100%;1027hPa;0.2km;Variable;3.6km/h/1.0m/s;-;N/A;Fog;LightDrizzle;
2000/12/6;02:30;3.0;3.0;100%;1027hPa;0.2km;NW;3.6km/h/1.0m/s;-;N/A;Fog;LightDrizzle;
2000/12/6;03:00;3.0;3.0;100%;1026hPa;0.3km;NNW;3.6km/h/1.0m/s;-;N/A;Fog;LightDrizzle;
2000/12/6;03:30;3.0;3.0;100%;1026hPa;0.2km;Variable;3.6km/h/1.0m/s;-;N/A;Fog;LightDrizzle;
2000/12/6;04:00;3.0;3.0;100%;1026hPa;0.2km;Variable;3.6km/h/1.0m/s;-;N/A;Fog;LightDrizzle;
2000/12/6;04:30;3.0;3.0;100%;1026hPa;0.1km;Variable;3.6km/h/1.0m/s;-;N/A;Fog;LightDrizzle;
2000/12/6;05:00;2.0;2.0;100%;1026hPa;0.1km;Calm;Calm;-;N/A;Fog;LightDrizzle;
2000/12/6;05:30;2.0;2.0;100%;1026hPa;0.1km;Variable;3.6km/h/1.0m/s;-;N/A;Fog;LightDrizzle;
2000/12/6;06:00;1.0;1.0;100%;1026hPa;0.1km;North;7.2km/h/2.0m/s;-;N/A;Fog;LightDrizzle;
2000/12/6;06:30;2.0;2.0;100%;1026hPa;0.1km;North;3.6km/h/1.0m/s;-;N/A;Fog;LightDrizzle;
2000/12/6;07:00;2.0;2.0;100%;1027hPa;0.8km;North;7.2km/h/2.0m/s;-;N/A;Fog;Fog;
2000/12/6;07:30;2.0;2.0;100%;1027hPa;2.5km;North;7.2km/h/2.0m/s;-;N/A;;MostlyCloudy;
2000/12/6;08:00;2.0;2.0;100%;1027hPa;4.5km;North;3.6km/h/1.0m/s;-;N/A;;MostlyCloudy;
2000/12/6;08:30;3.0;3.0;100%;1027hPa;3.5km;Variable;7.2km/h/2.0m/s;-;N/A;;MostlyCloudy;
2000/12/6;09:00;3.0;3.0;100%;1027hPa;3.5km;North;7.2km/h/2.0m/s;-;N/A;;ScatteredClouds;
2000/12/6;09:30;4.0;4.0;100%;1027hPa;4.0km;Variable;3.6km/h/1.0m/s;-;N/A;;ScatteredClouds;
2000/12/6;10:00;5.0;4.0;93%;1027hPa;4.0km;Calm;Calm;-;N/A;;ScatteredClouds;
2000/12/6;10:30;7.0;5.0;87%;1027hPa;4.5km;Calm;Calm;-;N/A;;ScatteredClouds;
2000/12/6;11:00;7.0;5.0;87%;1027hPa;0.5km;South;7.2km/h/2.0m/s;-;N/A;Fog;Fog;
2000/12/6;11:30;5.0;4.0;93%;1027hPa;0.2km;South;10.8km/h/3.0m/s;-;N/A;Fog;Fog;
2000/12/6;12:00;4.0;4.0;100%;1026hPa;0.1km;SSE;10.8km/h/3.0m/s;-;N/A;Fog;Fog;
2000/12/6;12:30;4.0;4.0;100%;1026hPa;0.1km;South;7.2km/h/2.0m/s;-;N/A;Fog;Fog;
2000/12/6;12:42;4.0;4.0;100%;1026hPa;0.1km;Variable;7.2km/h/2.0m/s;-;N/A;Fog;Fog;
2000/12/6;13:00;4.0;3.0;93%;1026hPa;0.1km;Variable;7.2km/h/2.0m/s;-;N/A;Fog;Fog;
2000/12/6;13:30;4.0;3.0;93%;1026hPa;0.1km;Variable;3.6km/h/1.0m/s;-;N/A;Fog;Fog;
2000/12/6;14:00;3.0;3.0;100%;1026hPa;0.0km;Variable;3.6km/h/1.0m/s;-;N/A;Fog;Fog;
2000/12/6;14:30;3.0;3.0;100%;1026hPa;0.0km;Variable;3.6km/h/1.0m/s;-;N/A;Fog;Fog;
2000/12/6;15:00;3.0;3.0;100%;1025hPa;0.1km;Variable;3.6km/h/1.0m/s;-;N/A;Fog;Fog;
2000/12/6;15:30;3.0;3.0;100%;1026hPa;0.1km;Calm;Calm;-;N/A;Fog;Fog;
2000/12/6;16:00;3.0;3.0;100%;1026hPa;0.1km;Variable;3.6km/h/1.0m/s;-;N/A;Fog;LightDrizzle;
2000/12/6;16:30;3.0;3.0;100%;1026hPa;0.1km;Calm;Calm;-;N/A;Fog;Fog;
2000/12/6;17:00;3.0;3.0;100%;1026hPa;0.1km;Variable;3.6km/h/1.0m/s;-;N/A;Fog;LightDrizzle;
2000/12/6;17:30;3.0;3.0;100%;1026hPa;0.1km;Calm;Calm;-;N/A;Fog;Fog;
2000/12/6;18:00;3.0;3.0;100%;1026hPa;0.1km;Calm;Calm;-;N/A;Fog;Fog;
2000/12/6;18:30;2.0;2.0;100%;1026hPa;0.1km;Variable;3.6km/h/1.0m/s;-;N/A;Fog;LightDrizzle;
2000/12/6;19:00;2.0;2.0;100%;1026hPa;0.1km;Variable;3.6km/h/1.0m/s;-;N/A;Fog;LightDrizzle;
2000/12/6;19:30;3.0;3.0;100%;1026hPa;0.1km;Variable;3.6km/h/1.0m/s;-;N/A;Fog;LightDrizzle;
2000/12/6;20:00;2.0;2.0;100%;1026hPa;0.1km;Variable;3.6km/h/1.0m/s;-;N/A;Fog;LightDrizzle;
2000/12/6;20:30;2.0;2.0;100%;1026hPa;0.1km;WSW;3.6km/h/1.0m/s;-;N/A;Fog;LightDrizzle;
2000/12/6;21:00;1.0;1.0;100%;1026hPa;0.1km;Calm;Calm;-;N/A;Fog;LightDrizzle;
2000/12/6;21:30;1.0;1.0;100%;1026hPa;0.1km;Calm;Calm;-;N/A;Fog;LightDrizzle;
2000/12/6;22:00;1.0;1.0;100%;1026hPa;0.1km;Variable;3.6km/h/1.0m/s;-;N/A;Fog;LightDrizzle;
2000/12/6;22:30;1.0;1.0;100%;1026hPa;0.1km;Calm;Calm;-;N/A;Fog;LightDrizzle;
2000/12/6;23:00;1.0;1.0;100%;1026hPa;0.1km;Variable;3.6km/h/1.0m/s;-;N/A;Fog;LightDrizzle;
2000/12/6;23:30;1.0;1.0;100%;1026hPa;0.1km;Calm;Calm;-;N/A;Fog;LightDrizzle;
