2000/1/2;00:00;-7.0;-8.0;93%;1025hPa;-;Calm;Calm;-;N/A;;Clear;
2000/1/2;00:30;-8.0;-9.0;93%;1025hPa;-;Calm;Calm;-;N/A;;Clear;
2000/1/2;01:00;-7.0;-8.0;93%;1025hPa;-;Variable;3.6km/h/1.0m/s;-;N/A;;Clear;
2000/1/2;01:30;-7.0;-8.0;93%;1025hPa;-;Variable;3.6km/h/1.0m/s;-;N/A;;Clear;
2000/1/2;02:00;-7.0;-8.0;93%;1025hPa;-;NW;3.6km/h/1.0m/s;-;N/A;;Clear;
2000/1/2;02:30;-6.0;-7.0;93%;1025hPa;-;NNW;3.6km/h/1.0m/s;-;N/A;;Clear;
2000/1/2;03:30;-7.0;-8.0;93%;1025hPa;10.0km;Variable;3.6km/h/1.0m/s;-;N/A;;MostlyCloudy;
2000/1/2;04:00;-8.0;-8.0;100%;1026hPa;10.0km;SSW;3.6km/h/1.0m/s;-;N/A;;PartlyCloudy;
2000/1/2;04:30;-9.0;-10.0;93%;1026hPa;10.0km;Calm;Calm;-;N/A;Fog;ShallowFog;
2000/1/2;05:00;-9.0;-9.0;100%;1026hPa;8.0km;NW;3.6km/h/1.0m/s;-;N/A;Fog;ShallowFog;
2000/1/2;05:30;-9.0;-10.0;93%;1026hPa;8.0km;Calm;Calm;-;N/A;Fog;ShallowFog;
2000/1/2;06:00;-13.0;-14.0;92%;1027hPa;0.1km;South;7.2km/h/2.0m/s;-;N/A;Fog;LightFreezingFog;
2000/1/2;06:30;-12.0;-13.0;92%;1027hPa;0.1km;South;7.2km/h/2.0m/s;-;N/A;Fog;LightFreezingFog;
2000/1/2;07:00;-14.0;-16.0;85%;1027hPa;0.2km;East;3.6km/h/1.0m/s;-;N/A;Fog;LightFreezingFog;
2000/1/2;07:30;-14.0;-15.0;92%;1028hPa;0.1km;Variable;3.6km/h/1.0m/s;-;N/A;Fog;LightFreezingFog;
2000/1/2;08:00;-14.0;-15.0;92%;1028hPa;0.1km;Variable;3.6km/h/1.0m/s;-;N/A;Fog;LightFreezingFog;
2000/1/2;08:30;-13.0;-14.0;92%;1029hPa;0.1km;Calm;Calm;-;N/A;Fog;LightFreezingFog;
2000/1/2;09:00;-12.0;-13.0;92%;1029hPa;0.1km;Calm;Calm;-;N/A;Fog;LightFreezingFog;
2000/1/2;09:30;-12.0;-13.0;92%;1029hPa;0.1km;Calm;Calm;-;N/A;Fog;LightFreezingFog;
2000/1/2;10:30;-11.0;-12.0;92%;1029hPa;0.1km;Variable;3.6km/h/1.0m/s;-;N/A;Fog;LightFreezingFog;
2000/1/2;11:00;-10.0;-11.0;93%;1029hPa;0.1km;Variable;3.6km/h/1.0m/s;-;N/A;Fog;LightFreezingFog;
2000/1/2;11:30;-11.0;-11.0;100%;1029hPa;0.2km;Calm;Calm;-;N/A;Fog;LightFreezingFog;
2000/1/2;12:00;-10.0;-11.0;93%;1029hPa;0.1km;Variable;3.6km/h/1.0m/s;-;N/A;Fog;LightFreezingFog;
2000/1/2;12:30;-10.0;-10.0;100%;1029hPa;0.1km;Variable;3.6km/h/1.0m/s;-;N/A;Fog;LightFreezingFog;
2000/1/2;13:00;-10.0;-11.0;93%;1029hPa;0.1km;Variable;3.6km/h/1.0m/s;-;N/A;Fog;LightFreezingFog;
2000/1/2;13:30;-10.0;-11.0;93%;1029hPa;0.2km;Variable;3.6km/h/1.0m/s;-;N/A;Fog;LightFreezingFog;
2000/1/2;14:00;-9.0;-10.0;93%;1029hPa;0.1km;East;3.6km/h/1.0m/s;-;N/A;Fog;LightFreezingFog;
2000/1/2;14:30;-9.0;-10.0;93%;1029hPa;0.2km;Calm;Calm;-;N/A;Fog;LightFreezingFog;
2000/1/2;15:00;-9.0;-10.0;93%;1030hPa;0.2km;ESE;7.2km/h/2.0m/s;-;N/A;Fog;LightFreezingFog;
2000/1/2;15:30;-10.0;-10.0;100%;1030hPa;0.2km;ESE;7.2km/h/2.0m/s;-;N/A;Fog;LightFreezingFog;
2000/1/2;16:00;-10.0;-10.0;100%;1030hPa;0.2km;ESE;3.6km/h/1.0m/s;-;N/A;Fog;LightFreezingFog;
2000/1/2;16:30;-9.0;-10.0;93%;1030hPa;0.2km;Variable;3.6km/h/1.0m/s;-;N/A;Fog;LightFreezingFog;
2000/1/2;17:00;-9.0;-10.0;93%;1030hPa;0.2km;Variable;3.6km/h/1.0m/s;-;N/A;Fog;LightFreezingFog;
2000/1/2;17:30;-9.0;-10.0;93%;1030hPa;0.2km;Variable;3.6km/h/1.0m/s;-;N/A;Fog;LightFreezingFog;
2000/1/2;18:00;-9.0;-10.0;93%;1030hPa;0.2km;South;3.6km/h/1.0m/s;-;N/A;Fog;LightFreezingFog;
2000/1/2;18:30;-9.0;-10.0;93%;1030hPa;0.3km;Variable;3.6km/h/1.0m/s;-;N/A;Fog;LightFreezingFog;
2000/1/2;19:00;-9.0;-10.0;93%;1030hPa;0.8km;Variable;3.6km/h/1.0m/s;-;N/A;Fog;LightFreezingFog;
2000/1/2;19:30;-10.0;-11.0;93%;1030hPa;1.6km;SSW;3.6km/h/1.0m/s;-;N/A;;Overcast;
2000/1/2;20:00;-10.0;-11.0;93%;1031hPa;2.0km;West;7.2km/h/2.0m/s;-;N/A;;Overcast;
2000/1/2;20:30;-10.0;-11.0;93%;1031hPa;2.7km;Variable;3.6km/h/1.0m/s;-;N/A;;Overcast;
2000/1/2;21:00;-10.0;-11.0;93%;1030hPa;2.8km;Calm;Calm;-;N/A;;Overcast;
2000/1/2;21:30;-10.0;-11.0;93%;1031hPa;2.8km;Variable;3.6km/h/1.0m/s;-;N/A;;Overcast;
2000/1/2;22:00;-9.0;-10.0;93%;1031hPa;1.8km;Variable;3.6km/h/1.0m/s;-;N/A;;Overcast;
2000/1/2;23:00;-9.0;-10.0;93%;1031hPa;1.8km;Variable;3.6km/h/1.0m/s;-;N/A;;Overcast;
2000/1/2;23:30;-9.0;-10.0;93%;1031hPa;2.9km;Variable;3.6km/h/1.0m/s;-;N/A;;Overcast;
