2000/2/7;00:00;1.0;1.0;100%;1026hPa;0.5km;NNW;3.6km/h/1.0m/s;-;N/A;Fog;LightDrizzle;
2000/2/7;00:30;1.0;1.0;100%;1026hPa;0.4km;North;3.6km/h/1.0m/s;-;N/A;Fog;LightDrizzle;
2000/2/7;01:00;1.0;1.0;100%;1026hPa;0.5km;Calm;Calm;-;N/A;Fog;LightDrizzle;
2000/2/7;01:30;1.0;1.0;100%;1026hPa;0.4km;Calm;Calm;-;N/A;Fog;LightDrizzle;
2000/2/7;02:00;1.0;1.0;100%;1025hPa;0.3km;Calm;Calm;-;N/A;Fog;LightDrizzle;
2000/2/7;02:30;1.0;0.0;93%;1025hPa;0.2km;South;3.6km/h/1.0m/s;-;N/A;Fog;LightDrizzle;
2000/2/7;03:00;1.0;1.0;100%;1025hPa;0.3km;South;3.6km/h/1.0m/s;-;N/A;Fog;LightDrizzle;
2000/2/7;03:30;1.0;1.0;100%;1025hPa;0.3km;SSE;3.6km/h/1.0m/s;-;N/A;Fog;LightDrizzle;
2000/2/7;04:00;1.0;1.0;100%;1024hPa;0.3km;SSE;3.6km/h/1.0m/s;-;N/A;Fog;LightDrizzle;
2000/2/7;04:30;1.0;0.0;93%;1024hPa;0.3km;Calm;Calm;-;N/A;Fog;LightDrizzle;
2000/2/7;05:00;1.0;1.0;100%;1024hPa;0.3km;Calm;Calm;-;N/A;Fog;LightDrizzle;
2000/2/7;05:30;1.0;1.0;100%;1024hPa;0.3km;East;3.6km/h/1.0m/s;-;N/A;Fog;Fog;
2000/2/7;06:00;1.0;1.0;100%;1024hPa;0.3km;SE;3.6km/h/1.0m/s;-;N/A;Fog;Fog;
2000/2/7;06:30;1.0;1.0;100%;1024hPa;0.5km;SE;3.6km/h/1.0m/s;-;N/A;Fog;Fog;
2000/2/7;07:00;1.0;1.0;100%;1024hPa;0.4km;SSE;3.6km/h/1.0m/s;-;N/A;Fog;LightDrizzle;
2000/2/7;07:30;1.0;1.0;100%;1024hPa;0.3km;Calm;Calm;-;N/A;Fog;LightDrizzle;
2000/2/7;08:00;1.0;1.0;100%;1024hPa;0.5km;West;3.6km/h/1.0m/s;-;N/A;Fog;LightDrizzle;
2000/2/7;08:30;1.0;1.0;100%;1024hPa;0.6km;WSW;7.2km/h/2.0m/s;-;N/A;Fog;LightDrizzle;
2000/2/7;09:00;2.0;1.0;93%;1024hPa;0.7km;West;3.6km/h/1.0m/s;-;N/A;Fog;LightDrizzle;
2000/2/7;09:30;2.0;2.0;100%;1024hPa;0.5km;Variable;3.6km/h/1.0m/s;-;N/A;Fog;LightDrizzle;
2000/2/7;10:30;2.0;2.0;100%;1023hPa;0.7km;SW;3.6km/h/1.0m/s;-;N/A;Fog;LightDrizzle;
2000/2/7;11:00;2.0;2.0;100%;1023hPa;0.5km;South;7.2km/h/2.0m/s;-;N/A;Fog;LightDrizzle;
2000/2/7;11:30;2.0;2.0;100%;1023hPa;0.3km;South;7.2km/h/2.0m/s;-;N/A;Fog;LightDrizzle;
2000/2/7;12:00;2.0;2.0;100%;1022hPa;0.4km;South;3.6km/h/1.0m/s;-;N/A;Fog;LightDrizzle;
2000/2/7;12:30;2.0;2.0;100%;1022hPa;0.3km;South;7.2km/h/2.0m/s;-;N/A;Fog;LightDrizzle;
2000/2/7;13:00;2.0;2.0;100%;1022hPa;0.5km;SSE;7.2km/h/2.0m/s;-;N/A;Fog;LightDrizzle;
2000/2/7;13:30;2.0;2.0;100%;1021hPa;0.4km;SSE;7.2km/h/2.0m/s;-;N/A;Fog;LightDrizzle;
2000/2/7;14:00;2.0;2.0;100%;1021hPa;0.3km;South;3.6km/h/1.0m/s;-;N/A;Fog;LightDrizzle;
2000/2/7;14:30;2.0;2.0;100%;1021hPa;0.3km;South;7.2km/h/2.0m/s;-;N/A;Fog;LightDrizzle;
2000/2/7;15:00;2.0;2.0;100%;1021hPa;0.2km;Variable;3.6km/h/1.0m/s;-;N/A;Fog;LightDrizzle;
2000/2/7;15:30;3.0;3.0;100%;1020hPa;0.2km;Variable;3.6km/h/1.0m/s;-;N/A;Fog;LightDrizzle;
2000/2/7;16:00;2.0;2.0;100%;1020hPa;0.1km;Variable;7.2km/h/2.0m/s;-;N/A;Fog;LightDrizzle;
2000/2/7;16:30;2.0;2.0;100%;1020hPa;0.1km;South;7.2km/h/2.0m/s;-;N/A;Fog;LightDrizzle;
2000/2/7;17:00;2.0;2.0;100%;1020hPa;0.3km;SW;7.2km/h/2.0m/s;-;N/A;Fog;LightDrizzle;
2000/2/7;17:30;3.0;2.0;93%;1020hPa;0.5km;WSW;3.6km/h/1.0m/s;-;N/A;Fog;LightDrizzle;
2000/2/7;18:00;2.0;2.0;100%;1020hPa;0.2km;Variable;3.6km/h/1.0m/s;-;N/A;Fog;Fog;
2000/2/7;18:30;2.0;2.0;100%;1020hPa;0.2km;East;7.2km/h/2.0m/s;-;N/A;Fog;Fog;
2000/2/7;19:00;2.0;2.0;100%;1020hPa;0.1km;ESE;7.2km/h/2.0m/s;-;N/A;Fog;Fog;
2000/2/7;19:30;2.0;2.0;100%;1020hPa;0.1km;SSE;7.2km/h/2.0m/s;-;N/A;Fog;Fog;
2000/2/7;20:00;2.0;2.0;100%;1020hPa;0.1km;SSE;7.2km/h/2.0m/s;-;N/A;Fog;LightDrizzle;
2000/2/7;20:30;2.0;2.0;100%;1020hPa;0.0km;Variable;3.6km/h/1.0m/s;-;N/A;Fog;LightDrizzle;
2000/2/7;21:30;2.0;2.0;100%;1019hPa;0.1km;SSE;3.6km/h/1.0m/s;-;N/A;Fog;LightDrizzle;
2000/2/7;22:00;2.0;2.0;100%;1019hPa;0.1km;South;3.6km/h/1.0m/s;-;N/A;Fog;LightDrizzle;
2000/2/7;22:30;2.0;1.0;93%;1019hPa;0.2km;SSW;3.6km/h/1.0m/s;-;N/A;Fog;LightDrizzle;
2000/2/7;23:00;2.0;2.0;100%;1019hPa;0.2km;South;7.2km/h/2.0m/s;-;N/A;Fog;LightDrizzle;
2000/2/7;23:30;2.0;2.0;100%;1019hPa;0.5km;South;3.6km/h/1.0m/s;-;N/A;Fog;LightDrizzle;
