2000/2/16;04:00;0.0;-1.0;93%;1014hPa;10.0km;South;7.2km/h/2.0m/s;-;N/A;;Overcast;
2000/2/16;04:30;0.0;-1.0;93%;1014hPa;10.0km;SSW;10.8km/h/3.0m/s;-;N/A;;Overcast;
2000/2/16;05:00;0.0;-1.0;93%;1014hPa;10.0km;South;10.8km/h/3.0m/s;-;N/A;Snow;LightSnow;
2000/2/16;05:30;0.0;-1.0;93%;1014hPa;10.0km;South;14.4km/h/4.0m/s;-;N/A;;Overcast;
2000/2/16;06:00;0.0;-1.0;93%;1014hPa;10.0km;South;14.4km/h/4.0m/s;-;N/A;Snow;LightSnow;
2000/2/16;06:30;0.0;-1.0;93%;1013hPa;10.0km;South;10.8km/h/3.0m/s;-;N/A;Snow;LightSnow;
2000/2/16;07:00;0.0;-1.0;93%;1013hPa;3.0km;South;10.8km/h/3.0m/s;-;N/A;Snow;LightSnow;
2000/2/16;07:30;0.0;-1.0;93%;1013hPa;5.0km;SSW;14.4km/h/4.0m/s;-;N/A;Snow;LightSnow;
2000/2/16;08:00;0.0;-1.0;93%;1013hPa;10.0km;South;14.4km/h/4.0m/s;-;N/A;;Overcast;
2000/2/16;08:30;0.0;-1.0;93%;1012hPa;10.0km;South;18.0km/h/5.0m/s;-;N/A;Snow;LightSnow;
2000/2/16;09:00;0.0;-1.0;93%;1012hPa;8.0km;South;7.2km/h/2.0m/s;-;N/A;Snow;LightSnow;
2000/2/16;09:30;1.0;-2.0;81%;1012hPa;10.0km;SW;14.4km/h/4.0m/s;-;N/A;;Overcast;
2000/2/16;10:00;0.0;-2.0;87%;1012hPa;10.0km;SSW;14.4km/h/4.0m/s;-;N/A;Snow;LightSnow;
2000/2/16;10:30;1.0;-1.0;87%;1012hPa;10.0km;SSW;14.4km/h/4.0m/s;-;N/A;Snow;LightSnow;
2000/2/16;11:30;1.0;-1.0;87%;1011hPa;10.0km;South;14.4km/h/4.0m/s;-;N/A;Snow;LightSnow;
2000/2/16;12:00;1.0;-1.0;87%;1011hPa;10.0km;SSW;14.4km/h/4.0m/s;-;N/A;;Overcast;
2000/2/16;12:30;2.0;-1.0;81%;1010hPa;10.0km;South;7.2km/h/2.0m/s;-;N/A;Snow;LightSnow;
2000/2/16;13:00;2.0;-1.0;81%;1010hPa;8.0km;SE;7.2km/h/2.0m/s;-;N/A;;Overcast;
2000/2/16;13:30;2.0;-1.0;81%;1009hPa;10.0km;East;7.2km/h/2.0m/s;-;N/A;;Overcast;
2000/2/16;14:00;3.0;-1.0;75%;1008hPa;10.0km;Variable;7.2km/h/2.0m/s;-;N/A;;Overcast;
2000/2/16;14:30;4.0;-1.0;70%;1008hPa;10.0km;SSE;14.4km/h/4.0m/s;-;N/A;;Overcast;
2000/2/16;15:00;4.0;-2.0;65%;1008hPa;10.0km;South;14.4km/h/4.0m/s;32.4km/h/9.0m/s;N/A;;Unknown;
2000/2/16;15:30;3.0;-1.0;75%;1007hPa;10.0km;South;14.4km/h/4.0m/s;-;N/A;Snow;LightSnow;
2000/2/16;16:00;3.0;0.0;81%;1007hPa;4.5km;South;21.6km/h/6.0m/s;-;N/A;;LightIcePellets;
2000/2/16;16:30;1.0;0.0;93%;1007hPa;2.5km;SSW;10.8km/h/3.0m/s;-;N/A;;LightIcePellets;
2000/2/16;17:00;1.0;0.0;93%;1007hPa;2.0km;Variable;3.6km/h/1.0m/s;-;N/A;Snow;LightSnow;
2000/2/16;17:30;1.0;0.0;93%;1007hPa;1.2km;Calm;Calm;-;N/A;Snow;LightSnow;
2000/2/16;18:00;0.0;0.0;100%;1007hPa;1.0km;Calm;Calm;-;N/A;Snow;Snow;
2000/2/16;18:30;0.0;0.0;100%;1007hPa;1.0km;SSE;3.6km/h/1.0m/s;-;N/A;Snow;LightSnow;
2000/2/16;19:00;0.0;0.0;100%;1006hPa;1.3km;SE;3.6km/h/1.0m/s;-;N/A;Snow;LightSnow;
2000/2/16;19:30;0.0;0.0;100%;1006hPa;1.8km;Calm;Calm;-;N/A;Snow;LightSnow;
2000/2/16;20:30;0.0;0.0;100%;1006hPa;1.5km;Calm;Calm;-;N/A;Snow;LightSnow;
2000/2/16;21:00;0.0;0.0;100%;1005hPa;1.0km;NE;3.6km/h/1.0m/s;-;N/A;Snow;LightSnow;
2000/2/16;21:30;0.0;0.0;100%;1005hPa;0.7km;North;7.2km/h/2.0m/s;-;N/A;Fog,Snow;LightSnow;
2000/2/16;22:00;0.0;0.0;100%;1005hPa;0.8km;North;7.2km/h/2.0m/s;-;N/A;Fog,Snow;LightSnow;
2000/2/16;22:30;0.0;0.0;100%;1005hPa;0.8km;NE;7.2km/h/2.0m/s;-;N/A;Fog,Snow;LightSnow;
2000/2/16;23:00;0.0;0.0;100%;1004hPa;1.5km;Variable;7.2km/h/2.0m/s;-;N/A;Snow;LightSnow;
2000/2/16;23:30;0.0;0.0;100%;1004hPa;1.5km;NE;7.2km/h/2.0m/s;-;N/A;Snow;LightSnow;
