2000/12/11;00:00;4.0;4.0;100%;1020hPa;1.1km;South;10.8km/h/3.0m/s;-;N/A;;Overcast;
2000/12/11;00:30;4.0;4.0;100%;1020hPa;0.1km;South;14.4km/h/4.0m/s;-;N/A;Fog;Fog;
2000/12/11;01:00;4.0;4.0;100%;1020hPa;0.3km;SSW;7.2km/h/2.0m/s;-;N/A;Fog;Fog;
2000/12/11;01:30;4.0;4.0;100%;1020hPa;1.2km;South;10.8km/h/3.0m/s;-;N/A;;LightDrizzle;
2000/12/11;02:00;4.0;4.0;100%;1020hPa;1.4km;South;14.4km/h/4.0m/s;-;N/A;;LightDrizzle;
2000/12/11;02:30;4.0;4.0;100%;1020hPa;2.0km;South;18.0km/h/5.0m/s;-;N/A;;LightDrizzle;
2000/12/11;03:00;4.0;4.0;100%;1020hPa;2.0km;South;14.4km/h/4.0m/s;-;N/A;;LightDrizzle;
2000/12/11;03:30;4.0;4.0;100%;1019hPa;2.1km;South;18.0km/h/5.0m/s;-;N/A;;LightDrizzle;
2000/12/11;04:00;4.0;3.0;93%;1019hPa;1.6km;South;18.0km/h/5.0m/s;-;N/A;;LightDrizzle;
2000/12/11;04:30;3.0;3.0;100%;1018hPa;1.6km;South;14.4km/h/4.0m/s;-;N/A;;LightDrizzle;
2000/12/11;05:00;3.0;3.0;100%;1018hPa;1.6km;South;14.4km/h/4.0m/s;-;N/A;;LightDrizzle;
2000/12/11;05:30;4.0;4.0;100%;1019hPa;2.0km;South;14.4km/h/4.0m/s;-;N/A;;Overcast;
2000/12/11;06:00;4.0;4.0;100%;1019hPa;1.6km;South;10.8km/h/3.0m/s;-;N/A;;Overcast;
2000/12/11;06:30;4.0;4.0;100%;1018hPa;0.9km;Variable;7.2km/h/2.0m/s;-;N/A;Fog;Fog;
2000/12/11;07:00;4.0;4.0;100%;1019hPa;0.4km;Variable;7.2km/h/2.0m/s;-;N/A;Fog;Fog;
2000/12/11;07:30;4.0;4.0;100%;1019hPa;0.6km;Variable;7.2km/h/2.0m/s;-;N/A;Fog;Fog;
2000/12/11;08:00;4.0;4.0;100%;1019hPa;1.1km;Calm;Calm;-;N/A;Rain;LightRain;
2000/12/11;08:30;4.0;4.0;100%;1020hPa;0.8km;Variable;3.6km/h/1.0m/s;-;N/A;Fog,Rain;LightRain;
2000/12/11;09:00;4.0;4.0;100%;1020hPa;0.8km;ESE;3.6km/h/1.0m/s;-;N/A;Fog,Rain;LightRain;
2000/12/11;09:30;5.0;5.0;100%;1021hPa;1.3km;Variable;3.6km/h/1.0m/s;-;N/A;Rain;LightRain;
2000/12/11;10:00;5.0;5.0;100%;1021hPa;3.0km;Variable;3.6km/h/1.0m/s;-;N/A;;Overcast;
2000/12/11;10:30;5.0;5.0;100%;1021hPa;3.5km;Variable;3.6km/h/1.0m/s;-;N/A;;MostlyCloudy;
2000/12/11;11:00;6.0;5.0;93%;1022hPa;4.0km;Variable;3.6km/h/1.0m/s;-;N/A;;MostlyCloudy;
2000/12/11;11:30;6.0;5.0;93%;1022hPa;5.0km;Variable;3.6km/h/1.0m/s;-;N/A;;MostlyCloudy;
2000/12/11;12:00;6.0;4.0;87%;1022hPa;4.5km;Variable;3.6km/h/1.0m/s;-;N/A;;Overcast;
2000/12/11;12:30;6.0;5.0;93%;1022hPa;4.5km;Calm;Calm;-;N/A;;MostlyCloudy;
2000/12/11;13:00;6.0;5.0;93%;1022hPa;4.0km;Calm;Calm;-;N/A;;MostlyCloudy;
2000/12/11;13:30;7.0;5.0;87%;1023hPa;3.5km;Variable;3.6km/h/1.0m/s;-;N/A;;ScatteredClouds;
2000/12/11;14:00;6.0;5.0;93%;1023hPa;4.0km;Calm;Calm;-;N/A;;ScatteredClouds;
2000/12/11;14:30;6.0;5.0;93%;1023hPa;3.5km;Variable;3.6km/h/1.0m/s;-;N/A;;MostlyCloudy;
2000/12/11;15:00;6.0;5.0;93%;1023hPa;3.5km;Variable;3.6km/h/1.0m/s;-;N/A;;MostlyCloudy;
2000/12/11;15:30;6.0;5.0;93%;1024hPa;1.7km;NW;3.6km/h/1.0m/s;-;N/A;;ScatteredClouds;
2000/12/11;16:00;6.0;5.0;93%;1024hPa;1.5km;North;7.2km/h/2.0m/s;-;N/A;;ScatteredClouds;
2000/12/11;16:30;6.0;5.0;93%;1024hPa;3.5km;NW;7.2km/h/2.0m/s;-;N/A;;ScatteredClouds;
2000/12/11;17:00;5.0;5.0;100%;1025hPa;4.0km;North;10.8km/h/3.0m/s;-;N/A;;MostlyCloudy;
2000/12/11;17:30;5.0;5.0;100%;1025hPa;3.0km;North;7.2km/h/2.0m/s;-;N/A;;ScatteredClouds;
2000/12/11;18:00;5.0;4.0;93%;1025hPa;10.0km;North;10.8km/h/3.0m/s;-;N/A;;ScatteredClouds;
2000/12/11;18:30;5.0;4.0;93%;1025hPa;10.0km;North;7.2km/h/2.0m/s;-;N/A;;MostlyCloudy;
2000/12/11;19:00;5.0;4.0;93%;1026hPa;10.0km;Variable;3.6km/h/1.0m/s;-;N/A;;ScatteredClouds;
2000/12/11;19:30;4.0;4.0;100%;1026hPa;10.0km;Calm;Calm;-;N/A;;ScatteredClouds;
2000/12/11;20:00;5.0;4.0;93%;1026hPa;10.0km;Calm;Calm;-;N/A;;MostlyCloudy;
2000/12/11;20:30;5.0;4.0;93%;1026hPa;10.0km;Calm;Calm;-;N/A;;ScatteredClouds;
2000/12/11;21:00;4.0;4.0;100%;1026hPa;2.0km;Calm;Calm;-;N/A;;MostlyCloudy;
2000/12/11;21:30;4.0;3.0;93%;1026hPa;2.0km;Calm;Calm;-;N/A;Fog;PatchesofFog;
2000/12/11;22:00;4.0;3.0;93%;1027hPa;3.0km;WNW;3.6km/h/1.0m/s;-;N/A;;MostlyCloudy;
2000/12/11;22:30;4.0;4.0;100%;1026hPa;3.0km;Calm;Calm;-;N/A;;ScatteredClouds;
2000/12/11;23:00;3.0;3.0;100%;1027hPa;2.5km;Calm;Calm;-;N/A;;ScatteredClouds;
2000/12/11;23:30;3.0;3.0;100%;1026hPa;2.0km;Calm;Calm;-;N/A;;ScatteredClouds;
