2000/7/30;00:00;14.0;12.0;88%;1010hPa;-;Variable;3.6km/h/1.0m/s;-;N/A;;Clear;
2000/7/30;00:30;14.0;12.0;88%;1010hPa;-;SW;10.8km/h/3.0m/s;-;N/A;;Clear;
2000/7/30;01:00;13.0;11.0;88%;1010hPa;-;SW;14.4km/h/4.0m/s;-;N/A;;Clear;
2000/7/30;01:30;13.0;11.0;88%;1010hPa;-;SW;10.8km/h/3.0m/s;-;N/A;;Clear;
2000/7/30;02:00;13.0;11.0;88%;1010hPa;-;SW;10.8km/h/3.0m/s;-;N/A;;Clear;
2000/7/30;02:30;12.0;10.0;88%;1010hPa;-;WSW;7.2km/h/2.0m/s;-;N/A;;Clear;
2000/7/30;03:00;12.0;11.0;94%;1010hPa;-;SW;10.8km/h/3.0m/s;-;N/A;;Clear;
2000/7/30;03:30;13.0;11.0;88%;1010hPa;-;SW;14.4km/h/4.0m/s;-;N/A;;Clear;
2000/7/30;04:00;13.0;11.0;88%;1010hPa;-;WSW;14.4km/h/4.0m/s;-;N/A;;Clear;
2000/7/30;04:30;13.0;11.0;88%;1010hPa;-;SW;10.8km/h/3.0m/s;-;N/A;;Clear;
2000/7/30;05:00;13.0;11.0;88%;1010hPa;-;Variable;3.6km/h/1.0m/s;-;N/A;;Clear;
2000/7/30;05:30;13.0;12.0;94%;1011hPa;8.0km;SSE;3.6km/h/1.0m/s;-;N/A;Rain;LightRain;
2000/7/30;06:00;13.0;12.0;94%;1011hPa;10.0km;South;7.2km/h/2.0m/s;-;N/A;Rain;LightRain;
2000/7/30;06:30;14.0;12.0;88%;1011hPa;8.0km;Variable;3.6km/h/1.0m/s;-;N/A;Rain;LightRain;
2000/7/30;07:00;14.0;12.0;88%;1012hPa;8.0km;Variable;3.6km/h/1.0m/s;-;N/A;Rain;LightRain;
2000/7/30;07:30;14.0;13.0;94%;1012hPa;7.0km;Variable;7.2km/h/2.0m/s;-;N/A;Rain;LightRain;
2000/7/30;08:00;15.0;13.0;88%;1012hPa;7.0km;Variable;7.2km/h/2.0m/s;-;N/A;Rain;LightRain;
2000/7/30;08:30;15.0;12.0;82%;1013hPa;8.0km;Variable;3.6km/h/1.0m/s;-;N/A;Rain;LightRain;
2000/7/30;09:00;16.0;13.0;82%;1013hPa;9.0km;Variable;3.6km/h/1.0m/s;-;N/A;Rain;LightRain;
2000/7/30;09:30;16.0;13.0;82%;1013hPa;8.0km;Variable;3.6km/h/1.0m/s;-;N/A;Rain;LightRain;
2000/7/30;10:00;16.0;13.0;82%;1014hPa;7.0km;Variable;3.6km/h/1.0m/s;-;N/A;Rain;LightRain;
2000/7/30;10:30;16.0;14.0;88%;1014hPa;6.0km;SW;3.6km/h/1.0m/s;-;N/A;Rain;LightRain;
2000/7/30;11:00;16.0;14.0;88%;1014hPa;8.0km;SW;7.2km/h/2.0m/s;-;N/A;Rain;LightRain;
2000/7/30;11:30;16.0;14.0;88%;1015hPa;8.0km;Variable;7.2km/h/2.0m/s;-;N/A;Rain;LightRain;
2000/7/30;12:00;17.0;15.0;88%;1015hPa;9.0km;Variable;7.2km/h/2.0m/s;-;N/A;Rain;LightRain;
2000/7/30;12:30;17.0;14.0;82%;1015hPa;9.0km;Variable;7.2km/h/2.0m/s;-;N/A;Rain;LightRain;
2000/7/30;13:00;17.0;14.0;82%;1016hPa;8.0km;Variable;3.6km/h/1.0m/s;-;N/A;Rain;LightRain;
2000/7/30;13:30;17.0;14.0;82%;1016hPa;7.0km;Variable;7.2km/h/2.0m/s;-;N/A;Rain;LightRain;
2000/7/30;14:00;17.0;14.0;82%;1016hPa;10.0km;NNW;10.8km/h/3.0m/s;-;N/A;Rain;LightRain;
2000/7/30;14:30;17.0;13.0;77%;1017hPa;10.0km;North;10.8km/h/3.0m/s;-;N/A;Rain;LightRain;
2000/7/30;15:00;17.0;14.0;82%;1017hPa;10.0km;NE;10.8km/h/3.0m/s;-;N/A;;MostlyCloudy;
2000/7/30;15:30;18.0;14.0;77%;1017hPa;10.0km;NE;10.8km/h/3.0m/s;-;N/A;;MostlyCloudy;
2000/7/30;16:00;17.0;12.0;72%;1017hPa;10.0km;NNE;14.4km/h/4.0m/s;-;N/A;;MostlyCloudy;
2000/7/30;16:30;18.0;13.0;73%;1017hPa;10.0km;NE;10.8km/h/3.0m/s;-;N/A;;MostlyCloudy;
2000/7/30;17:00;18.0;13.0;73%;1017hPa;10.0km;NE;10.8km/h/3.0m/s;-;N/A;;MostlyCloudy;
2000/7/30;17:30;18.0;13.0;73%;1017hPa;10.0km;ENE;10.8km/h/3.0m/s;-;N/A;;MostlyCloudy;
2000/7/30;18:00;18.0;13.0;73%;1018hPa;10.0km;Variable;7.2km/h/2.0m/s;-;N/A;;MostlyCloudy;
2000/7/30;18:30;18.0;13.0;73%;1018hPa;10.0km;Variable;7.2km/h/2.0m/s;-;N/A;;MostlyCloudy;
2000/7/30;19:00;18.0;13.0;73%;1018hPa;-;NE;10.8km/h/3.0m/s;-;N/A;;Clear;
2000/7/30;19:30;18.0;12.0;68%;1018hPa;-;Variable;3.6km/h/1.0m/s;-;N/A;;Clear;
2000/7/30;20:00;17.0;13.0;77%;1018hPa;-;Variable;3.6km/h/1.0m/s;-;N/A;;Clear;
2000/7/30;20:30;17.0;14.0;82%;1019hPa;-;Variable;3.6km/h/1.0m/s;-;N/A;;Clear;
2000/7/30;21:00;16.0;13.0;82%;1019hPa;-;Variable;3.6km/h/1.0m/s;-;N/A;;Clear;
2000/7/30;21:30;15.0;13.0;88%;1019hPa;-;Calm;Calm;-;N/A;;Clear;
2000/7/30;22:00;15.0;12.0;82%;1019hPa;-;WNW;3.6km/h/1.0m/s;-;N/A;;Clear;
2000/7/30;22:30;14.0;12.0;88%;1019hPa;-;Variable;3.6km/h/1.0m/s;-;N/A;;Clear;
2000/7/30;23:00;14.0;12.0;88%;1019hPa;-;Calm;Calm;-;N/A;;Clear;
2000/7/30;23:30;14.0;12.0;88%;1020hPa;-;Variable;7.2km/h/2.0m/s;-;N/A;;Clear;
