2000/6/17;00:00;10.0;3.0;62%;1021hPa;-;East;10.8km/h/3.0m/s;-;N/A;;Clear;
2000/6/17;00:30;9.0;4.0;71%;1021hPa;-;ESE;10.8km/h/3.0m/s;-;N/A;;Clear;
2000/6/17;01:00;9.0;4.0;71%;1021hPa;-;Variable;7.2km/h/2.0m/s;-;N/A;;Clear;
2000/6/17;01:30;9.0;4.0;71%;1021hPa;-;Variable;7.2km/h/2.0m/s;-;N/A;;Clear;
2000/6/17;02:00;9.0;5.0;76%;1021hPa;-;Variable;7.2km/h/2.0m/s;-;N/A;;Clear;
2000/6/17;02:30;10.0;3.0;62%;1021hPa;-;NNW;10.8km/h/3.0m/s;-;N/A;;Clear;
2000/6/17;03:00;10.0;3.0;62%;1021hPa;-;NNW;14.4km/h/4.0m/s;-;N/A;;Clear;
2000/6/17;03:30;9.0;3.0;66%;1021hPa;-;NW;10.8km/h/3.0m/s;-;N/A;;Clear;
2000/6/17;04:00;8.0;4.0;76%;1021hPa;-;Variable;7.2km/h/2.0m/s;-;N/A;;Clear;
2000/6/17;04:30;8.0;4.0;76%;1021hPa;-;Calm;Calm;-;N/A;;Clear;
2000/6/17;05:00;7.0;4.0;81%;1021hPa;-;West;7.2km/h/2.0m/s;-;N/A;;Clear;
2000/6/17;05:30;7.0;4.0;81%;1021hPa;-;Variable;3.6km/h/1.0m/s;-;N/A;;Clear;
2000/6/17;06:00;9.0;5.0;76%;1021hPa;-;Variable;3.6km/h/1.0m/s;-;N/A;;Clear;
2000/6/17;06:30;10.0;5.0;71%;1021hPa;-;Variable;3.6km/h/1.0m/s;-;N/A;;Clear;
2000/6/17;07:00;10.0;5.0;71%;1022hPa;-;Calm;Calm;-;N/A;;Clear;
2000/6/17;07:30;12.0;4.0;58%;1022hPa;-;NNW;10.8km/h/3.0m/s;-;N/A;;Clear;
2000/6/17;08:00;14.0;3.0;48%;1022hPa;10.0km;NNW;10.8km/h/3.0m/s;-;N/A;;ScatteredClouds;
2000/6/17;08:30;13.0;3.0;51%;1022hPa;10.0km;North;21.6km/h/6.0m/s;-;N/A;;ScatteredClouds;
2000/6/17;09:00;13.0;3.0;51%;1022hPa;10.0km;North;21.6km/h/6.0m/s;39.6km/h/11.0m/s;N/A;;MostlyCloudy;
2000/6/17;09:30;14.0;2.0;44%;1023hPa;10.0km;North;32.4km/h/9.0m/s;-;N/A;;ScatteredClouds;
2000/6/17;10:00;14.0;2.0;44%;1023hPa;10.0km;North;21.6km/h/6.0m/s;-;N/A;;ScatteredClouds;
2000/6/17;10:30;13.0;3.0;51%;1023hPa;10.0km;NNE;18.0km/h/5.0m/s;-;N/A;Rain;LightRainShowers;
2000/6/17;11:00;13.0;5.0;58%;1023hPa;10.0km;NW;14.4km/h/4.0m/s;-;N/A;;ScatteredClouds;
2000/6/17;11:30;15.0;3.0;45%;1023hPa;10.0km;North;32.4km/h/9.0m/s;-;N/A;;ScatteredClouds;
2000/6/17;12:00;15.0;3.0;45%;1023hPa;10.0km;North;25.2km/h/7.0m/s;-;N/A;;ScatteredClouds;
2000/6/17;12:30;16.0;1.0;36%;1023hPa;-;North;25.2km/h/7.0m/s;-;N/A;;Clear;
2000/6/17;13:00;17.0;3.0;39%;1023hPa;10.0km;North;18.0km/h/5.0m/s;-;N/A;;MostlyCloudy;
2000/6/17;13:30;15.0;3.0;45%;1024hPa;10.0km;North;32.4km/h/9.0m/s;50.4km/h/14.0m/s;N/A;;MostlyCloudy;
2000/6/17;14:00;16.0;4.0;45%;1024hPa;10.0km;WNW;21.6km/h/6.0m/s;-;N/A;;ScatteredClouds;
2000/6/17;14:30;16.0;2.0;39%;1024hPa;10.0km;NW;25.2km/h/7.0m/s;-;N/A;;ScatteredClouds;
2000/6/17;15:00;17.0;2.0;37%;1024hPa;10.0km;NNW;28.8km/h/8.0m/s;-;N/A;;ScatteredClouds;
2000/6/17;15:30;16.0;2.0;39%;1024hPa;10.0km;North;32.4km/h/9.0m/s;-;N/A;;ScatteredClouds;
2000/6/17;16:00;17.0;3.0;39%;1024hPa;10.0km;NNW;21.6km/h/6.0m/s;-;N/A;;ScatteredClouds;
2000/6/17;16:30;17.0;3.0;39%;1024hPa;10.0km;NNW;18.0km/h/5.0m/s;-;N/A;;ScatteredClouds;
2000/6/17;17:00;16.0;5.0;48%;1024hPa;10.0km;North;14.4km/h/4.0m/s;-;N/A;;ScatteredClouds;
2000/6/17;17:30;14.0;3.0;48%;1025hPa;10.0km;NNW;21.6km/h/6.0m/s;39.6km/h/11.0m/s;N/A;Rain;LightRainShowers;
2000/6/17;18:00;15.0;4.0;48%;1025hPa;10.0km;NW;21.6km/h/6.0m/s;-;N/A;;ScatteredClouds;
2000/6/17;18:30;15.0;4.0;48%;1025hPa;10.0km;NNW;21.6km/h/6.0m/s;-;N/A;;ScatteredClouds;
2000/6/17;19:00;15.0;4.0;48%;1025hPa;10.0km;NW;14.4km/h/4.0m/s;-;N/A;;ScatteredClouds;
2000/6/17;19:30;15.0;5.0;51%;1026hPa;10.0km;NNW;14.4km/h/4.0m/s;-;N/A;;ScatteredClouds;
2000/6/17;20:00;13.0;5.0;58%;1026hPa;10.0km;NNW;10.8km/h/3.0m/s;-;N/A;;PartlyCloudy;
2000/6/17;20:30;13.0;5.0;58%;1027hPa;10.0km;NNW;18.0km/h/5.0m/s;-;N/A;;PartlyCloudy;
2000/6/17;21:00;12.0;5.0;62%;1027hPa;10.0km;NNW;14.4km/h/4.0m/s;-;N/A;;ScatteredClouds;
2000/6/17;21:30;12.0;5.0;62%;1027hPa;10.0km;North;10.8km/h/3.0m/s;-;N/A;;ScatteredClouds;
2000/6/17;22:00;12.0;5.0;62%;1028hPa;-;North;7.2km/h/2.0m/s;-;N/A;;Clear;
2000/6/17;22:30;11.0;5.0;67%;1028hPa;-;NW;10.8km/h/3.0m/s;-;N/A;;Clear;
2000/6/17;23:00;11.0;5.0;67%;1028hPa;-;North;18.0km/h/5.0m/s;-;N/A;;Clear;
2000/6/17;23:30;10.0;5.0;71%;1028hPa;-;NNW;18.0km/h/5.0m/s;-;N/A;;Clear;
