2000/7/17;00:00;14.0;13.0;94%;1005hPa;6.0km;South;14.4km/h/4.0m/s;-;N/A;;Overcast;
2000/7/17;00:30;13.0;13.0;100%;1005hPa;4.0km;South;18.0km/h/5.0m/s;-;N/A;Rain;LightRain;
2000/7/17;01:00;13.0;12.0;94%;1005hPa;3.0km;South;14.4km/h/4.0m/s;-;N/A;Rain;LightRain;
2000/7/17;01:30;13.0;12.0;94%;1005hPa;8.0km;South;14.4km/h/4.0m/s;-;N/A;Rain;LightRain;
2000/7/17;02:00;13.0;12.0;94%;1005hPa;4.5km;South;14.4km/h/4.0m/s;-;N/A;Rain;LightRain;
2000/7/17;02:30;13.0;12.0;94%;1005hPa;5.0km;South;18.0km/h/5.0m/s;-;N/A;Rain;LightRain;
2000/7/17;03:00;13.0;12.0;94%;1005hPa;5.0km;South;14.4km/h/4.0m/s;-;N/A;Rain;LightRain;
2000/7/17;03:30;13.0;12.0;94%;1005hPa;4.0km;South;14.4km/h/4.0m/s;-;N/A;Rain;LightRain;
2000/7/17;04:00;12.0;12.0;100%;1005hPa;4.5km;South;14.4km/h/4.0m/s;-;N/A;Rain;LightRain;
2000/7/17;04:30;13.0;12.0;94%;1005hPa;3.0km;SSW;10.8km/h/3.0m/s;-;N/A;;Overcast;
2000/7/17;05:00;13.0;12.0;94%;1005hPa;2.0km;SSW;7.2km/h/2.0m/s;-;N/A;;Overcast;
2000/7/17;05:30;13.0;12.0;94%;1005hPa;3.0km;Variable;7.2km/h/2.0m/s;-;N/A;;Overcast;
2000/7/17;06:00;13.0;12.0;94%;1005hPa;2.5km;SSW;10.8km/h/3.0m/s;-;N/A;Rain;LightRain;
2000/7/17;06:30;13.0;12.0;94%;1006hPa;2.5km;SSW;7.2km/h/2.0m/s;-;N/A;Rain;LightRain;
2000/7/17;07:00;13.0;12.0;94%;1006hPa;3.5km;Variable;7.2km/h/2.0m/s;-;N/A;Rain;LightRain;
2000/7/17;07:30;13.0;12.0;94%;1006hPa;7.0km;SW;10.8km/h/3.0m/s;-;N/A;Rain;LightRain;
2000/7/17;08:00;13.0;12.0;94%;1006hPa;8.0km;SW;10.8km/h/3.0m/s;-;N/A;Rain;LightRain;
2000/7/17;08:30;13.0;12.0;94%;1006hPa;8.0km;SW;14.4km/h/4.0m/s;-;N/A;Rain;LightRain;
2000/7/17;09:00;13.0;12.0;94%;1006hPa;9.0km;SW;14.4km/h/4.0m/s;-;N/A;Rain;LightRain;
2000/7/17;09:30;13.0;12.0;94%;1006hPa;9.0km;SW;10.8km/h/3.0m/s;-;N/A;Rain;LightRain;
2000/7/17;10:00;14.0;12.0;88%;1006hPa;10.0km;SW;14.4km/h/4.0m/s;-;N/A;Rain;LightRain;
2000/7/17;10:30;14.0;13.0;94%;1006hPa;10.0km;SW;10.8km/h/3.0m/s;-;N/A;Rain;LightRain;
2000/7/17;11:00;15.0;13.0;88%;1007hPa;10.0km;Variable;7.2km/h/2.0m/s;-;N/A;;MostlyCloudy;
2000/7/17;11:30;15.0;13.0;88%;1007hPa;10.0km;SW;10.8km/h/3.0m/s;-;N/A;Rain;LightRain;
2000/7/17;12:00;16.0;13.0;82%;1007hPa;10.0km;SW;14.4km/h/4.0m/s;-;N/A;Rain;LightRain;
2000/7/17;12:30;16.0;13.0;82%;1007hPa;10.0km;WSW;18.0km/h/5.0m/s;-;N/A;Rain;LightRain;
2000/7/17;13:00;16.0;13.0;82%;1007hPa;10.0km;WSW;14.4km/h/4.0m/s;-;N/A;Rain;LightRain;
2000/7/17;13:30;16.0;13.0;82%;1007hPa;10.0km;WSW;18.0km/h/5.0m/s;-;N/A;Rain;LightRain;
2000/7/17;14:00;16.0;13.0;82%;1007hPa;6.0km;WSW;25.2km/h/7.0m/s;-;N/A;Rain;LightRain;
2000/7/17;14:30;16.0;13.0;82%;1007hPa;10.0km;WSW;21.6km/h/6.0m/s;-;N/A;Rain;LightRain;
2000/7/17;15:00;16.0;12.0;77%;1007hPa;10.0km;WSW;21.6km/h/6.0m/s;-;N/A;Rain;LightRain;
2000/7/17;15:30;15.0;13.0;88%;1008hPa;9.0km;WSW;21.6km/h/6.0m/s;-;N/A;Rain;LightRain;
2000/7/17;16:00;15.0;12.0;82%;1008hPa;9.0km;SW;14.4km/h/4.0m/s;-;N/A;Rain;LightRain;
2000/7/17;16:30;15.0;12.0;82%;1008hPa;9.0km;WSW;14.4km/h/4.0m/s;-;N/A;Rain;LightRain;
2000/7/17;17:00;15.0;13.0;88%;1008hPa;9.0km;WSW;14.4km/h/4.0m/s;-;N/A;;Overcast;
2000/7/17;17:30;15.0;13.0;88%;1009hPa;9.0km;WSW;14.4km/h/4.0m/s;-;N/A;;MostlyCloudy;
2000/7/17;18:00;15.0;13.0;88%;1009hPa;10.0km;WSW;14.4km/h/4.0m/s;-;N/A;;MostlyCloudy;
2000/7/17;18:30;15.0;13.0;88%;1009hPa;10.0km;WSW;14.4km/h/4.0m/s;-;N/A;Rain;LightRain;
2000/7/17;19:00;15.0;13.0;88%;1009hPa;10.0km;WSW;14.4km/h/4.0m/s;-;N/A;Rain;LightRain;
2000/7/17;19:30;14.0;13.0;94%;1010hPa;10.0km;WSW;14.4km/h/4.0m/s;-;N/A;Rain;LightRain;
2000/7/17;20:00;14.0;13.0;94%;1010hPa;10.0km;WSW;10.8km/h/3.0m/s;-;N/A;Rain;LightRain;
2000/7/17;20:30;14.0;13.0;94%;1010hPa;10.0km;WSW;10.8km/h/3.0m/s;-;N/A;Rain;LightRain;
2000/7/17;21:00;14.0;12.0;88%;1010hPa;10.0km;WSW;10.8km/h/3.0m/s;-;N/A;;Overcast;
2000/7/17;21:30;14.0;13.0;94%;1011hPa;10.0km;WSW;14.4km/h/4.0m/s;-;N/A;;Overcast;
2000/7/17;22:00;14.0;12.0;88%;1011hPa;10.0km;WSW;10.8km/h/3.0m/s;-;N/A;;Overcast;
2000/7/17;22:30;14.0;12.0;88%;1011hPa;10.0km;Variable;7.2km/h/2.0m/s;-;N/A;;Overcast;
2000/7/17;23:00;14.0;12.0;88%;1011hPa;10.0km;WSW;10.8km/h/3.0m/s;-;N/A;;Overcast;
2000/7/17;23:30;14.0;12.0;88%;1011hPa;10.0km;SW;10.8km/h/3.0m/s;-;N/A;;Overcast;
