2000/6/14;00:00;21.0;17.0;78%;1024hPa;-;North;7.2km/h/2.0m/s;-;N/A;;Clear;
2000/6/14;00:30;21.0;17.0;78%;1023hPa;-;NNW;3.6km/h/1.0m/s;-;N/A;;Clear;
2000/6/14;01:00;21.0;17.0;78%;1023hPa;-;North;7.2km/h/2.0m/s;-;N/A;;Clear;
2000/6/14;01:30;20.0;16.0;78%;1023hPa;-;Variable;3.6km/h/1.0m/s;-;N/A;;Clear;
2000/6/14;02:00;20.0;17.0;83%;1023hPa;-;NNW;7.2km/h/2.0m/s;-;N/A;;Clear;
2000/6/14;02:30;20.0;17.0;83%;1023hPa;-;NNW;3.6km/h/1.0m/s;-;N/A;;Clear;
2000/6/14;03:00;20.0;17.0;83%;1023hPa;-;NW;7.2km/h/2.0m/s;-;N/A;;Clear;
2000/6/14;03:30;20.0;16.0;78%;1023hPa;-;Calm;Calm;-;N/A;;Clear;
2000/6/14;04:00;19.0;16.0;83%;1023hPa;-;East;3.6km/h/1.0m/s;-;N/A;;Clear;
2000/6/14;04:30;19.0;16.0;83%;1023hPa;-;NNW;3.6km/h/1.0m/s;-;N/A;;Clear;
2000/6/14;05:00;19.0;16.0;83%;1023hPa;-;NNW;7.2km/h/2.0m/s;-;N/A;;Clear;
2000/6/14;05:30;19.0;17.0;88%;1023hPa;-;North;3.6km/h/1.0m/s;-;N/A;;Clear;
2000/6/14;06:00;20.0;17.0;83%;1023hPa;-;Variable;3.6km/h/1.0m/s;-;N/A;;Clear;
2000/6/14;06:30;21.0;18.0;83%;1023hPa;-;Variable;3.6km/h/1.0m/s;-;N/A;;Clear;
2000/6/14;07:00;23.0;18.0;73%;1022hPa;-;Variable;3.6km/h/1.0m/s;-;N/A;;Clear;
2000/6/14;07:30;24.0;19.0;73%;1022hPa;-;Variable;3.6km/h/1.0m/s;-;N/A;;Clear;
2000/6/14;08:00;25.0;18.0;65%;1022hPa;-;Calm;Calm;-;N/A;;Clear;
2000/6/14;08:30;27.0;18.0;58%;1022hPa;-;Variable;3.6km/h/1.0m/s;-;N/A;;Clear;
2000/6/14;09:00;28.0;18.0;54%;1022hPa;-;Variable;3.6km/h/1.0m/s;-;N/A;;Clear;
2000/6/14;09:30;29.0;19.0;55%;1022hPa;-;Variable;3.6km/h/1.0m/s;-;N/A;;Clear;
2000/6/14;10:00;28.0;18.0;54%;1022hPa;-;Variable;7.2km/h/2.0m/s;-;N/A;;Clear;
2000/6/14;10:30;30.0;17.0;45%;1022hPa;-;SSW;10.8km/h/3.0m/s;-;N/A;;Clear;
2000/6/14;11:00;31.0;17.0;43%;1022hPa;10.0km;SSW;10.8km/h/3.0m/s;-;N/A;;PartlyCloudy;
2000/6/14;11:30;30.0;18.0;48%;1022hPa;10.0km;Variable;7.2km/h/2.0m/s;-;N/A;;MostlyCloudy;
2000/6/14;12:00;28.0;17.0;51%;1022hPa;10.0km;North;28.8km/h/8.0m/s;-;N/A;;PartlyCloudy;
2000/6/14;12:30;28.0;16.0;48%;1021hPa;10.0km;North;32.4km/h/9.0m/s;-;N/A;;ScatteredClouds;
2000/6/14;13:00;28.0;18.0;54%;1021hPa;10.0km;NNE;28.8km/h/8.0m/s;-;N/A;;ScatteredClouds;
2000/6/14;13:30;26.0;16.0;54%;1022hPa;10.0km;North;36.0km/h/10.0m/s;-;N/A;;ScatteredClouds;
2000/6/14;14:00;22.0;18.0;78%;1022hPa;6.0km;NNE;28.8km/h/8.0m/s;-;N/A;Rain,Thunderstorm;LightThunderstormsandRain;
2000/6/14;14:30;21.0;17.0;78%;1022hPa;10.0km;North;36.0km/h/10.0m/s;-;N/A;;ScatteredClouds;
2000/6/14;15:00;21.0;16.0;73%;1022hPa;10.0km;NNE;21.6km/h/6.0m/s;-;N/A;;ScatteredClouds;
2000/6/14;15:30;23.0;16.0;65%;1021hPa;10.0km;North;25.2km/h/7.0m/s;-;N/A;;ScatteredClouds;
2000/6/14;16:00;22.0;15.0;64%;1020hPa;10.0km;NNE;21.6km/h/6.0m/s;-;N/A;;ScatteredClouds;
2000/6/14;16:30;23.0;14.0;57%;1020hPa;10.0km;NNE;25.2km/h/7.0m/s;-;N/A;Rain;LightRainShowers;
2000/6/14;17:00;22.0;15.0;64%;1020hPa;10.0km;North;28.8km/h/8.0m/s;-;N/A;;MostlyCloudy;
2000/6/14;17:30;21.0;15.0;68%;1020hPa;10.0km;North;28.8km/h/8.0m/s;-;N/A;;MostlyCloudy;
2000/6/14;18:00;21.0;14.0;64%;1020hPa;10.0km;NNE;25.2km/h/7.0m/s;-;N/A;Rain,Thunderstorm;ThunderstormsandRain;
2000/6/14;18:30;19.0;15.0;78%;1020hPa;8.0km;NNE;14.4km/h/4.0m/s;-;N/A;Rain,Thunderstorm;LightThunderstormsandRain;
2000/6/14;19:00;20.0;15.0;73%;1020hPa;7.0km;NNE;18.0km/h/5.0m/s;-;N/A;Rain,Thunderstorm;ThunderstormsandRain;
2000/6/14;19:30;18.0;16.0;88%;1020hPa;10.0km;NNE;18.0km/h/5.0m/s;-;N/A;Rain,Thunderstorm;LightThunderstormsandRain;
2000/6/14;20:00;18.0;15.0;83%;1021hPa;6.0km;NNW;14.4km/h/4.0m/s;-;N/A;Rain,Thunderstorm;LightThunderstormsandRain;
2000/6/14;20:30;17.0;15.0;88%;1021hPa;4.5km;Variable;7.2km/h/2.0m/s;-;N/A;Rain,Thunderstorm;HeavyThunderstormsandRain;
2000/6/14;21:00;17.0;15.0;88%;1020hPa;8.0km;ENE;10.8km/h/3.0m/s;-;N/A;;Overcast;
2000/6/14;21:30;17.0;16.0;94%;1020hPa;8.0km;North;10.8km/h/3.0m/s;-;N/A;;Overcast;
2000/6/14;22:00;17.0;16.0;94%;1019hPa;10.0km;NE;10.8km/h/3.0m/s;-;N/A;;Overcast;
2000/6/14;22:30;17.0;15.0;88%;1019hPa;10.0km;North;14.4km/h/4.0m/s;-;N/A;;Overcast;
2000/6/14;23:00;17.0;15.0;88%;1019hPa;10.0km;Variable;7.2km/h/2.0m/s;-;N/A;;MostlyCloudy;
2000/6/14;23:30;17.0;15.0;88%;1019hPa;10.0km;North;14.4km/h/4.0m/s;-;N/A;Rain,Thunderstorm;LightThunderstormsandRain;
