2000/1/18;00:00;0.0;0.0;100%;995hPa;10.0km;NNW;18.0km/h/5.0m/s;-;N/A;Snow;LightSnow;
2000/1/18;00:30;1.0;0.0;93%;995hPa;10.0km;NNW;18.0km/h/5.0m/s;-;N/A;Snow;LightSnow;
2000/1/18;01:00;1.0;-1.0;87%;995hPa;10.0km;NW;28.8km/h/8.0m/s;-;N/A;Snow;LightSnow;
2000/1/18;01:30;1.0;-3.0;75%;996hPa;10.0km;NNW;25.2km/h/7.0m/s;-;N/A;;MostlyCloudy;
2000/1/18;02:00;1.0;-2.0;81%;996hPa;4.0km;NNW;25.2km/h/7.0m/s;43.2km/h/12.0m/s;N/A;Snow;LightSnow;
2000/1/18;02:30;0.0;-1.0;93%;996hPa;10.0km;NNW;18.0km/h/5.0m/s;-;N/A;Snow;LightSnow;
2000/1/18;03:00;0.0;-2.0;87%;996hPa;10.0km;NW;18.0km/h/5.0m/s;-;N/A;;ScatteredClouds;
2000/1/18;03:30;0.0;-3.0;80%;996hPa;10.0km;NW;25.2km/h/7.0m/s;-;N/A;;MostlyCloudy;
2000/1/18;04:00;0.0;-2.0;87%;996hPa;2.5km;NNW;28.8km/h/8.0m/s;46.8km/h/13.0m/s;N/A;Snow;LightSnow;
2000/1/18;05:30;-1.0;-1.0;100%;996hPa;2.5km;Variable;7.2km/h/2.0m/s;-;N/A;Snow;LightSnow;
2000/1/18;06:00;-1.0;-1.0;100%;996hPa;2.3km;NNW;14.4km/h/4.0m/s;-;N/A;Snow;Snow;
2000/1/18;06:30;-1.0;-2.0;93%;995hPa;10.0km;NNW;10.8km/h/3.0m/s;-;N/A;Snow;LightSnow;
2000/1/18;07:00;-1.0;-2.0;93%;995hPa;10.0km;NNW;10.8km/h/3.0m/s;-;N/A;Snow;LightSnow;
2000/1/18;07:30;-1.0;-3.0;86%;995hPa;10.0km;NW;14.4km/h/4.0m/s;-;N/A;;MostlyCloudy;
2000/1/18;08:00;-1.0;-4.0;80%;995hPa;10.0km;Variable;7.2km/h/2.0m/s;-;N/A;;MostlyCloudy;
2000/1/18;08:30;-3.0;-5.0;86%;994hPa;10.0km;Variable;3.6km/h/1.0m/s;-;N/A;;MostlyCloudy;
2000/1/18;09:00;0.0;-3.0;80%;994hPa;10.0km;Variable;3.6km/h/1.0m/s;-;N/A;;MostlyCloudy;
2000/1/18;09:30;-2.0;-5.0;80%;994hPa;10.0km;South;10.8km/h/3.0m/s;-;N/A;;ScatteredClouds;
2000/1/18;10:00;0.0;-3.0;80%;994hPa;10.0km;SE;10.8km/h/3.0m/s;-;N/A;;MostlyCloudy;
2000/1/18;10:30;-1.0;-4.0;80%;994hPa;10.0km;Variable;7.2km/h/2.0m/s;-;N/A;;ScatteredClouds;
2000/1/18;11:00;1.0;-3.0;75%;993hPa;10.0km;South;7.2km/h/2.0m/s;-;N/A;;ScatteredClouds;
2000/1/18;11:30;1.0;-3.0;75%;993hPa;10.0km;Variable;3.6km/h/1.0m/s;-;N/A;;ScatteredClouds;
2000/1/18;12:00;1.0;-3.0;75%;993hPa;10.0km;SSW;7.2km/h/2.0m/s;-;N/A;;ScatteredClouds;
2000/1/18;12:30;4.0;-3.0;61%;992hPa;10.0km;Variable;7.2km/h/2.0m/s;-;N/A;;ScatteredClouds;
2000/1/18;13:00;3.0;-4.0;60%;993hPa;10.0km;NW;18.0km/h/5.0m/s;-;N/A;;ScatteredClouds;
2000/1/18;13:30;2.0;-4.0;65%;993hPa;10.0km;NW;21.6km/h/6.0m/s;-;N/A;;ScatteredClouds;
2000/1/18;14:00;2.0;-5.0;60%;993hPa;10.0km;NNW;14.4km/h/4.0m/s;-;N/A;;ScatteredClouds;
2000/1/18;14:30;1.0;-5.0;65%;994hPa;10.0km;NNW;21.6km/h/6.0m/s;-;N/A;;ScatteredClouds;
2000/1/18;15:00;2.0;-6.0;56%;994hPa;10.0km;North;21.6km/h/6.0m/s;-;N/A;;ScatteredClouds;
2000/1/18;15:30;1.0;-6.0;60%;994hPa;10.0km;NNW;28.8km/h/8.0m/s;-;N/A;;ScatteredClouds;
2000/1/18;16:00;1.0;-6.0;60%;995hPa;10.0km;NNW;21.6km/h/6.0m/s;-;N/A;;ScatteredClouds;
2000/1/18;16:30;0.0;-5.0;69%;995hPa;10.0km;NNW;21.6km/h/6.0m/s;39.6km/h/11.0m/s;N/A;;MostlyCloudy;
2000/1/18;17:00;0.0;-5.0;69%;996hPa;10.0km;North;25.2km/h/7.0m/s;-;N/A;;ScatteredClouds;
2000/1/18;17:30;0.0;-6.0;64%;996hPa;10.0km;NNW;14.4km/h/4.0m/s;-;N/A;;ScatteredClouds;
2000/1/18;18:00;0.0;-5.0;69%;996hPa;10.0km;NW;18.0km/h/5.0m/s;-;N/A;;ScatteredClouds;
2000/1/18;18:30;0.0;-5.0;69%;997hPa;-;NW;21.6km/h/6.0m/s;-;N/A;;Clear;
2000/1/18;19:00;0.0;-5.0;69%;997hPa;-;NW;14.4km/h/4.0m/s;-;N/A;;Clear;
2000/1/18;19:30;0.0;-5.0;69%;998hPa;-;NW;14.4km/h/4.0m/s;-;N/A;;Clear;
2000/1/18;20:30;0.0;-4.0;75%;999hPa;-;Variable;3.6km/h/1.0m/s;-;N/A;;Clear;
2000/1/18;21:00;-1.0;-4.0;80%;999hPa;-;Variable;7.2km/h/2.0m/s;-;N/A;;Clear;
2000/1/18;21:30;0.0;-4.0;75%;999hPa;10.0km;NW;14.4km/h/4.0m/s;-;N/A;;MostlyCloudy;
2000/1/18;22:00;0.0;-4.0;75%;999hPa;10.0km;WNW;18.0km/h/5.0m/s;-;N/A;;MostlyCloudy;
2000/1/18;22:30;0.0;-4.0;75%;999hPa;10.0km;WNW;14.4km/h/4.0m/s;-;N/A;;MostlyCloudy;
2000/1/18;23:00;0.0;-4.0;75%;999hPa;10.0km;NW;18.0km/h/5.0m/s;-;N/A;;MostlyCloudy;
2000/1/18;23:30;0.0;-4.0;75%;999hPa;10.0km;WNW;14.4km/h/4.0m/s;-;N/A;Snow;LightSnow;
