2000/1/15;00:00;-4.0;-4.0;100%;1028hPa;1.0km;Variable;3.6km/h/1.0m/s;-;N/A;;Overcast;
2000/1/15;00:30;-4.0;-4.0;100%;1028hPa;1.0km;East;3.6km/h/1.0m/s;-;N/A;;Overcast;
2000/1/15;01:00;-4.0;-4.0;100%;1028hPa;1.0km;East;3.6km/h/1.0m/s;-;N/A;;Overcast;
2000/1/15;01:30;-3.0;-4.0;93%;1028hPa;1.0km;ESE;3.6km/h/1.0m/s;-;N/A;;Overcast;
2000/1/15;02:00;-3.0;-4.0;93%;1028hPa;1.0km;South;3.6km/h/1.0m/s;-;N/A;;Overcast;
2000/1/15;02:30;-3.0;-4.0;93%;1028hPa;1.2km;Variable;3.6km/h/1.0m/s;-;N/A;;Overcast;
2000/1/15;03:00;-3.0;-3.0;100%;1028hPa;1.5km;North;7.2km/h/2.0m/s;-;N/A;;Overcast;
2000/1/15;03:30;-3.0;-3.0;100%;1028hPa;2.2km;NNE;7.2km/h/2.0m/s;-;N/A;;Overcast;
2000/1/15;04:00;-3.0;-5.0;86%;1028hPa;4.0km;North;14.4km/h/4.0m/s;-;N/A;;Overcast;
2000/1/15;04:30;-4.0;-5.0;93%;1028hPa;5.0km;North;14.4km/h/4.0m/s;-;N/A;;Overcast;
2000/1/15;05:00;-3.0;-5.0;86%;1028hPa;6.0km;North;18.0km/h/5.0m/s;-;N/A;;Overcast;
2000/1/15;05:30;-3.0;-5.0;86%;1028hPa;7.0km;North;18.0km/h/5.0m/s;-;N/A;;MostlyCloudy;
2000/1/15;06:00;-3.0;-5.0;86%;1028hPa;6.0km;North;18.0km/h/5.0m/s;-;N/A;;MostlyCloudy;
2000/1/15;06:30;-3.0;-5.0;86%;1028hPa;8.0km;North;14.4km/h/4.0m/s;-;N/A;;MostlyCloudy;
2000/1/15;07:00;-3.0;-5.0;86%;1028hPa;8.0km;NNE;7.2km/h/2.0m/s;-;N/A;;Overcast;
2000/1/15;08:00;-3.0;-5.0;86%;1028hPa;9.0km;Variable;3.6km/h/1.0m/s;-;N/A;;MostlyCloudy;
2000/1/15;08:30;-3.0;-4.0;93%;1028hPa;8.0km;SE;3.6km/h/1.0m/s;-;N/A;;ScatteredClouds;
2000/1/15;09:00;-3.0;-5.0;86%;1028hPa;6.0km;ESE;7.2km/h/2.0m/s;-;N/A;;PartlyCloudy;
2000/1/15;09:30;-3.0;-5.0;86%;1028hPa;6.0km;Calm;Calm;-;N/A;;PartlyCloudy;
2000/1/15;10:00;-1.0;-4.0;80%;1028hPa;10.0km;Calm;Calm;-;N/A;;PartlyCloudy;
2000/1/15;11:30;0.0;-4.0;75%;1028hPa;8.0km;ESE;3.6km/h/1.0m/s;-;N/A;;PartlyCloudy;
2000/1/15;12:00;1.0;-4.0;70%;1028hPa;9.0km;ESE;3.6km/h/1.0m/s;-;N/A;;PartlyCloudy;
2000/1/15;12:30;1.0;-4.0;70%;1027hPa;9.0km;ESE;3.6km/h/1.0m/s;-;N/A;;PartlyCloudy;
2000/1/15;13:00;1.0;-4.0;70%;1027hPa;8.0km;ESE;3.6km/h/1.0m/s;-;N/A;;PartlyCloudy;
2000/1/15;13:30;1.0;-5.0;65%;1027hPa;7.0km;SSE;3.6km/h/1.0m/s;-;N/A;;PartlyCloudy;
2000/1/15;14:00;-1.0;-5.0;75%;1027hPa;7.0km;South;3.6km/h/1.0m/s;-;N/A;;PartlyCloudy;
2000/1/15;14:30;-1.0;-5.0;75%;1027hPa;7.0km;South;3.6km/h/1.0m/s;-;N/A;;PartlyCloudy;
2000/1/15;15:00;-1.0;-5.0;75%;1027hPa;6.0km;South;3.6km/h/1.0m/s;-;N/A;;ScatteredClouds;
2000/1/15;15:30;-2.0;-5.0;80%;1027hPa;6.0km;South;3.6km/h/1.0m/s;-;N/A;;MostlyCloudy;
2000/1/15;16:00;-2.0;-5.0;80%;1027hPa;6.0km;Calm;Calm;-;N/A;;MostlyCloudy;
2000/1/15;17:00;-2.0;-5.0;80%;1026hPa;7.0km;SW;3.6km/h/1.0m/s;-;N/A;;MostlyCloudy;
2000/1/15;17:30;-2.0;-4.0;86%;1026hPa;7.0km;Calm;Calm;-;N/A;;Overcast;
2000/1/15;18:00;-2.0;-4.0;86%;1027hPa;7.0km;Calm;Calm;-;N/A;;Overcast;
2000/1/15;18:30;-3.0;-4.0;93%;1027hPa;7.0km;Calm;Calm;-;N/A;;Overcast;
2000/1/15;19:00;-3.0;-4.0;93%;1026hPa;7.0km;Calm;Calm;-;N/A;;Overcast;
2000/1/15;19:30;-3.0;-4.0;93%;1026hPa;7.0km;Calm;Calm;-;N/A;;Overcast;
2000/1/15;20:00;-3.0;-4.0;93%;1026hPa;7.0km;Calm;Calm;-;N/A;;Overcast;
2000/1/15;20:30;-3.0;-4.0;93%;1026hPa;7.0km;Calm;Calm;-;N/A;;Overcast;
2000/1/15;21:00;-3.0;-4.0;93%;1026hPa;7.0km;NNE;3.6km/h/1.0m/s;-;N/A;;Overcast;
2000/1/15;21:30;-3.0;-4.0;93%;1026hPa;6.0km;North;3.6km/h/1.0m/s;-;N/A;;Overcast;
2000/1/15;22:00;-2.0;-4.0;86%;1026hPa;6.0km;North;7.2km/h/2.0m/s;-;N/A;;Overcast;
2000/1/15;22:30;-2.0;-4.0;86%;1026hPa;7.0km;North;10.8km/h/3.0m/s;-;N/A;;Overcast;
2000/1/15;23:00;-2.0;-5.0;80%;1026hPa;7.0km;North;10.8km/h/3.0m/s;-;N/A;;Overcast;
2000/1/15;23:30;-2.0;-6.0;74%;1026hPa;8.0km;North;14.4km/h/4.0m/s;-;N/A;;Overcast;
