2000/12/10;00:00;3.0;2.0;93%;1021hPa;7.0km;NE;3.6km/h/1.0m/s;-;N/A;;Overcast;
2000/12/10;00:30;3.0;2.0;93%;1021hPa;7.0km;North;7.2km/h/2.0m/s;-;N/A;;MostlyCloudy;
2000/12/10;01:00;3.0;2.0;93%;1022hPa;6.0km;Variable;3.6km/h/1.0m/s;-;N/A;;Overcast;
2000/12/10;01:30;3.0;2.0;93%;1022hPa;6.0km;Variable;3.6km/h/1.0m/s;-;N/A;;Overcast;
2000/12/10;02:00;4.0;2.0;87%;1021hPa;6.0km;North;7.2km/h/2.0m/s;-;N/A;;Overcast;
2000/12/10;02:30;4.0;2.0;87%;1021hPa;6.0km;North;3.6km/h/1.0m/s;-;N/A;;Overcast;
2000/12/10;03:00;4.0;2.0;87%;1021hPa;6.0km;Variable;3.6km/h/1.0m/s;-;N/A;;Overcast;
2000/12/10;03:30;4.0;2.0;87%;1021hPa;6.0km;North;7.2km/h/2.0m/s;-;N/A;;Overcast;
2000/12/10;04:00;4.0;2.0;87%;1021hPa;6.0km;North;7.2km/h/2.0m/s;-;N/A;;Overcast;
2000/12/10;04:30;4.0;3.0;93%;1021hPa;5.0km;North;7.2km/h/2.0m/s;-;N/A;;Overcast;
2000/12/10;05:00;4.0;3.0;93%;1021hPa;5.0km;Variable;3.6km/h/1.0m/s;-;N/A;;Overcast;
2000/12/10;05:30;4.0;3.0;93%;1021hPa;5.0km;NE;3.6km/h/1.0m/s;-;N/A;;Overcast;
2000/12/10;06:00;4.0;3.0;93%;1021hPa;5.0km;Calm;Calm;-;N/A;Rain;LightRain;
2000/12/10;06:30;4.0;3.0;93%;1021hPa;5.0km;NNW;3.6km/h/1.0m/s;-;N/A;Rain;LightRain;
2000/12/10;07:00;4.0;3.0;93%;1021hPa;4.0km;Variable;3.6km/h/1.0m/s;-;N/A;Rain;LightRain;
2000/12/10;07:30;4.0;3.0;93%;1021hPa;3.0km;NNE;7.2km/h/2.0m/s;-;N/A;Rain;LightRain;
2000/12/10;08:00;4.0;4.0;100%;1021hPa;3.0km;North;7.2km/h/2.0m/s;-;N/A;Rain;LightRain;
2000/12/10;08:30;4.0;4.0;100%;1021hPa;2.8km;North;3.6km/h/1.0m/s;-;N/A;Rain;LightRain;
2000/12/10;09:00;5.0;4.0;93%;1021hPa;2.8km;North;7.2km/h/2.0m/s;-;N/A;Rain;LightRain;
2000/12/10;09:30;5.0;4.0;93%;1021hPa;2.8km;North;3.6km/h/1.0m/s;-;N/A;Rain;LightRain;
2000/12/10;10:00;5.0;4.0;93%;1021hPa;2.8km;North;10.8km/h/3.0m/s;-;N/A;Rain;LightRain;
2000/12/10;10:30;5.0;4.0;93%;1021hPa;3.0km;North;14.4km/h/4.0m/s;-;N/A;Rain;LightRain;
2000/12/10;11:00;5.0;4.0;93%;1021hPa;3.0km;NNE;10.8km/h/3.0m/s;-;N/A;Rain;LightRain;
2000/12/10;11:30;5.0;4.0;93%;1021hPa;-;North;14.4km/h/4.0m/s;-;N/A;Rain;LightRain;
2000/12/10;12:00;5.0;4.0;93%;1021hPa;-;NNE;10.8km/h/3.0m/s;-;N/A;Rain;LightRain;
2000/12/10;12:30;5.0;4.0;93%;1020hPa;3.5km;NNE;10.8km/h/3.0m/s;-;N/A;Rain;LightRain;
2000/12/10;13:00;6.0;4.0;87%;1020hPa;3.5km;NNE;10.8km/h/3.0m/s;-;N/A;;Overcast;
2000/12/10;13:30;5.0;4.0;93%;1021hPa;4.0km;NE;10.8km/h/3.0m/s;-;N/A;;Overcast;
2000/12/10;14:00;5.0;4.0;93%;1020hPa;4.0km;Variable;7.2km/h/2.0m/s;-;N/A;Rain;LightRain;
2000/12/10;14:30;6.0;5.0;93%;1020hPa;-;Variable;7.2km/h/2.0m/s;-;N/A;Rain;LightRain;
2000/12/10;15:00;6.0;5.0;93%;1020hPa;3.5km;Variable;7.2km/h/2.0m/s;-;N/A;Rain;LightRain;
2000/12/10;15:30;5.0;4.0;93%;1020hPa;3.0km;NNW;7.2km/h/2.0m/s;-;N/A;;ScatteredClouds;
2000/12/10;16:00;4.0;3.0;93%;1021hPa;2.5km;Variable;3.6km/h/1.0m/s;-;N/A;;ScatteredClouds;
2000/12/10;16:30;4.0;3.0;93%;1021hPa;2.0km;NNW;3.6km/h/1.0m/s;-;N/A;;ScatteredClouds;
2000/12/10;17:00;4.0;3.0;93%;1021hPa;1.8km;Calm;Calm;-;N/A;;ScatteredClouds;
2000/12/10;17:30;3.0;2.0;93%;1021hPa;2.0km;WSW;7.2km/h/2.0m/s;-;N/A;;ScatteredClouds;
2000/12/10;18:00;2.0;2.0;100%;1021hPa;2.3km;Calm;Calm;-;N/A;;ScatteredClouds;
2000/12/10;18:30;3.0;3.0;100%;1021hPa;2.6km;Variable;3.6km/h/1.0m/s;-;N/A;;Overcast;
2000/12/10;19:00;4.0;4.0;100%;1021hPa;2.5km;Variable;3.6km/h/1.0m/s;-;N/A;;Overcast;
2000/12/10;19:30;4.0;4.0;100%;1021hPa;2.0km;Variable;3.6km/h/1.0m/s;-;N/A;;Overcast;
2000/12/10;20:00;4.0;4.0;100%;1021hPa;1.6km;South;3.6km/h/1.0m/s;-;N/A;;Overcast;
2000/12/10;20:30;4.0;4.0;100%;1021hPa;0.9km;Variable;3.6km/h/1.0m/s;-;N/A;Fog;Fog;
2000/12/10;21:00;4.0;4.0;100%;1021hPa;1.8km;Variable;3.6km/h/1.0m/s;-;N/A;;Overcast;
2000/12/10;21:30;4.0;4.0;100%;1021hPa;1.4km;South;7.2km/h/2.0m/s;-;N/A;;Overcast;
2000/12/10;22:00;4.0;4.0;100%;1021hPa;1.8km;South;7.2km/h/2.0m/s;-;N/A;;Overcast;
2000/12/10;22:30;4.0;4.0;100%;1021hPa;1.2km;SSW;10.8km/h/3.0m/s;-;N/A;;Overcast;
2000/12/10;23:00;4.0;4.0;100%;1021hPa;0.8km;SSW;10.8km/h/3.0m/s;-;N/A;Fog;Fog;
2000/12/10;23:30;4.0;4.0;100%;1021hPa;1.4km;Variable;7.2km/h/2.0m/s;-;N/A;;Overcast;
