2000/11/16;00:00;8.0;7.0;93%;1018hPa;-;Calm;Calm;-;N/A;;Clear;
2000/11/16;00:30;8.0;7.0;93%;1018hPa;-;North;7.2km/h/2.0m/s;-;N/A;;Clear;
2000/11/16;01:00;8.0;7.0;93%;1018hPa;-;NNW;7.2km/h/2.0m/s;-;N/A;;Clear;
2000/11/16;01:30;8.0;7.0;93%;1018hPa;-;Variable;3.6km/h/1.0m/s;-;N/A;;Clear;
2000/11/16;02:00;7.0;5.0;87%;1017hPa;-;Calm;Calm;-;N/A;;Clear;
2000/11/16;02:30;8.0;7.0;93%;1017hPa;-;NW;7.2km/h/2.0m/s;-;N/A;;Clear;
2000/11/16;03:00;7.0;6.0;93%;1017hPa;-;Variable;3.6km/h/1.0m/s;-;N/A;;Clear;
2000/11/16;03:30;6.0;6.0;100%;1017hPa;7.0km;South;3.6km/h/1.0m/s;-;N/A;;MostlyCloudy;
2000/11/16;04:00;7.0;6.0;93%;1017hPa;7.0km;WNW;7.2km/h/2.0m/s;-;N/A;;MostlyCloudy;
2000/11/16;04:30;7.0;6.0;93%;1016hPa;6.0km;Calm;Calm;-;N/A;Rain;LightRain;
2000/11/16;05:00;6.0;6.0;100%;1016hPa;5.0km;ESE;3.6km/h/1.0m/s;-;N/A;Rain;LightRain;
2000/11/16;05:30;7.0;6.0;93%;1016hPa;4.5km;Calm;Calm;-;N/A;;MostlyCloudy;
2000/11/16;06:00;6.0;6.0;100%;1016hPa;5.0km;Calm;Calm;-;N/A;Rain;LightRain;
2000/11/16;06:30;6.0;6.0;100%;1016hPa;2.2km;Variable;3.6km/h/1.0m/s;-;N/A;Rain;LightRain;
2000/11/16;07:00;6.0;6.0;100%;1016hPa;2.0km;Calm;Calm;-;N/A;Rain;LightRain;
2000/11/16;07:30;7.0;7.0;100%;1017hPa;6.0km;WNW;7.2km/h/2.0m/s;-;N/A;Rain;LightRain;
2000/11/16;08:00;9.0;7.0;87%;1017hPa;10.0km;SW;7.2km/h/2.0m/s;-;N/A;Rain;LightRain;
2000/11/16;08:30;8.0;7.0;93%;1017hPa;3.5km;Variable;7.2km/h/2.0m/s;-;N/A;Rain;LightRain;
2000/11/16;09:00;8.0;7.0;93%;1016hPa;3.0km;Variable;7.2km/h/2.0m/s;-;N/A;Rain;LightRain;
2000/11/16;09:30;9.0;8.0;93%;1016hPa;4.0km;WNW;3.6km/h/1.0m/s;-;N/A;;MostlyCloudy;
2000/11/16;10:00;9.0;8.0;93%;1016hPa;6.0km;Variable;3.6km/h/1.0m/s;-;N/A;;MostlyCloudy;
2000/11/16;10:30;10.0;7.0;82%;1016hPa;6.0km;SW;10.8km/h/3.0m/s;-;N/A;;MostlyCloudy;
2000/11/16;11:00;10.0;7.0;82%;1016hPa;8.0km;SW;10.8km/h/3.0m/s;-;N/A;;MostlyCloudy;
2000/11/16;11:30;11.0;8.0;82%;1016hPa;8.0km;SW;14.4km/h/4.0m/s;-;N/A;;MostlyCloudy;
2000/11/16;12:00;11.0;8.0;82%;1017hPa;6.0km;SSW;14.4km/h/4.0m/s;-;N/A;;MostlyCloudy;
2000/11/16;12:30;12.0;7.0;72%;1016hPa;7.0km;South;14.4km/h/4.0m/s;-;N/A;;MostlyCloudy;
2000/11/16;13:00;11.0;8.0;82%;1017hPa;7.0km;South;14.4km/h/4.0m/s;-;N/A;;Overcast;
2000/11/16;13:30;11.0;9.0;88%;1017hPa;5.0km;South;10.8km/h/3.0m/s;-;N/A;Rain;LightRain;
2000/11/16;14:00;11.0;8.0;82%;1016hPa;7.0km;South;10.8km/h/3.0m/s;-;N/A;;MostlyCloudy;
2000/11/16;14:30;11.0;9.0;88%;1017hPa;7.0km;SSW;3.6km/h/1.0m/s;-;N/A;;MostlyCloudy;
2000/11/16;15:00;11.0;9.0;88%;1017hPa;6.0km;Variable;3.6km/h/1.0m/s;-;N/A;;Overcast;
2000/11/16;15:30;11.0;9.0;88%;1017hPa;6.0km;NNE;3.6km/h/1.0m/s;-;N/A;;Overcast;
2000/11/16;16:00;11.0;9.0;88%;1017hPa;5.0km;NE;3.6km/h/1.0m/s;-;N/A;;Overcast;
2000/11/16;16:30;11.0;9.0;88%;1017hPa;6.0km;North;7.2km/h/2.0m/s;-;N/A;;Overcast;
2000/11/16;17:00;11.0;8.0;82%;1018hPa;7.0km;North;10.8km/h/3.0m/s;-;N/A;;Overcast;
2000/11/16;17:30;11.0;8.0;82%;1018hPa;9.0km;NNE;7.2km/h/2.0m/s;-;N/A;;Overcast;
2000/11/16;18:00;11.0;8.0;82%;1018hPa;10.0km;NNE;7.2km/h/2.0m/s;-;N/A;;Overcast;
2000/11/16;18:30;11.0;7.0;76%;1018hPa;10.0km;NNE;10.8km/h/3.0m/s;-;N/A;;Overcast;
2000/11/16;19:00;10.0;7.0;82%;1018hPa;10.0km;North;14.4km/h/4.0m/s;-;N/A;;Overcast;
2000/11/16;19:30;10.0;7.0;82%;1018hPa;10.0km;NNE;14.4km/h/4.0m/s;-;N/A;;Overcast;
2000/11/16;20:00;10.0;6.0;76%;1018hPa;10.0km;NNE;18.0km/h/5.0m/s;-;N/A;;Overcast;
2000/11/16;20:30;10.0;6.0;76%;1018hPa;10.0km;NNE;14.4km/h/4.0m/s;-;N/A;;Overcast;
2000/11/16;21:00;9.0;6.0;82%;1019hPa;10.0km;NNE;14.4km/h/4.0m/s;-;N/A;;MostlyCloudy;
2000/11/16;21:30;9.0;6.0;82%;1019hPa;10.0km;NNE;10.8km/h/3.0m/s;-;N/A;;Overcast;
2000/11/16;22:00;9.0;6.0;82%;1019hPa;10.0km;North;10.8km/h/3.0m/s;-;N/A;;Overcast;
2000/11/16;22:30;9.0;6.0;82%;1019hPa;10.0km;Variable;7.2km/h/2.0m/s;-;N/A;;Overcast;
2000/11/16;23:00;9.0;6.0;82%;1019hPa;10.0km;Variable;7.2km/h/2.0m/s;-;N/A;;Overcast;
2000/11/16;23:30;9.0;6.0;82%;1019hPa;10.0km;East;7.2km/h/2.0m/s;-;N/A;;Overcast;
