2000/11/5;00:00;11.0;11.0;100%;1010hPa;10.0km;SSW;10.8km/h/3.0m/s;-;N/A;;ScatteredClouds;
2000/11/5;00:30;11.0;11.0;100%;1011hPa;7.0km;SSW;14.4km/h/4.0m/s;-;N/A;;ScatteredClouds;
2000/11/5;01:00;11.0;11.0;100%;1011hPa;5.0km;SSW;14.4km/h/4.0m/s;-;N/A;;Overcast;
2000/11/5;01:30;11.0;10.0;94%;1011hPa;5.0km;South;14.4km/h/4.0m/s;-;N/A;;Overcast;
2000/11/5;02:00;11.0;10.0;94%;1011hPa;10.0km;South;21.6km/h/6.0m/s;-;N/A;;Overcast;
2000/11/5;02:30;11.0;10.0;94%;1012hPa;10.0km;South;25.2km/h/7.0m/s;-;N/A;;Overcast;
2000/11/5;03:00;11.0;10.0;94%;1012hPa;10.0km;South;21.6km/h/6.0m/s;-;N/A;;Overcast;
2000/11/5;03:30;11.0;10.0;94%;1012hPa;10.0km;South;21.6km/h/6.0m/s;-;N/A;;Overcast;
2000/11/5;04:00;11.0;10.0;94%;1013hPa;10.0km;SSW;14.4km/h/4.0m/s;-;N/A;;Overcast;
2000/11/5;04:30;11.0;9.0;88%;1013hPa;10.0km;SW;18.0km/h/5.0m/s;-;N/A;;Overcast;
2000/11/5;05:00;10.0;8.0;87%;1014hPa;10.0km;SW;14.4km/h/4.0m/s;-;N/A;;MostlyCloudy;
2000/11/5;05:30;10.0;7.0;82%;1014hPa;10.0km;SW;18.0km/h/5.0m/s;-;N/A;;MostlyCloudy;
2000/11/5;06:00;9.0;8.0;93%;1014hPa;10.0km;SW;21.6km/h/6.0m/s;-;N/A;;ScatteredClouds;
2000/11/5;06:30;9.0;7.0;87%;1015hPa;10.0km;SW;21.6km/h/6.0m/s;-;N/A;;ScatteredClouds;
2000/11/5;07:00;9.0;7.0;87%;1015hPa;10.0km;SW;18.0km/h/5.0m/s;-;N/A;;ScatteredClouds;
2000/11/5;07:30;9.0;7.0;87%;1016hPa;10.0km;SSW;14.4km/h/4.0m/s;-;N/A;;ScatteredClouds;
2000/11/5;08:00;9.0;7.0;87%;1016hPa;10.0km;SW;14.4km/h/4.0m/s;-;N/A;;ScatteredClouds;
2000/11/5;08:30;9.0;7.0;87%;1017hPa;10.0km;SW;18.0km/h/5.0m/s;-;N/A;;ScatteredClouds;
2000/11/5;09:00;10.0;7.0;82%;1017hPa;10.0km;SW;14.4km/h/4.0m/s;-;N/A;;MostlyCloudy;
2000/11/5;09:30;10.0;7.0;82%;1017hPa;10.0km;SW;18.0km/h/5.0m/s;-;N/A;;MostlyCloudy;
2000/11/5;10:00;10.0;7.0;82%;1018hPa;10.0km;SSW;14.4km/h/4.0m/s;-;N/A;;MostlyCloudy;
2000/11/5;10:30;10.0;7.0;82%;1018hPa;10.0km;SSW;14.4km/h/4.0m/s;-;N/A;;MostlyCloudy;
2000/11/5;11:00;10.0;7.0;82%;1018hPa;10.0km;South;14.4km/h/4.0m/s;-;N/A;;MostlyCloudy;
2000/11/5;11:30;10.0;7.0;82%;1018hPa;10.0km;South;14.4km/h/4.0m/s;-;N/A;;MostlyCloudy;
2000/11/5;12:00;10.0;7.0;82%;1018hPa;10.0km;South;10.8km/h/3.0m/s;-;N/A;;MostlyCloudy;
2000/11/5;12:30;11.0;7.0;76%;1018hPa;10.0km;South;7.2km/h/2.0m/s;-;N/A;;ScatteredClouds;
2000/11/5;13:00;12.0;7.0;72%;1018hPa;10.0km;South;7.2km/h/2.0m/s;-;N/A;;ScatteredClouds;
2000/11/5;13:30;10.0;7.0;82%;1018hPa;10.0km;Variable;7.2km/h/2.0m/s;-;N/A;;ScatteredClouds;
2000/11/5;14:00;11.0;6.0;71%;1018hPa;10.0km;SSW;7.2km/h/2.0m/s;-;N/A;;ScatteredClouds;
2000/11/5;14:30;11.0;7.0;76%;1018hPa;10.0km;South;7.2km/h/2.0m/s;-;N/A;;ScatteredClouds;
2000/11/5;15:00;11.0;7.0;76%;1018hPa;10.0km;Variable;7.2km/h/2.0m/s;-;N/A;;ScatteredClouds;
2000/11/5;15:30;10.0;6.0;76%;1018hPa;10.0km;SSE;7.2km/h/2.0m/s;-;N/A;;ScatteredClouds;
2000/11/5;16:00;10.0;7.0;82%;1018hPa;10.0km;SE;7.2km/h/2.0m/s;-;N/A;;ScatteredClouds;
2000/11/5;16:30;9.0;7.0;87%;1018hPa;10.0km;Variable;3.6km/h/1.0m/s;-;N/A;;ScatteredClouds;
2000/11/5;17:00;9.0;7.0;87%;1018hPa;10.0km;Variable;3.6km/h/1.0m/s;-;N/A;;MostlyCloudy;
2000/11/5;17:30;9.0;7.0;87%;1018hPa;10.0km;Variable;3.6km/h/1.0m/s;-;N/A;;ScatteredClouds;
2000/11/5;18:00;9.0;7.0;87%;1018hPa;10.0km;Variable;3.6km/h/1.0m/s;-;N/A;;MostlyCloudy;
2000/11/5;18:30;9.0;7.0;87%;1018hPa;10.0km;Variable;3.6km/h/1.0m/s;-;N/A;;MostlyCloudy;
2000/11/5;19:00;9.0;7.0;87%;1017hPa;-;SSW;7.2km/h/2.0m/s;-;N/A;;Clear;
2000/11/5;19:30;8.0;7.0;93%;1017hPa;10.0km;Variable;7.2km/h/2.0m/s;-;N/A;;MostlyCloudy;
2000/11/5;20:00;8.0;7.0;93%;1017hPa;10.0km;South;10.8km/h/3.0m/s;-;N/A;;ScatteredClouds;
2000/11/5;20:30;8.0;7.0;93%;1017hPa;10.0km;SW;7.2km/h/2.0m/s;-;N/A;;ScatteredClouds;
2000/11/5;21:00;8.0;7.0;93%;1017hPa;10.0km;SW;7.2km/h/2.0m/s;-;N/A;;MostlyCloudy;
2000/11/5;21:30;8.0;6.0;87%;1018hPa;10.0km;SW;7.2km/h/2.0m/s;-;N/A;;ScatteredClouds;
2000/11/5;22:00;7.0;6.0;93%;1017hPa;10.0km;Variable;7.2km/h/2.0m/s;-;N/A;;ScatteredClouds;
2000/11/5;22:30;7.0;6.0;93%;1017hPa;10.0km;WNW;3.6km/h/1.0m/s;-;N/A;;ScatteredClouds;
2000/11/5;23:00;7.0;5.0;87%;1017hPa;-;WNW;7.2km/h/2.0m/s;-;N/A;;Clear;
2000/11/5;23:30;6.0;5.0;93%;1017hPa;-;West;3.6km/h/1.0m/s;-;N/A;;Clear;
