2000/11/10;00:00;3.0;3.0;100%;1018hPa;-;Variable;3.6km/h/1.0m/s;-;N/A;;Clear;
2000/11/10;00:30;3.0;2.0;93%;1019hPa;10.0km;North;3.6km/h/1.0m/s;-;N/A;;PartlyCloudy;
2000/11/10;01:00;3.0;2.0;93%;1019hPa;-;North;10.8km/h/3.0m/s;-;N/A;;Clear;
2000/11/10;01:30;3.0;2.0;93%;1019hPa;-;North;10.8km/h/3.0m/s;-;N/A;;Clear;
2000/11/10;02:00;2.0;2.0;100%;1019hPa;-;North;10.8km/h/3.0m/s;-;N/A;;Clear;
2000/11/10;02:30;3.0;2.0;93%;1019hPa;-;North;10.8km/h/3.0m/s;-;N/A;;Clear;
2000/11/10;03:00;2.0;1.0;93%;1019hPa;-;North;10.8km/h/3.0m/s;-;N/A;;Clear;
2000/11/10;03:30;2.0;1.0;93%;1019hPa;-;NE;7.2km/h/2.0m/s;-;N/A;;Clear;
2000/11/10;04:00;2.0;1.0;93%;1019hPa;-;NNE;7.2km/h/2.0m/s;-;N/A;;Clear;
2000/11/10;04:30;3.0;2.0;93%;1019hPa;-;Variable;3.6km/h/1.0m/s;-;N/A;;Clear;
2000/11/10;05:00;3.0;2.0;93%;1019hPa;-;North;10.8km/h/3.0m/s;-;N/A;;Clear;
2000/11/10;05:30;3.0;2.0;93%;1019hPa;-;NNE;7.2km/h/2.0m/s;-;N/A;;Clear;
2000/11/10;06:00;3.0;3.0;100%;1019hPa;8.0km;North;10.8km/h/3.0m/s;-;N/A;;MostlyCloudy;
2000/11/10;06:30;3.0;3.0;100%;1019hPa;9.0km;NNE;14.4km/h/4.0m/s;-;N/A;;ScatteredClouds;
2000/11/10;07:00;3.0;3.0;100%;1019hPa;6.0km;NNE;10.8km/h/3.0m/s;-;N/A;;MostlyCloudy;
2000/11/10;07:30;4.0;3.0;93%;1019hPa;8.0km;North;10.8km/h/3.0m/s;-;N/A;;MostlyCloudy;
2000/11/10;08:00;4.0;3.0;93%;1019hPa;10.0km;North;10.8km/h/3.0m/s;-;N/A;;MostlyCloudy;
2000/11/10;08:30;4.0;3.0;93%;1019hPa;10.0km;North;10.8km/h/3.0m/s;-;N/A;Rain;LightRain;
2000/11/10;09:00;5.0;4.0;93%;1019hPa;10.0km;North;7.2km/h/2.0m/s;-;N/A;Rain;Rain;
2000/11/10;09:30;5.0;4.0;93%;1019hPa;5.0km;NNE;7.2km/h/2.0m/s;-;N/A;Rain;Rain;
2000/11/10;10:00;5.0;5.0;100%;1019hPa;4.5km;NNE;18.0km/h/5.0m/s;-;N/A;Rain;LightRain;
2000/11/10;10:30;5.0;5.0;100%;1019hPa;6.0km;NNE;10.8km/h/3.0m/s;-;N/A;Rain;LightRain;
2000/11/10;11:00;6.0;5.0;93%;1018hPa;6.0km;North;14.4km/h/4.0m/s;32.4km/h/9.0m/s;N/A;Rain;LightRain;
2000/11/10;11:30;6.0;5.0;93%;1018hPa;5.0km;North;14.4km/h/4.0m/s;-;N/A;Rain;LightRain;
2000/11/10;12:00;6.0;5.0;93%;1018hPa;4.5km;NNE;10.8km/h/3.0m/s;-;N/A;Rain;Rain;
2000/11/10;12:30;6.0;6.0;100%;1018hPa;4.5km;Variable;7.2km/h/2.0m/s;-;N/A;Rain;LightRain;
2000/11/10;13:00;6.0;6.0;100%;1018hPa;3.5km;ENE;3.6km/h/1.0m/s;-;N/A;;LightDrizzle;
2000/11/10;13:30;6.0;6.0;100%;1018hPa;1.5km;Variable;3.6km/h/1.0m/s;-;N/A;;LightDrizzle;
2000/11/10;14:00;6.0;6.0;100%;1018hPa;1.3km;SSW;3.6km/h/1.0m/s;-;N/A;;LightDrizzle;
2000/11/10;14:30;7.0;7.0;100%;1018hPa;1.0km;SSW;10.8km/h/3.0m/s;-;N/A;;LightDrizzle;
2000/11/10;15:00;7.0;7.0;100%;1018hPa;1.3km;SW;10.8km/h/3.0m/s;-;N/A;;LightDrizzle;
2000/11/10;15:30;7.0;6.0;93%;1018hPa;2.2km;WSW;14.4km/h/4.0m/s;-;N/A;;LightDrizzle;
2000/11/10;16:00;6.0;6.0;100%;1018hPa;2.7km;WSW;10.8km/h/3.0m/s;-;N/A;;LightDrizzle;
2000/11/10;16:30;6.0;6.0;100%;1019hPa;3.5km;WSW;10.8km/h/3.0m/s;-;N/A;;LightDrizzle;
2000/11/10;17:00;6.0;6.0;100%;1019hPa;3.0km;WSW;10.8km/h/3.0m/s;-;N/A;;LightDrizzle;
2000/11/10;17:30;6.0;5.0;93%;1019hPa;3.5km;Variable;3.6km/h/1.0m/s;-;N/A;;LightDrizzle;
2000/11/10;18:00;6.0;5.0;93%;1020hPa;10.0km;Variable;3.6km/h/1.0m/s;-;N/A;;LightDrizzle;
2000/11/10;18:30;6.0;4.0;87%;1020hPa;10.0km;NW;7.2km/h/2.0m/s;-;N/A;;LightDrizzle;
2000/11/10;19:00;6.0;4.0;87%;1020hPa;-;Variable;7.2km/h/2.0m/s;-;N/A;;Clear;
2000/11/10;19:30;6.0;4.0;87%;1020hPa;10.0km;Variable;3.6km/h/1.0m/s;-;N/A;;MostlyCloudy;
2000/11/10;20:00;6.0;4.0;87%;1020hPa;10.0km;WNW;7.2km/h/2.0m/s;-;N/A;;ScatteredClouds;
2000/11/10;20:30;5.0;4.0;93%;1021hPa;10.0km;Variable;3.6km/h/1.0m/s;-;N/A;;ScatteredClouds;
2000/11/10;21:00;5.0;3.0;87%;1021hPa;10.0km;Calm;Calm;-;N/A;;ScatteredClouds;
2000/11/10;21:30;4.0;4.0;100%;1022hPa;10.0km;West;3.6km/h/1.0m/s;-;N/A;;MostlyCloudy;
2000/11/10;22:00;4.0;4.0;100%;1022hPa;10.0km;West;3.6km/h/1.0m/s;-;N/A;;MostlyCloudy;
2000/11/10;22:30;4.0;3.0;93%;1022hPa;10.0km;WSW;7.2km/h/2.0m/s;-;N/A;;ScatteredClouds;
2000/11/10;23:00;4.0;3.0;93%;1023hPa;10.0km;Variable;3.6km/h/1.0m/s;-;N/A;;MostlyCloudy;
2000/11/10;23:30;4.0;3.0;93%;1023hPa;10.0km;SW;10.8km/h/3.0m/s;-;N/A;;MostlyCloudy;
