2000/1/16;00:30;-2.0;-7.0;69%;1026hPa;10.0km;North;14.4km/h/4.0m/s;-;N/A;;Overcast;
2000/1/16;01:00;-2.0;-7.0;69%;1026hPa;10.0km;North;14.4km/h/4.0m/s;-;N/A;;Overcast;
2000/1/16;01:30;-2.0;-7.0;69%;1026hPa;10.0km;North;14.4km/h/4.0m/s;-;N/A;;Overcast;
2000/1/16;02:00;-2.0;-7.0;69%;1025hPa;10.0km;North;10.8km/h/3.0m/s;-;N/A;;Overcast;
2000/1/16;02:30;-2.0;-7.0;69%;1026hPa;-;NNE;10.8km/h/3.0m/s;-;N/A;;Clear;
2000/1/16;03:00;-2.0;-7.0;69%;1026hPa;-;North;7.2km/h/2.0m/s;-;N/A;;Clear;
2000/1/16;03:30;-3.0;-7.0;74%;1026hPa;-;North;7.2km/h/2.0m/s;-;N/A;;Clear;
2000/1/16;04:00;-3.0;-6.0;80%;1026hPa;-;Variable;3.6km/h/1.0m/s;-;N/A;;Clear;
2000/1/16;04:30;-3.0;-7.0;74%;1026hPa;-;Variable;3.6km/h/1.0m/s;-;N/A;;Clear;
2000/1/16;05:00;-3.0;-6.0;80%;1026hPa;10.0km;Variable;3.6km/h/1.0m/s;-;N/A;;Overcast;
2000/1/16;05:30;-3.0;-6.0;80%;1026hPa;-;NNE;10.8km/h/3.0m/s;-;N/A;;Clear;
2000/1/16;06:00;-3.0;-5.0;86%;1026hPa;10.0km;NNE;7.2km/h/2.0m/s;-;N/A;Snow;LightSnow;
2000/1/16;06:30;-3.0;-5.0;86%;1026hPa;10.0km;North;7.2km/h/2.0m/s;-;N/A;Snow;LightSnow;
2000/1/16;07:00;-3.0;-5.0;86%;1026hPa;7.0km;East;3.6km/h/1.0m/s;-;N/A;Snow;LightSnow;
2000/1/16;08:00;-4.0;-6.0;86%;1027hPa;9.0km;Calm;Calm;-;N/A;Snow;LightSnow;
2000/1/16;08:30;-4.0;-6.0;86%;1027hPa;9.0km;Variable;3.6km/h/1.0m/s;-;N/A;Snow;LightSnow;
2000/1/16;09:00;-3.0;-5.0;86%;1028hPa;9.0km;Variable;3.6km/h/1.0m/s;-;N/A;Snow;LightSnow;
2000/1/16;09:30;-2.0;-7.0;69%;1028hPa;10.0km;NW;10.8km/h/3.0m/s;-;N/A;Snow;LightSnow;
2000/1/16;10:00;-2.0;-8.0;64%;1028hPa;10.0km;NNE;10.8km/h/3.0m/s;-;N/A;Snow;LightSnow;
2000/1/16;10:30;-2.0;-6.0;74%;1028hPa;10.0km;NNE;14.4km/h/4.0m/s;-;N/A;Snow;LightSnow;
2000/1/16;11:00;-2.0;-6.0;74%;1028hPa;10.0km;Variable;7.2km/h/2.0m/s;-;N/A;;MostlyCloudy;
2000/1/16;11:30;-1.0;-6.0;69%;1028hPa;10.0km;East;3.6km/h/1.0m/s;-;N/A;;MostlyCloudy;
2000/1/16;12:00;-1.0;-6.0;69%;1028hPa;10.0km;SE;3.6km/h/1.0m/s;-;N/A;Snow;LightSnow;
2000/1/16;12:30;-1.0;-5.0;75%;1027hPa;3.5km;Variable;7.2km/h/2.0m/s;-;N/A;Snow;LightSnow;
2000/1/16;13:00;-1.0;-5.0;75%;1027hPa;9.0km;North;7.2km/h/2.0m/s;-;N/A;Snow;LightSnow;
2000/1/16;13:30;-1.0;-5.0;75%;1027hPa;8.0km;Variable;7.2km/h/2.0m/s;-;N/A;Snow;LightSnow;
2000/1/16;14:00;-1.0;-5.0;75%;1027hPa;4.0km;Variable;3.6km/h/1.0m/s;-;N/A;Snow;LightSnow;
2000/1/16;14:30;-2.0;-4.0;86%;1027hPa;3.0km;NNE;7.2km/h/2.0m/s;-;N/A;Snow;LightSnow;
2000/1/16;15:00;-2.0;-4.0;86%;1027hPa;2.5km;Variable;3.6km/h/1.0m/s;-;N/A;Snow;LightSnow;
2000/1/16;15:30;-2.0;-4.0;86%;1027hPa;3.0km;Variable;3.6km/h/1.0m/s;-;N/A;Snow;LightSnow;
2000/1/16;16:00;-2.0;-4.0;86%;1027hPa;8.0km;Variable;3.6km/h/1.0m/s;-;N/A;Snow;LightSnow;
2000/1/16;17:00;-2.0;-4.0;86%;1027hPa;10.0km;North;7.2km/h/2.0m/s;-;N/A;Snow;LightSnow;
2000/1/16;17:30;-2.0;-5.0;80%;1027hPa;10.0km;Variable;3.6km/h/1.0m/s;-;N/A;Snow;LightSnow;
2000/1/16;18:00;-3.0;-5.0;86%;1027hPa;6.0km;WSW;3.6km/h/1.0m/s;-;N/A;;MostlyCloudy;
2000/1/16;18:30;-3.0;-5.0;86%;1027hPa;7.0km;Calm;Calm;-;N/A;;MostlyCloudy;
2000/1/16;19:00;-4.0;-5.0;93%;1027hPa;10.0km;South;3.6km/h/1.0m/s;-;N/A;;MostlyCloudy;
2000/1/16;20:00;-4.0;-5.0;93%;1026hPa;10.0km;Variable;3.6km/h/1.0m/s;-;N/A;;MostlyCloudy;
2000/1/16;20:30;-5.0;-6.0;93%;1026hPa;10.0km;SW;7.2km/h/2.0m/s;-;N/A;;MostlyCloudy;
2000/1/16;21:00;-5.0;-6.0;93%;1026hPa;8.0km;SW;7.2km/h/2.0m/s;-;N/A;;MostlyCloudy;
2000/1/16;21:30;-4.0;-5.0;93%;1026hPa;7.0km;SSW;7.2km/h/2.0m/s;-;N/A;;Overcast;
2000/1/16;22:00;-4.0;-5.0;93%;1025hPa;6.0km;Variable;7.2km/h/2.0m/s;-;N/A;;Overcast;
2000/1/16;22:30;-4.0;-5.0;93%;1025hPa;5.0km;Variable;3.6km/h/1.0m/s;-;N/A;;Overcast;
2000/1/16;23:00;-4.0;-5.0;93%;1024hPa;5.0km;South;3.6km/h/1.0m/s;-;N/A;;Overcast;
2000/1/16;23:30;-5.0;-6.0;93%;1024hPa;5.0km;South;7.2km/h/2.0m/s;-;N/A;;MostlyCloudy;
