2000/7/22;00:00;15.0;11.0;77%;1018hPa;-;NE;7.2km/h/2.0m/s;-;N/A;;Clear;
2000/7/22;00:30;15.0;12.0;82%;1018hPa;-;NNW;7.2km/h/2.0m/s;-;N/A;;Clear;
2000/7/22;01:00;15.0;12.0;82%;1018hPa;-;North;7.2km/h/2.0m/s;-;N/A;;Clear;
2000/7/22;01:30;15.0;12.0;82%;1018hPa;-;NNE;10.8km/h/3.0m/s;-;N/A;;Clear;
2000/7/22;02:00;14.0;11.0;82%;1018hPa;-;East;10.8km/h/3.0m/s;-;N/A;;Clear;
2000/7/22;02:30;14.0;12.0;88%;1018hPa;-;Variable;7.2km/h/2.0m/s;-;N/A;;Clear;
2000/7/22;03:00;14.0;12.0;88%;1018hPa;-;NNW;3.6km/h/1.0m/s;-;N/A;;Clear;
2000/7/22;03:30;14.0;11.0;82%;1017hPa;-;Variable;3.6km/h/1.0m/s;-;N/A;;Clear;
2000/7/22;04:00;14.0;11.0;82%;1017hPa;-;Variable;3.6km/h/1.0m/s;-;N/A;;Clear;
2000/7/22;04:30;13.0;11.0;88%;1017hPa;-;Variable;3.6km/h/1.0m/s;-;N/A;;Clear;
2000/7/22;05:00;13.0;11.0;88%;1017hPa;-;Variable;7.2km/h/2.0m/s;-;N/A;;Clear;
2000/7/22;05:30;13.0;11.0;88%;1018hPa;-;North;3.6km/h/1.0m/s;-;N/A;;Clear;
2000/7/22;06:00;13.0;11.0;88%;1017hPa;-;North;7.2km/h/2.0m/s;-;N/A;;Clear;
2000/7/22;06:30;14.0;12.0;88%;1017hPa;-;North;7.2km/h/2.0m/s;-;N/A;;Clear;
2000/7/22;07:00;14.0;12.0;88%;1018hPa;-;North;7.2km/h/2.0m/s;-;N/A;;Clear;
2000/7/22;07:30;16.0;13.0;82%;1018hPa;-;North;10.8km/h/3.0m/s;-;N/A;;Clear;
2000/7/22;08:00;18.0;13.0;73%;1018hPa;-;NNE;10.8km/h/3.0m/s;-;N/A;;Clear;
2000/7/22;08:30;18.0;13.0;73%;1018hPa;-;Variable;3.6km/h/1.0m/s;-;N/A;;Clear;
2000/7/22;09:00;20.0;14.0;68%;1018hPa;10.0km;Variable;3.6km/h/1.0m/s;-;N/A;;MostlyCloudy;
2000/7/22;09:30;20.0;14.0;68%;1018hPa;10.0km;Variable;3.6km/h/1.0m/s;-;N/A;;MostlyCloudy;
2000/7/22;10:00;21.0;15.0;68%;1018hPa;10.0km;Variable;7.2km/h/2.0m/s;-;N/A;;MostlyCloudy;
2000/7/22;10:30;21.0;13.0;60%;1018hPa;10.0km;Variable;7.2km/h/2.0m/s;-;N/A;;MostlyCloudy;
2000/7/22;11:00;20.0;13.0;64%;1018hPa;10.0km;SSW;10.8km/h/3.0m/s;-;N/A;;MostlyCloudy;
2000/7/22;11:30;21.0;14.0;64%;1018hPa;10.0km;WSW;10.8km/h/3.0m/s;-;N/A;;MostlyCloudy;
2000/7/22;12:00;22.0;13.0;57%;1018hPa;10.0km;WSW;14.4km/h/4.0m/s;-;N/A;;ScatteredClouds;
2000/7/22;12:30;21.0;13.0;60%;1018hPa;10.0km;WSW;18.0km/h/5.0m/s;-;N/A;;ScatteredClouds;
2000/7/22;13:00;22.0;12.0;53%;1017hPa;10.0km;West;10.8km/h/3.0m/s;-;N/A;;ScatteredClouds;
2000/7/22;13:30;21.0;10.0;49%;1017hPa;10.0km;SW;10.8km/h/3.0m/s;-;N/A;;MostlyCloudy;
2000/7/22;14:00;21.0;10.0;49%;1017hPa;10.0km;West;14.4km/h/4.0m/s;-;N/A;;MostlyCloudy;
2000/7/22;14:30;23.0;10.0;44%;1017hPa;10.0km;Variable;10.8km/h/3.0m/s;-;N/A;;ScatteredClouds;
2000/7/22;15:00;23.0;10.0;44%;1017hPa;10.0km;SW;14.4km/h/4.0m/s;-;N/A;;ScatteredClouds;
2000/7/22;15:30;23.0;11.0;47%;1016hPa;10.0km;SW;14.4km/h/4.0m/s;-;N/A;;PartlyCloudy;
2000/7/22;16:00;24.0;10.0;41%;1016hPa;10.0km;Variable;18.0km/h/5.0m/s;-;N/A;;PartlyCloudy;
2000/7/22;16:30;24.0;9.0;38%;1016hPa;10.0km;SW;14.4km/h/4.0m/s;-;N/A;;PartlyCloudy;
2000/7/22;17:00;24.0;9.0;38%;1016hPa;10.0km;SW;18.0km/h/5.0m/s;-;N/A;;PartlyCloudy;
2000/7/22;17:30;24.0;10.0;41%;1016hPa;10.0km;SW;10.8km/h/3.0m/s;-;N/A;;PartlyCloudy;
2000/7/22;18:00;24.0;9.0;38%;1016hPa;10.0km;SW;10.8km/h/3.0m/s;-;N/A;;ScatteredClouds;
2000/7/22;18:30;23.0;10.0;44%;1016hPa;10.0km;SW;10.8km/h/3.0m/s;-;N/A;;ScatteredClouds;
2000/7/22;19:00;23.0;10.0;44%;1016hPa;10.0km;Variable;7.2km/h/2.0m/s;-;N/A;;ScatteredClouds;
2000/7/22;19:30;22.0;11.0;50%;1016hPa;10.0km;Variable;7.2km/h/2.0m/s;-;N/A;;ScatteredClouds;
2000/7/22;20:00;21.0;11.0;53%;1016hPa;10.0km;WSW;21.6km/h/6.0m/s;-;N/A;;ScatteredClouds;
2000/7/22;20:30;19.0;12.0;64%;1017hPa;10.0km;SSW;14.4km/h/4.0m/s;-;N/A;;MostlyCloudy;
2000/7/22;21:00;18.0;12.0;68%;1017hPa;10.0km;SSE;10.8km/h/3.0m/s;-;N/A;;MostlyCloudy;
2000/7/22;21:30;18.0;12.0;68%;1017hPa;10.0km;Variable;3.6km/h/1.0m/s;-;N/A;;MostlyCloudy;
2000/7/22;22:00;18.0;12.0;68%;1017hPa;10.0km;WNW;3.6km/h/1.0m/s;-;N/A;;MostlyCloudy;
2000/7/22;22:30;18.0;12.0;68%;1017hPa;10.0km;West;3.6km/h/1.0m/s;-;N/A;;MostlyCloudy;
2000/7/22;23:00;17.0;12.0;72%;1017hPa;-;Calm;Calm;-;N/A;;Clear;
2000/7/22;23:30;17.0;13.0;77%;1017hPa;-;Calm;Calm;-;N/A;;Clear;
