2000/10/10;00:00;8.0;6.0;87%;1011hPa;-;Variable;3.6km/h/1.0m/s;-;N/A;;Clear;
2000/10/10;00:30;8.0;6.0;87%;1010hPa;-;North;7.2km/h/2.0m/s;-;N/A;;Clear;
2000/10/10;01:00;8.0;6.0;87%;1010hPa;-;North;10.8km/h/3.0m/s;-;N/A;;Clear;
2000/10/10;01:30;7.0;5.0;87%;1010hPa;10.0km;NNW;3.6km/h/1.0m/s;-;N/A;;ScatteredClouds;
2000/10/10;02:00;8.0;6.0;87%;1010hPa;10.0km;North;3.6km/h/1.0m/s;-;N/A;;ScatteredClouds;
2000/10/10;02:30;8.0;6.0;87%;1010hPa;10.0km;Calm;Calm;-;N/A;;ScatteredClouds;
2000/10/10;03:00;8.0;6.0;87%;1010hPa;10.0km;North;3.6km/h/1.0m/s;-;N/A;;MostlyCloudy;
2000/10/10;03:30;7.0;5.0;87%;1010hPa;-;NW;3.6km/h/1.0m/s;-;N/A;;Clear;
2000/10/10;04:00;7.0;5.0;87%;1009hPa;-;Calm;Calm;-;N/A;;Clear;
2000/10/10;04:30;6.0;6.0;100%;1009hPa;10.0km;Calm;Calm;-;N/A;;ScatteredClouds;
2000/10/10;05:00;7.0;6.0;93%;1009hPa;-;Calm;Calm;-;N/A;;Clear;
2000/10/10;05:30;8.0;7.0;93%;1009hPa;-;Variable;3.6km/h/1.0m/s;-;N/A;;Clear;
2000/10/10;06:00;7.0;7.0;100%;1009hPa;10.0km;Calm;Calm;-;N/A;;ScatteredClouds;
2000/10/10;06:30;7.0;7.0;100%;1009hPa;7.0km;North;3.6km/h/1.0m/s;-;N/A;;MostlyCloudy;
2000/10/10;07:00;8.0;7.0;93%;1009hPa;7.0km;Variable;3.6km/h/1.0m/s;-;N/A;Fog;ShallowFog;
2000/10/10;07:30;8.0;7.0;93%;1009hPa;7.0km;North;7.2km/h/2.0m/s;-;N/A;Fog;ShallowFog;
2000/10/10;08:00;9.0;7.0;87%;1009hPa;8.0km;Variable;3.6km/h/1.0m/s;-;N/A;Fog;ShallowFog;
2000/10/10;08:30;10.0;6.0;76%;1009hPa;8.0km;NNE;3.6km/h/1.0m/s;-;N/A;;ScatteredClouds;
2000/10/10;09:00;11.0;6.0;71%;1009hPa;10.0km;Variable;3.6km/h/1.0m/s;-;N/A;;MostlyCloudy;
2000/10/10;09:30;11.0;7.0;76%;1009hPa;10.0km;Calm;Calm;-;N/A;;MostlyCloudy;
2000/10/10;10:00;11.0;7.0;76%;1009hPa;10.0km;Calm;Calm;-;N/A;;Overcast;
2000/10/10;10:30;11.0;7.0;76%;1009hPa;10.0km;Variable;3.6km/h/1.0m/s;-;N/A;;Overcast;
2000/10/10;11:00;11.0;7.0;76%;1009hPa;8.0km;Variable;3.6km/h/1.0m/s;-;N/A;;MostlyCloudy;
2000/10/10;11:30;11.0;7.0;76%;1009hPa;8.0km;Variable;3.6km/h/1.0m/s;-;N/A;;Overcast;
2000/10/10;12:00;12.0;6.0;67%;1009hPa;8.0km;Variable;3.6km/h/1.0m/s;-;N/A;;Overcast;
2000/10/10;12:30;12.0;7.0;72%;1009hPa;8.0km;South;10.8km/h/3.0m/s;-;N/A;;Overcast;
2000/10/10;13:00;13.0;7.0;67%;1009hPa;8.0km;Variable;7.2km/h/2.0m/s;-;N/A;;MostlyCloudy;
2000/10/10;13:30;13.0;8.0;72%;1008hPa;8.0km;Variable;7.2km/h/2.0m/s;-;N/A;;MostlyCloudy;
2000/10/10;14:00;14.0;8.0;67%;1008hPa;8.0km;SSW;10.8km/h/3.0m/s;-;N/A;;Overcast;
2000/10/10;14:30;14.0;8.0;67%;1008hPa;8.0km;South;14.4km/h/4.0m/s;-;N/A;;Overcast;
2000/10/10;15:00;14.0;8.0;67%;1008hPa;10.0km;SSW;14.4km/h/4.0m/s;-;N/A;;Overcast;
2000/10/10;15:30;14.0;8.0;67%;1008hPa;10.0km;South;10.8km/h/3.0m/s;-;N/A;;MostlyCloudy;
2000/10/10;16:00;14.0;7.0;63%;1008hPa;10.0km;South;10.8km/h/3.0m/s;-;N/A;;Overcast;
2000/10/10;16:30;13.0;8.0;72%;1008hPa;10.0km;South;7.2km/h/2.0m/s;-;N/A;Rain;LightRain;
2000/10/10;17:00;13.0;7.0;67%;1008hPa;10.0km;SW;7.2km/h/2.0m/s;-;N/A;Rain;LightRain;
2000/10/10;17:30;12.0;8.0;77%;1008hPa;8.0km;SSW;7.2km/h/2.0m/s;-;N/A;;Overcast;
2000/10/10;18:00;12.0;8.0;77%;1008hPa;8.0km;Variable;3.6km/h/1.0m/s;-;N/A;;Overcast;
2000/10/10;18:30;12.0;8.0;77%;1008hPa;10.0km;SSW;3.6km/h/1.0m/s;-;N/A;;Overcast;
2000/10/10;19:00;12.0;8.0;77%;1008hPa;9.0km;South;3.6km/h/1.0m/s;-;N/A;;Overcast;
2000/10/10;19:30;12.0;8.0;77%;1008hPa;10.0km;Calm;Calm;-;N/A;;Overcast;
2000/10/10;20:00;12.0;8.0;77%;1008hPa;10.0km;SSW;7.2km/h/2.0m/s;-;N/A;;Overcast;
2000/10/10;20:30;12.0;7.0;72%;1008hPa;10.0km;SSW;14.4km/h/4.0m/s;-;N/A;;Overcast;
2000/10/10;21:00;12.0;7.0;72%;1008hPa;10.0km;SSW;14.4km/h/4.0m/s;-;N/A;;Overcast;
2000/10/10;21:30;12.0;7.0;72%;1008hPa;10.0km;South;10.8km/h/3.0m/s;-;N/A;;Overcast;
2000/10/10;22:00;11.0;7.0;76%;1008hPa;10.0km;SSE;7.2km/h/2.0m/s;-;N/A;;Overcast;
2000/10/10;22:30;11.0;6.0;71%;1008hPa;10.0km;SSE;7.2km/h/2.0m/s;-;N/A;;Overcast;
2000/10/10;23:00;11.0;6.0;71%;1008hPa;10.0km;SSE;7.2km/h/2.0m/s;-;N/A;;MostlyCloudy;
2000/10/10;23:30;11.0;6.0;71%;1008hPa;10.0km;South;7.2km/h/2.0m/s;-;N/A;;Overcast;
