2000/7/16;00:00;15.0;13.0;88%;1005hPa;10.0km;North;14.4km/h/4.0m/s;-;N/A;Rain;LightRain;
2000/7/16;00:30;15.0;12.0;82%;1005hPa;10.0km;North;18.0km/h/5.0m/s;-;N/A;Rain;LightRain;
2000/7/16;01:00;15.0;13.0;88%;1005hPa;10.0km;North;18.0km/h/5.0m/s;-;N/A;Rain;LightRain;
2000/7/16;01:30;15.0;12.0;82%;1005hPa;10.0km;North;14.4km/h/4.0m/s;-;N/A;Rain;LightRain;
2000/7/16;02:00;15.0;13.0;88%;1005hPa;10.0km;North;14.4km/h/4.0m/s;-;N/A;Rain;LightRain;
2000/7/16;02:30;15.0;13.0;88%;1004hPa;10.0km;North;10.8km/h/3.0m/s;-;N/A;Rain;LightRain;
2000/7/16;03:00;14.0;13.0;94%;1004hPa;10.0km;NNE;14.4km/h/4.0m/s;-;N/A;Rain;LightRain;
2000/7/16;03:30;14.0;13.0;94%;1004hPa;4.0km;North;10.8km/h/3.0m/s;-;N/A;Rain;Rain;
2000/7/16;04:00;14.0;13.0;94%;1004hPa;4.0km;North;10.8km/h/3.0m/s;-;N/A;Rain;Rain;
2000/7/16;04:30;14.0;13.0;94%;1004hPa;7.0km;North;10.8km/h/3.0m/s;-;N/A;Rain;Rain;
2000/7/16;05:00;14.0;12.0;88%;1004hPa;9.0km;Variable;7.2km/h/2.0m/s;-;N/A;Rain;Rain;
2000/7/16;05:30;14.0;13.0;94%;1004hPa;8.0km;Variable;3.6km/h/1.0m/s;-;N/A;Rain;LightRain;
2000/7/16;06:00;14.0;13.0;94%;1004hPa;7.0km;NNE;10.8km/h/3.0m/s;-;N/A;Rain;LightRain;
2000/7/16;06:30;14.0;13.0;94%;1004hPa;10.0km;NNE;7.2km/h/2.0m/s;-;N/A;Rain;LightRain;
2000/7/16;07:00;14.0;13.0;94%;1004hPa;7.0km;NNE;10.8km/h/3.0m/s;-;N/A;Rain;LightRain;
2000/7/16;07:30;14.0;13.0;94%;1004hPa;7.0km;NNE;7.2km/h/2.0m/s;-;N/A;Rain;LightRain;
2000/7/16;08:00;14.0;13.0;94%;1004hPa;7.0km;North;7.2km/h/2.0m/s;-;N/A;Rain;LightRain;
2000/7/16;08:30;15.0;13.0;88%;1004hPa;7.0km;NNE;10.8km/h/3.0m/s;-;N/A;Rain;LightRain;
2000/7/16;09:00;15.0;13.0;88%;1004hPa;8.0km;Variable;7.2km/h/2.0m/s;-;N/A;Rain;LightRain;
2000/7/16;09:30;15.0;14.0;94%;1004hPa;9.0km;NE;10.8km/h/3.0m/s;-;N/A;Rain;LightRain;
2000/7/16;10:00;15.0;14.0;94%;1004hPa;10.0km;ENE;10.8km/h/3.0m/s;-;N/A;Rain;LightRain;
2000/7/16;10:30;15.0;13.0;88%;1004hPa;10.0km;East;10.8km/h/3.0m/s;-;N/A;Rain;LightRain;
2000/7/16;11:00;15.0;14.0;94%;1004hPa;7.0km;East;10.8km/h/3.0m/s;-;N/A;Rain;LightRain;
2000/7/16;11:30;16.0;14.0;88%;1004hPa;9.0km;East;10.8km/h/3.0m/s;-;N/A;Rain;LightRain;
2000/7/16;12:00;15.0;14.0;94%;1005hPa;9.0km;East;10.8km/h/3.0m/s;-;N/A;Rain;LightRain;
2000/7/16;12:30;16.0;14.0;88%;1005hPa;9.0km;Variable;7.2km/h/2.0m/s;-;N/A;Rain;LightRain;
2000/7/16;13:00;16.0;14.0;88%;1005hPa;9.0km;East;7.2km/h/2.0m/s;-;N/A;Rain;LightRain;
2000/7/16;13:30;16.0;14.0;88%;1005hPa;10.0km;Variable;3.6km/h/1.0m/s;-;N/A;Rain;LightRain;
2000/7/16;14:00;16.0;14.0;88%;1005hPa;7.0km;Variable;3.6km/h/1.0m/s;-;N/A;Rain;LightRain;
2000/7/16;14:30;15.0;14.0;94%;1005hPa;6.0km;East;10.8km/h/3.0m/s;-;N/A;Rain;LightRain;
2000/7/16;15:00;15.0;14.0;94%;1005hPa;5.0km;East;10.8km/h/3.0m/s;-;N/A;Rain;LightRain;
2000/7/16;15:30;15.0;13.0;88%;1005hPa;9.0km;Variable;7.2km/h/2.0m/s;-;N/A;Rain;LightRain;
2000/7/16;16:00;16.0;14.0;88%;1005hPa;9.0km;Variable;7.2km/h/2.0m/s;-;N/A;Rain;LightRain;
2000/7/16;16:30;16.0;14.0;88%;1005hPa;10.0km;North;10.8km/h/3.0m/s;-;N/A;;Overcast;
2000/7/16;17:00;16.0;14.0;88%;1005hPa;10.0km;North;10.8km/h/3.0m/s;-;N/A;;Overcast;
2000/7/16;17:30;16.0;14.0;88%;1005hPa;10.0km;Variable;7.2km/h/2.0m/s;-;N/A;Rain;LightRain;
2000/7/16;18:00;16.0;14.0;88%;1005hPa;10.0km;North;7.2km/h/2.0m/s;-;N/A;Rain;LightRain;
2000/7/16;18:30;16.0;14.0;88%;1005hPa;10.0km;North;3.6km/h/1.0m/s;-;N/A;Rain;LightRain;
2000/7/16;19:00;16.0;14.0;88%;1005hPa;10.0km;NNE;3.6km/h/1.0m/s;-;N/A;Rain;LightRain;
2000/7/16;19:30;15.0;14.0;94%;1005hPa;10.0km;Variable;7.2km/h/2.0m/s;-;N/A;Rain;LightRain;
2000/7/16;20:00;15.0;14.0;94%;1005hPa;5.0km;Variable;7.2km/h/2.0m/s;-;N/A;Rain;LightRain;
2000/7/16;20:30;15.0;14.0;94%;1005hPa;5.0km;South;10.8km/h/3.0m/s;-;N/A;Rain;LightRain;
2000/7/16;21:00;15.0;14.0;94%;1005hPa;5.0km;South;10.8km/h/3.0m/s;-;N/A;Rain;LightRain;
2000/7/16;21:30;15.0;14.0;94%;1005hPa;5.0km;South;14.4km/h/4.0m/s;-;N/A;Rain;LightRain;
2000/7/16;22:00;15.0;14.0;94%;1005hPa;8.0km;South;10.8km/h/3.0m/s;-;N/A;Rain;LightRain;
2000/7/16;22:30;15.0;14.0;94%;1005hPa;4.5km;South;10.8km/h/3.0m/s;-;N/A;Rain;LightRain;
2000/7/16;23:00;14.0;13.0;94%;1005hPa;3.5km;South;14.4km/h/4.0m/s;-;N/A;Rain;LightRain;
2000/7/16;23:30;14.0;13.0;94%;1005hPa;3.0km;South;14.4km/h/4.0m/s;-;N/A;Rain;LightRain;
