2000/12/25;00:00;-7.0;-8.0;93%;1011hPa;6.0km;East;3.6km/h/1.0m/s;-;N/A;;MostlyCloudy;
2000/12/25;00:30;-7.0;-8.0;93%;1010hPa;5.0km;Calm;Calm;-;N/A;;Overcast;
2000/12/25;01:00;-7.0;-8.0;93%;1010hPa;6.0km;Calm;Calm;-;N/A;;Overcast;
2000/12/25;01:30;-6.0;-7.0;93%;1010hPa;6.0km;Calm;Calm;-;N/A;;Overcast;
2000/12/25;02:00;-6.0;-7.0;93%;1010hPa;6.0km;West;3.6km/h/1.0m/s;-;N/A;;Overcast;
2000/12/25;02:30;-6.0;-7.0;93%;1009hPa;6.0km;Calm;Calm;-;N/A;;Overcast;
2000/12/25;03:00;-5.0;-7.0;86%;1009hPa;6.0km;Variable;3.6km/h/1.0m/s;-;N/A;;Overcast;
2000/12/25;03:30;-5.0;-7.0;86%;1009hPa;5.0km;Calm;Calm;-;N/A;;Overcast;
2000/12/25;04:00;-5.0;-7.0;86%;1008hPa;5.0km;Calm;Calm;-;N/A;;Overcast;
2000/12/25;04:30;-5.0;-7.0;86%;1008hPa;5.0km;West;3.6km/h/1.0m/s;-;N/A;;Overcast;
2000/12/25;05:00;-4.0;-6.0;86%;1007hPa;6.0km;Variable;7.2km/h/2.0m/s;-;N/A;;Overcast;
2000/12/25;05:30;-4.0;-6.0;86%;1007hPa;7.0km;Calm;Calm;-;N/A;;Overcast;
2000/12/25;06:00;-4.0;-6.0;86%;1006hPa;7.0km;ESE;3.6km/h/1.0m/s;-;N/A;;Overcast;
2000/12/25;06:30;-4.0;-6.0;86%;1006hPa;7.0km;SSE;7.2km/h/2.0m/s;-;N/A;;Overcast;
2000/12/25;07:00;-4.0;-6.0;86%;1006hPa;7.0km;South;10.8km/h/3.0m/s;-;N/A;;Overcast;
2000/12/25;07:30;-4.0;-6.0;86%;1006hPa;4.0km;South;7.2km/h/2.0m/s;-;N/A;;Overcast;
2000/12/25;08:30;-4.0;-6.0;86%;1006hPa;4.0km;Variable;7.2km/h/2.0m/s;-;N/A;;Overcast;
2000/12/25;09:30;-3.0;-5.0;86%;1006hPa;6.0km;Variable;3.6km/h/1.0m/s;-;N/A;;Overcast;
2000/12/25;10:00;-3.0;-5.0;86%;1006hPa;5.0km;SSE;7.2km/h/2.0m/s;-;N/A;;IcePellets;
2000/12/25;10:30;-3.0;-5.0;86%;1006hPa;3.0km;Calm;Calm;-;N/A;;IcePellets;
2000/12/25;11:00;-3.0;-5.0;86%;1005hPa;4.0km;Calm;Calm;-;N/A;Snow;LightSnowGrains;
2000/12/25;11:30;-2.0;-5.0;80%;1005hPa;5.0km;Variable;3.6km/h/1.0m/s;-;N/A;Snow;LightSnowGrains;
2000/12/25;12:00;-2.0;-5.0;80%;1004hPa;3.0km;Variable;3.6km/h/1.0m/s;-;N/A;Snow;LightSnow;
2000/12/25;12:30;-3.0;-4.0;93%;1004hPa;1.7km;Variable;3.6km/h/1.0m/s;-;N/A;Snow;LightSnow;
2000/12/25;13:00;-3.0;-4.0;93%;1003hPa;1.5km;Calm;Calm;-;N/A;Snow;LightSnow;
2000/12/25;13:30;-3.0;-4.0;93%;1003hPa;2.0km;Variable;3.6km/h/1.0m/s;-;N/A;Snow;LightSnow;
2000/12/25;15:00;-2.0;-3.0;93%;1002hPa;1.8km;NE;3.6km/h/1.0m/s;-;N/A;Snow;LightSnow;
2000/12/25;16:00;-2.0;-3.0;93%;1002hPa;2.0km;Calm;Calm;-;N/A;Snow;LightSnowGrains;
2000/12/25;16:30;-2.0;-2.0;100%;1002hPa;2.0km;Variable;3.6km/h/1.0m/s;-;N/A;Snow;LightSnowGrains;
2000/12/25;17:00;-2.0;-2.0;100%;1001hPa;3.5km;North;7.2km/h/2.0m/s;-;N/A;Rain;LightFreezingRain;
2000/12/25;17:30;-1.0;-2.0;93%;1001hPa;4.0km;Calm;Calm;-;N/A;;Overcast;
2000/12/25;18:00;-1.0;-2.0;93%;1001hPa;2.0km;NNE;7.2km/h/2.0m/s;-;N/A;Rain;LightFreezingRain;
2000/12/25;18:30;-1.0;-2.0;93%;1001hPa;3.5km;North;7.2km/h/2.0m/s;-;N/A;Rain;LightFreezingRain;
2000/12/25;19:00;-1.0;-1.0;100%;1001hPa;5.0km;NE;3.6km/h/1.0m/s;-;N/A;Rain;LightFreezingRain;
2000/12/25;19:30;-1.0;-1.0;100%;1000hPa;4.0km;Calm;Calm;-;N/A;Rain;LightFreezingRain;
2000/12/25;20:00;-1.0;-1.0;100%;1000hPa;3.5km;Variable;3.6km/h/1.0m/s;-;N/A;Rain;LightFreezingRain;
2000/12/25;20:30;0.0;-1.0;93%;1000hPa;3.0km;Variable;3.6km/h/1.0m/s;-;N/A;Rain;LightFreezingRain;
2000/12/25;21:00;0.0;-1.0;93%;1000hPa;3.5km;North;3.6km/h/1.0m/s;-;N/A;Rain;LightFreezingRain;
2000/12/25;21:30;0.0;-1.0;93%;1000hPa;3.5km;Calm;Calm;-;N/A;;Overcast;
2000/12/25;22:00;0.0;-1.0;93%;1000hPa;3.5km;Calm;Calm;-;N/A;;Overcast;
2000/12/25;22:30;0.0;-1.0;93%;1000hPa;4.0km;Variable;3.6km/h/1.0m/s;-;N/A;;Overcast;
2000/12/25;23:00;0.0;-1.0;93%;1000hPa;4.5km;SW;3.6km/h/1.0m/s;-;N/A;;Overcast;
2000/12/25;23:30;0.0;-1.0;93%;1000hPa;3.0km;Calm;Calm;-;N/A;;Overcast;
