2000/7/31;00:00;12.0;11.0;94%;1020hPa;-;Variable;3.6km/h/1.0m/s;-;N/A;;Clear;
2000/7/31;00:30;12.0;10.0;88%;1020hPa;-;Variable;3.6km/h/1.0m/s;-;N/A;;Clear;
2000/7/31;01:00;12.0;10.0;88%;1020hPa;-;Variable;3.6km/h/1.0m/s;-;N/A;;Clear;
2000/7/31;01:30;11.0;9.0;88%;1020hPa;-;Variable;3.6km/h/1.0m/s;-;N/A;;Clear;
2000/7/31;02:00;12.0;10.0;88%;1020hPa;-;West;3.6km/h/1.0m/s;-;N/A;;Clear;
2000/7/31;02:30;12.0;10.0;88%;1020hPa;-;Calm;Calm;-;N/A;;Clear;
2000/7/31;03:00;12.0;10.0;88%;1020hPa;-;Calm;Calm;-;N/A;;Clear;
2000/7/31;03:30;11.0;10.0;94%;1020hPa;-;Variable;3.6km/h/1.0m/s;-;N/A;;Clear;
2000/7/31;04:00;11.0;10.0;94%;1020hPa;-;Variable;3.6km/h/1.0m/s;-;N/A;;Clear;
2000/7/31;04:30;11.0;10.0;94%;1020hPa;10.0km;Calm;Calm;-;N/A;Rain;LightRain;
2000/7/31;05:00;12.0;10.0;88%;1020hPa;10.0km;Variable;3.6km/h/1.0m/s;-;N/A;Rain;LightRain;
2000/7/31;05:30;12.0;10.0;88%;1020hPa;10.0km;Variable;3.6km/h/1.0m/s;-;N/A;;MostlyCloudy;
2000/7/31;06:00;12.0;11.0;94%;1020hPa;10.0km;West;7.2km/h/2.0m/s;-;N/A;;MostlyCloudy;
2000/7/31;06:30;13.0;11.0;88%;1020hPa;-;Variable;3.6km/h/1.0m/s;-;N/A;;Clear;
2000/7/31;07:00;13.0;12.0;94%;1021hPa;-;Variable;3.6km/h/1.0m/s;-;N/A;;Clear;
2000/7/31;07:30;14.0;12.0;88%;1021hPa;-;Calm;Calm;-;N/A;;Clear;
2000/7/31;08:00;15.0;12.0;82%;1021hPa;-;Calm;Calm;-;N/A;;Clear;
2000/7/31;08:30;16.0;13.0;82%;1021hPa;-;Variable;3.6km/h/1.0m/s;-;N/A;;Clear;
2000/7/31;09:00;18.0;13.0;73%;1021hPa;-;Variable;3.6km/h/1.0m/s;-;N/A;;Clear;
2000/7/31;09:30;19.0;13.0;68%;1021hPa;-;Calm;Calm;-;N/A;;Clear;
2000/7/31;10:00;20.0;14.0;68%;1021hPa;-;Variable;3.6km/h/1.0m/s;-;N/A;;Clear;
2000/7/31;10:30;20.0;12.0;60%;1021hPa;-;Variable;7.2km/h/2.0m/s;-;N/A;;Clear;
2000/7/31;11:00;20.0;13.0;64%;1021hPa;10.0km;NNW;10.8km/h/3.0m/s;-;N/A;;ScatteredClouds;
2000/7/31;11:30;21.0;13.0;60%;1021hPa;10.0km;NNW;10.8km/h/3.0m/s;-;N/A;;PartlyCloudy;
2000/7/31;12:00;23.0;13.0;53%;1021hPa;10.0km;Variable;7.2km/h/2.0m/s;-;N/A;;ScatteredClouds;
2000/7/31;12:30;21.0;11.0;53%;1021hPa;10.0km;Variable;10.8km/h/3.0m/s;-;N/A;;ScatteredClouds;
2000/7/31;13:00;21.0;13.0;60%;1021hPa;10.0km;Variable;7.2km/h/2.0m/s;-;N/A;;MostlyCloudy;
2000/7/31;13:30;21.0;11.0;53%;1021hPa;10.0km;NNE;18.0km/h/5.0m/s;-;N/A;;ScatteredClouds;
2000/7/31;14:00;19.0;12.0;64%;1021hPa;10.0km;NE;14.4km/h/4.0m/s;-;N/A;;ScatteredClouds;
2000/7/31;14:30;19.0;14.0;73%;1021hPa;10.0km;North;10.8km/h/3.0m/s;-;N/A;Rain;LightRainShowers;
2000/7/31;15:00;19.0;14.0;73%;1021hPa;10.0km;Variable;7.2km/h/2.0m/s;-;N/A;Rain;LightRainShowers;
2000/7/31;15:30;20.0;11.0;56%;1021hPa;10.0km;North;10.8km/h/3.0m/s;-;N/A;Rain;LightRainShowers;
2000/7/31;16:00;17.0;13.0;77%;1022hPa;9.0km;North;28.8km/h/8.0m/s;-;N/A;Rain;LightRainShowers;
2000/7/31;16:30;18.0;14.0;77%;1021hPa;10.0km;North;18.0km/h/5.0m/s;-;N/A;;ScatteredClouds;
2000/7/31;17:00;19.0;13.0;68%;1021hPa;10.0km;North;14.4km/h/4.0m/s;-;N/A;;ScatteredClouds;
2000/7/31;17:30;20.0;13.0;64%;1021hPa;10.0km;NNE;18.0km/h/5.0m/s;-;N/A;;ScatteredClouds;
2000/7/31;18:00;19.0;13.0;68%;1021hPa;10.0km;North;14.4km/h/4.0m/s;-;N/A;;MostlyCloudy;
2000/7/31;18:30;19.0;13.0;68%;1021hPa;10.0km;North;10.8km/h/3.0m/s;-;N/A;;ScatteredClouds;
2000/7/31;19:00;19.0;12.0;64%;1021hPa;10.0km;North;14.4km/h/4.0m/s;-;N/A;;ScatteredClouds;
2000/7/31;19:30;19.0;11.0;60%;1022hPa;10.0km;North;14.4km/h/4.0m/s;-;N/A;;MostlyCloudy;
2000/7/31;20:00;18.0;12.0;68%;1022hPa;10.0km;North;10.8km/h/3.0m/s;-;N/A;;MostlyCloudy;
2000/7/31;20:30;17.0;12.0;72%;1022hPa;-;NNE;7.2km/h/2.0m/s;-;N/A;;Clear;
2000/7/31;21:00;17.0;11.0;68%;1022hPa;-;Variable;3.6km/h/1.0m/s;-;N/A;;Clear;
2000/7/31;21:30;16.0;11.0;72%;1023hPa;-;North;7.2km/h/2.0m/s;-;N/A;;Clear;
2000/7/31;22:00;15.0;12.0;82%;1023hPa;-;North;7.2km/h/2.0m/s;-;N/A;;Clear;
2000/7/31;22:30;16.0;11.0;72%;1023hPa;-;WNW;7.2km/h/2.0m/s;-;N/A;;Clear;
2000/7/31;23:00;16.0;12.0;77%;1023hPa;-;Variable;3.6km/h/1.0m/s;-;N/A;;Clear;
2000/7/31;23:30;15.0;11.0;77%;1023hPa;-;Variable;3.6km/h/1.0m/s;-;N/A;;Clear;
