2000/1/27;00:00;-11.0;-12.0;92%;1025hPa;6.0km;NW;3.6km/h/1.0m/s;-;N/A;;MostlyCloudy;
2000/1/27;00:30;-11.0;-12.0;92%;1025hPa;6.0km;WNW;3.6km/h/1.0m/s;-;N/A;;MostlyCloudy;
2000/1/27;01:00;-11.0;-13.0;85%;1025hPa;6.0km;Variable;3.6km/h/1.0m/s;-;N/A;;MostlyCloudy;
2000/1/27;01:30;-11.0;-12.0;92%;1025hPa;6.0km;Variable;3.6km/h/1.0m/s;-;N/A;;Overcast;
2000/1/27;02:00;-10.0;-12.0;86%;1025hPa;6.0km;South;7.2km/h/2.0m/s;-;N/A;;Overcast;
2000/1/27;02:30;-10.0;-12.0;86%;1025hPa;6.0km;Variable;3.6km/h/1.0m/s;-;N/A;;Overcast;
2000/1/27;03:00;-10.0;-11.0;93%;1024hPa;4.0km;South;7.2km/h/2.0m/s;-;N/A;;Overcast;
2000/1/27;03:30;-10.0;-11.0;93%;1025hPa;4.0km;SSW;3.6km/h/1.0m/s;-;N/A;;Overcast;
2000/1/27;04:00;-10.0;-11.0;93%;1024hPa;4.0km;South;7.2km/h/2.0m/s;-;N/A;;Overcast;
2000/1/27;04:30;-10.0;-11.0;93%;1025hPa;4.0km;Variable;3.6km/h/1.0m/s;-;N/A;;Overcast;
2000/1/27;05:00;-10.0;-12.0;86%;1025hPa;3.0km;East;7.2km/h/2.0m/s;-;N/A;;Overcast;
2000/1/27;05:30;-11.0;-12.0;92%;1025hPa;2.8km;East;7.2km/h/2.0m/s;-;N/A;;Overcast;
2000/1/27;06:00;-11.0;-12.0;92%;1024hPa;-;WSW;3.6km/h/1.0m/s;-;N/A;;Overcast;
2000/1/27;06:30;-10.0;-11.0;93%;1025hPa;3.5km;Variable;3.6km/h/1.0m/s;-;N/A;;Overcast;
2000/1/27;07:00;-10.0;-11.0;93%;1025hPa;4.0km;North;3.6km/h/1.0m/s;-;N/A;;Overcast;
2000/1/27;07:30;-10.0;-11.0;93%;1025hPa;-;NNW;3.6km/h/1.0m/s;-;N/A;;Overcast;
2000/1/27;08:00;-9.0;-11.0;86%;1025hPa;-;NNW;3.6km/h/1.0m/s;-;N/A;;Overcast;
2000/1/27;08:30;-8.0;-10.0;86%;1026hPa;-;West;7.2km/h/2.0m/s;-;N/A;;Overcast;
2000/1/27;09:00;-8.0;-10.0;86%;1026hPa;-;Variable;3.6km/h/1.0m/s;-;N/A;;Overcast;
2000/1/27;09:30;-8.0;-10.0;86%;1026hPa;-;Calm;Calm;-;N/A;;Overcast;
2000/1/27;10:00;-8.0;-10.0;86%;1026hPa;2.7km;SW;3.6km/h/1.0m/s;-;N/A;Snow;LightSnowGrains;
2000/1/27;10:30;-7.0;-9.0;86%;1026hPa;1.3km;Variable;3.6km/h/1.0m/s;-;N/A;Snow;LightSnowGrains;
2000/1/27;11:00;-7.0;-9.0;86%;1026hPa;2.0km;South;10.8km/h/3.0m/s;-;N/A;Snow;LightSnowGrains;
2000/1/27;11:30;-7.0;-9.0;86%;1026hPa;2.7km;SSW;10.8km/h/3.0m/s;-;N/A;Snow;LightSnowGrains;
2000/1/27;12:00;-7.0;-8.0;93%;1025hPa;2.5km;Variable;7.2km/h/2.0m/s;-;N/A;Snow;LightSnowGrains;
2000/1/27;12:30;-6.0;-8.0;86%;1025hPa;2.4km;South;3.6km/h/1.0m/s;-;N/A;Snow;LightSnowGrains;
2000/1/27;13:00;-6.0;-8.0;86%;1025hPa;1.9km;SSE;7.2km/h/2.0m/s;-;N/A;Snow;LightSnowGrains;
2000/1/27;13:30;-6.0;-8.0;86%;1025hPa;1.8km;SSE;7.2km/h/2.0m/s;-;N/A;;Overcast;
2000/1/27;14:00;-6.0;-8.0;86%;1025hPa;1.9km;SSE;7.2km/h/2.0m/s;-;N/A;;Overcast;
2000/1/27;14:30;-5.0;-8.0;80%;1025hPa;2.6km;Variable;3.6km/h/1.0m/s;-;N/A;;Overcast;
2000/1/27;15:00;-6.0;-8.0;86%;1025hPa;2.5km;Calm;Calm;-;N/A;;Overcast;
2000/1/27;15:30;-5.0;-8.0;80%;1025hPa;2.6km;Calm;Calm;-;N/A;;Overcast;
2000/1/27;16:00;-5.0;-7.0;86%;1025hPa;2.9km;Calm;Calm;-;N/A;;Overcast;
2000/1/27;16:30;-5.0;-7.0;86%;1025hPa;-;Variable;7.2km/h/2.0m/s;-;N/A;;Overcast;
2000/1/27;17:00;-5.0;-7.0;86%;1025hPa;3.5km;South;3.6km/h/1.0m/s;-;N/A;;Overcast;
2000/1/27;17:30;-6.0;-7.0;93%;1025hPa;4.0km;Variable;3.6km/h/1.0m/s;-;N/A;;Overcast;
2000/1/27;18:00;-6.0;-7.0;93%;1025hPa;4.0km;Variable;3.6km/h/1.0m/s;-;N/A;;Overcast;
2000/1/27;18:30;-6.0;-7.0;93%;1025hPa;4.0km;Calm;Calm;-;N/A;;Overcast;
2000/1/27;19:00;-6.0;-7.0;93%;1025hPa;3.5km;SE;7.2km/h/2.0m/s;-;N/A;;Overcast;
2000/1/27;19:30;-6.0;-7.0;93%;1025hPa;3.5km;South;3.6km/h/1.0m/s;-;N/A;;Overcast;
2000/1/27;20:00;-6.0;-7.0;93%;1024hPa;3.5km;South;7.2km/h/2.0m/s;-;N/A;;Overcast;
2000/1/27;20:30;-5.0;-6.0;93%;1024hPa;3.0km;Variable;3.6km/h/1.0m/s;-;N/A;;Overcast;
2000/1/27;21:00;-5.0;-6.0;93%;1024hPa;3.5km;SSW;7.2km/h/2.0m/s;-;N/A;;Overcast;
2000/1/27;21:30;-5.0;-6.0;93%;1024hPa;4.0km;SSW;7.2km/h/2.0m/s;-;N/A;;Overcast;
2000/1/27;22:00;-5.0;-6.0;93%;1024hPa;4.0km;Variable;3.6km/h/1.0m/s;-;N/A;;Overcast;
2000/1/27;22:30;-5.0;-7.0;86%;1023hPa;3.0km;SSE;7.2km/h/2.0m/s;-;N/A;;Overcast;
2000/1/27;23:00;-6.0;-7.0;93%;1023hPa;2.5km;SE;7.2km/h/2.0m/s;-;N/A;;Overcast;
2000/1/27;23:30;-6.0;-6.0;100%;1023hPa;1.2km;SE;7.2km/h/2.0m/s;-;N/A;Rain;LightFreezingRain;
