2000/1/26;00:00;-12.0;-14.0;85%;1025hPa;-;SE;3.6km/h/1.0m/s;-;N/A;;Clear;
2000/1/26;00:30;-12.0;-15.0;79%;1024hPa;-;South;7.2km/h/2.0m/s;-;N/A;;Clear;
2000/1/26;01:00;-11.0;-14.0;79%;1024hPa;-;Variable;3.6km/h/1.0m/s;-;N/A;;Clear;
2000/1/26;01:30;-11.0;-14.0;79%;1024hPa;-;Variable;3.6km/h/1.0m/s;-;N/A;;Clear;
2000/1/26;02:30;-12.0;-14.0;85%;1023hPa;10.0km;Variable;3.6km/h/1.0m/s;-;N/A;;MostlyCloudy;
2000/1/26;03:30;-11.0;-14.0;79%;1023hPa;10.0km;NNW;3.6km/h/1.0m/s;-;N/A;;MostlyCloudy;
2000/1/26;04:00;-11.0;-13.0;85%;1023hPa;6.0km;Variable;3.6km/h/1.0m/s;-;N/A;;Overcast;
2000/1/26;04:30;-11.0;-13.0;85%;1023hPa;10.0km;ENE;7.2km/h/2.0m/s;-;N/A;;Overcast;
2000/1/26;05:00;-10.0;-13.0;79%;1022hPa;10.0km;Calm;Calm;-;N/A;;MostlyCloudy;
2000/1/26;05:30;-10.0;-12.0;86%;1022hPa;3.0km;Calm;Calm;-;N/A;Snow;LightSnow;
2000/1/26;06:00;-10.0;-13.0;79%;1022hPa;3.0km;ESE;3.6km/h/1.0m/s;-;N/A;Snow;LightSnow;
2000/1/26;06:30;-10.0;-12.0;86%;1022hPa;3.5km;South;3.6km/h/1.0m/s;-;N/A;Snow;LightSnow;
2000/1/26;07:00;-10.0;-12.0;86%;1022hPa;3.0km;SE;3.6km/h/1.0m/s;-;N/A;Snow;LightSnow;
2000/1/26;07:30;-10.0;-12.0;86%;1023hPa;4.0km;SE;3.6km/h/1.0m/s;-;N/A;Snow;LightSnow;
2000/1/26;08:00;-10.0;-12.0;86%;1023hPa;4.5km;Variable;3.6km/h/1.0m/s;-;N/A;Snow;LightSnow;
2000/1/26;14:00;-8.0;-11.0;79%;1023hPa;5.0km;East;3.6km/h/1.0m/s;-;N/A;Snow;LightSnow;
2000/1/26;14:30;-8.0;-11.0;79%;1023hPa;6.0km;East;3.6km/h/1.0m/s;-;N/A;Snow;LightSnow;
2000/1/26;15:00;-8.0;-11.0;79%;1023hPa;6.0km;ENE;3.6km/h/1.0m/s;-;N/A;Snow;LightSnow;
2000/1/26;15:30;-8.0;-11.0;79%;1023hPa;6.0km;Variable;7.2km/h/2.0m/s;-;N/A;Snow;LightSnow;
2000/1/26;16:00;-8.0;-11.0;79%;1023hPa;5.0km;ENE;7.2km/h/2.0m/s;-;N/A;Snow;LightSnow;
2000/1/26;16:14;-8.0;-11.0;79%;1023hPa;5.0km;ENE;7.2km/h/2.0m/s;-;N/A;Snow;LightSnow;
2000/1/26;16:30;-8.0;-11.0;79%;1023hPa;6.0km;Variable;7.2km/h/2.0m/s;-;N/A;;ScatteredClouds;
2000/1/26;17:00;-9.0;-11.0;86%;1023hPa;6.0km;Calm;Calm;-;N/A;;MostlyCloudy;
2000/1/26;17:30;-9.0;-11.0;86%;1024hPa;7.0km;Variable;3.6km/h/1.0m/s;-;N/A;;MostlyCloudy;
2000/1/26;18:00;-8.0;-11.0;79%;1025hPa;7.0km;ENE;7.2km/h/2.0m/s;-;N/A;Snow;LightSnow;
2000/1/26;18:30;-8.0;-11.0;79%;1024hPa;8.0km;Variable;3.6km/h/1.0m/s;-;N/A;;Overcast;
2000/1/26;19:00;-8.0;-11.0;79%;1024hPa;8.0km;NE;3.6km/h/1.0m/s;-;N/A;;Overcast;
2000/1/26;20:00;-8.0;-11.0;79%;1025hPa;7.0km;NE;3.6km/h/1.0m/s;-;N/A;;Overcast;
2000/1/26;20:30;-8.0;-11.0;79%;1024hPa;7.0km;Variable;3.6km/h/1.0m/s;-;N/A;;Overcast;
2000/1/26;21:00;-8.0;-11.0;79%;1024hPa;7.0km;Calm;Calm;-;N/A;;MostlyCloudy;
2000/1/26;21:30;-8.0;-11.0;79%;1024hPa;6.0km;Variable;3.6km/h/1.0m/s;-;N/A;;MostlyCloudy;
2000/1/26;22:00;-8.0;-11.0;79%;1025hPa;6.0km;Variable;3.6km/h/1.0m/s;-;N/A;;MostlyCloudy;
2000/1/26;22:30;-8.0;-11.0;79%;1025hPa;6.0km;Calm;Calm;-;N/A;;MostlyCloudy;
2000/1/26;23:00;-9.0;-11.0;86%;1025hPa;6.0km;Calm;Calm;-;N/A;;ScatteredClouds;
2000/1/26;23:30;-10.0;-12.0;86%;1025hPa;6.0km;WNW;3.6km/h/1.0m/s;-;N/A;;PartlyCloudy;
