2000/9/14;00:00;16.0;11.0;72%;1013hPa;-;Variable;3.6km/h/1.0m/s;-;N/A;;Clear;
2000/9/14;00:30;15.0;11.0;77%;1013hPa;-;South;3.6km/h/1.0m/s;-;N/A;;Clear;
2000/9/14;01:00;15.0;11.0;77%;1013hPa;-;Calm;Calm;-;N/A;;Clear;
2000/9/14;01:30;15.0;11.0;77%;1013hPa;-;Variable;7.2km/h/2.0m/s;-;N/A;;Clear;
2000/9/14;02:00;15.0;11.0;77%;1013hPa;-;Variable;3.6km/h/1.0m/s;-;N/A;;Clear;
2000/9/14;02:30;16.0;11.0;72%;1013hPa;-;Calm;Calm;-;N/A;;Clear;
2000/9/14;03:00;15.0;11.0;77%;1013hPa;-;Variable;7.2km/h/2.0m/s;-;N/A;;Clear;
2000/9/14;03:30;16.0;11.0;72%;1013hPa;-;Variable;3.6km/h/1.0m/s;-;N/A;;Clear;
2000/9/14;04:00;15.0;12.0;82%;1013hPa;-;North;10.8km/h/3.0m/s;-;N/A;;Clear;
2000/9/14;04:30;16.0;12.0;77%;1013hPa;-;North;7.2km/h/2.0m/s;-;N/A;;Clear;
2000/9/14;05:00;16.0;12.0;77%;1013hPa;-;North;10.8km/h/3.0m/s;-;N/A;;Clear;
2000/9/14;05:30;16.0;12.0;77%;1013hPa;-;North;10.8km/h/3.0m/s;-;N/A;;Clear;
2000/9/14;06:00;16.0;12.0;77%;1013hPa;10.0km;North;7.2km/h/2.0m/s;-;N/A;Rain;LightRain;
2000/9/14;06:30;16.0;13.0;82%;1013hPa;10.0km;North;14.4km/h/4.0m/s;-;N/A;;MostlyCloudy;
2000/9/14;07:00;15.0;13.0;88%;1013hPa;10.0km;North;10.8km/h/3.0m/s;-;N/A;;MostlyCloudy;
2000/9/14;07:30;16.0;13.0;82%;1013hPa;10.0km;NNE;7.2km/h/2.0m/s;-;N/A;;Overcast;
2000/9/14;08:00;16.0;14.0;88%;1013hPa;10.0km;Variable;3.6km/h/1.0m/s;-;N/A;;MostlyCloudy;
2000/9/14;08:30;17.0;14.0;82%;1014hPa;10.0km;ENE;3.6km/h/1.0m/s;-;N/A;;MostlyCloudy;
2000/9/14;09:00;17.0;15.0;88%;1014hPa;10.0km;ENE;3.6km/h/1.0m/s;-;N/A;;MostlyCloudy;
2000/9/14;09:30;18.0;14.0;77%;1014hPa;10.0km;Variable;7.2km/h/2.0m/s;-;N/A;;MostlyCloudy;
2000/9/14;10:00;21.0;14.0;64%;1014hPa;10.0km;NE;10.8km/h/3.0m/s;-;N/A;;MostlyCloudy;
2000/9/14;19:00;17.0;15.0;88%;1014hPa;8.0km;Variable;7.2km/h/2.0m/s;-;N/A;Rain;LightRainShowers;
2000/9/14;19:30;16.0;15.0;94%;1014hPa;8.0km;NE;14.4km/h/4.0m/s;-;N/A;Rain;LightRainShowers;
2000/9/14;20:00;16.0;15.0;94%;1015hPa;7.0km;Calm;Calm;-;N/A;Rain;LightRainShowers;
2000/9/14;20:30;17.0;14.0;82%;1015hPa;10.0km;NNE;14.4km/h/4.0m/s;-;N/A;Rain;LightRainShowers;
2000/9/14;21:00;16.0;15.0;94%;1015hPa;10.0km;Variable;7.2km/h/2.0m/s;-;N/A;;Overcast;
2000/9/14;21:30;16.0;15.0;94%;1015hPa;10.0km;NE;7.2km/h/2.0m/s;-;N/A;;Overcast;
2000/9/14;22:00;17.0;15.0;88%;1015hPa;-;Variable;3.6km/h/1.0m/s;-;N/A;;Clear;
2000/9/14;22:30;16.0;15.0;94%;1016hPa;-;NNE;7.2km/h/2.0m/s;-;N/A;;Clear;
2000/9/14;23:00;16.0;14.0;88%;1016hPa;-;NNE;10.8km/h/3.0m/s;-;N/A;;Clear;
2000/9/14;23:30;16.0;13.0;82%;1016hPa;-;Variable;7.2km/h/2.0m/s;-;N/A;;Clear;
