2000/9/22;00:00;13.0;7.0;67%;1014hPa;-;North;21.6km/h/6.0m/s;-;N/A;;Clear;
2000/9/22;00:30;13.0;7.0;67%;1014hPa;-;North;36.0km/h/10.0m/s;-;N/A;;Clear;
2000/9/22;01:30;13.0;6.0;63%;1014hPa;-;North;32.4km/h/9.0m/s;-;N/A;;Clear;
2000/9/22;02:00;12.0;7.0;72%;1014hPa;-;North;36.0km/h/10.0m/s;-;N/A;;Clear;
2000/9/22;02:30;12.0;7.0;72%;1014hPa;-;North;36.0km/h/10.0m/s;-;N/A;;Clear;
2000/9/22;03:00;12.0;7.0;72%;1014hPa;-;North;32.4km/h/9.0m/s;-;N/A;;Clear;
2000/9/22;03:30;12.0;7.0;72%;1014hPa;-;North;28.8km/h/8.0m/s;-;N/A;;Clear;
2000/9/22;04:00;12.0;7.0;72%;1014hPa;-;North;28.8km/h/8.0m/s;-;N/A;;Clear;
2000/9/22;04:30;12.0;7.0;72%;1014hPa;-;North;32.4km/h/9.0m/s;-;N/A;;Clear;
2000/9/22;05:00;12.0;7.0;72%;1014hPa;-;North;36.0km/h/10.0m/s;-;N/A;;Clear;
2000/9/22;05:30;12.0;7.0;72%;1014hPa;-;North;36.0km/h/10.0m/s;-;N/A;;Clear;
2000/9/22;06:00;12.0;7.0;72%;1014hPa;-;North;32.4km/h/9.0m/s;-;N/A;;Clear;
2000/9/22;06:30;12.0;7.0;72%;1015hPa;10.0km;North;36.0km/h/10.0m/s;-;N/A;;MostlyCloudy;
2000/9/22;07:00;12.0;7.0;72%;1015hPa;10.0km;North;28.8km/h/8.0m/s;-;N/A;;MostlyCloudy;
2000/9/22;07:30;12.0;7.0;72%;1015hPa;10.0km;North;36.0km/h/10.0m/s;-;N/A;;MostlyCloudy;
2000/9/22;08:00;12.0;7.0;72%;1016hPa;10.0km;North;36.0km/h/10.0m/s;-;N/A;;MostlyCloudy;
2000/9/22;08:30;12.0;7.0;72%;1016hPa;10.0km;North;39.6km/h/11.0m/s;-;N/A;;MostlyCloudy;
2000/9/22;09:00;12.0;7.0;72%;1017hPa;10.0km;North;36.0km/h/10.0m/s;-;N/A;;Overcast;
2000/9/22;09:30;13.0;7.0;67%;1017hPa;10.0km;North;39.6km/h/11.0m/s;-;N/A;;Overcast;
2000/9/22;10:00;13.0;8.0;72%;1017hPa;10.0km;North;39.6km/h/11.0m/s;-;N/A;;MostlyCloudy;
2000/9/22;10:30;13.0;8.0;72%;1017hPa;10.0km;North;32.4km/h/9.0m/s;-;N/A;;MostlyCloudy;
2000/9/22;11:00;13.0;8.0;72%;1018hPa;10.0km;North;36.0km/h/10.0m/s;-;N/A;;MostlyCloudy;
2000/9/22;11:30;13.0;8.0;72%;1018hPa;10.0km;North;32.4km/h/9.0m/s;-;N/A;Rain;LightRain;
2000/9/22;12:00;13.0;8.0;72%;1018hPa;10.0km;North;32.4km/h/9.0m/s;-;N/A;Rain;LightRain;
2000/9/22;12:30;13.0;8.0;72%;1018hPa;10.0km;North;32.4km/h/9.0m/s;-;N/A;Rain;LightRain;
2000/9/22;13:00;13.0;8.0;72%;1019hPa;10.0km;North;36.0km/h/10.0m/s;-;N/A;;Overcast;
2000/9/22;13:30;13.0;8.0;72%;1019hPa;10.0km;North;36.0km/h/10.0m/s;-;N/A;;Overcast;
2000/9/22;14:00;13.0;8.0;72%;1019hPa;10.0km;North;36.0km/h/10.0m/s;-;N/A;;Overcast;
2000/9/22;14:30;13.0;8.0;72%;1019hPa;10.0km;North;36.0km/h/10.0m/s;-;N/A;;Overcast;
2000/9/22;15:00;13.0;8.0;72%;1020hPa;10.0km;North;36.0km/h/10.0m/s;-;N/A;;Overcast;
2000/9/22;15:30;13.0;8.0;72%;1020hPa;10.0km;North;32.4km/h/9.0m/s;-;N/A;;Overcast;
2000/9/22;16:00;12.0;8.0;77%;1020hPa;10.0km;North;36.0km/h/10.0m/s;-;N/A;Rain;LightRain;
2000/9/22;16:30;12.0;8.0;77%;1020hPa;10.0km;North;32.4km/h/9.0m/s;-;N/A;Rain;LightRain;
2000/9/22;17:00;12.0;8.0;77%;1021hPa;10.0km;North;32.4km/h/9.0m/s;-;N/A;Rain;LightRain;
2000/9/22;17:30;12.0;9.0;82%;1021hPa;10.0km;North;28.8km/h/8.0m/s;-;N/A;Rain;LightRain;
2000/9/22;18:00;11.0;9.0;88%;1021hPa;8.0km;North;32.4km/h/9.0m/s;-;N/A;Rain;LightRain;
2000/9/22;18:30;11.0;9.0;88%;1021hPa;8.0km;North;32.4km/h/9.0m/s;-;N/A;Rain;LightRain;
2000/9/22;19:00;11.0;9.0;88%;1021hPa;8.0km;North;28.8km/h/8.0m/s;-;N/A;Rain;LightRain;
2000/9/22;19:30;11.0;9.0;88%;1022hPa;10.0km;North;28.8km/h/8.0m/s;-;N/A;Rain;LightRain;
2000/9/22;20:00;11.0;9.0;88%;1022hPa;10.0km;North;28.8km/h/8.0m/s;-;N/A;Rain;LightRain;
2000/9/22;20:30;11.0;9.0;88%;1022hPa;10.0km;North;28.8km/h/8.0m/s;-;N/A;Rain;LightRain;
2000/9/22;21:00;11.0;9.0;88%;1022hPa;10.0km;North;28.8km/h/8.0m/s;-;N/A;Rain;LightRain;
2000/9/22;21:30;11.0;9.0;88%;1023hPa;10.0km;North;28.8km/h/8.0m/s;-;N/A;Rain;LightRain;
2000/9/22;22:00;11.0;9.0;88%;1023hPa;10.0km;North;28.8km/h/8.0m/s;-;N/A;Rain;LightRain;
2000/9/22;22:30;11.0;9.0;88%;1023hPa;10.0km;North;25.2km/h/7.0m/s;-;N/A;Rain;LightRain;
2000/9/22;23:00;11.0;9.0;88%;1023hPa;10.0km;North;28.8km/h/8.0m/s;-;N/A;Rain;LightRain;
2000/9/22;23:30;11.0;9.0;88%;1023hPa;10.0km;North;28.8km/h/8.0m/s;-;N/A;Rain;LightRain;
