2000/11/11;00:00;4.0;4.0;100%;1023hPa;5.0km;WSW;10.8km/h/3.0m/s;-;N/A;;MostlyCloudy;
2000/11/11;00:30;4.0;4.0;100%;1023hPa;2.0km;Variable;3.6km/h/1.0m/s;-;N/A;;Overcast;
2000/11/11;01:00;4.0;4.0;100%;1023hPa;2.0km;SW;3.6km/h/1.0m/s;-;N/A;;MostlyCloudy;
2000/11/11;01:30;4.0;4.0;100%;1023hPa;1.5km;WSW;7.2km/h/2.0m/s;-;N/A;;Overcast;
2000/11/11;02:00;4.0;3.0;93%;1023hPa;1.3km;Variable;3.6km/h/1.0m/s;-;N/A;;MostlyCloudy;
2000/11/11;02:30;3.0;3.0;100%;1024hPa;1.2km;Calm;Calm;-;N/A;Fog;MostlyCloudy;
2000/11/11;03:00;3.0;3.0;100%;1024hPa;0.5km;Variable;3.6km/h/1.0m/s;-;N/A;Fog;Fog;
2000/11/11;03:30;3.0;3.0;100%;1024hPa;0.1km;Variable;3.6km/h/1.0m/s;-;N/A;Fog;Fog;
2000/11/11;04:00;3.0;3.0;100%;1024hPa;0.2km;WSW;3.6km/h/1.0m/s;-;N/A;Fog;Fog;
2000/11/11;04:30;3.0;3.0;100%;1025hPa;0.3km;Variable;3.6km/h/1.0m/s;-;N/A;Fog;Fog;
2000/11/11;05:00;3.0;3.0;100%;1025hPa;0.9km;NNW;3.6km/h/1.0m/s;-;N/A;Fog;Fog;
2000/11/11;05:30;4.0;4.0;100%;1025hPa;0.9km;Variable;3.6km/h/1.0m/s;-;N/A;Fog;Fog;
2000/11/11;06:00;4.0;4.0;100%;1025hPa;1.5km;Variable;7.2km/h/2.0m/s;-;N/A;;Overcast;
2000/11/11;06:30;3.0;3.0;100%;1025hPa;1.8km;North;7.2km/h/2.0m/s;-;N/A;;Overcast;
2000/11/11;07:00;3.0;3.0;100%;1026hPa;2.3km;Variable;7.2km/h/2.0m/s;-;N/A;;MostlyCloudy;
2000/11/11;07:30;3.0;3.0;100%;1026hPa;2.0km;NW;3.6km/h/1.0m/s;-;N/A;;MostlyCloudy;
2000/11/11;08:00;4.0;3.0;93%;1026hPa;2.5km;WNW;7.2km/h/2.0m/s;-;N/A;;MostlyCloudy;
2000/11/11;08:30;4.0;3.0;93%;1027hPa;1.3km;Variable;3.6km/h/1.0m/s;-;N/A;;MostlyCloudy;
2000/11/11;09:00;3.0;3.0;100%;1027hPa;1.5km;Variable;3.6km/h/1.0m/s;-;N/A;;Overcast;
2000/11/11;09:30;4.0;3.0;93%;1027hPa;1.0km;Calm;Calm;-;N/A;;Overcast;
2000/11/11;10:00;4.0;4.0;100%;1027hPa;1.8km;Variable;7.2km/h/2.0m/s;-;N/A;;Overcast;
2000/11/11;10:30;5.0;4.0;93%;1027hPa;2.3km;Variable;3.6km/h/1.0m/s;-;N/A;;Overcast;
2000/11/11;11:00;5.0;4.0;93%;1027hPa;1.8km;Variable;7.2km/h/2.0m/s;-;N/A;;Overcast;
2000/11/11;11:30;5.0;4.0;93%;1027hPa;0.4km;Variable;3.6km/h/1.0m/s;-;N/A;Fog;Fog;
2000/11/11;12:00;5.0;4.0;93%;1027hPa;1.0km;Variable;7.2km/h/2.0m/s;-;N/A;;Overcast;
2000/11/11;12:30;5.0;4.0;93%;1027hPa;1.5km;WSW;7.2km/h/2.0m/s;-;N/A;;Overcast;
2000/11/11;13:00;5.0;4.0;93%;1027hPa;2.0km;Variable;3.6km/h/1.0m/s;-;N/A;;Overcast;
2000/11/11;13:30;5.0;4.0;93%;1027hPa;2.3km;WSW;3.6km/h/1.0m/s;-;N/A;;Overcast;
2000/11/11;14:00;5.0;4.0;93%;1027hPa;3.0km;Variable;7.2km/h/2.0m/s;-;N/A;Fog;PatchesofFog;
2000/11/11;14:30;6.0;4.0;87%;1027hPa;4.0km;Variable;7.2km/h/2.0m/s;-;N/A;;Overcast;
2000/11/11;15:00;5.0;4.0;93%;1027hPa;6.0km;WSW;10.8km/h/3.0m/s;-;N/A;;MostlyCloudy;
2000/11/11;15:30;5.0;4.0;93%;1027hPa;6.0km;West;7.2km/h/2.0m/s;-;N/A;;MostlyCloudy;
2000/11/11;16:00;5.0;4.0;93%;1027hPa;6.0km;WSW;10.8km/h/3.0m/s;-;N/A;;MostlyCloudy;
2000/11/11;16:30;4.0;3.0;93%;1027hPa;6.0km;West;7.2km/h/2.0m/s;-;N/A;;ScatteredClouds;
2000/11/11;17:00;4.0;3.0;93%;1027hPa;8.0km;West;10.8km/h/3.0m/s;-;N/A;;ScatteredClouds;
2000/11/11;18:00;2.0;2.0;100%;1028hPa;8.0km;South;7.2km/h/2.0m/s;-;N/A;;MostlyCloudy;
2000/11/11;18:30;3.0;3.0;100%;1028hPa;5.0km;SW;7.2km/h/2.0m/s;-;N/A;;MostlyCloudy;
2000/11/11;19:00;4.0;4.0;100%;1028hPa;4.5km;SSW;7.2km/h/2.0m/s;-;N/A;;Overcast;
2000/11/11;19:30;4.0;3.0;93%;1028hPa;1.6km;SSW;10.8km/h/3.0m/s;-;N/A;;Overcast;
2000/11/11;20:00;4.0;3.0;93%;1028hPa;1.5km;WSW;7.2km/h/2.0m/s;-;N/A;;Overcast;
2000/11/11;20:30;4.0;3.0;93%;1028hPa;0.6km;Variable;7.2km/h/2.0m/s;-;N/A;Fog;Fog;
2000/11/11;21:00;4.0;3.0;93%;1028hPa;0.6km;SSW;10.8km/h/3.0m/s;-;N/A;Fog;Fog;
2000/11/11;21:30;3.0;3.0;100%;1029hPa;1.1km;SW;10.8km/h/3.0m/s;-;N/A;;Overcast;
2000/11/11;22:00;3.0;3.0;100%;1029hPa;1.1km;SSW;10.8km/h/3.0m/s;-;N/A;;Overcast;
2000/11/11;22:30;3.0;3.0;100%;1029hPa;1.2km;Variable;7.2km/h/2.0m/s;-;N/A;;Overcast;
2000/11/11;23:00;3.0;3.0;100%;1029hPa;2.5km;Variable;3.6km/h/1.0m/s;-;N/A;;Overcast;
2000/11/11;23:30;3.0;3.0;100%;1029hPa;3.0km;Variable;3.6km/h/1.0m/s;-;N/A;;Overcast;
