2000/11/21;00:00;5.0;5.0;100%;1014hPa;3.0km;North;3.6km/h/1.0m/s;-;N/A;;Overcast;
2000/11/21;00:30;5.0;5.0;100%;1014hPa;3.0km;NW;3.6km/h/1.0m/s;-;N/A;;Overcast;
2000/11/21;01:00;6.0;5.0;93%;1014hPa;3.5km;North;7.2km/h/2.0m/s;-;N/A;;Overcast;
2000/11/21;01:30;6.0;5.0;93%;1015hPa;3.5km;North;7.2km/h/2.0m/s;-;N/A;;Overcast;
2000/11/21;02:00;6.0;6.0;100%;1015hPa;-;NW;3.6km/h/1.0m/s;-;N/A;;Overcast;
2000/11/21;02:30;6.0;6.0;100%;1015hPa;-;North;3.6km/h/1.0m/s;-;N/A;;Overcast;
2000/11/21;03:00;6.0;6.0;100%;1015hPa;-;WNW;3.6km/h/1.0m/s;-;N/A;;Overcast;
2000/11/21;03:30;6.0;6.0;100%;1015hPa;4.0km;North;3.6km/h/1.0m/s;-;N/A;;Overcast;
2000/11/21;04:00;7.0;6.0;93%;1015hPa;4.0km;North;3.6km/h/1.0m/s;-;N/A;;Overcast;
2000/11/21;04:30;7.0;6.0;93%;1015hPa;4.5km;NE;3.6km/h/1.0m/s;-;N/A;;Overcast;
2000/11/21;05:00;7.0;6.0;93%;1015hPa;3.5km;ESE;3.6km/h/1.0m/s;-;N/A;Rain;LightRain;
2000/11/21;05:30;6.0;6.0;100%;1015hPa;3.5km;Calm;Calm;-;N/A;;MostlyCloudy;
2000/11/21;06:00;6.0;6.0;100%;1015hPa;6.0km;NNE;3.6km/h/1.0m/s;-;N/A;;MostlyCloudy;
2000/11/21;06:30;6.0;6.0;100%;1015hPa;3.0km;WNW;7.2km/h/2.0m/s;-;N/A;;PartlyCloudy;
2000/11/21;07:00;6.0;5.0;93%;1015hPa;5.0km;West;3.6km/h/1.0m/s;-;N/A;;ScatteredClouds;
2000/11/21;07:30;6.0;5.0;93%;1015hPa;5.0km;Variable;3.6km/h/1.0m/s;-;N/A;;MostlyCloudy;
2000/11/21;08:00;6.0;5.0;93%;1015hPa;6.0km;NW;3.6km/h/1.0m/s;-;N/A;;MostlyCloudy;
2000/11/21;08:30;7.0;6.0;93%;1015hPa;7.0km;Calm;Calm;-;N/A;;MostlyCloudy;
2000/11/21;09:00;8.0;7.0;93%;1015hPa;9.0km;Variable;3.6km/h/1.0m/s;-;N/A;;MostlyCloudy;
2000/11/21;09:30;8.0;7.0;93%;1015hPa;3.0km;Variable;7.2km/h/2.0m/s;-;N/A;;MostlyCloudy;
2000/11/21;10:00;8.0;7.0;93%;1015hPa;3.5km;Variable;3.6km/h/1.0m/s;-;N/A;;MostlyCloudy;
2000/11/21;10:30;9.0;8.0;93%;1015hPa;8.0km;Variable;3.6km/h/1.0m/s;-;N/A;;Overcast;
2000/11/21;11:00;10.0;7.0;82%;1015hPa;10.0km;Calm;Calm;-;N/A;;Overcast;
2000/11/21;11:30;10.0;8.0;87%;1015hPa;-;Variable;3.6km/h/1.0m/s;-;N/A;;Clear;
2000/11/21;12:00;11.0;7.0;76%;1015hPa;-;Calm;Calm;-;N/A;;Clear;
2000/11/21;12:30;12.0;7.0;72%;1015hPa;-;Calm;Calm;-;N/A;;Clear;
2000/11/21;13:00;13.0;7.0;67%;1015hPa;-;Variable;3.6km/h/1.0m/s;-;N/A;;Clear;
2000/11/21;13:30;13.0;7.0;67%;1015hPa;-;Variable;3.6km/h/1.0m/s;-;N/A;;Clear;
2000/11/21;14:00;12.0;7.0;72%;1015hPa;-;ESE;3.6km/h/1.0m/s;-;N/A;;Clear;
2000/11/21;14:30;12.0;7.0;72%;1015hPa;-;ESE;3.6km/h/1.0m/s;-;N/A;;Clear;
2000/11/21;15:00;11.0;7.0;76%;1015hPa;-;ESE;3.6km/h/1.0m/s;-;N/A;;Clear;
2000/11/21;15:30;10.0;7.0;82%;1015hPa;-;Variable;3.6km/h/1.0m/s;-;N/A;;Clear;
2000/11/21;16:00;9.0;7.0;87%;1015hPa;9.0km;ENE;3.6km/h/1.0m/s;-;N/A;;MostlyCloudy;
2000/11/21;16:30;9.0;7.0;87%;1015hPa;9.0km;Variable;3.6km/h/1.0m/s;-;N/A;;MostlyCloudy;
2000/11/21;17:00;8.0;6.0;87%;1015hPa;-;WNW;3.6km/h/1.0m/s;-;N/A;;Clear;
2000/11/21;17:30;7.0;6.0;93%;1015hPa;-;WNW;3.6km/h/1.0m/s;-;N/A;;Clear;
2000/11/21;18:00;7.0;5.0;87%;1015hPa;8.0km;WNW;7.2km/h/2.0m/s;-;N/A;;PartlyCloudy;
2000/11/21;18:30;7.0;5.0;87%;1016hPa;7.0km;North;14.4km/h/4.0m/s;-;N/A;;PartlyCloudy;
2000/11/21;19:00;7.0;5.0;87%;1016hPa;8.0km;Variable;7.2km/h/2.0m/s;-;N/A;;PartlyCloudy;
2000/11/21;19:30;6.0;5.0;93%;1016hPa;9.0km;North;3.6km/h/1.0m/s;-;N/A;;PartlyCloudy;
2000/11/21;20:00;5.0;4.0;93%;1016hPa;9.0km;North;7.2km/h/2.0m/s;-;N/A;;PartlyCloudy;
2000/11/21;20:30;6.0;5.0;93%;1016hPa;8.0km;NNW;3.6km/h/1.0m/s;-;N/A;;PartlyCloudy;
2000/11/21;21:00;5.0;4.0;93%;1016hPa;-;NW;7.2km/h/2.0m/s;-;N/A;;Clear;
2000/11/21;21:30;5.0;4.0;93%;1016hPa;8.0km;NW;3.6km/h/1.0m/s;-;N/A;;PartlyCloudy;
2000/11/21;22:00;4.0;2.0;87%;1016hPa;9.0km;Variable;3.6km/h/1.0m/s;-;N/A;;PartlyCloudy;
2000/11/21;22:30;5.0;4.0;93%;1016hPa;9.0km;NNE;3.6km/h/1.0m/s;-;N/A;;PartlyCloudy;
2000/11/21;23:00;4.0;3.0;93%;1016hPa;8.0km;NNW;3.6km/h/1.0m/s;-;N/A;;PartlyCloudy;
2000/11/21;23:30;5.0;4.0;93%;1016hPa;8.0km;North;3.6km/h/1.0m/s;-;N/A;;PartlyCloudy;
