2000/11/4;00:00;8.0;8.0;100%;1014hPa;6.0km;North;7.2km/h/2.0m/s;-;N/A;;MostlyCloudy;
2000/11/4;00:30;8.0;8.0;100%;1013hPa;8.0km;North;3.6km/h/1.0m/s;-;N/A;;MostlyCloudy;
2000/11/4;01:00;8.0;7.0;93%;1013hPa;-;NNW;3.6km/h/1.0m/s;-;N/A;;Clear;
2000/11/4;01:30;9.0;7.0;87%;1013hPa;-;West;7.2km/h/2.0m/s;-;N/A;;Clear;
2000/11/4;02:00;8.0;7.0;93%;1013hPa;-;Calm;Calm;-;N/A;;Clear;
2000/11/4;02:30;9.0;7.0;87%;1013hPa;10.0km;Calm;Calm;-;N/A;Rain;LightRain;
2000/11/4;03:00;9.0;7.0;87%;1013hPa;-;Calm;Calm;-;N/A;;Clear;
2000/11/4;03:30;9.0;7.0;87%;1013hPa;-;East;7.2km/h/2.0m/s;-;N/A;;Clear;
2000/11/4;04:00;9.0;7.0;87%;1013hPa;-;Calm;Calm;-;N/A;;Clear;
2000/11/4;04:30;9.0;7.0;87%;1013hPa;-;Variable;3.6km/h/1.0m/s;-;N/A;;Clear;
2000/11/4;05:00;10.0;7.0;82%;1013hPa;10.0km;West;7.2km/h/2.0m/s;-;N/A;Rain;LightRain;
2000/11/4;05:30;10.0;7.0;82%;1013hPa;-;WNW;3.6km/h/1.0m/s;-;N/A;;Clear;
2000/11/4;06:00;10.0;7.0;82%;1013hPa;-;SW;3.6km/h/1.0m/s;-;N/A;;Clear;
2000/11/4;06:30;10.0;7.0;82%;1013hPa;-;Calm;Calm;-;N/A;;Clear;
2000/11/4;07:00;10.0;7.0;82%;1013hPa;10.0km;North;3.6km/h/1.0m/s;-;N/A;Rain;LightRain;
2000/11/4;07:30;10.0;8.0;87%;1013hPa;10.0km;NNW;7.2km/h/2.0m/s;-;N/A;;MostlyCloudy;
2000/11/4;08:00;11.0;8.0;82%;1013hPa;10.0km;North;7.2km/h/2.0m/s;-;N/A;Rain;LightRain;
2000/11/4;08:30;11.0;9.0;88%;1013hPa;-;Calm;Calm;-;N/A;;Clear;
2000/11/4;09:00;11.0;9.0;88%;1013hPa;10.0km;Variable;3.6km/h/1.0m/s;-;N/A;;MostlyCloudy;
2000/11/4;09:30;12.0;9.0;82%;1013hPa;10.0km;Variable;3.6km/h/1.0m/s;-;N/A;;MostlyCloudy;
2000/11/4;10:00;13.0;8.0;72%;1013hPa;10.0km;Variable;3.6km/h/1.0m/s;-;N/A;;MostlyCloudy;
2000/11/4;10:30;13.0;9.0;77%;1013hPa;10.0km;Variable;7.2km/h/2.0m/s;-;N/A;;MostlyCloudy;
2000/11/4;11:00;13.0;10.0;82%;1013hPa;10.0km;SSE;3.6km/h/1.0m/s;-;N/A;Rain;LightRain;
2000/11/4;11:30;13.0;9.0;77%;1013hPa;10.0km;Variable;7.2km/h/2.0m/s;-;N/A;Rain;LightRain;
2000/11/4;12:00;13.0;9.0;77%;1013hPa;10.0km;Variable;7.2km/h/2.0m/s;-;N/A;;MostlyCloudy;
2000/11/4;12:30;13.0;9.0;77%;1013hPa;10.0km;South;14.4km/h/4.0m/s;-;N/A;;MostlyCloudy;
2000/11/4;13:00;13.0;9.0;77%;1012hPa;-;South;14.4km/h/4.0m/s;-;N/A;;Clear;
2000/11/4;13:30;13.0;9.0;77%;1012hPa;10.0km;SSW;10.8km/h/3.0m/s;-;N/A;Rain;LightRain;
2000/11/4;14:00;13.0;9.0;77%;1012hPa;10.0km;Variable;3.6km/h/1.0m/s;-;N/A;;Overcast;
2000/11/4;14:30;13.0;10.0;82%;1013hPa;10.0km;South;3.6km/h/1.0m/s;-;N/A;;Overcast;
2000/11/4;15:00;13.0;9.0;77%;1012hPa;10.0km;Variable;7.2km/h/2.0m/s;-;N/A;;Overcast;
2000/11/4;15:30;13.0;9.0;77%;1012hPa;10.0km;Calm;Calm;-;N/A;;Overcast;
2000/11/4;16:00;12.0;10.0;88%;1012hPa;10.0km;Calm;Calm;-;N/A;;MostlyCloudy;
2000/11/4;16:30;12.0;9.0;82%;1012hPa;10.0km;North;3.6km/h/1.0m/s;-;N/A;Rain;LightRain;
2000/11/4;17:00;12.0;9.0;82%;1012hPa;10.0km;NNW;7.2km/h/2.0m/s;-;N/A;;Overcast;
2000/11/4;17:30;12.0;9.0;82%;1012hPa;10.0km;North;7.2km/h/2.0m/s;-;N/A;;MostlyCloudy;
2000/11/4;18:00;12.0;10.0;88%;1012hPa;10.0km;Calm;Calm;-;N/A;;Overcast;
2000/11/4;18:30;11.0;10.0;94%;1012hPa;10.0km;NNW;3.6km/h/1.0m/s;-;N/A;Rain;LightRain;
2000/11/4;19:00;11.0;10.0;94%;1012hPa;10.0km;NNW;7.2km/h/2.0m/s;-;N/A;;Overcast;
2000/11/4;19:30;11.0;10.0;94%;1012hPa;10.0km;Variable;3.6km/h/1.0m/s;-;N/A;;Overcast;
2000/11/4;20:00;11.0;10.0;94%;1011hPa;8.0km;NE;3.6km/h/1.0m/s;-;N/A;;Overcast;
2000/11/4;20:30;11.0;10.0;94%;1011hPa;8.0km;Variable;3.6km/h/1.0m/s;-;N/A;;Overcast;
2000/11/4;21:00;11.0;10.0;94%;1011hPa;10.0km;North;7.2km/h/2.0m/s;-;N/A;;Overcast;
2000/11/4;21:30;11.0;10.0;94%;1011hPa;10.0km;North;7.2km/h/2.0m/s;-;N/A;;Overcast;
2000/11/4;22:00;11.0;10.0;94%;1011hPa;10.0km;Calm;Calm;-;N/A;Rain;LightRain;
2000/11/4;22:30;11.0;10.0;94%;1011hPa;8.0km;Variable;7.2km/h/2.0m/s;-;N/A;Rain;LightRain;
2000/11/4;23:00;12.0;11.0;94%;1011hPa;8.0km;SSW;18.0km/h/5.0m/s;-;N/A;Rain;LightRain;
2000/11/4;23:30;12.0;11.0;94%;1011hPa;10.0km;SSW;14.4km/h/4.0m/s;-;N/A;Rain;LightRain;
