2000/7/29;00:00;18.0;15.0;83%;1008hPa;-;North;10.8km/h/3.0m/s;-;N/A;;Clear;
2000/7/29;00:30;18.0;15.0;83%;1007hPa;-;North;10.8km/h/3.0m/s;-;N/A;;Clear;
2000/7/29;01:00;18.0;15.0;83%;1007hPa;-;Variable;3.6km/h/1.0m/s;-;N/A;;Clear;
2000/7/29;01:30;18.0;15.0;83%;1007hPa;10.0km;Variable;7.2km/h/2.0m/s;-;N/A;Rain;LightRain;
2000/7/29;02:00;17.0;16.0;94%;1007hPa;5.0km;NNE;14.4km/h/4.0m/s;-;N/A;Rain;Rain;
2000/7/29;02:30;18.0;16.0;88%;1006hPa;10.0km;North;18.0km/h/5.0m/s;-;N/A;Rain;LightRain;
2000/7/29;03:00;18.0;16.0;88%;1006hPa;8.0km;North;14.4km/h/4.0m/s;-;N/A;Rain;LightRain;
2000/7/29;03:30;17.0;15.0;88%;1005hPa;10.0km;North;10.8km/h/3.0m/s;-;N/A;;Overcast;
2000/7/29;04:00;17.0;15.0;88%;1006hPa;10.0km;Variable;7.2km/h/2.0m/s;-;N/A;Rain;LightRain;
2000/7/29;04:30;17.0;15.0;88%;1005hPa;6.0km;Variable;3.6km/h/1.0m/s;-;N/A;Rain;LightRain;
2000/7/29;05:00;17.0;16.0;94%;1005hPa;4.0km;NW;3.6km/h/1.0m/s;-;N/A;Rain;LightRain;
2000/7/29;05:30;17.0;16.0;94%;1005hPa;2.0km;North;7.2km/h/2.0m/s;-;N/A;Rain;LightRain;
2000/7/29;06:00;17.0;16.0;94%;1004hPa;3.5km;Variable;7.2km/h/2.0m/s;-;N/A;Rain;LightRain;
2000/7/29;06:30;17.0;16.0;94%;1004hPa;-;Variable;7.2km/h/2.0m/s;-;N/A;Rain;LightRain;
2000/7/29;07:00;17.0;16.0;94%;1004hPa;-;North;10.8km/h/3.0m/s;-;N/A;Rain;LightRain;
2000/7/29;07:30;17.0;16.0;94%;1004hPa;3.0km;Variable;7.2km/h/2.0m/s;-;N/A;Rain;Rain;
2000/7/29;08:00;17.0;16.0;94%;1004hPa;2.2km;Variable;3.6km/h/1.0m/s;-;N/A;Rain;Rain;
2000/7/29;08:30;17.0;16.0;94%;1004hPa;4.5km;Variable;3.6km/h/1.0m/s;-;N/A;Rain;LightRain;
2000/7/29;09:00;17.0;15.0;88%;1004hPa;-;Variable;7.2km/h/2.0m/s;-;N/A;Rain;LightRain;
2000/7/29;09:30;17.0;15.0;88%;1004hPa;3.5km;Variable;3.6km/h/1.0m/s;-;N/A;Rain;LightRain;
2000/7/29;10:00;17.0;16.0;94%;1005hPa;4.0km;Variable;7.2km/h/2.0m/s;-;N/A;Rain;LightRain;
2000/7/29;10:30;17.0;16.0;94%;1005hPa;6.0km;Variable;3.6km/h/1.0m/s;-;N/A;Rain;LightRain;
2000/7/29;11:00;17.0;16.0;94%;1005hPa;6.0km;WSW;10.8km/h/3.0m/s;-;N/A;Rain;LightRain;
2000/7/29;11:30;17.0;16.0;94%;1006hPa;10.0km;SW;10.8km/h/3.0m/s;-;N/A;Rain;LightRain;
2000/7/29;12:00;18.0;16.0;88%;1006hPa;10.0km;SW;14.4km/h/4.0m/s;-;N/A;Rain;LightRain;
2000/7/29;12:30;18.0;16.0;88%;1006hPa;10.0km;SW;14.4km/h/4.0m/s;-;N/A;;Overcast;
2000/7/29;13:00;18.0;16.0;88%;1007hPa;10.0km;SW;14.4km/h/4.0m/s;-;N/A;;Overcast;
2000/7/29;13:30;18.0;15.0;83%;1007hPa;10.0km;WSW;14.4km/h/4.0m/s;-;N/A;Rain;LightRain;
2000/7/29;14:00;17.0;15.0;88%;1007hPa;10.0km;WSW;10.8km/h/3.0m/s;-;N/A;Rain;LightRain;
2000/7/29;14:30;17.0;15.0;88%;1007hPa;10.0km;West;7.2km/h/2.0m/s;-;N/A;Rain;LightRain;
2000/7/29;15:00;18.0;15.0;83%;1008hPa;10.0km;WSW;10.8km/h/3.0m/s;-;N/A;Rain;LightRain;
2000/7/29;15:30;18.0;15.0;83%;1008hPa;10.0km;West;10.8km/h/3.0m/s;-;N/A;Rain;LightRain;
2000/7/29;16:00;19.0;15.0;78%;1008hPa;10.0km;WSW;10.8km/h/3.0m/s;-;N/A;Rain;LightRain;
2000/7/29;16:30;18.0;14.0;77%;1008hPa;10.0km;WSW;10.8km/h/3.0m/s;-;N/A;Rain;LightRain;
2000/7/29;17:00;19.0;14.0;73%;1009hPa;10.0km;WSW;18.0km/h/5.0m/s;-;N/A;;MostlyCloudy;
2000/7/29;17:30;20.0;14.0;68%;1009hPa;10.0km;WSW;14.4km/h/4.0m/s;-;N/A;;MostlyCloudy;
2000/7/29;18:00;20.0;13.0;64%;1009hPa;10.0km;West;10.8km/h/3.0m/s;-;N/A;;MostlyCloudy;
2000/7/29;19:00;20.0;14.0;68%;1009hPa;10.0km;WSW;10.8km/h/3.0m/s;-;N/A;;ScatteredClouds;
2000/7/29;19:30;19.0;15.0;78%;1009hPa;10.0km;WSW;7.2km/h/2.0m/s;-;N/A;;ScatteredClouds;
2000/7/29;20:00;18.0;16.0;88%;1009hPa;10.0km;Variable;3.6km/h/1.0m/s;-;N/A;;ScatteredClouds;
2000/7/29;20:30;18.0;15.0;83%;1010hPa;10.0km;Calm;Calm;-;N/A;;MostlyCloudy;
2000/7/29;21:00;18.0;15.0;83%;1010hPa;10.0km;North;3.6km/h/1.0m/s;-;N/A;;MostlyCloudy;
2000/7/29;21:30;17.0;13.0;77%;1010hPa;10.0km;Variable;3.6km/h/1.0m/s;-;N/A;;MostlyCloudy;
2000/7/29;22:00;17.0;14.0;82%;1010hPa;-;Variable;3.6km/h/1.0m/s;-;N/A;;Clear;
2000/7/29;22:30;16.0;14.0;88%;1010hPa;-;WSW;7.2km/h/2.0m/s;-;N/A;;Clear;
2000/7/29;23:00;15.0;13.0;88%;1010hPa;10.0km;Variable;3.6km/h/1.0m/s;-;N/A;;PartlyCloudy;
2000/7/29;23:30;15.0;13.0;88%;1010hPa;-;Calm;Calm;-;N/A;;Clear;
