2000/11/23;00:00;4.0;3.0;93%;1020hPa;-;North;7.2km/h/2.0m/s;-;N/A;;Clear;
2000/11/23;00:30;4.0;3.0;93%;1020hPa;-;Variable;3.6km/h/1.0m/s;-;N/A;;Clear;
2000/11/23;01:00;4.0;3.0;93%;1020hPa;-;North;3.6km/h/1.0m/s;-;N/A;;Clear;
2000/11/23;01:30;3.0;2.0;93%;1020hPa;-;Calm;Calm;-;N/A;;Clear;
2000/11/23;02:00;3.0;2.0;93%;1020hPa;-;NNW;3.6km/h/1.0m/s;-;N/A;;Clear;
2000/11/23;02:30;3.0;2.0;93%;1020hPa;-;North;3.6km/h/1.0m/s;-;N/A;;Clear;
2000/11/23;03:00;3.0;2.0;93%;1020hPa;-;North;3.6km/h/1.0m/s;-;N/A;;Clear;
2000/11/23;03:30;3.0;2.0;93%;1020hPa;10.0km;North;7.2km/h/2.0m/s;-;N/A;Fog;ShallowFog;
2000/11/23;04:00;3.0;2.0;93%;1020hPa;10.0km;NNW;3.6km/h/1.0m/s;-;N/A;Fog;ShallowFog;
2000/11/23;04:30;4.0;3.0;93%;1019hPa;10.0km;North;7.2km/h/2.0m/s;-;N/A;Fog;ShallowFog;
2000/11/23;05:00;4.0;3.0;93%;1019hPa;10.0km;NNW;3.6km/h/1.0m/s;-;N/A;Fog;ShallowFog;
2000/11/23;05:30;3.0;2.0;93%;1020hPa;10.0km;Calm;Calm;-;N/A;;PartlyCloudy;
2000/11/23;06:00;3.0;2.0;93%;1020hPa;10.0km;Variable;3.6km/h/1.0m/s;-;N/A;;PartlyCloudy;
2000/11/23;06:30;2.0;1.0;93%;1020hPa;5.0km;Calm;Calm;-;N/A;Fog;ShallowFog;
2000/11/23;07:00;1.0;1.0;100%;1020hPa;2.0km;Calm;Calm;-;N/A;Fog;ShallowFog;
2000/11/23;07:30;1.0;1.0;100%;1020hPa;1.0km;Calm;Calm;-;N/A;Fog;ShallowFog;
2000/11/23;08:00;2.0;2.0;100%;1020hPa;5.0km;NNE;3.6km/h/1.0m/s;-;N/A;Fog;ShallowFog;
2000/11/23;08:30;4.0;3.0;93%;1020hPa;2.0km;Variable;3.6km/h/1.0m/s;-;N/A;Fog;ShallowFog;
2000/11/23;09:00;6.0;5.0;93%;1020hPa;8.0km;Variable;3.6km/h/1.0m/s;-;N/A;;PartlyCloudy;
2000/11/23;09:30;7.0;5.0;87%;1020hPa;7.0km;North;3.6km/h/1.0m/s;-;N/A;;PartlyCloudy;
2000/11/23;10:00;9.0;5.0;76%;1020hPa;9.0km;Variable;3.6km/h/1.0m/s;-;N/A;;PartlyCloudy;
2000/11/23;10:30;10.0;6.0;76%;1020hPa;8.0km;Variable;3.6km/h/1.0m/s;-;N/A;;PartlyCloudy;
2000/11/23;11:00;11.0;5.0;67%;1020hPa;8.0km;Calm;Calm;-;N/A;;PartlyCloudy;
2000/11/23;11:30;12.0;6.0;67%;1019hPa;9.0km;Variable;3.6km/h/1.0m/s;-;N/A;;ScatteredClouds;
2000/11/23;12:00;13.0;6.0;63%;1019hPa;-;Variable;3.6km/h/1.0m/s;-;N/A;;Clear;
2000/11/23;12:30;13.0;6.0;63%;1019hPa;-;SSE;7.2km/h/2.0m/s;-;N/A;;Clear;
2000/11/23;13:00;12.0;7.0;72%;1018hPa;-;SSE;7.2km/h/2.0m/s;-;N/A;;Clear;
2000/11/23;13:30;12.0;7.0;72%;1018hPa;-;South;7.2km/h/2.0m/s;-;N/A;;Clear;
2000/11/23;14:00;12.0;6.0;67%;1018hPa;-;Variable;3.6km/h/1.0m/s;-;N/A;;Clear;
2000/11/23;14:30;11.0;7.0;76%;1018hPa;-;SE;7.2km/h/2.0m/s;-;N/A;;Clear;
2000/11/23;15:00;11.0;7.0;76%;1018hPa;8.0km;SSE;7.2km/h/2.0m/s;-;N/A;;ScatteredClouds;
2000/11/23;15:30;10.0;6.0;76%;1018hPa;8.0km;South;3.6km/h/1.0m/s;-;N/A;;ScatteredClouds;
2000/11/23;16:00;8.0;5.0;81%;1018hPa;9.0km;South;7.2km/h/2.0m/s;-;N/A;;ScatteredClouds;
2000/11/23;16:30;6.0;4.0;87%;1018hPa;8.0km;South;3.6km/h/1.0m/s;-;N/A;;ScatteredClouds;
2000/11/23;17:00;6.0;5.0;93%;1018hPa;8.0km;South;3.6km/h/1.0m/s;-;N/A;;ScatteredClouds;
2000/11/23;17:30;6.0;5.0;93%;1018hPa;8.0km;SSE;3.6km/h/1.0m/s;-;N/A;;PartlyCloudy;
2000/11/23;18:00;6.0;5.0;93%;1018hPa;8.0km;Variable;3.6km/h/1.0m/s;-;N/A;;PartlyCloudy;
2000/11/23;18:30;5.0;4.0;93%;1018hPa;8.0km;NNW;3.6km/h/1.0m/s;-;N/A;;Clear;
2000/11/23;19:00;4.0;3.0;93%;1017hPa;8.0km;WNW;3.6km/h/1.0m/s;-;N/A;;PartlyCloudy;
2000/11/23;19:30;4.0;3.0;93%;1017hPa;8.0km;Variable;3.6km/h/1.0m/s;-;N/A;;Clear;
2000/11/23;20:00;5.0;4.0;93%;1017hPa;8.0km;Variable;3.6km/h/1.0m/s;-;N/A;;Clear;
2000/11/23;20:30;4.0;3.0;93%;1017hPa;9.0km;North;3.6km/h/1.0m/s;-;N/A;;PartlyCloudy;
2000/11/23;21:00;4.0;3.0;93%;1017hPa;8.0km;NW;3.6km/h/1.0m/s;-;N/A;;PartlyCloudy;
2000/11/23;21:30;3.0;2.0;93%;1017hPa;8.0km;Variable;3.6km/h/1.0m/s;-;N/A;;Clear;
2000/11/23;22:00;3.0;2.0;93%;1017hPa;8.0km;Calm;Calm;-;N/A;;PartlyCloudy;
2000/11/23;22:30;4.0;3.0;93%;1017hPa;7.0km;North;3.6km/h/1.0m/s;-;N/A;;PartlyCloudy;
2000/11/23;23:00;2.0;1.0;93%;1017hPa;7.0km;Variable;3.6km/h/1.0m/s;-;N/A;;PartlyCloudy;
2000/11/23;23:30;2.0;2.0;100%;1017hPa;7.0km;Variable;3.6km/h/1.0m/s;-;N/A;;PartlyCloudy;
