2000/1/4;00:00;-5.0;-5.0;100%;1025hPa;3.5km;NE;7.2km/h/2.0m/s;-;N/A;;Overcast;
2000/1/4;00:30;-5.0;-5.0;100%;1024hPa;2.5km;NNE;3.6km/h/1.0m/s;-;N/A;;Overcast;
2000/1/4;01:00;-5.0;-5.0;100%;1025hPa;0.4km;NNW;3.6km/h/1.0m/s;-;N/A;Fog;LightFreezingFog;
2000/1/4;01:30;-5.0;-5.0;100%;1025hPa;0.5km;North;3.6km/h/1.0m/s;-;N/A;Fog;LightFreezingFog;
2000/1/4;02:00;-5.0;-5.0;100%;1025hPa;0.2km;NNE;3.6km/h/1.0m/s;-;N/A;Fog;LightFreezingFog;
2000/1/4;02:30;-5.0;-5.0;100%;1025hPa;0.3km;NNE;3.6km/h/1.0m/s;-;N/A;Fog;LightFreezingFog;
2000/1/4;03:00;-5.0;-5.0;100%;1024hPa;0.2km;Variable;3.6km/h/1.0m/s;-;N/A;Fog;LightFreezingFog;
2000/1/4;03:30;-5.0;-5.0;100%;1024hPa;0.9km;Variable;3.6km/h/1.0m/s;-;N/A;Fog;LightFreezingFog;
2000/1/4;04:00;-5.0;-5.0;100%;1024hPa;0.8km;ENE;3.6km/h/1.0m/s;-;N/A;Fog;LightFreezingFog;
2000/1/4;04:30;-5.0;-5.0;100%;1024hPa;0.4km;NE;3.6km/h/1.0m/s;-;N/A;Fog;LightFreezingFog;
2000/1/4;05:00;-5.0;-5.0;100%;1024hPa;2.0km;NE;3.6km/h/1.0m/s;-;N/A;;Overcast;
2000/1/4;05:30;-5.0;-5.0;100%;1024hPa;1.1km;Calm;Calm;-;N/A;;Overcast;
2000/1/4;06:00;-5.0;-5.0;100%;1024hPa;0.2km;North;3.6km/h/1.0m/s;-;N/A;Fog;LightFreezingFog;
2000/1/4;06:30;-5.0;-5.0;100%;1024hPa;0.6km;NNW;3.6km/h/1.0m/s;-;N/A;Fog;LightFreezingFog;
2000/1/4;07:00;-4.0;-5.0;93%;1024hPa;0.8km;North;3.6km/h/1.0m/s;-;N/A;Fog;LightFreezingFog;
2000/1/4;07:30;-4.0;-5.0;93%;1024hPa;1.2km;Calm;Calm;-;N/A;;Overcast;
2000/1/4;08:00;-4.0;-5.0;93%;1024hPa;2.5km;SE;3.6km/h/1.0m/s;-;N/A;;Overcast;
2000/1/4;08:30;-4.0;-5.0;93%;1024hPa;2.7km;Calm;Calm;-;N/A;;Overcast;
2000/1/4;09:00;-4.0;-5.0;93%;1024hPa;2.2km;Calm;Calm;-;N/A;;Overcast;
2000/1/4;09:30;-4.0;-5.0;93%;1024hPa;1.9km;SSW;3.6km/h/1.0m/s;-;N/A;;Overcast;
2000/1/4;10:00;-4.0;-5.0;93%;1025hPa;2.6km;SE;7.2km/h/2.0m/s;-;N/A;;Overcast;
2000/1/4;10:30;-4.0;-4.0;100%;1024hPa;2.1km;SSE;3.6km/h/1.0m/s;-;N/A;;Overcast;
2000/1/4;12:00;-3.0;-3.0;100%;1024hPa;1.2km;South;7.2km/h/2.0m/s;-;N/A;Snow;LightSnow;
2000/1/4;12:30;-3.0;-3.0;100%;1024hPa;1.6km;SSW;7.2km/h/2.0m/s;-;N/A;Snow;LightSnow;
2000/1/4;13:00;-3.0;-3.0;100%;1024hPa;1.4km;SSW;7.2km/h/2.0m/s;-;N/A;Snow;LightSnow;
2000/1/4;13:30;-3.0;-3.0;100%;1023hPa;1.2km;South;10.8km/h/3.0m/s;-;N/A;;Overcast;
2000/1/4;14:00;-3.0;-3.0;100%;1023hPa;1.0km;South;7.2km/h/2.0m/s;-;N/A;Snow;LightSnow;
2000/1/4;15:00;-3.0;-3.0;100%;1023hPa;0.8km;South;10.8km/h/3.0m/s;-;N/A;Fog,Snow;LightSnow;
2000/1/4;15:30;-3.0;-3.0;100%;1023hPa;0.9km;South;7.2km/h/2.0m/s;-;N/A;Fog,Snow;LightSnowGrains;
2000/1/4;16:00;-3.0;-3.0;100%;1023hPa;1.5km;South;10.8km/h/3.0m/s;-;N/A;Snow;LightSnowGrains;
2000/1/4;16:30;-3.0;-3.0;100%;1023hPa;1.4km;South;10.8km/h/3.0m/s;-;N/A;Snow;LightSnowGrains;
2000/1/4;17:00;-3.0;-3.0;100%;1023hPa;1.2km;South;10.8km/h/3.0m/s;-;N/A;Snow;LightSnowGrains;
2000/1/4;17:30;-3.0;-3.0;100%;1023hPa;1.2km;South;10.8km/h/3.0m/s;-;N/A;Snow;LightSnowGrains;
2000/1/4;18:00;-3.0;-3.0;100%;1023hPa;1.2km;South;10.8km/h/3.0m/s;-;N/A;Snow;LightSnowGrains;
2000/1/4;18:30;-3.0;-3.0;100%;1023hPa;2.0km;South;10.8km/h/3.0m/s;-;N/A;;Overcast;
2000/1/4;19:00;-3.0;-3.0;100%;1023hPa;3.0km;SSW;7.2km/h/2.0m/s;-;N/A;;Overcast;
2000/1/4;19:30;-3.0;-3.0;100%;1023hPa;3.0km;SSW;7.2km/h/2.0m/s;-;N/A;;Overcast;
2000/1/4;20:00;-3.0;-3.0;100%;1023hPa;3.0km;SSW;3.6km/h/1.0m/s;-;N/A;;Overcast;
2000/1/4;20:30;-3.0;-3.0;100%;1023hPa;3.0km;South;7.2km/h/2.0m/s;-;N/A;;Overcast;
2000/1/4;21:00;-3.0;-3.0;100%;1023hPa;3.0km;South;3.6km/h/1.0m/s;-;N/A;;Overcast;
2000/1/4;21:30;-3.0;-3.0;100%;1023hPa;1.0km;South;7.2km/h/2.0m/s;-;N/A;;Overcast;
2000/1/4;22:00;-3.0;-3.0;100%;1023hPa;0.8km;SSW;7.2km/h/2.0m/s;-;N/A;Fog;LightFreezingFog;
2000/1/4;22:30;-3.0;-3.0;100%;1023hPa;0.9km;South;7.2km/h/2.0m/s;-;N/A;Fog;LightFreezingFog;
2000/1/4;23:00;-3.0;-3.0;100%;1023hPa;0.9km;South;3.6km/h/1.0m/s;-;N/A;Fog;LightFreezingFog;
2000/1/4;23:30;-3.0;-3.0;100%;1023hPa;4.0km;South;7.2km/h/2.0m/s;-;N/A;Snow;LightSnowGrains;
