2000/7/27;00:00;17.0;16.0;94%;1009hPa;10.0km;Variable;3.6km/h/1.0m/s;-;N/A;;ScatteredClouds;
2000/7/27;00:30;17.0;15.0;88%;1009hPa;10.0km;NNW;7.2km/h/2.0m/s;-;N/A;;PartlyCloudy;
2000/7/27;01:00;17.0;15.0;88%;1010hPa;-;Calm;Calm;-;N/A;;Clear;
2000/7/27;02:00;16.0;14.0;88%;1010hPa;7.0km;Variable;3.6km/h/1.0m/s;-;N/A;;PartlyCloudy;
2000/7/27;02:30;15.0;14.0;94%;1010hPa;10.0km;Variable;3.6km/h/1.0m/s;-;N/A;;PartlyCloudy;
2000/7/27;03:00;15.0;14.0;94%;1011hPa;-;SW;7.2km/h/2.0m/s;-;N/A;;Clear;
2000/7/27;03:30;15.0;14.0;94%;1011hPa;-;Variable;7.2km/h/2.0m/s;-;N/A;;Clear;
2000/7/27;04:00;14.0;13.0;94%;1011hPa;-;Variable;3.6km/h/1.0m/s;-;N/A;;Clear;
2000/7/27;04:30;14.0;13.0;94%;1011hPa;-;Variable;3.6km/h/1.0m/s;-;N/A;;Clear;
2000/7/27;05:00;14.0;13.0;94%;1011hPa;10.0km;Calm;Calm;-;N/A;;PartlyCloudy;
2000/7/27;05:30;14.0;13.0;94%;1012hPa;1.5km;Variable;3.6km/h/1.0m/s;-;N/A;Fog;PatchesofFog;
2000/7/27;06:00;14.0;13.0;94%;1012hPa;5.0km;Variable;7.2km/h/2.0m/s;-;N/A;;ScatteredClouds;
2000/7/27;06:30;15.0;14.0;94%;1012hPa;4.5km;Variable;7.2km/h/2.0m/s;-;N/A;;MostlyCloudy;
2000/7/27;07:00;16.0;15.0;94%;1012hPa;4.5km;Variable;3.6km/h/1.0m/s;-;N/A;;MostlyCloudy;
2000/7/27;07:30;16.0;15.0;94%;1013hPa;5.0km;Variable;3.6km/h/1.0m/s;-;N/A;;MostlyCloudy;
2000/7/27;08:00;16.0;15.0;94%;1013hPa;2.5km;Variable;3.6km/h/1.0m/s;-;N/A;;MostlyCloudy;
2000/7/27;08:30;17.0;15.0;88%;1013hPa;2.5km;Variable;7.2km/h/2.0m/s;-;N/A;;Overcast;
2000/7/27;09:00;17.0;15.0;88%;1013hPa;1.3km;Variable;3.6km/h/1.0m/s;-;N/A;;Overcast;
2000/7/27;09:30;19.0;16.0;83%;1013hPa;1.5km;Variable;3.6km/h/1.0m/s;-;N/A;;MostlyCloudy;
2000/7/27;10:00;20.0;16.0;78%;1013hPa;5.0km;Variable;3.6km/h/1.0m/s;-;N/A;;ScatteredClouds;
2000/7/27;10:30;21.0;16.0;73%;1014hPa;7.0km;Variable;3.6km/h/1.0m/s;-;N/A;;ScatteredClouds;
2000/7/27;11:00;22.0;16.0;69%;1013hPa;8.0km;Variable;7.2km/h/2.0m/s;-;N/A;;ScatteredClouds;
2000/7/27;11:30;23.0;15.0;61%;1013hPa;10.0km;South;10.8km/h/3.0m/s;-;N/A;;ScatteredClouds;
2000/7/27;12:00;24.0;16.0;61%;1013hPa;10.0km;South;10.8km/h/3.0m/s;-;N/A;;ScatteredClouds;
2000/7/27;12:30;23.0;15.0;61%;1013hPa;10.0km;South;10.8km/h/3.0m/s;-;N/A;;ScatteredClouds;
2000/7/27;13:00;17.0;13.0;77%;1014hPa;3.0km;North;28.8km/h/8.0m/s;46.8km/h/13.0m/s;N/A;Rain,Thunderstorm;LightThunderstormsandRain;
2000/7/27;13:30;18.0;13.0;73%;1014hPa;10.0km;ENE;21.6km/h/6.0m/s;-;N/A;Rain;LightRainShowers;
2000/7/27;14:00;18.0;14.0;77%;1014hPa;10.0km;East;10.8km/h/3.0m/s;-;N/A;;MostlyCloudy;
2000/7/27;14:30;19.0;15.0;78%;1014hPa;10.0km;North;10.8km/h/3.0m/s;-;N/A;;ScatteredClouds;
2000/7/27;15:00;21.0;16.0;73%;1014hPa;10.0km;NE;14.4km/h/4.0m/s;-;N/A;;ScatteredClouds;
2000/7/27;15:30;23.0;15.0;61%;1014hPa;10.0km;ENE;10.8km/h/3.0m/s;-;N/A;;ScatteredClouds;
2000/7/27;16:00;24.0;15.0;57%;1014hPa;10.0km;ENE;14.4km/h/4.0m/s;-;N/A;;ScatteredClouds;
2000/7/27;16:30;24.0;14.0;53%;1014hPa;-;ENE;10.8km/h/3.0m/s;-;N/A;;Clear;
2000/7/27;17:00;24.0;14.0;53%;1014hPa;-;NNE;10.8km/h/3.0m/s;-;N/A;;Clear;
2000/7/27;17:30;23.0;14.0;57%;1014hPa;10.0km;NNE;14.4km/h/4.0m/s;-;N/A;;ScatteredClouds;
2000/7/27;18:00;23.0;14.0;57%;1014hPa;10.0km;North;21.6km/h/6.0m/s;-;N/A;;ScatteredClouds;
2000/7/27;18:30;23.0;13.0;53%;1014hPa;10.0km;North;14.4km/h/4.0m/s;-;N/A;;PartlyCloudy;
2000/7/27;19:00;23.0;12.0;50%;1015hPa;10.0km;North;18.0km/h/5.0m/s;-;N/A;;PartlyCloudy;
2000/7/27;19:30;22.0;13.0;57%;1015hPa;10.0km;North;14.4km/h/4.0m/s;-;N/A;;PartlyCloudy;
2000/7/27;20:00;21.0;13.0;60%;1015hPa;-;North;14.4km/h/4.0m/s;-;N/A;;Clear;
2000/7/27;20:30;20.0;14.0;68%;1015hPa;-;Variable;7.2km/h/2.0m/s;-;N/A;;Clear;
2000/7/27;21:00;19.0;13.0;68%;1015hPa;-;Variable;7.2km/h/2.0m/s;-;N/A;;Clear;
2000/7/27;21:30;17.0;13.0;77%;1015hPa;-;Variable;7.2km/h/2.0m/s;-;N/A;;Clear;
2000/7/27;22:00;17.0;13.0;77%;1015hPa;-;North;7.2km/h/2.0m/s;-;N/A;;Clear;
2000/7/27;22:30;18.0;13.0;73%;1015hPa;-;WSW;7.2km/h/2.0m/s;-;N/A;;Clear;
2000/7/27;23:00;17.0;13.0;77%;1015hPa;-;WNW;3.6km/h/1.0m/s;-;N/A;;Clear;
2000/7/27;23:30;16.0;13.0;82%;1015hPa;-;Variable;7.2km/h/2.0m/s;-;N/A;;Clear;
