2000/12/14;00:00;6.0;6.0;100%;1017hPa;0.4km;Variable;3.6km/h/1.0m/s;-;N/A;Fog;LightDrizzle;
2000/12/14;00:30;6.0;6.0;100%;1017hPa;0.9km;Variable;3.6km/h/1.0m/s;-;N/A;Fog;Fog;
2000/12/14;01:00;6.0;6.0;100%;1017hPa;1.3km;Variable;3.6km/h/1.0m/s;-;N/A;;Overcast;
2000/12/14;01:30;6.0;6.0;100%;1017hPa;1.1km;South;7.2km/h/2.0m/s;-;N/A;;Overcast;
2000/12/14;02:00;6.0;6.0;100%;1017hPa;1.2km;SSW;3.6km/h/1.0m/s;-;N/A;;Overcast;
2000/12/14;02:30;6.0;6.0;100%;1017hPa;1.0km;SSW;3.6km/h/1.0m/s;-;N/A;;Overcast;
2000/12/14;03:00;6.0;6.0;100%;1016hPa;1.1km;South;7.2km/h/2.0m/s;-;N/A;;Overcast;
2000/12/14;03:30;6.0;6.0;100%;1016hPa;1.4km;Variable;3.6km/h/1.0m/s;-;N/A;;LightDrizzle;
2000/12/14;04:00;5.0;5.0;100%;1016hPa;1.4km;Variable;3.6km/h/1.0m/s;-;N/A;;LightDrizzle;
2000/12/14;04:30;5.0;5.0;100%;1016hPa;1.6km;Variable;3.6km/h/1.0m/s;-;N/A;;LightDrizzle;
2000/12/14;05:00;5.0;5.0;100%;1016hPa;2.5km;SW;3.6km/h/1.0m/s;-;N/A;;LightDrizzle;
2000/12/14;05:30;5.0;5.0;100%;1015hPa;3.5km;Variable;3.6km/h/1.0m/s;-;N/A;;Overcast;
2000/12/14;06:00;5.0;5.0;100%;1015hPa;-;Variable;3.6km/h/1.0m/s;-;N/A;;Overcast;
2000/12/14;06:30;5.0;5.0;100%;1015hPa;2.8km;Variable;3.6km/h/1.0m/s;-;N/A;;Overcast;
2000/12/14;07:00;5.0;5.0;100%;1015hPa;3.0km;SSW;7.2km/h/2.0m/s;-;N/A;;Overcast;
2000/12/14;07:30;5.0;5.0;100%;1015hPa;2.5km;SW;10.8km/h/3.0m/s;-;N/A;;Overcast;
2000/12/14;08:00;5.0;5.0;100%;1015hPa;3.0km;Variable;3.6km/h/1.0m/s;-;N/A;;Overcast;
2000/12/14;08:30;5.0;5.0;100%;1015hPa;2.2km;WSW;7.2km/h/2.0m/s;-;N/A;;Overcast;
2000/12/14;09:00;5.0;5.0;100%;1015hPa;2.7km;Variable;3.6km/h/1.0m/s;-;N/A;;Overcast;
2000/12/14;09:30;5.0;5.0;100%;1015hPa;2.0km;Variable;7.2km/h/2.0m/s;-;N/A;;Overcast;
2000/12/14;10:00;5.0;5.0;100%;1015hPa;3.5km;Variable;7.2km/h/2.0m/s;-;N/A;;Overcast;
2000/12/14;10:30;5.0;5.0;100%;1015hPa;-;WSW;10.8km/h/3.0m/s;-;N/A;;Overcast;
2000/12/14;11:00;5.0;4.0;93%;1014hPa;-;SW;10.8km/h/3.0m/s;-;N/A;;Overcast;
2000/12/14;11:30;5.0;5.0;100%;1014hPa;3.0km;WSW;10.8km/h/3.0m/s;-;N/A;;Overcast;
2000/12/14;12:00;5.0;4.0;93%;1014hPa;3.5km;SSW;7.2km/h/2.0m/s;-;N/A;;Overcast;
2000/12/14;12:30;5.0;5.0;100%;1013hPa;-;SW;10.8km/h/3.0m/s;-;N/A;;Overcast;
2000/12/14;13:00;6.0;5.0;93%;1013hPa;4.0km;SSW;10.8km/h/3.0m/s;-;N/A;;Overcast;
2000/12/14;13:30;6.0;5.0;93%;1013hPa;-;SSW;10.8km/h/3.0m/s;-;N/A;;MostlyCloudy;
2000/12/14;14:00;6.0;5.0;93%;1013hPa;-;SSW;10.8km/h/3.0m/s;-;N/A;;Overcast;
2000/12/14;14:30;6.0;5.0;93%;1013hPa;3.0km;SSW;10.8km/h/3.0m/s;-;N/A;;MostlyCloudy;
2000/12/14;15:00;5.0;5.0;100%;1012hPa;5.0km;SW;10.8km/h/3.0m/s;-;N/A;;MostlyCloudy;
2000/12/14;15:30;5.0;4.0;93%;1012hPa;3.0km;Variable;7.2km/h/2.0m/s;-;N/A;;MostlyCloudy;
2000/12/14;16:00;5.0;4.0;93%;1012hPa;2.9km;Calm;Calm;-;N/A;;MostlyCloudy;
2000/12/14;16:30;4.0;4.0;100%;1012hPa;3.0km;Variable;3.6km/h/1.0m/s;-;N/A;;MostlyCloudy;
2000/12/14;17:00;4.0;3.0;93%;1012hPa;3.0km;South;3.6km/h/1.0m/s;-;N/A;;MostlyCloudy;
2000/12/14;17:30;4.0;3.0;93%;1012hPa;5.0km;Calm;Calm;-;N/A;;MostlyCloudy;
2000/12/14;18:00;4.0;4.0;100%;1011hPa;4.5km;SE;3.6km/h/1.0m/s;-;N/A;;MostlyCloudy;
2000/12/14;18:30;4.0;4.0;100%;1011hPa;1.0km;Variable;3.6km/h/1.0m/s;-;N/A;;MostlyCloudy;
2000/12/14;19:00;4.0;3.0;93%;1011hPa;0.6km;East;3.6km/h/1.0m/s;-;N/A;Fog;Fog;
2000/12/14;19:30;4.0;3.0;93%;1011hPa;0.3km;SE;3.6km/h/1.0m/s;-;N/A;Fog;Fog;
2000/12/14;20:00;4.0;4.0;100%;1011hPa;0.2km;SE;7.2km/h/2.0m/s;-;N/A;Fog;Fog;
2000/12/14;20:30;3.0;3.0;100%;1010hPa;0.3km;Variable;3.6km/h/1.0m/s;-;N/A;Fog;Fog;
2000/12/14;21:00;4.0;4.0;100%;1010hPa;1.8km;West;7.2km/h/2.0m/s;-;N/A;;Overcast;
2000/12/14;21:30;5.0;5.0;100%;1009hPa;5.0km;Variable;3.6km/h/1.0m/s;-;N/A;;Overcast;
2000/12/14;22:00;4.0;4.0;100%;1009hPa;3.0km;SSW;3.6km/h/1.0m/s;-;N/A;;Overcast;
2000/12/14;22:30;4.0;4.0;100%;1009hPa;0.3km;Variable;3.6km/h/1.0m/s;-;N/A;Fog;Fog;
2000/12/14;23:00;4.0;4.0;100%;1008hPa;0.3km;Calm;Calm;-;N/A;Fog;Fog;
2000/12/14;23:30;4.0;4.0;100%;1008hPa;1.8km;Calm;Calm;-;N/A;;Overcast;
