2000/8/1;00:00;15.0;10.0;72%;1023hPa;-;NNW;7.2km/h/2.0m/s;-;N/A;;Clear;
2000/8/1;00:30;14.0;10.0;77%;1023hPa;-;Variable;3.6km/h/1.0m/s;-;N/A;;Clear;
2000/8/1;01:00;12.0;10.0;88%;1023hPa;-;Calm;Calm;-;N/A;;Clear;
2000/8/1;01:30;12.0;11.0;94%;1023hPa;-;NNE;3.6km/h/1.0m/s;-;N/A;;Clear;
2000/8/1;02:00;12.0;10.0;88%;1023hPa;-;Variable;3.6km/h/1.0m/s;-;N/A;;Clear;
2000/8/1;02:30;12.0;10.0;88%;1023hPa;-;WNW;3.6km/h/1.0m/s;-;N/A;;Clear;
2000/8/1;03:00;12.0;10.0;88%;1023hPa;-;Variable;3.6km/h/1.0m/s;-;N/A;;Clear;
2000/8/1;03:30;12.0;10.0;88%;1023hPa;-;North;7.2km/h/2.0m/s;-;N/A;;Clear;
2000/8/1;04:00;12.0;11.0;94%;1023hPa;-;Variable;3.6km/h/1.0m/s;-;N/A;;Clear;
2000/8/1;04:30;12.0;10.0;88%;1023hPa;-;NE;3.6km/h/1.0m/s;-;N/A;;Clear;
2000/8/1;05:00;12.0;11.0;94%;1023hPa;-;Calm;Calm;-;N/A;;Clear;
2000/8/1;05:30;12.0;11.0;94%;1023hPa;-;Calm;Calm;-;N/A;;Clear;
2000/8/1;06:00;13.0;11.0;88%;1023hPa;-;Calm;Calm;-;N/A;;Clear;
2000/8/1;06:30;13.0;11.0;88%;1023hPa;10.0km;Variable;3.6km/h/1.0m/s;-;N/A;;MostlyCloudy;
2000/8/1;07:00;14.0;12.0;88%;1023hPa;10.0km;Variable;3.6km/h/1.0m/s;-;N/A;;ScatteredClouds;
2000/8/1;07:30;16.0;12.0;77%;1023hPa;10.0km;Variable;3.6km/h/1.0m/s;-;N/A;;ScatteredClouds;
2000/8/1;08:00;17.0;12.0;72%;1023hPa;10.0km;Variable;3.6km/h/1.0m/s;-;N/A;;PartlyCloudy;
2000/8/1;08:30;18.0;12.0;68%;1023hPa;-;Variable;3.6km/h/1.0m/s;-;N/A;;Clear;
2000/8/1;09:00;19.0;12.0;64%;1023hPa;10.0km;Variable;7.2km/h/2.0m/s;-;N/A;;ScatteredClouds;
2000/8/1;09:30;20.0;11.0;56%;1023hPa;10.0km;Variable;3.6km/h/1.0m/s;-;N/A;;PartlyCloudy;
2000/8/1;10:00;21.0;13.0;60%;1023hPa;10.0km;Variable;7.2km/h/2.0m/s;-;N/A;;ScatteredClouds;
2000/8/1;10:30;20.0;11.0;56%;1023hPa;10.0km;North;10.8km/h/3.0m/s;-;N/A;;ScatteredClouds;
2000/8/1;11:00;20.0;11.0;56%;1023hPa;10.0km;Variable;7.2km/h/2.0m/s;-;N/A;;ScatteredClouds;
2000/8/1;11:30;21.0;11.0;53%;1023hPa;10.0km;Variable;7.2km/h/2.0m/s;-;N/A;;ScatteredClouds;
2000/8/1;12:00;22.0;11.0;50%;1023hPa;10.0km;Variable;7.2km/h/2.0m/s;-;N/A;;ScatteredClouds;
2000/8/1;12:30;21.0;12.0;56%;1023hPa;10.0km;Variable;3.6km/h/1.0m/s;-;N/A;;MostlyCloudy;
2000/8/1;13:00;21.0;10.0;49%;1023hPa;10.0km;NNE;10.8km/h/3.0m/s;-;N/A;;ScatteredClouds;
2000/8/1;13:30;22.0;12.0;53%;1023hPa;10.0km;Variable;7.2km/h/2.0m/s;-;N/A;;ScatteredClouds;
2000/8/1;14:00;22.0;9.0;43%;1023hPa;10.0km;Variable;7.2km/h/2.0m/s;-;N/A;;ScatteredClouds;
2000/8/1;14:30;22.0;11.0;50%;1022hPa;10.0km;NE;10.8km/h/3.0m/s;-;N/A;;ScatteredClouds;
2000/8/1;15:00;23.0;11.0;47%;1022hPa;-;NNE;14.4km/h/4.0m/s;-;N/A;;Clear;
2000/8/1;15:30;22.0;10.0;46%;1022hPa;-;North;14.4km/h/4.0m/s;-;N/A;;Clear;
2000/8/1;16:00;22.0;12.0;53%;1022hPa;10.0km;NE;10.8km/h/3.0m/s;-;N/A;;ScatteredClouds;
2000/8/1;16:30;23.0;10.0;44%;1022hPa;-;Variable;7.2km/h/2.0m/s;-;N/A;;Clear;
2000/8/1;17:00;22.0;13.0;57%;1022hPa;-;NE;10.8km/h/3.0m/s;-;N/A;;Clear;
2000/8/1;17:30;23.0;11.0;47%;1022hPa;-;ENE;10.8km/h/3.0m/s;-;N/A;;Clear;
2000/8/1;18:00;22.0;11.0;50%;1022hPa;-;North;10.8km/h/3.0m/s;-;N/A;;Clear;
2000/8/1;18:30;22.0;10.0;46%;1022hPa;-;Variable;7.2km/h/2.0m/s;-;N/A;;Clear;
2000/8/1;19:00;21.0;12.0;56%;1022hPa;-;NNE;10.8km/h/3.0m/s;-;N/A;;Clear;
2000/8/1;19:30;21.0;11.0;53%;1022hPa;-;NNE;14.4km/h/4.0m/s;-;N/A;;Clear;
2000/8/1;20:00;19.0;12.0;64%;1022hPa;-;NE;7.2km/h/2.0m/s;-;N/A;;Clear;
2000/8/1;20:30;19.0;13.0;68%;1023hPa;-;Variable;7.2km/h/2.0m/s;-;N/A;;Clear;
2000/8/1;21:00;17.0;12.0;72%;1023hPa;-;Variable;3.6km/h/1.0m/s;-;N/A;;Clear;
2000/8/1;21:30;16.0;12.0;77%;1023hPa;-;Calm;Calm;-;N/A;;Clear;
2000/8/1;22:00;15.0;12.0;82%;1023hPa;-;North;7.2km/h/2.0m/s;-;N/A;;Clear;
2000/8/1;22:30;15.0;11.0;77%;1023hPa;-;North;7.2km/h/2.0m/s;-;N/A;;Clear;
2000/8/1;23:00;14.0;11.0;82%;1023hPa;-;North;7.2km/h/2.0m/s;-;N/A;;Clear;
2000/8/1;23:30;13.0;10.0;82%;1023hPa;-;North;7.2km/h/2.0m/s;-;N/A;;Clear;
