2000/11/26;00:00;8.0;4.0;76%;1012hPa;-;North;10.8km/h/3.0m/s;-;N/A;;Clear;
2000/11/26;00:30;8.0;5.0;81%;1012hPa;-;Variable;7.2km/h/2.0m/s;-;N/A;;Clear;
2000/11/26;01:00;8.0;4.0;76%;1011hPa;-;North;14.4km/h/4.0m/s;-;N/A;;Clear;
2000/11/26;01:30;8.0;4.0;76%;1011hPa;-;North;10.8km/h/3.0m/s;-;N/A;;Clear;
2000/11/26;02:00;8.0;4.0;76%;1011hPa;-;North;14.4km/h/4.0m/s;-;N/A;;Clear;
2000/11/26;02:30;7.0;4.0;81%;1010hPa;-;North;10.8km/h/3.0m/s;-;N/A;;Clear;
2000/11/26;03:00;7.0;4.0;81%;1010hPa;-;North;10.8km/h/3.0m/s;-;N/A;;Clear;
2000/11/26;03:30;7.0;4.0;81%;1010hPa;-;North;14.4km/h/4.0m/s;-;N/A;;Clear;
2000/11/26;04:00;8.0;4.0;76%;1009hPa;10.0km;North;10.8km/h/3.0m/s;-;N/A;Rain;LightRain;
2000/11/26;04:30;8.0;4.0;76%;1009hPa;-;North;10.8km/h/3.0m/s;-;N/A;;Clear;
2000/11/26;05:00;8.0;5.0;81%;1009hPa;-;North;10.8km/h/3.0m/s;-;N/A;;Clear;
2000/11/26;05:30;8.0;5.0;81%;1009hPa;10.0km;North;10.8km/h/3.0m/s;-;N/A;;Overcast;
2000/11/26;06:00;8.0;5.0;81%;1009hPa;10.0km;North;7.2km/h/2.0m/s;-;N/A;Rain;LightRain;
2000/11/26;06:30;8.0;5.0;81%;1009hPa;10.0km;Variable;3.6km/h/1.0m/s;-;N/A;Rain;LightRain;
2000/11/26;07:00;8.0;5.0;81%;1009hPa;10.0km;Variable;3.6km/h/1.0m/s;-;N/A;Rain;LightRain;
2000/11/26;07:30;8.0;6.0;87%;1008hPa;10.0km;NNW;7.2km/h/2.0m/s;-;N/A;Rain;LightRain;
2000/11/26;08:00;7.0;6.0;93%;1008hPa;10.0km;North;10.8km/h/3.0m/s;-;N/A;Rain;LightRain;
2000/11/26;08:30;7.0;7.0;100%;1008hPa;10.0km;North;7.2km/h/2.0m/s;-;N/A;Rain;LightRain;
2000/11/26;09:00;7.0;6.0;93%;1008hPa;10.0km;NE;7.2km/h/2.0m/s;-;N/A;Rain;LightRain;
2000/11/26;09:30;8.0;6.0;87%;1008hPa;10.0km;Variable;7.2km/h/2.0m/s;-;N/A;Rain;LightRain;
2000/11/26;10:00;8.0;6.0;87%;1007hPa;10.0km;North;7.2km/h/2.0m/s;-;N/A;Rain;LightRain;
2000/11/26;10:30;8.0;7.0;93%;1007hPa;10.0km;Variable;3.6km/h/1.0m/s;-;N/A;;Overcast;
2000/11/26;11:00;8.0;7.0;93%;1007hPa;10.0km;North;3.6km/h/1.0m/s;-;N/A;Rain;LightRain;
2000/11/26;11:30;8.0;7.0;93%;1006hPa;10.0km;NNE;3.6km/h/1.0m/s;-;N/A;;Overcast;
2000/11/26;12:00;8.0;7.0;93%;1006hPa;10.0km;Variable;3.6km/h/1.0m/s;-;N/A;Rain;LightRain;
2000/11/26;12:30;8.0;7.0;93%;1006hPa;10.0km;Variable;7.2km/h/2.0m/s;-;N/A;Rain;LightRain;
2000/11/26;13:00;8.0;7.0;93%;1005hPa;10.0km;SSE;10.8km/h/3.0m/s;-;N/A;Rain;LightRain;
2000/11/26;13:30;8.0;7.0;93%;1005hPa;10.0km;SSE;14.4km/h/4.0m/s;-;N/A;Rain;LightRain;
2000/11/26;14:00;8.0;7.0;93%;1005hPa;7.0km;SSE;10.8km/h/3.0m/s;-;N/A;Rain;LightRain;
2000/11/26;14:30;8.0;8.0;100%;1005hPa;8.0km;SSE;7.2km/h/2.0m/s;-;N/A;Rain;LightRain;
2000/11/26;15:00;8.0;7.0;93%;1005hPa;7.0km;South;10.8km/h/3.0m/s;-;N/A;Rain;LightRain;
2000/11/26;15:30;8.0;7.0;93%;1005hPa;7.0km;South;10.8km/h/3.0m/s;-;N/A;Rain;LightRain;
2000/11/26;16:00;8.0;7.0;93%;1005hPa;7.0km;South;10.8km/h/3.0m/s;-;N/A;Rain;LightRain;
2000/11/26;16:30;8.0;8.0;100%;1005hPa;8.0km;South;21.6km/h/6.0m/s;-;N/A;Rain;LightRain;
2000/11/26;17:00;8.0;7.0;93%;1006hPa;10.0km;South;21.6km/h/6.0m/s;-;N/A;;Overcast;
2000/11/26;17:30;7.0;7.0;100%;1005hPa;10.0km;South;14.4km/h/4.0m/s;-;N/A;;ScatteredClouds;
2000/11/26;18:00;8.0;7.0;93%;1006hPa;10.0km;South;18.0km/h/5.0m/s;-;N/A;;MostlyCloudy;
2000/11/26;18:30;8.0;7.0;93%;1006hPa;10.0km;South;10.8km/h/3.0m/s;-;N/A;;ScatteredClouds;
2000/11/26;19:00;8.0;7.0;93%;1006hPa;8.0km;South;14.4km/h/4.0m/s;-;N/A;;ScatteredClouds;
2000/11/26;19:30;8.0;7.0;93%;1006hPa;6.0km;South;7.2km/h/2.0m/s;-;N/A;;MostlyCloudy;
2000/11/26;20:00;8.0;8.0;100%;1006hPa;5.0km;South;10.8km/h/3.0m/s;-;N/A;;Overcast;
2000/11/26;20:30;8.0;7.0;93%;1007hPa;5.0km;SSW;14.4km/h/4.0m/s;-;N/A;;Overcast;
2000/11/26;21:00;8.0;7.0;93%;1007hPa;5.0km;South;10.8km/h/3.0m/s;-;N/A;;MostlyCloudy;
2000/11/26;21:30;8.0;7.0;93%;1007hPa;5.0km;South;10.8km/h/3.0m/s;-;N/A;;Overcast;
2000/11/26;22:00;7.0;6.0;93%;1007hPa;5.0km;South;10.8km/h/3.0m/s;-;N/A;;Overcast;
2000/11/26;22:30;7.0;7.0;100%;1007hPa;6.0km;South;7.2km/h/2.0m/s;-;N/A;;Overcast;
2000/11/26;23:00;7.0;7.0;100%;1007hPa;5.0km;Variable;7.2km/h/2.0m/s;-;N/A;;MostlyCloudy;
2000/11/26;23:30;6.0;5.0;93%;1007hPa;3.5km;SSE;3.6km/h/1.0m/s;-;N/A;;MostlyCloudy;
