2000/7/24;00:00;14.0;12.0;88%;1016hPa;-;Variable;3.6km/h/1.0m/s;-;N/A;;Clear;
2000/7/24;00:30;14.0;12.0;88%;1016hPa;-;Calm;Calm;-;N/A;;Clear;
2000/7/24;01:00;13.0;12.0;94%;1015hPa;-;North;7.2km/h/2.0m/s;-;N/A;;Clear;
2000/7/24;01:30;13.0;11.0;88%;1015hPa;-;North;3.6km/h/1.0m/s;-;N/A;;Clear;
2000/7/24;02:00;13.0;11.0;88%;1015hPa;-;NNE;7.2km/h/2.0m/s;-;N/A;;Clear;
2000/7/24;02:30;13.0;11.0;88%;1015hPa;-;WNW;3.6km/h/1.0m/s;-;N/A;;Clear;
2000/7/24;03:00;13.0;11.0;88%;1015hPa;-;North;3.6km/h/1.0m/s;-;N/A;;Clear;
2000/7/24;03:30;12.0;11.0;94%;1015hPa;-;North;10.8km/h/3.0m/s;-;N/A;;Clear;
2000/7/24;04:00;12.0;11.0;94%;1014hPa;-;NNW;7.2km/h/2.0m/s;-;N/A;;Clear;
2000/7/24;04:30;13.0;11.0;88%;1014hPa;-;North;7.2km/h/2.0m/s;-;N/A;;Clear;
2000/7/24;05:00;13.0;11.0;88%;1014hPa;-;Variable;7.2km/h/2.0m/s;-;N/A;;Clear;
2000/7/24;05:30;13.0;12.0;94%;1014hPa;-;North;3.6km/h/1.0m/s;-;N/A;;Clear;
2000/7/24;06:00;14.0;12.0;88%;1014hPa;10.0km;Variable;3.6km/h/1.0m/s;-;N/A;Rain;LightRain;
2000/7/24;06:30;14.0;13.0;94%;1014hPa;-;Variable;3.6km/h/1.0m/s;-;N/A;;Clear;
2000/7/24;07:00;14.0;13.0;94%;1014hPa;-;WNW;3.6km/h/1.0m/s;-;N/A;;Clear;
2000/7/24;07:30;15.0;13.0;88%;1014hPa;-;Calm;Calm;-;N/A;;Clear;
2000/7/24;08:00;15.0;13.0;88%;1014hPa;10.0km;Variable;3.6km/h/1.0m/s;-;N/A;Rain;LightRain;
2000/7/24;08:30;15.0;13.0;88%;1014hPa;7.0km;Variable;3.6km/h/1.0m/s;-;N/A;Rain;LightRain;
2000/7/24;09:00;16.0;14.0;88%;1013hPa;8.0km;Variable;3.6km/h/1.0m/s;-;N/A;;MostlyCloudy;
2000/7/24;09:30;16.0;13.0;82%;1013hPa;10.0km;Variable;7.2km/h/2.0m/s;-;N/A;;MostlyCloudy;
2000/7/24;10:00;17.0;14.0;82%;1013hPa;10.0km;Variable;7.2km/h/2.0m/s;-;N/A;Rain;LightRain;
2000/7/24;10:30;17.0;14.0;82%;1013hPa;10.0km;Variable;3.6km/h/1.0m/s;-;N/A;Rain;LightRain;
2000/7/24;11:00;18.0;14.0;77%;1013hPa;10.0km;Variable;7.2km/h/2.0m/s;-;N/A;;Overcast;
2000/7/24;11:30;18.0;14.0;77%;1013hPa;10.0km;Variable;3.6km/h/1.0m/s;-;N/A;;MostlyCloudy;
2000/7/24;12:00;19.0;14.0;73%;1013hPa;10.0km;Variable;3.6km/h/1.0m/s;-;N/A;;MostlyCloudy;
2000/7/24;12:30;20.0;14.0;68%;1012hPa;10.0km;Variable;7.2km/h/2.0m/s;-;N/A;;MostlyCloudy;
2000/7/24;13:00;20.0;14.0;68%;1012hPa;10.0km;Variable;7.2km/h/2.0m/s;-;N/A;;MostlyCloudy;
2000/7/24;13:30;20.0;15.0;73%;1012hPa;10.0km;NE;10.8km/h/3.0m/s;-;N/A;;MostlyCloudy;
2000/7/24;14:00;19.0;14.0;73%;1012hPa;10.0km;Variable;7.2km/h/2.0m/s;-;N/A;Rain;LightRain;
2000/7/24;14:30;19.0;14.0;73%;1012hPa;10.0km;NNE;14.4km/h/4.0m/s;-;N/A;;Overcast;
2000/7/24;15:00;19.0;15.0;78%;1012hPa;10.0km;North;10.8km/h/3.0m/s;-;N/A;;MostlyCloudy;
2000/7/24;15:30;19.0;15.0;78%;1012hPa;10.0km;North;10.8km/h/3.0m/s;-;N/A;;MostlyCloudy;
2000/7/24;16:00;20.0;14.0;68%;1012hPa;10.0km;NNE;10.8km/h/3.0m/s;-;N/A;;Overcast;
2000/7/24;16:30;20.0;15.0;73%;1012hPa;10.0km;NE;10.8km/h/3.0m/s;-;N/A;;MostlyCloudy;
2000/7/24;17:00;20.0;15.0;73%;1012hPa;10.0km;NNE;10.8km/h/3.0m/s;-;N/A;;MostlyCloudy;
2000/7/24;17:30;20.0;15.0;73%;1012hPa;10.0km;Variable;7.2km/h/2.0m/s;-;N/A;;MostlyCloudy;
2000/7/24;18:00;20.0;15.0;73%;1011hPa;10.0km;North;14.4km/h/4.0m/s;-;N/A;;MostlyCloudy;
2000/7/24;18:30;20.0;15.0;73%;1011hPa;10.0km;North;10.8km/h/3.0m/s;-;N/A;;MostlyCloudy;
2000/7/24;19:00;20.0;15.0;73%;1011hPa;10.0km;North;7.2km/h/2.0m/s;-;N/A;;ScatteredClouds;
2000/7/24;19:30;20.0;15.0;73%;1011hPa;10.0km;North;7.2km/h/2.0m/s;-;N/A;;ScatteredClouds;
2000/7/24;20:00;19.0;15.0;78%;1011hPa;10.0km;North;7.2km/h/2.0m/s;-;N/A;;MostlyCloudy;
2000/7/24;20:30;19.0;15.0;78%;1011hPa;10.0km;NNE;7.2km/h/2.0m/s;-;N/A;;MostlyCloudy;
2000/7/24;21:00;18.0;15.0;83%;1011hPa;-;Variable;3.6km/h/1.0m/s;-;N/A;;Clear;
2000/7/24;21:30;17.0;15.0;88%;1011hPa;-;North;3.6km/h/1.0m/s;-;N/A;;Clear;
2000/7/24;22:00;16.0;14.0;88%;1011hPa;-;Variable;3.6km/h/1.0m/s;-;N/A;;Clear;
2000/7/24;22:30;16.0;14.0;88%;1011hPa;-;NNW;3.6km/h/1.0m/s;-;N/A;;Clear;
2000/7/24;23:30;15.0;14.0;94%;1011hPa;-;Variable;7.2km/h/2.0m/s;-;N/A;;Clear;
