2000/9/19;00:00;8.0;4.0;76%;1013hPa;10.0km;North;18.0km/h/5.0m/s;-;N/A;;MostlyCloudy;
2000/9/19;00:30;8.0;4.0;76%;1014hPa;10.0km;NNE;18.0km/h/5.0m/s;-;N/A;;MostlyCloudy;
2000/9/19;01:00;8.0;4.0;76%;1014hPa;10.0km;NNE;18.0km/h/5.0m/s;-;N/A;;MostlyCloudy;
2000/9/19;01:30;8.0;4.0;76%;1014hPa;10.0km;NE;10.8km/h/3.0m/s;-;N/A;;MostlyCloudy;
2000/9/19;02:00;8.0;3.0;71%;1013hPa;10.0km;NNE;18.0km/h/5.0m/s;-;N/A;;MostlyCloudy;
2000/9/19;02:30;8.0;3.0;71%;1013hPa;10.0km;NNE;21.6km/h/6.0m/s;-;N/A;;MostlyCloudy;
2000/9/19;03:00;8.0;3.0;71%;1013hPa;10.0km;NNE;18.0km/h/5.0m/s;-;N/A;;ScatteredClouds;
2000/9/19;03:30;8.0;3.0;71%;1013hPa;10.0km;NNE;18.0km/h/5.0m/s;-;N/A;;ScatteredClouds;
2000/9/19;04:00;8.0;3.0;71%;1013hPa;10.0km;NNE;18.0km/h/5.0m/s;-;N/A;;MostlyCloudy;
2000/9/19;04:30;8.0;3.0;71%;1013hPa;10.0km;NNE;18.0km/h/5.0m/s;-;N/A;;MostlyCloudy;
2000/9/19;05:00;8.0;4.0;76%;1013hPa;10.0km;NNE;21.6km/h/6.0m/s;-;N/A;;MostlyCloudy;
2000/9/19;05:30;8.0;4.0;76%;1013hPa;10.0km;North;21.6km/h/6.0m/s;-;N/A;;MostlyCloudy;
2000/9/19;06:00;8.0;3.0;71%;1013hPa;10.0km;North;18.0km/h/5.0m/s;-;N/A;;MostlyCloudy;
2000/9/19;06:30;7.0;4.0;81%;1013hPa;10.0km;NNE;25.2km/h/7.0m/s;-;N/A;;MostlyCloudy;
2000/9/19;07:00;8.0;4.0;76%;1013hPa;10.0km;NNE;21.6km/h/6.0m/s;-;N/A;;MostlyCloudy;
2000/9/19;07:30;8.0;3.0;71%;1013hPa;10.0km;NNE;21.6km/h/6.0m/s;-;N/A;;MostlyCloudy;
2000/9/19;08:00;8.0;3.0;71%;1014hPa;10.0km;North;25.2km/h/7.0m/s;-;N/A;;MostlyCloudy;
2000/9/19;08:30;8.0;4.0;76%;1014hPa;10.0km;NNE;21.6km/h/6.0m/s;-;N/A;;MostlyCloudy;
2000/9/19;09:00;8.0;3.0;71%;1014hPa;10.0km;NNE;21.6km/h/6.0m/s;-;N/A;;MostlyCloudy;
2000/9/19;09:30;9.0;4.0;71%;1014hPa;10.0km;NNE;28.8km/h/8.0m/s;-;N/A;;MostlyCloudy;
2000/9/19;10:00;9.0;3.0;66%;1014hPa;10.0km;North;25.2km/h/7.0m/s;-;N/A;;MostlyCloudy;
2000/9/19;10:30;9.0;4.0;71%;1014hPa;10.0km;North;25.2km/h/7.0m/s;-;N/A;;MostlyCloudy;
2000/9/19;11:00;10.0;4.0;66%;1014hPa;10.0km;North;21.6km/h/6.0m/s;-;N/A;;MostlyCloudy;
2000/9/19;11:30;11.0;4.0;62%;1014hPa;10.0km;NNE;21.6km/h/6.0m/s;-;N/A;;MostlyCloudy;
2000/9/19;12:00;12.0;4.0;58%;1014hPa;10.0km;NNE;18.0km/h/5.0m/s;-;N/A;;PartlyCloudy;
2000/9/19;12:30;13.0;5.0;58%;1014hPa;10.0km;NE;14.4km/h/4.0m/s;-;N/A;;PartlyCloudy;
2000/9/19;13:00;13.0;5.0;58%;1014hPa;10.0km;NNE;10.8km/h/3.0m/s;-;N/A;;PartlyCloudy;
2000/9/19;13:30;14.0;5.0;55%;1014hPa;10.0km;East;10.8km/h/3.0m/s;-;N/A;;PartlyCloudy;
2000/9/19;14:00;14.0;5.0;55%;1013hPa;-;ENE;10.8km/h/3.0m/s;-;N/A;;Clear;
2000/9/19;14:30;13.0;6.0;63%;1013hPa;-;East;10.8km/h/3.0m/s;-;N/A;;Clear;
2000/9/19;15:00;14.0;6.0;59%;1013hPa;-;Variable;7.2km/h/2.0m/s;-;N/A;;Clear;
2000/9/19;15:30;14.0;6.0;59%;1013hPa;-;Variable;7.2km/h/2.0m/s;-;N/A;;Clear;
2000/9/19;16:00;14.0;6.0;59%;1013hPa;-;Variable;7.2km/h/2.0m/s;-;N/A;;Clear;
2000/9/19;16:30;14.0;7.0;63%;1013hPa;-;Variable;3.6km/h/1.0m/s;-;N/A;;Clear;
2000/9/19;17:00;14.0;7.0;63%;1013hPa;-;Variable;3.6km/h/1.0m/s;-;N/A;;Clear;
2000/9/19;17:30;14.0;7.0;63%;1013hPa;-;South;7.2km/h/2.0m/s;-;N/A;;Clear;
2000/9/19;18:00;14.0;8.0;67%;1013hPa;-;Variable;3.6km/h/1.0m/s;-;N/A;;Clear;
2000/9/19;18:30;13.0;8.0;72%;1013hPa;-;Variable;3.6km/h/1.0m/s;-;N/A;;Clear;
2000/9/19;19:00;12.0;8.0;77%;1013hPa;-;East;7.2km/h/2.0m/s;-;N/A;;Clear;
2000/9/19;19:30;11.0;7.0;76%;1013hPa;-;Variable;3.6km/h/1.0m/s;-;N/A;;Clear;
2000/9/19;20:00;11.0;8.0;82%;1013hPa;10.0km;Variable;3.6km/h/1.0m/s;-;N/A;;ScatteredClouds;
2000/9/19;20:30;11.0;8.0;82%;1013hPa;10.0km;Variable;3.6km/h/1.0m/s;-;N/A;;ScatteredClouds;
2000/9/19;21:00;11.0;8.0;82%;1013hPa;10.0km;Calm;Calm;-;N/A;;ScatteredClouds;
2000/9/19;21:30;11.0;8.0;82%;1013hPa;10.0km;North;3.6km/h/1.0m/s;-;N/A;;ScatteredClouds;
2000/9/19;22:00;11.0;8.0;82%;1013hPa;10.0km;North;7.2km/h/2.0m/s;-;N/A;;ScatteredClouds;
2000/9/19;22:30;11.0;8.0;82%;1013hPa;10.0km;Variable;3.6km/h/1.0m/s;-;N/A;;MostlyCloudy;
2000/9/19;23:00;11.0;8.0;82%;1014hPa;10.0km;Variable;3.6km/h/1.0m/s;-;N/A;;MostlyCloudy;
2000/9/19;23:30;11.0;7.0;76%;1014hPa;10.0km;Variable;3.6km/h/1.0m/s;-;N/A;;MostlyCloudy;
