2000/2/19;00:30;-4.0;-6.0;86%;1009hPa;10.0km;Variable;3.6km/h/1.0m/s;-;N/A;;ScatteredClouds;
2000/2/19;01:00;-4.0;-6.0;86%;1009hPa;10.0km;NNE;3.6km/h/1.0m/s;-;N/A;;ScatteredClouds;
2000/2/19;02:30;-5.0;-6.0;93%;1008hPa;10.0km;SSW;7.2km/h/2.0m/s;-;N/A;;MostlyCloudy;
2000/2/19;03:00;-6.0;-7.0;93%;1008hPa;10.0km;ESE;7.2km/h/2.0m/s;-;N/A;;MostlyCloudy;
2000/2/19;03:30;-7.0;-9.0;86%;1008hPa;10.0km;ESE;7.2km/h/2.0m/s;-;N/A;;ScatteredClouds;
2000/2/19;04:00;-8.0;-9.0;93%;1008hPa;10.0km;Calm;Calm;-;N/A;;ScatteredClouds;
2000/2/19;04:30;-8.0;-8.0;100%;1009hPa;10.0km;NW;3.6km/h/1.0m/s;-;N/A;;ScatteredClouds;
2000/2/19;05:00;-8.0;-10.0;86%;1009hPa;10.0km;North;7.2km/h/2.0m/s;-;N/A;;ScatteredClouds;
2000/2/19;05:30;-7.0;-8.0;93%;1008hPa;3.0km;North;3.6km/h/1.0m/s;-;N/A;;ScatteredClouds;
2000/2/19;06:00;-8.0;-10.0;86%;1008hPa;-;NW;7.2km/h/2.0m/s;-;N/A;;Clear;
2000/2/19;06:30;-8.0;-9.0;93%;1008hPa;-;NNW;7.2km/h/2.0m/s;-;N/A;;Clear;
2000/2/19;07:00;-6.0;-7.0;93%;1008hPa;-;NW;7.2km/h/2.0m/s;-;N/A;;Clear;
2000/2/19;07:30;-5.0;-7.0;86%;1008hPa;-;WNW;7.2km/h/2.0m/s;-;N/A;;Clear;
2000/2/19;08:00;-6.0;-8.0;86%;1008hPa;10.0km;Calm;Calm;-;N/A;;MostlyCloudy;
2000/2/19;08:30;-5.0;-6.0;93%;1008hPa;10.0km;Variable;3.6km/h/1.0m/s;-;N/A;;MostlyCloudy;
2000/2/19;09:00;-5.0;-7.0;86%;1008hPa;3.0km;Variable;3.6km/h/1.0m/s;-;N/A;Snow;LightSnow;
2000/2/19;09:30;-4.0;-6.0;86%;1008hPa;6.0km;Calm;Calm;-;N/A;Snow;LightSnow;
2000/2/19;10:00;-2.0;-5.0;80%;1008hPa;4.0km;Variable;3.6km/h/1.0m/s;-;N/A;Snow;LightSnow;
2000/2/19;10:30;-2.0;-5.0;80%;1009hPa;5.0km;Calm;Calm;-;N/A;Snow;LightSnow;
2000/2/19;11:00;-1.0;-4.0;80%;1009hPa;6.0km;Variable;3.6km/h/1.0m/s;-;N/A;Snow;LightSnow;
2000/2/19;11:30;0.0;-4.0;75%;1008hPa;6.0km;Calm;Calm;-;N/A;Snow;LightSnow;
2000/2/19;12:00;2.0;-3.0;70%;1008hPa;7.0km;Calm;Calm;-;N/A;;MostlyCloudy;
2000/2/19;12:30;2.0;-4.0;65%;1008hPa;10.0km;SE;3.6km/h/1.0m/s;-;N/A;;Overcast;
2000/2/19;13:00;3.0;-3.0;65%;1008hPa;10.0km;SE;3.6km/h/1.0m/s;-;N/A;;MostlyCloudy;
2000/2/19;13:30;2.0;-3.0;70%;1008hPa;10.0km;Variable;3.6km/h/1.0m/s;-;N/A;;MostlyCloudy;
2000/2/19;14:00;2.0;-3.0;70%;1008hPa;10.0km;South;10.8km/h/3.0m/s;-;N/A;;MostlyCloudy;
2000/2/19;14:30;1.0;-2.0;81%;1008hPa;-;South;10.8km/h/3.0m/s;-;N/A;;Clear;
2000/2/19;15:00;1.0;-3.0;75%;1008hPa;-;SSW;14.4km/h/4.0m/s;-;N/A;;Clear;
2000/2/19;15:30;1.0;-2.0;81%;1008hPa;7.0km;SSW;14.4km/h/4.0m/s;-;N/A;;Overcast;
2000/2/19;16:00;1.0;-2.0;81%;1008hPa;7.0km;SSW;7.2km/h/2.0m/s;-;N/A;;MostlyCloudy;
2000/2/19;16:30;1.0;-2.0;81%;1008hPa;8.0km;SSW;10.8km/h/3.0m/s;-;N/A;;MostlyCloudy;
2000/2/19;17:00;0.0;-2.0;87%;1008hPa;7.0km;SSW;10.8km/h/3.0m/s;-;N/A;;MostlyCloudy;
2000/2/19;17:30;0.0;-2.0;87%;1009hPa;6.0km;SSW;10.8km/h/3.0m/s;-;N/A;;Overcast;
2000/2/19;18:00;0.0;-2.0;87%;1009hPa;8.0km;WSW;10.8km/h/3.0m/s;-;N/A;;MostlyCloudy;
2000/2/19;18:30;0.0;-2.0;87%;1009hPa;9.0km;West;7.2km/h/2.0m/s;-;N/A;;Overcast;
2000/2/19;19:00;0.0;-2.0;87%;1009hPa;8.0km;WSW;7.2km/h/2.0m/s;-;N/A;;Overcast;
2000/2/19;19:30;0.0;-2.0;87%;1009hPa;8.0km;Variable;3.6km/h/1.0m/s;-;N/A;;Overcast;
2000/2/19;20:00;0.0;-2.0;87%;1009hPa;9.0km;Variable;3.6km/h/1.0m/s;-;N/A;;MostlyCloudy;
2000/2/19;20:30;-1.0;-3.0;86%;1009hPa;8.0km;SE;3.6km/h/1.0m/s;-;N/A;;MostlyCloudy;
2000/2/19;21:00;-1.0;-2.0;93%;1009hPa;8.0km;Variable;3.6km/h/1.0m/s;-;N/A;;Overcast;
2000/2/19;21:30;-1.0;-2.0;93%;1009hPa;7.0km;Variable;3.6km/h/1.0m/s;-;N/A;;MostlyCloudy;
2000/2/19;22:00;-1.0;-3.0;86%;1009hPa;7.0km;Calm;Calm;-;N/A;;Overcast;
2000/2/19;22:30;-1.0;-3.0;86%;1009hPa;8.0km;Calm;Calm;-;N/A;;Overcast;
2000/2/19;23:00;-2.0;-3.0;93%;1009hPa;8.0km;Calm;Calm;-;N/A;;MostlyCloudy;
2000/2/19;23:30;-2.0;-4.0;86%;1009hPa;7.0km;Variable;3.6km/h/1.0m/s;-;N/A;;MostlyCloudy;
