2000/12/15;00:00;4.0;4.0;100%;1008hPa;2.4km;Variable;3.6km/h/1.0m/s;-;N/A;Rain;LightRain;
2000/12/15;00:30;5.0;5.0;100%;1007hPa;1.4km;Calm;Calm;-;N/A;;LightDrizzle;
2000/12/15;01:00;5.0;5.0;100%;1007hPa;2.2km;North;3.6km/h/1.0m/s;-;N/A;;Overcast;
2000/12/15;01:30;5.0;5.0;100%;1006hPa;2.5km;Variable;3.6km/h/1.0m/s;-;N/A;Rain;LightRain;
2000/12/15;02:00;5.0;5.0;100%;1006hPa;3.0km;North;7.2km/h/2.0m/s;-;N/A;Rain;LightRain;
2000/12/15;02:30;5.0;5.0;100%;1005hPa;3.0km;Variable;3.6km/h/1.0m/s;-;N/A;Rain;LightRain;
2000/12/15;03:00;5.0;5.0;100%;1005hPa;3.0km;Variable;7.2km/h/2.0m/s;-;N/A;Rain;LightRain;
2000/12/15;03:30;5.0;5.0;100%;1005hPa;2.5km;Variable;3.6km/h/1.0m/s;-;N/A;;Overcast;
2000/12/15;04:00;6.0;6.0;100%;1005hPa;1.0km;Variable;7.2km/h/2.0m/s;-;N/A;Rain;LightRain;
2000/12/15;04:30;6.0;6.0;100%;1004hPa;2.2km;Variable;7.2km/h/2.0m/s;-;N/A;Rain;LightRain;
2000/12/15;05:00;6.0;6.0;100%;1004hPa;0.8km;Variable;3.6km/h/1.0m/s;-;N/A;Fog;Fog;
2000/12/15;05:30;6.0;6.0;100%;1004hPa;0.3km;WSW;7.2km/h/2.0m/s;-;N/A;Fog;Fog;
2000/12/15;06:00;6.0;6.0;100%;1004hPa;0.2km;Variable;7.2km/h/2.0m/s;-;N/A;Fog;Fog;
2000/12/15;06:30;6.0;6.0;100%;1004hPa;0.3km;WSW;10.8km/h/3.0m/s;-;N/A;Fog;Fog;
2000/12/15;07:00;6.0;6.0;100%;1004hPa;0.9km;Variable;7.2km/h/2.0m/s;-;N/A;Fog;Fog;
2000/12/15;07:30;6.0;6.0;100%;1004hPa;1.3km;WSW;10.8km/h/3.0m/s;-;N/A;;Overcast;
2000/12/15;08:00;6.0;6.0;100%;1004hPa;3.0km;SW;10.8km/h/3.0m/s;-;N/A;;Overcast;
2000/12/15;08:30;6.0;6.0;100%;1005hPa;-;SW;10.8km/h/3.0m/s;-;N/A;;Overcast;
2000/12/15;09:00;6.0;5.0;93%;1004hPa;-;SW;14.4km/h/4.0m/s;-;N/A;;Overcast;
2000/12/15;09:30;6.0;6.0;100%;1004hPa;-;SW;10.8km/h/3.0m/s;-;N/A;;Overcast;
2000/12/15;10:00;6.0;5.0;93%;1004hPa;3.5km;SW;14.4km/h/4.0m/s;-;N/A;;Overcast;
2000/12/15;10:30;6.0;5.0;93%;1004hPa;4.0km;Variable;7.2km/h/2.0m/s;-;N/A;;Overcast;
2000/12/15;11:00;6.0;5.0;93%;1004hPa;4.5km;SSW;10.8km/h/3.0m/s;-;N/A;;Overcast;
2000/12/15;11:30;6.0;5.0;93%;1004hPa;6.0km;Variable;7.2km/h/2.0m/s;-;N/A;;Overcast;
2000/12/15;12:00;7.0;5.0;87%;1004hPa;6.0km;SSW;10.8km/h/3.0m/s;-;N/A;;Overcast;
2000/12/15;12:30;7.0;5.0;87%;1003hPa;6.0km;SW;10.8km/h/3.0m/s;-;N/A;;Overcast;
2000/12/15;13:00;7.0;5.0;87%;1003hPa;6.0km;SW;14.4km/h/4.0m/s;-;N/A;Rain;LightRain;
2000/12/15;13:30;7.0;6.0;93%;1003hPa;5.0km;SSW;10.8km/h/3.0m/s;-;N/A;;Overcast;
2000/12/15;14:00;7.0;5.0;87%;1003hPa;4.0km;SSW;10.8km/h/3.0m/s;-;N/A;;Overcast;
2000/12/15;14:30;7.0;5.0;87%;1002hPa;4.5km;Variable;7.2km/h/2.0m/s;-;N/A;;Overcast;
2000/12/15;15:00;7.0;5.0;87%;1002hPa;4.0km;South;7.2km/h/2.0m/s;-;N/A;;Overcast;
2000/12/15;15:30;6.0;5.0;93%;1002hPa;3.0km;Variable;7.2km/h/2.0m/s;-;N/A;;Overcast;
2000/12/15;16:00;6.0;5.0;93%;1002hPa;2.3km;Variable;7.2km/h/2.0m/s;-;N/A;;Overcast;
2000/12/15;16:30;6.0;6.0;100%;1003hPa;2.7km;South;7.2km/h/2.0m/s;-;N/A;;Overcast;
2000/12/15;17:00;6.0;6.0;100%;1002hPa;2.7km;South;7.2km/h/2.0m/s;-;N/A;;Overcast;
2000/12/15;17:30;6.0;5.0;93%;1001hPa;2.5km;South;7.2km/h/2.0m/s;-;N/A;;Overcast;
2000/12/15;18:00;6.0;5.0;93%;1001hPa;2.5km;Variable;3.6km/h/1.0m/s;-;N/A;;Overcast;
2000/12/15;18:30;6.0;5.0;93%;1001hPa;2.0km;South;10.8km/h/3.0m/s;-;N/A;;Overcast;
2000/12/15;19:00;6.0;5.0;93%;1001hPa;2.2km;South;10.8km/h/3.0m/s;-;N/A;;Overcast;
2000/12/15;19:30;6.0;5.0;93%;1001hPa;2.3km;South;10.8km/h/3.0m/s;-;N/A;;Overcast;
2000/12/15;20:00;6.0;5.0;93%;1001hPa;1.8km;South;10.8km/h/3.0m/s;-;N/A;;Overcast;
2000/12/15;20:30;6.0;6.0;100%;1001hPa;1.8km;South;10.8km/h/3.0m/s;-;N/A;;Overcast;
2000/12/15;21:00;6.0;5.0;93%;1001hPa;2.4km;Variable;7.2km/h/2.0m/s;-;N/A;;Overcast;
2000/12/15;21:30;6.0;5.0;93%;1000hPa;-;Variable;7.2km/h/2.0m/s;-;N/A;;Overcast;
2000/12/15;22:00;6.0;5.0;93%;1001hPa;4.0km;West;10.8km/h/3.0m/s;-;N/A;;Overcast;
2000/12/15;22:30;6.0;5.0;93%;1001hPa;4.5km;West;7.2km/h/2.0m/s;-;N/A;;Overcast;
2000/12/15;23:00;6.0;5.0;93%;1000hPa;5.0km;SSE;3.6km/h/1.0m/s;-;N/A;;Overcast;
2000/12/15;23:30;5.0;5.0;100%;1000hPa;5.0km;South;3.6km/h/1.0m/s;-;N/A;;MostlyCloudy;
