2000/12/7;00:00;0.0;0.0;100%;1026hPa;0.1km;Calm;Calm;-;N/A;Fog;LightDrizzle;
2000/12/7;00:30;0.0;0.0;100%;1026hPa;0.1km;Calm;Calm;-;N/A;Fog;LightDrizzle;
2000/12/7;01:00;0.0;0.0;100%;1025hPa;0.1km;Variable;3.6km/h/1.0m/s;-;N/A;Fog;LightDrizzle;
2000/12/7;01:30;0.0;0.0;100%;1025hPa;0.1km;Variable;3.6km/h/1.0m/s;-;N/A;Fog;LightDrizzle;
2000/12/7;02:00;0.0;0.0;100%;1026hPa;0.1km;Variable;3.6km/h/1.0m/s;-;N/A;Fog;LightDrizzle;
2000/12/7;02:30;0.0;0.0;100%;1026hPa;0.1km;Variable;3.6km/h/1.0m/s;-;N/A;Fog;LightDrizzle;
2000/12/7;03:00;0.0;0.0;100%;1026hPa;0.1km;Variable;3.6km/h/1.0m/s;-;N/A;Fog;LightDrizzle;
2000/12/7;03:30;0.0;0.0;100%;1025hPa;0.1km;Variable;3.6km/h/1.0m/s;-;N/A;Fog;LightDrizzle;
2000/12/7;04:00;-1.0;-1.0;100%;1025hPa;0.1km;Variable;3.6km/h/1.0m/s;-;N/A;Fog;LightDrizzle;
2000/12/7;04:30;-1.0;-1.0;100%;1025hPa;0.1km;Variable;3.6km/h/1.0m/s;-;N/A;Fog;LightDrizzle;
2000/12/7;05:00;-1.0;-1.0;100%;1025hPa;0.1km;Variable;3.6km/h/1.0m/s;-;N/A;Fog;LightDrizzle;
2000/12/7;05:30;-1.0;-1.0;100%;1025hPa;0.1km;South;7.2km/h/2.0m/s;-;N/A;Fog;LightDrizzle;
2000/12/7;06:00;-1.0;-1.0;100%;1025hPa;0.1km;Variable;3.6km/h/1.0m/s;-;N/A;Fog;LightDrizzle;
2000/12/7;06:30;-1.0;-1.0;100%;1026hPa;0.1km;SSE;7.2km/h/2.0m/s;-;N/A;Fog;LightDrizzle;
2000/12/7;07:00;-1.0;-1.0;100%;1026hPa;0.1km;Variable;3.6km/h/1.0m/s;-;N/A;Fog;LightDrizzle;
2000/12/7;07:30;-1.0;-1.0;100%;1026hPa;0.2km;South;3.6km/h/1.0m/s;-;N/A;Fog;LightDrizzle;
2000/12/7;08:00;-1.0;-1.0;100%;1026hPa;0.2km;SW;7.2km/h/2.0m/s;-;N/A;Fog;LightFreezingDrizzle;
2000/12/7;08:30;0.0;0.0;100%;1026hPa;1.0km;Variable;7.2km/h/2.0m/s;-;N/A;;Overcast;
2000/12/7;09:00;0.0;0.0;100%;1026hPa;1.8km;Variable;7.2km/h/2.0m/s;-;N/A;;Overcast;
2000/12/7;09:30;0.0;0.0;100%;1026hPa;2.8km;Variable;7.2km/h/2.0m/s;-;N/A;;Overcast;
2000/12/7;10:00;0.0;0.0;100%;1026hPa;1.0km;Variable;7.2km/h/2.0m/s;-;N/A;;Overcast;
2000/12/7;10:30;0.0;0.0;100%;1026hPa;0.3km;South;7.2km/h/2.0m/s;-;N/A;Fog;Fog;
2000/12/7;11:00;0.0;0.0;100%;1026hPa;0.1km;Variable;7.2km/h/2.0m/s;-;N/A;Fog;LightDrizzle;
2000/12/7;11:30;0.0;0.0;100%;1026hPa;0.2km;SSW;7.2km/h/2.0m/s;-;N/A;Fog;LightDrizzle;
2000/12/7;12:00;0.0;0.0;100%;1026hPa;0.2km;SSW;10.8km/h/3.0m/s;-;N/A;Fog;LightDrizzle;
2000/12/7;12:30;1.0;1.0;100%;1026hPa;0.2km;SSW;10.8km/h/3.0m/s;-;N/A;Fog;LightDrizzle;
2000/12/7;13:00;0.0;0.0;100%;1025hPa;0.4km;South;10.8km/h/3.0m/s;-;N/A;Fog;LightDrizzle;
2000/12/7;13:30;1.0;1.0;100%;1025hPa;0.3km;SSW;10.8km/h/3.0m/s;-;N/A;Fog;LightDrizzle;
2000/12/7;14:00;1.0;1.0;100%;1025hPa;0.2km;South;10.8km/h/3.0m/s;-;N/A;Fog;LightDrizzle;
2000/12/7;14:30;0.0;0.0;100%;1025hPa;0.3km;Variable;7.2km/h/2.0m/s;-;N/A;Fog;LightDrizzle;
2000/12/7;15:00;0.0;0.0;100%;1025hPa;0.1km;South;10.8km/h/3.0m/s;-;N/A;Fog;LightDrizzle;
2000/12/7;15:30;0.0;0.0;100%;1025hPa;0.3km;Variable;7.2km/h/2.0m/s;-;N/A;Fog;LightFreezingFog;
2000/12/7;16:00;0.0;0.0;100%;1025hPa;0.5km;Variable;7.2km/h/2.0m/s;-;N/A;Fog;LightFreezingFog;
2000/12/7;16:30;0.0;0.0;100%;1025hPa;0.8km;South;7.2km/h/2.0m/s;-;N/A;Fog;LightFreezingFog;
2000/12/7;17:00;0.0;0.0;100%;1025hPa;1.3km;South;7.2km/h/2.0m/s;-;N/A;;Overcast;
2000/12/7;17:30;0.0;0.0;100%;1025hPa;1.0km;South;10.8km/h/3.0m/s;-;N/A;;Overcast;
2000/12/7;18:00;0.0;0.0;100%;1024hPa;1.0km;South;7.2km/h/2.0m/s;-;N/A;;LightDrizzle;
2000/12/7;18:30;0.0;0.0;100%;1024hPa;0.8km;SSW;7.2km/h/2.0m/s;-;N/A;Fog;LightDrizzle;
2000/12/7;19:00;0.0;0.0;100%;1025hPa;1.0km;SSW;10.8km/h/3.0m/s;-;N/A;;Overcast;
2000/12/7;19:30;0.0;0.0;100%;1025hPa;2.0km;South;10.8km/h/3.0m/s;-;N/A;;Overcast;
2000/12/7;20:00;-1.0;-1.0;100%;1025hPa;1.0km;South;10.8km/h/3.0m/s;-;N/A;;LightDrizzle;
2000/12/7;20:30;-1.0;-1.0;100%;1025hPa;1.3km;South;10.8km/h/3.0m/s;-;N/A;;Overcast;
2000/12/7;21:00;-1.0;-1.0;100%;1024hPa;0.8km;South;10.8km/h/3.0m/s;-;N/A;Fog;LightFreezingFog;
2000/12/7;21:30;-1.0;-1.0;100%;1024hPa;1.4km;South;10.8km/h/3.0m/s;-;N/A;;Overcast;
2000/12/7;22:00;-1.0;-1.0;100%;1024hPa;0.8km;South;10.8km/h/3.0m/s;-;N/A;Fog;PatchesofFog;
2000/12/7;22:20;-1.0;-1.0;100%;1024hPa;0.8km;South;10.8km/h/3.0m/s;-;N/A;Fog;LightDrizzle;
2000/12/7;22:30;-1.0;-1.0;100%;1025hPa;0.8km;South;10.8km/h/3.0m/s;-;N/A;Fog;LightDrizzle;
2000/12/7;23:00;-1.0;-1.0;100%;1024hPa;0.7km;South;10.8km/h/3.0m/s;-;N/A;Fog;LightFreezingFog;
2000/12/7;23:30;-1.0;-1.0;100%;1024hPa;0.9km;SSW;10.8km/h/3.0m/s;-;N/A;Fog;LightDrizzle;
