2000/11/20;00:00;6.0;5.0;93%;1012hPa;8.0km;North;7.2km/h/2.0m/s;-;N/A;;MostlyCloudy;
2000/11/20;00:30;6.0;4.0;87%;1012hPa;8.0km;NW;7.2km/h/2.0m/s;-;N/A;;ScatteredClouds;
2000/11/20;01:00;7.0;4.0;81%;1012hPa;8.0km;Variable;3.6km/h/1.0m/s;-;N/A;;ScatteredClouds;
2000/11/20;01:30;6.0;5.0;93%;1012hPa;8.0km;Variable;3.6km/h/1.0m/s;-;N/A;;PartlyCloudy;
2000/11/20;02:00;6.0;5.0;93%;1012hPa;8.0km;Calm;Calm;-;N/A;;PartlyCloudy;
2000/11/20;02:30;6.0;5.0;93%;1012hPa;8.0km;NNW;3.6km/h/1.0m/s;-;N/A;;PartlyCloudy;
2000/11/20;03:00;6.0;4.0;87%;1012hPa;8.0km;Variable;3.6km/h/1.0m/s;-;N/A;;Clear;
2000/11/20;03:30;6.0;4.0;87%;1012hPa;8.0km;NW;3.6km/h/1.0m/s;-;N/A;;ScatteredClouds;
2000/11/20;04:00;5.0;4.0;93%;1012hPa;7.0km;Variable;3.6km/h/1.0m/s;-;N/A;;PartlyCloudy;
2000/11/20;04:30;5.0;3.0;87%;1012hPa;8.0km;Variable;3.6km/h/1.0m/s;-;N/A;;PartlyCloudy;
2000/11/20;05:00;6.0;4.0;87%;1012hPa;8.0km;Variable;3.6km/h/1.0m/s;-;N/A;;MostlyCloudy;
2000/11/20;05:30;5.0;4.0;93%;1012hPa;8.0km;North;7.2km/h/2.0m/s;-;N/A;;MostlyCloudy;
2000/11/20;06:00;7.0;5.0;87%;1012hPa;9.0km;Variable;3.6km/h/1.0m/s;-;N/A;;MostlyCloudy;
2000/11/20;06:30;7.0;5.0;87%;1012hPa;8.0km;North;7.2km/h/2.0m/s;-;N/A;;MostlyCloudy;
2000/11/20;07:00;7.0;5.0;87%;1012hPa;8.0km;NW;7.2km/h/2.0m/s;-;N/A;;MostlyCloudy;
2000/11/20;07:30;8.0;5.0;81%;1012hPa;10.0km;NNW;3.6km/h/1.0m/s;-;N/A;;ScatteredClouds;
2000/11/20;08:00;8.0;6.0;87%;1012hPa;10.0km;ENE;3.6km/h/1.0m/s;-;N/A;;MostlyCloudy;
2000/11/20;08:30;8.0;6.0;87%;1012hPa;10.0km;Calm;Calm;-;N/A;;ScatteredClouds;
2000/11/20;09:00;9.0;6.0;82%;1012hPa;-;WNW;7.2km/h/2.0m/s;-;N/A;;Clear;
2000/11/20;09:30;10.0;6.0;76%;1012hPa;-;Calm;Calm;-;N/A;;Clear;
2000/11/20;10:00;10.0;6.0;76%;1012hPa;-;Variable;7.2km/h/2.0m/s;-;N/A;;Clear;
2000/11/20;10:30;10.0;6.0;76%;1013hPa;10.0km;SSW;14.4km/h/4.0m/s;-;N/A;;ScatteredClouds;
2000/11/20;11:00;10.0;6.0;76%;1012hPa;9.0km;SW;14.4km/h/4.0m/s;-;N/A;;ScatteredClouds;
2000/11/20;11:30;11.0;6.0;71%;1012hPa;9.0km;SW;10.8km/h/3.0m/s;-;N/A;;ScatteredClouds;
2000/11/20;12:00;11.0;6.0;71%;1012hPa;9.0km;WSW;10.8km/h/3.0m/s;-;N/A;;MostlyCloudy;
2000/11/20;12:30;11.0;6.0;71%;1012hPa;-;SW;10.8km/h/3.0m/s;-;N/A;;Clear;
2000/11/20;13:00;12.0;7.0;72%;1012hPa;9.0km;WSW;10.8km/h/3.0m/s;-;N/A;;MostlyCloudy;
2000/11/20;13:30;11.0;6.0;71%;1012hPa;-;SW;10.8km/h/3.0m/s;-;N/A;;Clear;
2000/11/20;14:00;10.0;6.0;76%;1012hPa;-;Variable;3.6km/h/1.0m/s;-;N/A;;Clear;
2000/11/20;14:30;10.0;6.0;76%;1012hPa;9.0km;Variable;3.6km/h/1.0m/s;-;N/A;;ScatteredClouds;
2000/11/20;15:00;10.0;6.0;76%;1013hPa;8.0km;WSW;7.2km/h/2.0m/s;-;N/A;;MostlyCloudy;
2000/11/20;15:30;9.0;6.0;82%;1013hPa;9.0km;SW;7.2km/h/2.0m/s;-;N/A;;ScatteredClouds;
2000/11/20;16:00;9.0;6.0;82%;1013hPa;9.0km;SSW;3.6km/h/1.0m/s;-;N/A;;MostlyCloudy;
2000/11/20;16:30;9.0;6.0;82%;1013hPa;8.0km;WSW;3.6km/h/1.0m/s;-;N/A;;MostlyCloudy;
2000/11/20;17:00;9.0;6.0;82%;1013hPa;8.0km;WSW;7.2km/h/2.0m/s;-;N/A;;MostlyCloudy;
2000/11/20;17:30;8.0;6.0;87%;1013hPa;9.0km;SW;7.2km/h/2.0m/s;-;N/A;;ScatteredClouds;
2000/11/20;18:00;7.0;6.0;93%;1013hPa;8.0km;Variable;7.2km/h/2.0m/s;-;N/A;;MostlyCloudy;
2000/11/20;18:30;7.0;5.0;87%;1014hPa;9.0km;Variable;3.6km/h/1.0m/s;-;N/A;;PartlyCloudy;
2000/11/20;19:00;6.0;6.0;100%;1014hPa;8.0km;East;3.6km/h/1.0m/s;-;N/A;;ScatteredClouds;
2000/11/20;19:30;6.0;6.0;100%;1014hPa;6.0km;Calm;Calm;-;N/A;;PartlyCloudy;
2000/11/20;20:00;6.0;5.0;93%;1014hPa;7.0km;WSW;3.6km/h/1.0m/s;-;N/A;;PartlyCloudy;
2000/11/20;20:30;6.0;6.0;100%;1014hPa;6.0km;SSW;7.2km/h/2.0m/s;-;N/A;;Clear;
2000/11/20;21:00;6.0;6.0;100%;1014hPa;5.0km;SW;7.2km/h/2.0m/s;-;N/A;;Clear;
2000/11/20;21:30;6.0;5.0;93%;1014hPa;5.0km;SW;7.2km/h/2.0m/s;-;N/A;;Clear;
2000/11/20;22:00;5.0;4.0;93%;1014hPa;3.5km;South;3.6km/h/1.0m/s;-;N/A;;PartlyCloudy;
2000/11/20;22:30;4.0;4.0;100%;1014hPa;2.9km;Variable;7.2km/h/2.0m/s;-;N/A;;MostlyCloudy;
2000/11/20;23:00;5.0;4.0;93%;1014hPa;2.9km;NNE;7.2km/h/2.0m/s;-;N/A;;MostlyCloudy;
2000/11/20;23:30;5.0;4.0;93%;1014hPa;3.5km;North;3.6km/h/1.0m/s;-;N/A;;MostlyCloudy;
