2000/7/19;00:00;14.0;13.0;94%;1015hPa;4.0km;North;7.2km/h/2.0m/s;-;N/A;;Overcast;
2000/7/19;00:30;14.0;13.0;94%;1015hPa;5.0km;North;7.2km/h/2.0m/s;-;N/A;;Overcast;
2000/7/19;01:00;14.0;13.0;94%;1015hPa;5.0km;ENE;3.6km/h/1.0m/s;-;N/A;;Overcast;
2000/7/19;01:30;14.0;13.0;94%;1015hPa;5.0km;Variable;3.6km/h/1.0m/s;-;N/A;;MostlyCloudy;
2000/7/19;02:00;14.0;13.0;94%;1015hPa;6.0km;Calm;Calm;-;N/A;;MostlyCloudy;
2000/7/19;02:30;14.0;13.0;94%;1015hPa;6.0km;NNE;3.6km/h/1.0m/s;-;N/A;;MostlyCloudy;
2000/7/19;03:00;14.0;12.0;88%;1015hPa;5.0km;North;7.2km/h/2.0m/s;-;N/A;;MostlyCloudy;
2000/7/19;03:30;14.0;12.0;88%;1015hPa;5.0km;NNW;3.6km/h/1.0m/s;-;N/A;;MostlyCloudy;
2000/7/19;04:00;13.0;12.0;94%;1015hPa;5.0km;North;3.6km/h/1.0m/s;-;N/A;;Overcast;
2000/7/19;04:30;13.0;12.0;94%;1015hPa;8.0km;Variable;3.6km/h/1.0m/s;-;N/A;;Overcast;
2000/7/19;05:00;13.0;12.0;94%;1015hPa;9.0km;WNW;7.2km/h/2.0m/s;-;N/A;;MostlyCloudy;
2000/7/19;05:30;13.0;12.0;94%;1015hPa;8.0km;NW;7.2km/h/2.0m/s;-;N/A;;MostlyCloudy;
2000/7/19;06:00;13.0;12.0;94%;1015hPa;10.0km;NNE;7.2km/h/2.0m/s;-;N/A;;Overcast;
2000/7/19;06:30;13.0;12.0;94%;1015hPa;10.0km;North;7.2km/h/2.0m/s;-;N/A;;Overcast;
2000/7/19;07:00;13.0;12.0;94%;1015hPa;10.0km;Calm;Calm;-;N/A;;Overcast;
2000/7/19;07:30;14.0;12.0;88%;1015hPa;10.0km;ESE;3.6km/h/1.0m/s;-;N/A;;Overcast;
2000/7/19;08:00;14.0;12.0;88%;1015hPa;5.0km;Calm;Calm;-;N/A;;Overcast;
2000/7/19;08:30;14.0;12.0;88%;1015hPa;8.0km;Calm;Calm;-;N/A;;Overcast;
2000/7/19;09:00;15.0;12.0;82%;1015hPa;6.0km;Variable;3.6km/h/1.0m/s;-;N/A;;Overcast;
2000/7/19;09:30;15.0;12.0;82%;1015hPa;6.0km;Calm;Calm;-;N/A;;Overcast;
2000/7/19;10:00;16.0;12.0;77%;1015hPa;8.0km;Variable;3.6km/h/1.0m/s;-;N/A;;MostlyCloudy;
2000/7/19;10:30;17.0;12.0;72%;1015hPa;8.0km;Variable;3.6km/h/1.0m/s;-;N/A;;MostlyCloudy;
2000/7/19;11:00;18.0;11.0;64%;1015hPa;10.0km;Variable;3.6km/h/1.0m/s;-;N/A;;MostlyCloudy;
2000/7/19;11:30;19.0;12.0;64%;1015hPa;10.0km;Variable;3.6km/h/1.0m/s;-;N/A;;MostlyCloudy;
2000/7/19;12:00;19.0;10.0;56%;1015hPa;10.0km;Variable;3.6km/h/1.0m/s;-;N/A;;MostlyCloudy;
2000/7/19;12:30;19.0;11.0;60%;1015hPa;10.0km;Variable;7.2km/h/2.0m/s;-;N/A;;ScatteredClouds;
2000/7/19;13:00;19.0;10.0;56%;1015hPa;10.0km;Variable;7.2km/h/2.0m/s;-;N/A;;MostlyCloudy;
2000/7/19;13:30;20.0;11.0;56%;1014hPa;10.0km;Variable;3.6km/h/1.0m/s;-;N/A;;MostlyCloudy;
2000/7/19;14:00;20.0;11.0;56%;1014hPa;10.0km;Variable;7.2km/h/2.0m/s;-;N/A;;MostlyCloudy;
2000/7/19;14:30;20.0;9.0;49%;1014hPa;10.0km;Variable;3.6km/h/1.0m/s;-;N/A;;MostlyCloudy;
2000/7/19;15:00;20.0;10.0;52%;1014hPa;10.0km;West;10.8km/h/3.0m/s;-;N/A;;MostlyCloudy;
2000/7/19;15:30;20.0;10.0;52%;1014hPa;10.0km;West;14.4km/h/4.0m/s;-;N/A;;MostlyCloudy;
2000/7/19;16:00;19.0;11.0;60%;1014hPa;10.0km;West;10.8km/h/3.0m/s;-;N/A;;ScatteredClouds;
2000/7/19;16:30;19.0;10.0;56%;1014hPa;10.0km;West;10.8km/h/3.0m/s;-;N/A;;ScatteredClouds;
2000/7/19;17:00;20.0;10.0;52%;1014hPa;10.0km;Variable;3.6km/h/1.0m/s;-;N/A;;MostlyCloudy;
2000/7/19;17:30;20.0;9.0;49%;1014hPa;10.0km;Variable;7.2km/h/2.0m/s;-;N/A;;MostlyCloudy;
2000/7/19;18:00;20.0;9.0;49%;1014hPa;-;Variable;7.2km/h/2.0m/s;-;N/A;;Clear;
2000/7/19;18:30;20.0;11.0;56%;1014hPa;-;Variable;3.6km/h/1.0m/s;-;N/A;;Clear;
2000/7/19;19:00;20.0;10.0;52%;1014hPa;-;Variable;7.2km/h/2.0m/s;-;N/A;;Clear;
2000/7/19;19:30;19.0;11.0;60%;1014hPa;-;Variable;3.6km/h/1.0m/s;-;N/A;;Clear;
2000/7/19;20:00;19.0;12.0;64%;1014hPa;-;Variable;3.6km/h/1.0m/s;-;N/A;;Clear;
2000/7/19;20:30;18.0;12.0;68%;1014hPa;-;Calm;Calm;-;N/A;;Clear;
2000/7/19;21:00;18.0;13.0;73%;1014hPa;-;Calm;Calm;-;N/A;;Clear;
2000/7/19;21:30;16.0;13.0;82%;1014hPa;-;Variable;7.2km/h/2.0m/s;-;N/A;;Clear;
2000/7/19;22:00;15.0;12.0;82%;1014hPa;-;Variable;7.2km/h/2.0m/s;-;N/A;;Clear;
2000/7/19;22:30;14.0;12.0;88%;1014hPa;-;Variable;3.6km/h/1.0m/s;-;N/A;;Clear;
2000/7/19;23:00;14.0;11.0;82%;1014hPa;-;Calm;Calm;-;N/A;;Clear;
2000/7/19;23:30;13.0;11.0;88%;1014hPa;-;North;10.8km/h/3.0m/s;-;N/A;;Clear;
