2000/2/5;00:00;2.0;-2.0;75%;1027hPa;10.0km;SW;28.8km/h/8.0m/s;-;N/A;;Overcast;
2000/2/5;00:30;2.0;-1.0;81%;1027hPa;10.0km;South;21.6km/h/6.0m/s;-;N/A;;Overcast;
2000/2/5;01:00;2.0;-2.0;75%;1027hPa;10.0km;SSW;21.6km/h/6.0m/s;-;N/A;;Overcast;
2000/2/5;01:30;2.0;-2.0;75%;1026hPa;-;SSW;21.6km/h/6.0m/s;-;N/A;;Clear;
2000/2/5;02:30;2.0;-2.0;75%;1025hPa;-;SSW;28.8km/h/8.0m/s;-;N/A;;Clear;
2000/2/5;03:00;1.0;-2.0;81%;1025hPa;-;South;21.6km/h/6.0m/s;-;N/A;;Clear;
2000/2/5;03:30;1.0;-2.0;81%;1025hPa;-;South;21.6km/h/6.0m/s;-;N/A;;Clear;
2000/2/5;04:00;1.0;-2.0;81%;1024hPa;10.0km;South;14.4km/h/4.0m/s;-;N/A;Rain;LightRain;
2000/2/5;04:30;0.0;-1.0;93%;1024hPa;10.0km;South;14.4km/h/4.0m/s;-;N/A;Rain;LightRain;
2000/2/5;05:00;0.0;-1.0;93%;1023hPa;10.0km;South;18.0km/h/5.0m/s;-;N/A;Rain;LightRain;
2000/2/5;05:30;0.0;-1.0;93%;1023hPa;10.0km;South;18.0km/h/5.0m/s;-;N/A;Rain;LightRain;
2000/2/5;06:30;0.0;-1.0;93%;1023hPa;10.0km;SSW;18.0km/h/5.0m/s;-;N/A;;Overcast;
2000/2/5;07:00;0.0;-1.0;93%;1023hPa;-;South;10.8km/h/3.0m/s;-;N/A;;Clear;
2000/2/5;07:30;0.0;-1.0;93%;1023hPa;10.0km;South;10.8km/h/3.0m/s;-;N/A;Rain;LightRain;
2000/2/5;08:30;0.0;-1.0;93%;1023hPa;10.0km;South;10.8km/h/3.0m/s;-;N/A;;MostlyCloudy;
2000/2/5;09:00;1.0;0.0;93%;1023hPa;10.0km;South;7.2km/h/2.0m/s;-;N/A;;Overcast;
2000/2/5;09:30;1.0;0.0;93%;1023hPa;10.0km;South;7.2km/h/2.0m/s;-;N/A;;Overcast;
2000/2/5;10:00;1.0;0.0;93%;1023hPa;10.0km;South;3.6km/h/1.0m/s;-;N/A;;Overcast;
2000/2/5;10:30;2.0;0.0;87%;1023hPa;10.0km;South;3.6km/h/1.0m/s;-;N/A;;Overcast;
2000/2/5;11:00;2.0;0.0;87%;1023hPa;10.0km;Calm;Calm;-;N/A;Rain;LightRain;
2000/2/5;11:30;2.0;0.0;87%;1023hPa;-;Variable;3.6km/h/1.0m/s;-;N/A;;Clear;
2000/2/5;12:00;2.0;0.0;87%;1023hPa;10.0km;Calm;Calm;-;N/A;;Overcast;
2000/2/5;12:30;3.0;1.0;87%;1023hPa;10.0km;Calm;Calm;-;N/A;Rain;LightRain;
2000/2/5;13:00;3.0;1.0;87%;1023hPa;10.0km;Variable;3.6km/h/1.0m/s;-;N/A;Rain;LightRain;
2000/2/5;13:30;2.0;1.0;93%;1023hPa;10.0km;ESE;3.6km/h/1.0m/s;-;N/A;;Overcast;
2000/2/5;14:00;2.0;0.0;87%;1023hPa;10.0km;North;3.6km/h/1.0m/s;-;N/A;;Overcast;
2000/2/5;14:30;2.0;1.0;93%;1023hPa;10.0km;Variable;3.6km/h/1.0m/s;-;N/A;;Overcast;
2000/2/5;15:00;2.0;1.0;93%;1023hPa;10.0km;Variable;3.6km/h/1.0m/s;-;N/A;;Overcast;
2000/2/5;15:30;2.0;1.0;93%;1023hPa;10.0km;Variable;3.6km/h/1.0m/s;-;N/A;Rain;LightRain;
2000/2/5;16:00;2.0;1.0;93%;1023hPa;10.0km;Variable;3.6km/h/1.0m/s;-;N/A;Rain;LightRain;
2000/2/5;16:30;2.0;1.0;93%;1023hPa;10.0km;Calm;Calm;-;N/A;;MostlyCloudy;
2000/2/5;17:00;2.0;1.0;93%;1024hPa;10.0km;North;3.6km/h/1.0m/s;-;N/A;Rain;LightRain;
2000/2/5;17:30;2.0;1.0;93%;1024hPa;7.0km;Calm;Calm;-;N/A;Rain;LightRain;
2000/2/5;18:00;2.0;0.0;87%;1024hPa;6.0km;Calm;Calm;-;N/A;Rain;LightRain;
2000/2/5;18:30;2.0;1.0;93%;1024hPa;5.0km;Variable;3.6km/h/1.0m/s;-;N/A;Rain;LightRain;
2000/2/5;19:00;1.0;0.0;93%;1025hPa;5.0km;Calm;Calm;-;N/A;Rain;LightRain;
2000/2/5;19:30;1.0;0.0;93%;1025hPa;4.5km;Calm;Calm;-;N/A;;Overcast;
2000/2/5;20:00;1.0;0.0;93%;1025hPa;4.0km;ESE;3.6km/h/1.0m/s;-;N/A;Rain;LightRain;
2000/2/5;20:30;1.0;0.0;93%;1025hPa;4.0km;Variable;3.6km/h/1.0m/s;-;N/A;Rain;LightRain;
2000/2/5;21:00;1.0;0.0;93%;1025hPa;-;Calm;Calm;-;N/A;Rain;LightRain;
2000/2/5;21:30;1.0;0.0;93%;1025hPa;-;Variable;3.6km/h/1.0m/s;-;N/A;;MostlyCloudy;
2000/2/5;22:00;1.0;0.0;93%;1026hPa;3.5km;Calm;Calm;-;N/A;;MostlyCloudy;
2000/2/5;22:30;1.0;0.0;93%;1026hPa;3.5km;West;3.6km/h/1.0m/s;-;N/A;;Overcast;
2000/2/5;23:00;1.0;0.0;93%;1026hPa;4.0km;West;3.6km/h/1.0m/s;-;N/A;;Overcast;
2000/2/5;23:30;1.0;0.0;93%;1026hPa;4.0km;Variable;3.6km/h/1.0m/s;-;N/A;;Overcast;
